molecule_chembl_id,smiles,ic50,label,measurements_count
CHEMBL68920,Cc1cc(C)c(/C=C2\C(=O)Nc3ncnc(Nc4ccc(F)c(Cl)c4)c32)[nH]1,41.0,1,1
CHEMBL69960,Cc1cc(C(=O)N2CCOCC2)[nH]c1/C=C1\C(=O)Nc2ncnc(Nc3ccc(F)c(Cl)c3)c21,170.0,1,1
CHEMBL137635,CN(c1ccccc1)c1ncnc2ccc(N/N=N/Cc3ccccn3)cc12,9300.0,0,1
CHEMBL306988,CC(=C(C#N)C#N)c1ccc(NC(=O)CCC(=O)O)cc1,500000.0,0,1
CHEMBL66879,O=C(O)/C=C/c1ccc(O)cc1,3000000.0,0,1
CHEMBL77085,N#CC(C#N)=Cc1cc(O)ccc1[N+](=O)[O-],96000.0,0,1
CHEMBL443268,Cc1cc(C(=O)NCCN2CCOCC2)[nH]c1/C=C1\C(=O)N(C)c2ncnc(Nc3ccc(F)c(Cl)c3)c21,5310.0,0,1
CHEMBL76979,COc1cc(/C=C(\C#N)C(=O)O)cc(OC)c1O,264000.0,0,1
CHEMBL76589,N#CC(C#N)=C(N)/C(C#N)=C/c1ccc(O)cc1,112.5,1,2
CHEMBL76904,N#CC(C#N)=Cc1ccc(O)c(O)c1,35000.0,0,3
CHEMBL1009,N[C@@H](Cc1ccc(O)c(O)c1)C(=O)O,451440.0,0,2
CHEMBL304271,CCN(CC)CC(O)CNC(=O)c1cc(C)c(/C=C2\C(=O)Nc3ncnc(Nc4ccc(F)c(Cl)c4)c32)[nH]1,0.45,1,1
CHEMBL296407,N#C/C(=C\c1ccc(O)c(O)c1)C(N)=O,10000.0,0,9
CHEMBL309625,N#CC(C#N)=C(N)/C(C#N)=C/c1ccc(O)c([N+](=O)[O-])c1,60000.0,0,1
CHEMBL77825,COc1ccc(NN=C(C#N)C#N)cc1,600000.0,0,1
CHEMBL421877,COc1cc(C=C(C#N)C#N)cc(OC)c1O,850000.0,0,1
CHEMBL310798,N#CC(C#N)=Cc1cc(O)c(O)c(O)c1,3000.0,0,1
CHEMBL135592,C/N=N/Nc1ccc2ncnc(N(C)c3ccccc3)c2c1,8000.0,0,1
CHEMBL309866,N#C/C(=C\c1ccc([N+](=O)[O-])cc1)C(=O)O,1300000.0,0,1
CHEMBL77381,N#C/C(=C/c1ccc[nH]1)C(=O)O,1360000.0,0,1
CHEMBL76602,N#C/C(=C\c1ccc(O)cc1)C(=O)O,182500.0,0,2
CHEMBL77737,N#CC(C#N)=Cc1ccncc1,250000.0,0,1
CHEMBL308134,N#CC(C#N)=Cc1ccc(O)c([N+](=O)[O-])c1,125000.0,0,1
CHEMBL136491,CN(C)/N=N/c1ccc2ncnc(Nc3cccc(Cl)c3)c2c1,14.0,1,1
CHEMBL76557,N#CCNC(=O)/C(C#N)=C/c1ccc(O)cc1,625000.0,0,1
CHEMBL336113,Cc1cccc(Nc2ncnc3ccc(N)cc23)c1,1000.0,1,3
CHEMBL133024,C/N=N/Nc1ccc2ncnc(Nc3cccc(Cl)c3)c2c1,100.0,1,1
CHEMBL344652,CN(C)/N=N/c1ccc2ncnc(N(C)c3ccccc3)c2c1,13350.0,0,1
CHEMBL77814,N#CC(C#N)=CNc1ccc(O)cc1,350000.0,0,1
CHEMBL47986,O=CN/C=C/c1cc(O)ccc1O,8500.0,0,2
CHEMBL138125,Brc1cccc(Nc2ncnc3ccc(N/N=N/Cc4ccccn4)cc23)c1,238.0,1,1
CHEMBL137364,Brc1cccc(Nc2ncnc3ccc(N/N=N/CCN4CCOCC4)cc23)c1,64.0,1,1
CHEMBL308339,N#CC(C#N)=C1C(=O)NC(=O)NC1=O,1400000.0,0,1
CHEMBL78174,N#CC(C#N)=Cc1ccc(C(=O)O)cc1,430000.0,0,1
CHEMBL302552,O=C1Nc2ncnc(Nc3ccc(F)c(Cl)c3)c2/C1=C/c1ccc(C(=O)NCCN2CCOCC2)[nH]1,22.0,1,1
CHEMBL309598,N#CC(C#N)=C(O)c1cc(O)c(O)c(O)c1,11750.0,0,2
CHEMBL67057,Cc1cc(C(=O)N2CCOCC2)[nH]c1/C=C1\C(=O)Nc2ncnc(Nc3ccc4c(ccn4Cc4ccccc4)c3)c21,4.5,1,1
CHEMBL332096,Nc1ccc2ncnc(NCc3ccccc3)c2c1,954.0,1,2
CHEMBL77387,N#CC(C#N)=Cc1ccc([N+](=O)[O-])c(O)c1,450000.0,0,1
CHEMBL432903,CCN(CC)CCNC(=O)c1c(C)[nH]c(/C=C2\C(=O)Nc3ncnc(Nc4ccc(F)c(Cl)c4)c32)c1C,200.0,1,1
CHEMBL69964,Cc1cc(/C=C2\C(=O)Nc3ncnc(Nc4ccc(F)c(Cl)c4)c32)[nH]c1C(=O)N1CCN(C)CC1,210.0,1,1
CHEMBL65848,Cc1cc(C(=O)N2CCOCC2)[nH]c1/C=C1\C(=O)Nc2ncnc(Nc3ccc4c(c3)CCC4)c21,1410.0,0,1
CHEMBL78184,N#C/C(=C\c1ccc(F)cc1)C(=O)O,833000.0,0,1
CHEMBL76985,N#C/C(=C\c1ccc(C=O)cc1)C(=O)O,47000.0,0,1
CHEMBL145,O=C(O)/C=C/c1ccc(O)c(O)c1,1100000.0,0,2
CHEMBL69629,Cc1cc(C(=O)NCCN2CCOCC2)[nH]c1/C=C1\C(=O)Nc2ncnc(Nc3ccc(F)c(Cl)c3)c21,6.5,1,1
CHEMBL136492,CN(c1ccccc1)c1ncnc2ccc(N)cc12,8400.0,0,1
CHEMBL77197,COc1cc(/C(C)=C(\C#N)C(=O)O)ccc1O,1100000.0,0,1
CHEMBL305695,N#CC(C#N)=Cc1ccc(O)cc1,560000.0,0,1
CHEMBL76587,N#CC(C#N)Cc1ccc(O)cc1,6500000.0,0,1
CHEMBL66570,CCN1CCN(C(=O)c2cc(C)c(/C=C3\C(=O)Nc4ncnc(Nc5ccc(F)c(Cl)c5)c43)[nH]2)CC1,13.0,1,1
CHEMBL308048,N#C/C(=C\c1ccc(O)cc1)C(N)=O,800000.0,0,2
CHEMBL311119,N#CC(C#N)=Cc1ccc(C=O)cc1,60000.0,0,1
CHEMBL76905,N#CC(C#N)=Cc1cc(O)cc(O)c1,37000.0,0,1
CHEMBL77524,COc1ccc(/C=C(\C#N)C(=O)O)cc1,833000.0,0,1
CHEMBL305194,Cc1cc(C(=O)O)[nH]c1/C=C1\C(=O)Nc2ncnc(Nc3ccc(F)c(Cl)c3)c21,29.0,1,1
CHEMBL307250,COc1cc(/C=C(\C#N)C(=O)O)ccc1O,325000.0,0,1
CHEMBL80155,COc1cc(C=C(C#N)C#N)cc(O)c1O,6000.0,0,1
CHEMBL343352,Nc1ccc2ncnc(Nc3cccc(Cl)c3)c2c1,200.0,1,8
CHEMBL52765,Nc1ccc2ncnc(Nc3cccc(Br)c3)c2c1,42.0,1,10
CHEMBL311564,COc1ccc(C(O)=C(C#N)C#N)cc1,450000.0,0,1
CHEMBL76642,N#C/C(=C/c1cc(O)ccc1O)C(=O)O,75000.0,0,1
CHEMBL308645,Cc1cc(CCC(=O)O)[nH]c1/C=C1\C(=O)Nc2ncnc(Nc3ccc(F)c(Cl)c3)c21,4.7,1,1
CHEMBL67003,Cc1cc(C(=O)N2CCOCC2)[nH]c1/C=C1\C(=O)Nc2ncnc(Nc3ccc4c(cnn4Cc4ccccc4)c3)c21,1.8,1,1
CHEMBL307248,N#CC(C#N)=Cc1ccc(NC(=O)CCC(=O)O)cc1,640000.0,0,1
CHEMBL310958,N#CC(C#N)=NNc1ccc(O)cc1,225000.0,0,1
CHEMBL78005,N#CC(C#N)=Cc1ccc2c(c1)OCO2,350000.0,0,1
CHEMBL134312,CN(C)/N=N/c1ccc2ncnc(Nc3cccc(Br)c3)c2c1,11.0,1,1
CHEMBL77243,CCCCc1cc(/C=C(\C#N)C(N)=O)cc(CCCC)c1O,55000.0,0,1
CHEMBL80745,COc1cc(/C=C(\C#N)C(N)=C(C#N)C#N)cc(O)c1O,1100.0,0,2
CHEMBL77778,N#CC(C#N)=Cc1ccc(/C=C/C(=O)O)cc1,450000.0,0,1
CHEMBL305246,Cc1cc(C(=O)N2CCN(C)CC2)[nH]c1/C=C1\C(=O)Nc2ncnc(Nc3ccc(F)c(Cl)c3)c21,2.8,1,1
CHEMBL69966,C#Cc1cccc(Nc2ncnc3c2/C(=C/c2[nH]c(C(=O)NCCN4CCOCC4)cc2C)C(=O)N3)c1,18.0,1,1
CHEMBL47940,Nc1ncnc2c1c(-c1ccc(Oc3ccccc3)cc1)cn2C1CCCC1,3200.0,0,1
CHEMBL57712,N#CC(C#N)=Cc1cc[n+]([O-])cc1,1300000.0,0,2
CHEMBL77869,COc1cc(C=C(C#N)C#N)ccc1O,200000.0,0,1
CHEMBL69358,CCN(CC)CCNC(=O)c1cc(C)c(/C=C2\C(=O)Nc3ncnc(Nc4ccc(F)c(Cl)c4)c32)[nH]1,1.2,1,1
CHEMBL137189,C/N=N/Nc1ccc2ncnc(Nc3cccc(C)c3)c2c1,200.0,1,1
CHEMBL137617,C/N=N/Nc1ccc2ncnc(Nc3cccc(Br)c3)c2c1,39.0,1,1
CHEMBL137027,CN(C)/N=N/c1ccc2ncnc(NCc3ccccc3)c2c1,482.0,1,1
CHEMBL78257,N#CC(C#N)=C(N)/C(C#N)=C/c1cc(O)c(O)c(O)c1,800.0,1,4
CHEMBL76082,N#CC(C#N)=Cc1cc2c(cc1[N+](=O)[O-])OCO2,560000.0,0,1
CHEMBL77595,N#C/C(=C\c1ccccc1)C(=O)O,850000.0,0,1
CHEMBL309334,N#CC(C#N)=C(N)/C(C#N)=C/c1ccc(O)c(O)c1,2750.0,0,2
CHEMBL310514,N#CC(C#N)=Cc1ccc[nH]1,260000.0,0,1
CHEMBL304971,Cc1c(C(=O)N2CCN(C)CC2)c[nH]c1/C=C1\C(=O)Nc2ncnc(Nc3ccc(F)c(Cl)c3)c21,410.0,1,1
CHEMBL69071,Cc1cc(C(=O)N2CC(C)NC(C)C2)[nH]c1/C=C1\C(=O)Nc2ncnc(Nc3ccc(F)c(Cl)c3)c21,5.9,1,1
CHEMBL137534,CN(C)CC/N=N/Nc1ccc2ncnc(Nc3cccc(Br)c3)c2c1,38.0,1,1
CHEMBL137788,C/N=N/Nc1ccc2ncnc(NCc3ccccc3)c2c1,335.0,1,1
CHEMBL424093,Brc1cccc(Nc2ncnc3ccc(N/N=N/Cc4ccccc4)cc23)c1,25.0,1,1
CHEMBL77030,N#C/C(=C\c1ccc(O)c(O)c1)C(N)=S,2400.0,0,4
CHEMBL78150,CC(C)(C)c1cc(C=C(C#N)C#N)cc(C(C)(C)C)c1O,460000.0,0,1
CHEMBL264382,Cc1cc(C(=O)NCCN2CCOCC2)[nH]c1/C=C1\C(=O)Nc2ncnc(Nc3ccc4c(ccn4Cc4ccccc4)c3)c21,1.1,1,1
CHEMBL308133,O=C(O)C(=Cc1ccc(O)cc1)C(=O)O,1500000.0,0,1
CHEMBL307179,COc1cc(C=C(C#N)C#N)cc([N+](=O)[O-])c1O,160000.0,0,1
CHEMBL305782,Cc1[nH]c(/C=C2\C(=O)Nc3ncnc(Nc4ccc(F)c(Cl)c4)c32)c(C)c1CCC(=O)O,180.0,1,1
CHEMBL308672,CCN(CC)CCNC(=O)c1cc(C)c(/C=C2\C(=O)Nc3ncnc(Nc4ccc(Cl)cc4F)c32)[nH]1,450.0,1,1
CHEMBL133023,Cc1cccc(Nc2ncnc3ccc(/N=N/N(C)C)cc23)c1,24.0,1,1
CHEMBL310400,N#CC(C#N)=Cc1cccc(O)c1,375000.0,0,1
CHEMBL136674,COCC/N=N/Nc1ccc2ncnc(Nc3cccc(Br)c3)c2c1,71.0,1,1
CHEMBL73820,N#C/C(=C\c1ccc(O)c(O)c1)C(=O)O,27500.0,0,2
CHEMBL79064,N#CC(C#N)=C(O)c1ccc(O)cc1,365000.0,0,2
CHEMBL77803,N#CC(C#N)=C(N)/C(C#N)=C/c1cc(O)c(O)c(Br)c1,500.0,1,2
CHEMBL75718,N#C/C=C/c1ccc(O)cc1,2400000.0,0,1
CHEMBL77298,COc1cc(C=C(C#N)C#N)cc(Br)c1O,153000.0,0,1
CHEMBL432941,COc1cccc(-c2ccc3c(c2)NC(=O)/C3=C\c2[nH]c3c(c2CCC(=O)O)CCCC3)c1,8880.0,0,1
CHEMBL322395,COc1cc(Nc2c(C#N)cnc3cc(-c4ccc(CN5CCOCC5)cc4)ccc23)c(Cl)cc1Cl,3000.0,0,1
CHEMBL431996,O=C(O)CCc1c(/C=C2\C(=O)Nc3ccc(C(=O)O)cc32)[nH]c2c1CCCC2,56500.0,0,1
CHEMBL86531,NS(=O)(=O)c1ccc2c(c1)/C(=C/c1[nH]c3c(c1CCC(=O)O)CCCC3)C(=O)N2,29100.0,0,1
CHEMBL138691,C=CC(=O)N(CCN(C)C)c1cc2c(Nc3cccc(Br)c3)ncnc2cn1,1143.1,0,2
CHEMBL139307,C=CC(=O)N(CCCN1CCOCC1)c1ccc2ncnc(Nc3cccc(Br)c3)c2c1,98.65,1,2
CHEMBL322298,CCn1c(=O)c(-c2c(Cl)cccc2Cl)cc2cnc(Nc3ccccc3)nc21,200.0,1,1
CHEMBL111434,Cn1c(=O)c(-c2c(Cl)cccc2Cl)cc2cnc(Nc3cccc(Br)c3)nc21,670.0,1,1
CHEMBL111197,COc1cccc(Nc2ncc3cc(-c4c(Cl)cccc4Cl)c(=O)n(C)c3n2)c1,30.0,1,1
CHEMBL136058,O=C(/C=C/C(=O)Nc1cc2c(Nc3cccc(Br)c3)ncnc2cn1)NCCCN1CCOCC1,8.8,1,3
CHEMBL939,COc1cc2ncnc(Nc3ccc(F)c(Cl)c3)c2cc1OCCCN1CCOCC1,22.5,1,232
CHEMBL95320,C#Cc1cccc(Nc2c(C#N)cnc3cc(OCCOC)c(OCCOC)cc23)c1,850.0,1,1
CHEMBL292323,COc1cccc2c(C(=O)Nc3ccccc3)c(SSc3c(C(=O)Nc4ccccc4)c4cccc(OC)c4n3C)n(C)c12,6500.0,0,1
CHEMBL545315,C=CC(=O)Nc1cc2c(Nc3ccc(F)c(Cl)c3)ncnc2cc1OCCCN1CCOCC1.Cl.Cl,2.0,1,11
CHEMBL111365,COc1ccc(Nc2ncc3cc(-c4c(Cl)cccc4Cl)c(=O)n(C)c3n2)cn1,1300.0,0,1
CHEMBL422292,CCOC(=O)/C=C/C(=O)Nc1cc2c(Nc3cccc(Br)c3)ncnc2cn1,26.25,1,2
CHEMBL113023,COc1ccc(Nc2ncc3cc(-c4c(Cl)cccc4Cl)c(=O)n(C)c3n2)cc1C,250.0,1,1
CHEMBL304414,Cn1c(SSc2c(C(=O)Nc3ccccc3)c3ccccc3n2C)c(C(=O)Nc2ccccc2)c2ccccc21,10450.0,0,2
CHEMBL106232,CN1CCN(CCCCCNc2ncc3cc(-c4c(Cl)cccc4Cl)c(=O)n(C)c3n2)CC1,4500.0,0,1
CHEMBL327127,Cn1c(=O)c(-c2c(Cl)cccc2Cl)cc2cnc(Nc3cccc(CO)c3)nc21,86.0,1,2
CHEMBL293261,O=C(CCc1c(SSc2[nH]c3ccccc3c2CCC(=O)NCc2ccccc2)[nH]c2ccccc12)NCc1ccccc1,850.0,1,2
CHEMBL267019,O=C1NC(=O)c2cc(Nc3ccc(O)cc3)c(Nc3ccc(O)cc3)cc21,2500.0,0,1
CHEMBL285063,C=CC(=O)Nc1ccc2ncnc(Nc3cccc(Br)c3)c2c1,2.7,1,24
CHEMBL136404,C/C=C/C(=O)Nc1cc2c(Nc3cccc(Br)c3)ncnc2cn1,4.1,1,2
CHEMBL291979,Cn1c(SSc2c(C(=O)Nc3ccccc3)c3cc(C#N)ccc3n2C)c(C(=O)Nc2ccccc2)c2cc(C#N)ccc21,54100.0,0,1
CHEMBL62843,Cn1c(SSc2c(C(=O)Nc3ccccc3)c3cccc(O)c3n2C)c(C(=O)Nc2ccccc2)c2cccc(O)c21,100000.0,0,1
CHEMBL334697,C=CC(=O)N(C)c1cc2c(Nc3cccc(Br)c3)ncnc2cn1,0.17,1,1
CHEMBL434827,CCN(CC)CCCNC(=O)/C=C/C(=O)Nc1cc2c(Nc3cccc(Br)c3)ncnc2cn1,21.0,1,3
CHEMBL64430,Cn1c(SSc2c(C(=O)Nc3ccccc3)c3cc([N+](=O)[O-])ccc3n2C)c(C(=O)Nc2ccccc2)c2cc([N+](=O)[O-])ccc21,5000.0,0,1
CHEMBL137082,C=CC(=O)N(CCCN1CCOCC1)c1cc2c(Nc3cccc(Br)c3)ncnc2cn1,79.35,1,2
CHEMBL324926,COc1cc(Nc2ncc3cc(-c4c(Cl)cccc4Cl)c(=O)n(C)c3n2)cc(OC)c1,330.0,1,1
CHEMBL62176,CN1C(=S)C(C(=O)Nc2ccccc2)c2ccccc21,1000.0,1,1
CHEMBL138363,C=C(C)C(=O)Nc1cc2c(Nc3cccc(Br)c3)ncnc2cn1,22.8,1,2
CHEMBL93464,C/C=C/C(=O)Nc1ccc2ncnc(Nc3cccc(Br)c3)c2c1,8.7,1,3
CHEMBL31965,C=CC(=O)Nc1cc2c(Nc3ccc(F)c(Cl)c3)ncnc2cc1OCCCN1CCOCC1,1.5,1,31
CHEMBL344486,CCOC(=O)/C=C/C(=O)Nc1ccc2ncnc(Nc3cccc(Br)c3)c2c1,33.35,1,2
CHEMBL138940,O=C(/C=C/C(=O)Nc1cc2c(Nc3ccc(F)c(Cl)c3)ncnc2cn1)NCCCN1CCOCC1,7.305,1,4
CHEMBL321193,Cn1c(=O)c(-c2c(Cl)cccc2Cl)cc2cnc(Nc3cccc(O)c3)nc21,150.0,1,1
CHEMBL419022,CCOC(=O)CCCc1ccc(Nc2ncc3cc(-c4c(Cl)cccc4Cl)c(=O)n(C)c3n2)cc1,700.0,1,1
CHEMBL344177,O=C(/C=C/Cl)Nc1cc2c(Nc3cccc(Br)c3)ncnc2cn1,10.345,1,2
CHEMBL136178,CC(=O)/C=C/C(=O)Nc1ccc2ncnc(Nc3cccc(Br)c3)c2c1,520.1,1,2
CHEMBL136511,C=CS(=O)(=O)Nc1ccc2ncnc(Nc3cccc(Br)c3)c2c1,1.413,1,3
CHEMBL44,O=c1c(-c2ccc(O)cc2)coc2cc(O)cc(O)c12,1000.0,1,6
CHEMBL136102,CN(C)CCCNC(=O)/C=C/C(=O)N(C)c1cc2c(Nc3cccc(Br)c3)ncnc2cn1,97.225,1,2
CHEMBL336264,C=CS(=O)(=O)c1cc2c(Nc3cccc(Br)c3)ncnc2cn1,0.4283,1,2
CHEMBL104153,COc1ccc(Nc2ncc3cc(-c4c(Cl)cccc4Cl)c(=O)n(C)c3n2)cc1,220.0,1,1
CHEMBL95774,C=CC(=O)Nc1cc2c(Nc3ccc(F)c(Cl)c3)c(C#N)cnc2cc1OCCCN1CCOCC1,80.0,1,1
CHEMBL268868,O=C1NC(=O)c2cc(Nc3ccccc3)c(Nc3ccccc3)cc21,300.0,1,2
CHEMBL7775,CN(c1ccccc1)c1cc2c(cc1Nc1ccccc1)C(=O)NC2=O,8700.0,0,1
CHEMBL61119,CC(=O)Oc1ccc2c(c1)c(C(=O)Nc1ccccc1)c(SSc1c(C(=O)Nc3ccccc3)c3cc(OC(C)=O)ccc3n1C)n2C,5300.0,0,1
CHEMBL335440,O=S(=O)(CCO)c1cc2c(Nc3cccc(Br)c3)ncnc2cn1,93.5,1,1
CHEMBL50647,Cn1c(=O)c(-c2c(Cl)cccc2Cl)cc2cnc(Nc3ccc(CC(=O)O)cc3)nc21,220.0,1,1
CHEMBL320705,COc1ccccc1Nc1ncc2cc(-c3c(Cl)cccc3Cl)c(=O)n(C)c2n1,66.0,1,1
CHEMBL113863,Cn1c(=O)c(-c2c(Cl)cccc2Cl)cc2cnc(NCCCCCC(=O)O)nc21,1000.0,1,1
CHEMBL553,C#Cc1cccc(Nc2ncnc3cc(OCCOC)c(OCCOC)cc23)c1,30.0,1,193
CHEMBL92086,C=C(C)C(=O)Nc1ccc2ncnc(Nc3cccc(Br)c3)c2c1,16.0,1,3
CHEMBL109631,Cn1c(=O)c(-c2c(Cl)cccc2Cl)cc2cnc(Nc3cccc(C(=O)O)c3)nc21,190.0,1,1
CHEMBL293913,Cn1c(SSc2c(C(=O)Nc3ccccc3)c3ccc(O)cc3n2C)c(C(=O)Nc2ccccc2)c2ccc(O)cc21,44000.0,0,1
CHEMBL7914,Cc1ccc(Nc2cc3c(cc2Nc2ccc(C)cc2)C(=O)NC3=O)cc1,2500.0,0,1
CHEMBL334801,CN(C)CCCNC(=O)/C=C/C(=O)Nc1cc2c(Nc3cccc(Br)c3)ncnc2cn1,57.0,1,3
CHEMBL325589,Cn1c(=O)c(-c2c(Cl)cccc2Cl)cc2cnc(Nc3cccnc3)nc21,510.0,1,1
CHEMBL99024,COc1cc2ncc(C#N)c(Nc3ccc(F)c(Cl)c3)c2cc1OCCCN1CCOCC1,1040.0,0,1
CHEMBL59812,CC(=O)Oc1cccc2c1c(C(=O)Nc1ccccc1)c(SSc1c(C(=O)Nc3ccccc3)c3c(OC(C)=O)cccc3n1C)n2C,20000.0,0,1
CHEMBL434828,O=C(/C=C/c1ccccc1)Nc1cc2c(Nc3cccc(Br)c3)ncnc2cn1,43.05,1,2
CHEMBL49596,Cn1c(=O)c(-c2c(Cl)cccc2Cl)cc2cnc(N)nc21,5600.0,0,2
CHEMBL293250,Cn1c(SSc2c(C(=O)Nc3ccccc3)c3cc(O)ccc3n2C)c(C(=O)Nc2ccccc2)c2cc(O)ccc21,40500.0,0,1
CHEMBL62701,Cn1c(SSc2c(C(=O)Nc3ccccc3)c3cccnc3n2C)c(C(=O)Nc2ccccc2)c2cccnc21,22300.0,0,1
CHEMBL51659,C=CC(=O)Nc1cc2c(Nc3cccc(Br)c3)ncnc2cn1,2.155,1,4
CHEMBL135142,O=C(/C=C/C(F)(F)F)Nc1ccc2ncnc(Nc3cccc(Br)c3)c2c1,18.375,1,2
CHEMBL343722,C=C=CC(=O)Nc1ccc2ncnc(Nc3cccc(Br)c3)c2c1,60.8,1,2
CHEMBL448154,CCn1c(=O)c(-c2c(Cl)cccc2Cl)cc2cnc(Nc3ccncc3)nc21,490.0,1,1
CHEMBL50470,CCN(CC)CCCNc1ncc2cc(-c3c(Cl)cccc3Cl)c(=O)n(C)c2n1,1375.0,0,2
CHEMBL104244,CN1CCN(CCCCNc2ncc3cc(-c4c(Cl)cccc4Cl)c(=O)n(C)c3n2)CC1,210.0,1,1
CHEMBL293889,Cn1c(SSc2c(C(=O)Nc3ccccc3)c3cc(Cl)ccc3n2C)c(C(=O)Nc2ccccc2)c2cc(Cl)ccc21,4300.0,0,2
CHEMBL140561,CN(C)CCCOC(=O)/C=C/C(=O)Nc1ccc2ncnc(Nc3cccc(Br)c3)c2c1,108.0,1,3
CHEMBL345077,C=C[S+]([O-])c1cc2c(Nc3cccc(Br)c3)ncnc2cn1,4.6,1,3
CHEMBL107472,CNc1ncc2cc(-c3c(Cl)cccc3Cl)c(=O)n(C)c2n1,7500.0,0,1
CHEMBL139044,C=C/C=C/C(=O)Nc1cc2c(Nc3cccc(Br)c3)ncnc2cn1,14.05,1,2
CHEMBL139095,C=CS(=O)(=O)Nc1cc2c(Nc3cccc(Br)c3)ncnc2cn1,0.76,1,3
CHEMBL113070,Cn1c(=O)c(-c2c(Cl)cccc2Cl)cc2cnc(Nc3ccc(CCCC(=O)O)cc3)nc21,80.0,1,1
CHEMBL104779,Cn1c(=O)c(-c2c(Cl)cccc2Cl)cc2cnc(Nc3ccncc3)nc21,910.0,1,1
CHEMBL134371,O=C(O)/C=C/C(=O)Nc1ccc2ncnc(Nc3cccc(Br)c3)c2c1,0.37,1,1
CHEMBL301612,Cn1c(=O)c(-c2c(Cl)cccc2Cl)cc2cnc(Nc3ccccc3)nc21,169.0,1,2
CHEMBL293251,Cn1c(SSc2c(C(=O)Nc3ccccc3)c3cc(Br)ccc3n2C)c(C(=O)Nc2ccccc2)c2cc(Br)ccc21,11400.0,0,1
CHEMBL60472,COc1ccc2c(C(=O)Nc3ccccc3)c(SSc3c(C(=O)Nc4ccccc4)c4ccc(OC)cc4n3C)n(C)c2c1,3600.0,0,2
CHEMBL342828,O=C(/C=C/C(=O)Nc1cc2c(Nc3cccc(Br)c3)ncnc2cn1)NCCCn1ccnc1,14.0,1,3
CHEMBL299194,CN1CCN(CCCNc2ncc3cc(-c4c(Cl)cccc4Cl)c(=O)n(C)c3n2)CC1,8700.0,0,2
CHEMBL291359,CC(=O)Oc1cccc2c(C(=O)Nc3ccccc3)c(SSc3c(C(=O)Nc4ccccc4)c4cccc(OC(C)=O)c4n3C)n(C)c12,9900.0,0,1
CHEMBL109296,CCNc1ncc2cc(-c3c(Cl)cccc3Cl)c(=O)n(C)c2n1,4500.0,0,1
CHEMBL111339,Cc1ccc(Nc2ncc3cc(-c4c(Cl)cccc4Cl)c(=O)n(C)c3n2)cc1,480.0,1,1
CHEMBL7939,O=C1NC(=O)c2cc(Nc3ccc(F)cc3)c(Nc3ccc(F)cc3)cc21,700.0,1,1
CHEMBL8095,COc1ccc(Nc2cc3c(cc2Nc2ccccc2)C(=O)NC3=O)cc1,2000.0,0,1
CHEMBL345109,CN(C)CCCNC(=O)/C=C/C(=O)Nc1ccc2ncnc(Nc3cccc(Br)c3)c2c1,59.0,1,3
CHEMBL607707,CCOc1cc2ncc(C#N)c(Nc3ccc(F)c(Cl)c3)c2cc1NC(=O)/C=C/CN(C)C,39.0,1,19
CHEMBL293986,Cn1c(SSc2c(C(=O)Nc3ccccc3)c3c(Cl)cccc3n2C)c(C(=O)Nc2ccccc2)c2c(Cl)cccc21,100000.0,0,1
CHEMBL8223,CCN(CC)c1ccc(Nc2cc3c(cc2Nc2ccc(N(CC)CC)cc2)C(=O)NC3=O)cc1,50000.0,0,1
CHEMBL332269,CCCCNc1ncc2cc(-c3c(Cl)cccc3Cl)c(=O)n(C)c2n1,4400.0,0,1
CHEMBL428690,CN1CC[C@H](c2c(O)cc(O)c3c(=O)cc(-c4ccccc4Cl)oc23)[C@H](O)C1,21000.0,0,3
CHEMBL14932,Oc1ccc2ncnc(Nc3ccc(OCc4ccccc4)cc3)c2c1,97.86,1,2
CHEMBL38199,Brc1cccc(Nc2ncnc3cc4c(cnn4CCN4CCOCC4)cc23)c1,190.55,1,3
CHEMBL29197,COc1cc2ncnc(Nc3cccc(Br)c3)c2cc1OC,66.5,1,44
CHEMBL287007,CN(C)Cc1c[nH]c2cc3ncnc(Nc4cccc(Br)c4)c3cc12,6.1499999999999995,1,4
CHEMBL37346,Brc1cccc(Nc2ccnc3ccccc23)c1,5500.0,0,2
CHEMBL15346,CS(=O)(=O)CCNCCCCOc1ccc2ncnc(Nc3ccc(OCc4ccccc4)cc3)c2c1,74.065,1,2
CHEMBL15202,COc1ccc2ncnc(Nc3ccc(OCc4ccccc4)cc3)c2c1,67.805,1,2
CHEMBL554,CS(=O)(=O)CCNCc1ccc(-c2ccc3ncnc(Nc4ccc(OCc5cccc(F)c5)c(Cl)c4)c3c2)o1,10.8,1,75
CHEMBL36819,O=C(O)Cn1ncc2cc3c(Nc4cccc(Br)c4)ncnc3cc21,624.5,1,4
CHEMBL40130,Brc1cccc(Nc2ncnc3cc4c(ccn4CCN4CCOCC4)cc23)c1,15.85,1,3
CHEMBL35820,CCOc1cc2ncnc(Nc3cccc(Br)c3)c2cc1OCC,0.006,1,4
CHEMBL14627,O=C(NCCCCOc1ccc2ncnc(Nc3ccc(OCc4ccccc4)cc3)c2c1)C(F)(F)F,74.065,1,2
CHEMBL290096,Brc1cccc(Nc2ncnc3ccccc23)c1,27.0,1,5
CHEMBL460731,CS(=O)(=O)CCNCCCCOc1ccc2ncnc(Nc3ccc(F)c(Cl)c3)c2c1,19.975,1,2
CHEMBL37543,OCC(O)Cn1ncc2cc3c(Nc4cccc(Br)c4)ncnc3cc21,164.125,1,4
CHEMBL287289,CN(C)CCCn1ccc2cc3c(Nc4cccc(Br)c4)ncnc3cc21,229.09,1,3
CHEMBL514436,CS(=O)(=O)CCNCCCCOc1ccc2ncnc(Nc3ccc(OCc4cccc(F)c4)c(Cl)c3)c2c1,26.96,1,2
CHEMBL39320,Cn1ncc2cc3c(Nc4cccc(Br)c4)ncnc3cc21,6.62575,1,4
CHEMBL289162,O=C(O)Cn1ccc2cc3c(Nc4cccc(Br)c4)ncnc3cc21,1778.28,0,3
CHEMBL14952,CS(=O)(=O)CCNCCCOc1ccc2ncnc(Nc3ccc(OCc4ccccc4)cc3)c2c1,104.35499999999999,1,2
CHEMBL37373,CN(C)CCn1ccc2cc3c(Nc4cccc(Br)c4)ncnc3cc21,144.54,1,3
CHEMBL39715,COC(=O)CN(C)Cc1c[nH]c2cc3ncnc(Nc4cccc(Br)c4)c3cc12,6.4750000000000005,1,4
CHEMBL289213,CN(CC(=O)O)Cc1c[nH]c2cc3ncnc(Nc4cccc(Br)c4)c3cc12,292.3622,1,4
CHEMBL273789,CS(=O)(=O)CCN(CCCCOc1ccc2ncnc(Nc3ccc(OCc4ccccc4)cc3)c2c1)C(=O)C(F)(F)F,248.70999999999998,1,2
CHEMBL517907,C#Cc1cccc(Nc2ncnc3ccc(OCCCCNCCS(C)(=O)=O)cc23)c1,10.98,1,2
CHEMBL460732,CS(=O)(=O)CCNCCCCOc1ccc2ncnc(Nc3ccc(S(=O)(=O)c4ccccc4)cc3)c2c1,93.16499999999999,1,2
CHEMBL540701,C=CCOc1ccc2ncnc(Nc3ccc(OCc4ccccc4)cc3)c2c1,79.215,1,2
CHEMBL287832,CN(C)CCn1ncc2cc3c(Nc4cccc(Br)c4)ncnc3cc21,151.0,1,4
CHEMBL39337,Brc1cccc(Nc2ncnc3cc4[nH]ncc4cc23)c1,0.44,1,7
CHEMBL40734,Brc1cccc(Nc2ncnc3cc4[nH]ccc4cc23)c1,0.44,1,6
CHEMBL39811,CN(C)CCN(C)Cc1c[nH]c2cc3ncnc(Nc4cccc(Br)c4)c3cc12,44.293,1,4
CHEMBL36727,Cn1ccc2cc3c(Nc4cccc(Br)c4)ncnc3cc21,21.88,1,3
CHEMBL39355,Brc1cccc(Nc2ncnc3cc4c(cnn4CCCN4CCOCC4)cc23)c1,42.9,1,2
CHEMBL493428,CS(=O)(=O)CCNCCCCOc1ccc2ncnc(Nc3ccc4c(cnn4Cc4cccc(F)c4)c3)c2c1,23.994999999999997,1,2
CHEMBL289959,c1ccc(Nc2ncnc3ccccc23)cc1,345.0,1,4
CHEMBL14874,CN(CCCOc1ccc2ncnc(Nc3ccc(OCc4ccccc4)cc3)c2c1)CCS(C)(=O)=O,830.88,1,2
CHEMBL416611,OCC(O)Cn1ccc2cc3c(Nc4cccc(Br)c4)ncnc3cc21,48.98,1,3
CHEMBL36967,Brc1cccc(Nc2ncnc3cc4[nH]cc(CN5CCOCC5)c4cc23)c1,9.55,1,3
CHEMBL36164,OCCN(CCO)Cc1c[nH]c2cc3ncnc(Nc4cccc(Br)c4)c3cc12,69.2,1,4
CHEMBL1242973,COC(=O)[C@@]1(Cc2ccc(O)c(CC=C(C)C)c2)OC(=O)C(O)=C1c1ccc(O)cc1,590000.0,0,1
CHEMBL280074,Cn1cnc2c(NCc3ccccc3)nc(NCCO)nc21,440000.0,0,1
CHEMBL338448,CO[C@H]1[C@@H](N(C)C(=O)c2ccccc2)C[C@@H]2O[C@@]1(C)n1c3ccccc3c3c4c(c5c6ccccc6n2c5c31)C(=O)NC4,1900.0,0,1
CHEMBL131715,CO[C@H]1[C@@H](N(C)C(=O)c2ccc(Cl)cc2)C[C@@H]2O[C@@]1(C)n1c3ccccc3c3c4c(c5c6ccccc6n2c5c31)C(=O)NC4,7000.0,0,1
CHEMBL435809,CO[C@H]1[C@@H](N(C)C(=O)c2ccc(C(=O)O)cc2)C[C@@H]2O[C@@]1(C)n1c3ccccc3c3c4c(c5c6ccccc6n2c5c31)C(=O)NC4,110.0,1,1
CHEMBL57323,Cc1cccc(C)c1-c1cc2cnc(N)nc2nc1NC(=O)NC(C)(C)C,610.0,1,1
CHEMBL57347,CN1CCN(CCCNc2ncc3cc(-c4c(Cl)cccc4Cl)c(NC(=O)NC(C)(C)C)nc3n2)CC1,150.0,1,2
CHEMBL75188,Cc1cc(C)c(C)c(-c2cc3cnc(NCCCN4CCN(C)CC4)nc3nc2NC(=O)NC(C)(C)C)c1C,7000.0,0,1
CHEMBL131020,CO[C@H]1[C@@H](N(C)S(C)(=O)=O)C[C@@H]2O[C@@]1(C)n1c3ccccc3c3c4c(c5c6ccccc6n2c5c31)C(=O)NC4,1100.0,0,1
CHEMBL131590,CO[C@H]1[C@@H](N(C)C(=O)c2ccccc2Cl)C[C@@H]2O[C@@]1(C)n1c3ccccc3c3c4c(c5c6ccccc6n2c5c31)C(=O)NC4,4700.0,0,1
CHEMBL160846,CS(=O)(=O)CCNc1nc(-c2ccc3ncnc(Nc4ccc(OCc5ccccc5)c(Cl)c4)c3c2)cs1,8.0,1,1
CHEMBL26001,O=P(O)(O)C(O)c1ccc2ccccc2c1,225000.0,0,2
CHEMBL444337,COC(=O)CN(C)[C@H]1C[C@@H]2O[C@](C)([C@H]1OC)n1c3ccccc3c3c4c(c5c6ccccc6n2c5c31)C(=O)NC4,1300.0,0,1
CHEMBL422347,CS(=O)(=O)CCNc1nc(-c2ccc3ncnc(Nc4ccc(OCc5ccccc5)cc4)c3c2)cs1,82.0,1,1
CHEMBL131426,CO[C@H]1[C@@H](N(C)CCC#N)C[C@@H]2O[C@@]1(C)n1c3ccccc3c3c4c(c5c6ccccc6n2c5c31)C(=O)NC4,1100.0,0,1
CHEMBL160303,CS(=O)(=O)CCNc1nc(-c2ccc3ncnc(Nc4ccc5c(cnn5Cc5ccccc5)c4)c3c2)cs1,71.0,1,1
CHEMBL338935,CO[C@H]1[C@@H](N(C)C(=O)CN)C[C@@H]2O[C@@]1(C)n1c3ccccc3c3c4c(c5c6ccccc6n2c5c31)C(=O)NC4,220.0,1,1
CHEMBL269620,CS(=O)(=O)CCNc1nc(-c2ccc3ncnc(Nc4ccc(OCc5cccc(C(F)(F)F)c5)cc4)c3c2)cs1,540.0,1,1
CHEMBL335012,CO[C@H]1[C@@H](N(C)C(=O)c2cccnc2)C[C@@H]2O[C@@]1(C)n1c3ccccc3c3c4c(c5c6ccccc6n2c5c31)C(=O)NC4,8180.0,0,1
CHEMBL76599,CC(C)(C)NC(=O)Nc1nc2nc(N)ncc2cc1-c1ccccc1,5530.0,0,1
CHEMBL299026,CCN(CC)CCCNc1ncc2cc(-c3c(Cl)cccc3Cl)c(NC(=O)NC(C)(C)C)nc2n1,6200.0,0,1
CHEMBL132348,CO[C@H]1[C@@H](N(C)CC(=O)O)C[C@@H]2O[C@@]1(C)n1c3ccccc3c3c4c(c5c6ccccc6n2c5c31)C(=O)NC4,31.0,1,1
CHEMBL132169,COc1ccc(C(=O)N(C)[C@H]2C[C@@H]3O[C@](C)([C@H]2OC)n2c4ccccc4c4c5c(c6c7ccccc7n3c6c42)C(=O)NC5)cc1,3600.0,0,1
CHEMBL335648,CO[C@H]1[C@@H]([N+](C)(C)C)C[C@@H]2O[C@@]1(C)n1c3ccccc3c3c4c(c5c6ccccc6n2c5c31)C(=O)NC4,19.0,1,1
CHEMBL155761,CS(=O)(=O)CCNc1nc(-c2ccc3ncnc(Nc4ccc(OCc5cccc(F)c5)c(Cl)c4)c3c2)cs1,10.0,1,1
CHEMBL45827,CCN(CC)CCCCNc1ncc2cc(-c3c(Cl)cccc3Cl)c(NC(=O)NC(C)(C)C)nc2n1,390.0,1,3
CHEMBL335718,CCCCC(O)CN(C)[C@H]1C[C@@H]2O[C@](C)([C@H]1OC)n1c3ccccc3c3c4c(c5c6ccccc6n2c5c31)C(=O)NC4,1300.0,0,1
CHEMBL130163,CO[C@H]1[C@@H](N(C)C(C)=O)C[C@@H]2O[C@@]1(C)n1c3ccccc3c3c4c(c5c6ccccc6n2c5c31)C(=O)NC4,2600.0,0,1
CHEMBL335932,CO[C@H]1[C@@H](N(C)C(=O)C(F)(F)F)C[C@@H]2O[C@@]1(C)n1c3ccccc3c3c4c(c5c6ccccc6n2c5c31)C(=O)NC4,6400.0,0,1
CHEMBL336192,COC(=O)c1ccc(C(=O)N(C)[C@H]2C[C@@H]3O[C@](C)([C@H]2OC)n2c4ccccc4c4c5c(c6c7ccccc7n3c6c42)C(=O)NC5)cc1,7400.0,0,1
CHEMBL157084,CS(=O)(=O)CCNc1nc(-c2ccc3ncnc(Nc4ccc(F)c(Cl)c4)c3c2)cs1,35.0,1,1
CHEMBL388978,CN[C@@H]1C[C@H]2O[C@@](C)([C@@H]1OC)n1c3ccccc3c3c4c(c5c6ccccc6n2c5c31)C(=O)NC4,60.35,1,38
CHEMBL129946,CCN(C)[C@H]1C[C@@H]2O[C@](C)([C@H]1OC)n1c3ccccc3c3c4c(c5c6ccccc6n2c5c31)C(=O)NC4,330.0,1,1
CHEMBL337027,CO[C@H]1[C@@H](N(C)C(=O)CCC(=O)O)C[C@@H]2O[C@@]1(C)n1c3ccccc3c3c4c(c5c6ccccc6n2c5c31)C(=O)NC4,160.0,1,1
CHEMBL338449,CO[C@H]1[C@@H](N(C)C(=O)OC(C)(C)C)C[C@@H]2O[C@@]1(C)n1c3ccccc3c3c4c(c5c6ccccc6n2c5c31)C(=O)NC4,13500.0,0,1
CHEMBL130049,COC(=O)N(C)[C@H]1C[C@@H]2O[C@](C)([C@H]1OC)n1c3ccccc3c3c4c(c5c6ccccc6n2c5c31)C(=O)NC4,2400.0,0,1
CHEMBL56236,Cc1cc(C)c(C)c(-c2cc3cnc(N)nc3nc2NC(=O)NC(C)(C)C)c1C,6680.0,0,2
CHEMBL335931,CO[C@H]1[C@@H](N(C)C(=O)CNC(=O)OC(C)(C)C)C[C@@H]2O[C@@]1(C)n1c3ccccc3c3c4c(c5c6ccccc6n2c5c31)C(=O)NC4,3500.0,0,1
CHEMBL337026,CN[C@H]1C[C@@H]2O[C@](C)([C@H]1OC)n1c3ccccc3c3c4c(c5c6ccccc6n2c5c31)C(=O)NC4=O,200.0,1,1
CHEMBL340611,CC[N+](C)(C)[C@H]1C[C@@H]2O[C@](C)([C@H]1OC)n1c3ccccc3c3c4c(c5c6ccccc6n2c5c31)C(=O)NC4,43.0,1,1
CHEMBL338944,CO[C@H]1[C@@H](N(C)C(=O)c2cccc(Cl)c2)C[C@@H]2O[C@@]1(C)n1c3ccccc3c3c4c(c5c6ccccc6n2c5c31)C(=O)NC4,4600.0,0,1
CHEMBL57366,CC(C)(C)NC(=O)Nc1nc2nc(N)ncc2cc1-c1c(Cl)cccc1Cl,450.0,1,2
CHEMBL337297,CO[C@H]1[C@@H](N(C)C(=O)c2cnccn2)C[C@@H]2O[C@@]1(C)n1c3ccccc3c3c4c(c5c6ccccc6n2c5c31)C(=O)NC4,8180.0,0,1
CHEMBL338049,CN[C@H]1C[C@@H]2O[C@](C)([C@H]1OC)n1c3ccccc3c3c4c(c5c6ccccc6n2c5c31)C(=O)N[C@@H]4O,17.0,1,1
CHEMBL432738,CCNC(=O)Nc1nc2nc(N)ncc2cc1-c1c(Cl)cccc1Cl,1360.0,0,1
CHEMBL131193,CO[C@H]1[C@@H](N(C)Cc2ccccc2)C[C@@H]2O[C@@]1(C)n1c3ccccc3c3c4c(c5c6ccccc6n2c5c31)C(=O)NC4,910.0,1,1
CHEMBL337035,CNC(=S)N(C)[C@H]1C[C@@H]2O[C@](C)([C@H]1OC)n1c3ccccc3c3c4c(c5c6ccccc6n2c5c31)C(=O)NC4,12500.0,0,1
CHEMBL338155,CN[C@H]1C[C@@H]2O[C@](C)([C@H]1OC)n1c3ccccc3c3c4c(c5c6ccccc6n2c5c31)[C@H](O)NC4=O,260.0,1,1
CHEMBL301483,CCNC(=O)Nc1nc2nc(NCCCCN(CC)CC)ncc2cc1-c1c(Cl)cccc1Cl,1280.0,0,2
CHEMBL130208,CO[C@H]1[C@@H](N(C)C(=O)c2cccc([N+](=O)[O-])c2)C[C@@H]2O[C@@]1(C)n1c3ccccc3c3c4c(c5c6ccccc6n2c5c31)C(=O)NC4,4800.0,0,1
CHEMBL55993,Cc1cc(C)c(C(=O)/C(C#N)=C/c2ccc(O)c(O)c2)c(C)c1,19054.61,0,3
CHEMBL55360,Cc1cccc(C)c1NC(=O)/C(C#N)=C/c1ccc(O)c(O)c1,10232.93,0,3
CHEMBL56731,N#C/C(=C\c1ccc(O)c(O)c1)C(=O)Nc1ccccc1,1250.0,0,5
CHEMBL333454,COc1cc(/C=C(\C#N)C(N)=O)cc(CSc2ccc(C)cc2)c1O,1750.0,0,3
CHEMBL122522,COc1cc(C=C(C#N)C#N)cc(CSc2ccccc2)c1O,6760.83,0,3
CHEMBL56219,N#C/C(=C\c1ccc(O)c(O)c1)C(=O)Nc1ccccc1Cl,2089.3,0,3
CHEMBL118205,COc1cc(/C=C(\C#N)C(N)=O)cc(CSc2nc3ccccc3o2)c1O,5300.0,0,3
CHEMBL2448064,COc1cc2c(Nc3ccc(Cl)cc3F)ncnc2cc1OCC1CCNCC1.Cl,300.0,1,1
CHEMBL25579,COc1cc2c(Nc3ccc(Cl)cc3F)ncnc2cc1OCCN(C)c1ccncc1,300.0,1,1
CHEMBL24026,COc1cc2c(Nc3ccc(C#N)cc3F)ncnc2cc1OC/C=C/CN1CCCC1,800.0,1,1
CHEMBL116595,COc1cc(/C=C(\C#N)C(N)=O)cc(CSc2ccccc2)c1O,450.0,1,4
CHEMBL324030,COc1cc(/C=C(\C#N)C(N)=O)cc(CSC2=NCCS2)c1O,8800.0,0,3
CHEMBL417941,N#C/C(=C\c1ccc(O)c(O)c1)C(=O)NC1CCCCC1,5888.44,0,3
CHEMBL326100,COc1cc(/C=C(\C#N)C(N)=O)cc(CSCc2ccccc2Cl)c1O,1000.0,1,3
CHEMBL56542,N#C/C(=C\c1ccc(O)c(O)c1)C(=O)N1CCc2ccccc21,12000.0,0,3
CHEMBL293749,N#C/C(=C\c1ccc(O)c(O)c1)C(=O)NCCc1ccccc1,900.0,1,3
CHEMBL143212,COc1cc(/C=C(\C#N)C(N)=O)cc(CSc2cccc3ccccc23)c1O,1698.24,0,1
CHEMBL135861,CNC(=O)c1c([Se][Se]c2[nH]c3ccccc3c2C(=O)NC)[nH]c2ccccc12,13000.0,0,1
CHEMBL440298,N#C/C(=C\c1ccc(O)c(O)c1)C(=O)NCCCCc1ccccc1,5000.0,0,4
CHEMBL428534,COc1cc2c(Nc3ccc(C)cc3F)ncnc2cc1OCC1CCNCC1,500.0,1,1
CHEMBL326318,COc1cc(/C=C(\C#N)C(N)=O)cc(CSCc2ccccc2)c1O,900.0,1,3
CHEMBL1161234,COc1cc(/C=C(\C#N)C(N)=O)cc(SCCCC(=O)O)c1O,47863.01,0,1
CHEMBL281872,COc1cc2c(Nc3ccc(Br)cc3F)ncnc2cc1OCCn1ccnn1,400.0,1,1
CHEMBL281990,COc1cc2c(Nc3ccc(C)cc3F)ncnc2cc1OCC1CCN(C)CC1,1000.0,1,1
CHEMBL422758,COc1cc2c(Nc3c(F)cc(Cl)cc3F)ncnc2cc1OCC1CCN(C)CC1,450.0,1,1
CHEMBL25450,COc1cc2c(Nc3c(F)cc(Cl)cc3F)ncnc2cc1OCC1CCNCC1,500.0,1,1
CHEMBL1907763,COc1cc2c(Nc3ccc(Cl)cc3F)ncnc2cc1OC[C@@H]1CCCN(C)C1,100.0,1,1
CHEMBL24137,COc1cc2c(Nc3ccc(Cl)cc3F)ncnc2cc1OCCCN1CCOCC1,100.0,1,1
CHEMBL263666,CCN(CC)CCNC(=O)c1c([Se][Se]c2c(C(=O)NCCN(CC)CC)c3ccccc3n2C)n(C)c2ccccc12,4700.0,0,1
CHEMBL116423,Cc1cc(C=C(C#N)C#N)cc(O)c1O,61659.5,0,3
CHEMBL24828,COc1cc2/c(=N/c3ccc(Br)cc3F)nc[nH]c2cc1OCC1CCN(C)CC1,500.0,1,25
CHEMBL56319,CCOC(=O)C(Cc1ccccc1)NC(=O)/C(C#N)=C/c1ccc(O)c(O)c1,48977.88,0,3
CHEMBL53898,N#C/C(=C\c1ccc(O)c(O)c1)C(=O)NCCCc1ccccc1,700.0,1,5
CHEMBL56393,N#C/C(=C\c1ccc(O)c(O)c1)C(=O)c1ccc(O)c(O)c1,2700.0,0,6
CHEMBL1161236,COc1cc(C=C(C#N)C#N)cc(SCC(=O)O)c1O,53703.18,0,1
CHEMBL143805,N#C/C(=C\c1ccc(O)c(O)c1)C(=O)NCc1ccc(O)cc1,3019.95,0,1
CHEMBL1744349,COc1cc2c(Nc3ccc(Cl)cc3F)ncnc2cc1OC/C=C/CN1CCCC1.Cl,90.0,1,1
CHEMBL24979,COc1cc2c(Nc3ccc(Br)cc3F)ncnc2cc1OCCC1CCN(C)CC1,200.0,1,1
CHEMBL2448065,COc1cc2c(Nc3ccc(Cl)cc3F)ncnc2cc1OCC1CCN(C)CC1.Cl,300.0,1,1
CHEMBL63356,Oc1cc2cc(-c3cccnc3)cnc2cc1O,500.0,1,1
CHEMBL1907764,COc1cc2c(Nc3ccc(Br)cc3F)ncnc2cc1OC[C@@H]1CCCN(C)C1,200.0,1,1
CHEMBL118321,COc1cc(C=C(C#N)C#N)cc(CSc2ccccc2C(=O)O)c1O,8000.0,0,3
CHEMBL115895,COc1cc(/C=C(\C#N)C(N)=O)cc(CSc2ccccc2NC(C)=O)c1O,21877.62,0,3
CHEMBL283088,COc1cc2c(Nc3ccc(Cl)cc3F)ncnc2cc1OCCN1CCN(C)CC1,200.0,1,1
CHEMBL2448067,COc1cc2c(Nc3ccc(Cl)cc3F)ncnc2cc1OCCCN1CCCC1.Cl,100.0,1,1
CHEMBL56879,N#C/C(=C\c1ccc(O)c(O)c1)C(=O)c1ccc([N+](=O)[O-])cc1,6632.39,0,4
CHEMBL331026,COc1cc(/C=C(\C#N)C(N)=O)cc(CSc2nc3ccccc3[nH]2)c1O,14500.0,0,3
CHEMBL1202477,COc1cc2c(Nc3ccc(Br)cc3F)ncnc2cc1OCCCN1CCN(C)CC1.Cl,100.0,1,1
CHEMBL416191,COc1cc2c(Nc3c(F)cc(Br)cc3F)ncnc2cc1OCC1CCN(C)CC1,300.0,1,1
CHEMBL67027,COc1ccc(/C=C(\C#N)c2cccnc2)cc1OC,700.0,1,1
CHEMBL140213,CC(C)(C)Oc1cc(/C=C(\C#N)C(=N)S)cc(C(C)(C)C)c1O,501187.23,0,1
CHEMBL533849,COc1cc2c(Nc3ccc(Br)cc3F)ncnc2cc1OCC1CCN(C)CC1.Cl,500.0,1,1
CHEMBL1907944,COc1cc2c(Nc3ccc(Br)cc3F)ncnc2cc1OC[C@H]1CCCN(C)C1,100.0,1,1
CHEMBL336409,N[C@H](Cc1c([Se][Se]c2[nH]c3ccccc3c2C[C@H](N)C(=O)NCc2ccccc2)[nH]c2ccccc12)C(=O)NCc1ccccc1,1100.0,0,2
CHEMBL342929,CNC(=O)c1c(SSc2c(C(=O)NC)c3ccccc3n2C)n(C)c2ccccc12,4350.0,0,2
CHEMBL135577,CCN(CC)CCNC(=O)c1c([Se][Se]c2[nH]c3ccccc3c2C(=O)NCCN(CC)CC)[nH]c2ccccc12,4600.0,0,1
CHEMBL115519,COc1cc(/C=C(\C#N)C(N)=O)cc(CSc2nc3cc(Cl)ccc3s2)c1O,43788.19,0,2
CHEMBL119156,COc1cc(/C=C(\C#N)C(N)=O)cc(CSc2ccccn2)c1O,3400.0,0,3
CHEMBL119987,COc1cc(/C=C(\C#N)C(N)=O)cc(CSc2ccccc2C(=O)O)c1O,710.0,1,3
CHEMBL54471,Cc1ccc(C(=O)/C(C#N)=C/c2ccc(O)c(O)c2)cc1,7950.0,0,4
CHEMBL1744347,COc1cc2c(Nc3ccc(Cl)cc3F)ncnc2cc1OCCCN1CCN(C)CC1.Cl,75.0,1,1
CHEMBL334915,Cn1c([Se][Se]c2c(C(=O)O)c3ccccc3n2C)c(C(=O)O)c2ccccc21,3500.0,0,1
CHEMBL55979,CC(NC(=O)/C(C#N)=C/c1ccc(O)c(O)c1)c1ccccc1,1680.0,0,4
CHEMBL25610,COc1cc2c(Nc3ccc(Cl)cc3F)ncnc2cc1OCCN1CCOCC1,400.0,1,1
CHEMBL137422,CNC(=O)c1c([Se][Se]c2c(C(=O)NC)c3ccccc3n2C)n(C)c2ccccc12,6100.0,0,1
CHEMBL141238,Cc1cc(C)c(NC(=O)/C(C#N)=C/c2ccc(O)c(O)c2)c(C)c1,19054.61,0,1
CHEMBL336174,NC(Cc1c(SSc2[nH]c3ccccc3c2CC(N)C(=O)NCc2ccccc2)[nH]c2ccccc12)C(=O)NCc1ccccc1,7400.0,0,3
CHEMBL26641,COc1cc2c(Nc3ccc(Br)cc3F)ncnc2cc1OCCC1CCNCC1,200.0,1,1
CHEMBL334439,CCN(CC)CCn1c([Se][Se]c2c(C(=O)NC)c3ccccc3n2CCN(CC)CC)c(C(=O)NC)c2ccccc21,6900.0,0,1
CHEMBL66101,COc1ccc(/C=C/c2cnc3cc(OC)c(OC)cc3c2)cc1,20000.0,0,1
CHEMBL59145,N#C/C(=C\c1ccc(O)c(O)c1)C(=O)c1ccccc1Cl,4300.0,0,4
CHEMBL118109,COc1cc(/C=C(\C#N)C(N)=O)cc(CSc2nc3ccccc3s2)c1O,19000.0,0,3
CHEMBL343875,CCOc1ccc2sc(SCc3cc(/C=C(\C#N)C(N)=O)cc(OC)c3O)nc2c1,165958.69,0,1
CHEMBL279459,COc1cc2c(Nc3c(F)cc(Br)cc3F)ncnc2cc1OCC1CCNCC1,450.0,1,1
CHEMBL55994,N#C/C(=C\c1ccc(O)c(O)c1)C(=O)c1cccs1,30902.95,0,3
CHEMBL334032,COc1cc(C=C(C#N)C#N)cc(CS(=O)(=O)c2ccc(C)cc2)c1O,23000.0,0,3
CHEMBL1202473,COc1cc2c(Nc3cc(O)c(C)cc3F)ncnc2cc1OCC1CCN(C)CC1.Cl,300.0,1,1
CHEMBL25425,COc1cc2c(Nc3ccc(Cl)cc3F)ncnc2cc1OCCC1CCN(C)CC1,300.0,1,1
CHEMBL55204,N#C/C(=C\c1ccc(O)c(O)c1)C(=O)c1ccc(F)cc1,2850.0,0,4
CHEMBL286160,COCCOc1cc2ncnc(Nc3ccc(Cl)cc3F)c2cc1OC,100.0,1,1
CHEMBL2448066,COc1cc2c(Nc3cc(O)c(Cl)cc3F)ncnc2cc1OCC1CCN(C)CC1.Cl,100.0,1,1
CHEMBL57251,COc1ccc(NC(=O)/C(C#N)=C/c2ccc(O)c(O)c2)c(OC)c1,13409.43,0,2
CHEMBL56543,N#C/C(=C\c1ccc(O)c(O)c1)C(=O)NCc1ccccc1,300.595,1,6
CHEMBL56132,N#C/C(=C\c1ccc(O)c(O)c1)C(=O)c1ccccc1,7650.0,0,4
CHEMBL120564,COc1cc(C=C(C#N)C#N)cc(C)c1O,87096.36,0,3
CHEMBL1202478,COc1cc2c(Nc3ccc(Br)cc3F)ncnc2cc1OC/C=C/CN1CCCC1.Cl,100.0,1,1
CHEMBL432428,N#C/C(=C\c1cc(O)c(O)c(CSCc2ccccc2)c1)C(N)=O,645.65,1,3
CHEMBL141175,COc1cc(/C=C(/C#N)C(N)=O)cc(CSCc2ccc(Cl)cc2)c1O,15848.93,0,1
CHEMBL336410,O=C(NCc1ccccc1)[C@H](Cc1c([Se][Se]c2[nH]c3ccccc3c2C[C@@H](NC(=O)C(F)(F)F)C(=O)NCc2ccccc2)[nH]c2ccccc12)NC(=O)C(F)(F)F,7000.0,0,1
CHEMBL113996,COc1cc2ncc(C#N)c(Nc3ccc(F)c(Cl)c3)c2cc1NC(=O)/C=C/CN1CCOCC1,13570.0,0,3
CHEMBL325156,CCN(CC)C(C)/C=C/C(=O)Nc1cc2c(Nc3ccc(F)c(Cl)c3)c(C#N)cnc2cc1OC,4840.0,0,3
CHEMBL126384,Brc1cccc(Nc2ncnc3cc(NCCCCN4CCOCC4)ncc23)c1,5.385,1,2
CHEMBL129509,Cc1cccc(Nc2ncnc3cc(NCCCN4CCOCC4)ncc23)c1,9.316500000000001,1,2
CHEMBL114593,COCC#CC(=O)Nc1ccc2ncc(C#N)c(Nc3cccc(Br)c3)c2c1,960.0,1,4
CHEMBL126137,CN(C)CCN(C)c1cc2ncnc(Nc3cccc(Br)c3)c2cn1,39.905,1,2
CHEMBL128987,Brc1cccc(Nc2ncnc3cc(NCCN4CCOCC4)ncc23)c1,3.236,1,3
CHEMBL435993,OCCN(CCO)CCNc1cc2ncnc(Nc3cccc(Br)c3)c2cn1,9.16,1,2
CHEMBL340898,Cc1cccc(Nc2ncnc3cc(NCCCn4ccnc4)ncc23)c1,3.4835000000000003,1,2
CHEMBL338215,Cc1cccc(Nc2ncnc3cc(NCCCCN(C)C)ncc23)c1,5.385,1,2
CHEMBL116857,COc1cc(NC(=O)/C=C/CN(C)C)cc2c(Nc3cccc(Br)c3)c(C#N)cnc12,2884.03,0,3
CHEMBL340484,CN1CCN(CCCNc2cc3ncnc(Nc4cccc(Br)c4)c3cn2)CC1,4.899,1,2
CHEMBL127058,OCCN(CCO)CCCNc1cc2ncnc(Nc3cccc(Br)c3)c2cn1,1.201,1,2
CHEMBL128467,O=S(=O)(O)CCNc1cc2ncnc(Nc3cccc(Br)c3)c2cn1,1.4064999999999999,1,2
CHEMBL326280,COCC#CC(=O)Nc1cc2c(Nc3cccc(Br)c3)c(C#N)cnc2cc1OC,794.33,1,3
CHEMBL117326,C=C(CN(C)C)C(=O)Nc1cc2c(Nc3ccc(F)c(Cl)c3)c(C#N)cnc2cc1OCC,562.34,1,3
CHEMBL340700,CN(CC(O)CO)c1cc2ncnc(Nc3cccc(Br)c3)c2cn1,3.218,1,2
CHEMBL338114,Brc1cccc(Nc2ncnc3cc(NCCc4c[nH]cn4)ncc23)c1,0.911,1,2
CHEMBL341319,CN(CCO)c1cc2ncnc(Nc3cccc(Br)c3)c2cn1,2.585,1,2
CHEMBL340508,NNc1cc2ncnc(Nc3cccc(Br)c3)c2cn1,7.089499999999999,1,2
CHEMBL115440,COCCOCC#CC(=O)Nc1ccc2ncc(C#N)c(Nc3cccc(Br)c3)c2c1,931.625,1,4
CHEMBL127041,OCCNc1cc2ncnc(Nc3cccc(Br)c3)c2cn1,0.23995,1,2
CHEMBL116012,CCOc1cc2ncc(C#N)c(Nc3cccc(Br)c3)c2cc1NC(=O)/C=C/CN1CCOCC1,10320.0,0,3
CHEMBL126791,Brc1cccc(Nc2ncnc3cc(NCCCn4ccnc4)ncc23)c1,0.51145,1,2
CHEMBL54400,CNc1cc2ncnc(Nc3cccc(Br)c3)c2cn1,0.13,1,5
CHEMBL128468,O=C(O)CCCNc1cc2ncnc(Nc3cccc(Br)c3)c2cn1,0.28090000000000004,1,2
CHEMBL341522,Cc1cccc(Nc2ncnc3cc(NCCCN4CCN(C)CC4)ncc23)c1,5.6114999999999995,1,2
CHEMBL111038,COc1cc2ncc(C#N)c(Nc3cccc(Br)c3)c2cc1OC,190.0,1,5
CHEMBL339416,[O-][N+]1(CCCNc2cc3ncnc(Nc4cccc(Br)c4)c3cn2)CCOCC1,0.74065,1,2
CHEMBL30973,CN(C)C/C=C/C(=O)Nc1ccc2ncc(C#N)c(Nc3cccc(Br)c3)c2c1,309.515,1,6
CHEMBL113985,COc1cc(NC(=O)/C=C/CN2CCOCC2)cc2c(Nc3cccc(Br)c3)c(C#N)cnc12,5390.0,0,3
CHEMBL327023,N#Cc1cnc2ccc(NC(=O)C#CCN3CCSCC3)cc2c1Nc1cccc(Br)c1,550.0,1,4
CHEMBL115187,CCCN(CC#CC(=O)Nc1ccc2ncc(C#N)c(Nc3cccc(Br)c3)c2c1)CCC,130.0,1,3
CHEMBL92812,CNc1ccc2c(Nc3cccc(Br)c3)ncnc2c1,7.0,1,3
CHEMBL283682,CC#CC(=O)Nc1ccc2ncc(C#N)c(Nc3cccc(Br)c3)c2c1,940.0,1,5
CHEMBL129825,CN(C)CCCCNc1cc2ncnc(Nc3cccc(Br)c3)c2cn1,7.4065,1,2
CHEMBL420624,Nc1ccc2c(Nc3cccc(Br)c3)ncnc2c1,0.1,1,3
CHEMBL332497,COc1cc2ncc(C#N)c(Nc3cccc(Br)c3)c2cc1NC(=O)/C=C/CN1CCOCC1,3830.0,0,3
CHEMBL421047,CN(C)C/C=C/C(=O)Nc1cc2c(Nc3ccc(F)c(Cl)c3)c(C#N)cnc2cc1OC(F)(F)F,2640.0,0,3
CHEMBL113901,COc1cc2ncc(C#N)c(Nc3ccc(F)c(Cl)c3)c2cc1NC(=O)/C=C/C(C)N(C)C,5248.07,0,3
CHEMBL281300,C=CC(=O)Nc1ccc2ncc(C#N)c(Nc3cccc(Br)c3)c2c1,589.4200000000001,1,6
CHEMBL129579,OCC(O)C(O)C(O)C(O)CNc1cc2ncnc(Nc3cccc(Br)c3)c2cn1,4.792999999999999,1,2
CHEMBL126893,CN(C)CCCNc1cc2ncnc(Nc3cccc(Br)c3)c2cn1,8.755,1,2
CHEMBL127082,CNc1cc2ncnc(Nc3cccc(C)c3)c2cn1,1.4064999999999999,1,2
CHEMBL128759,OCCN(CCO)c1cc2ncnc(Nc3cccc(Br)c3)c2cn1,12.01,1,2
CHEMBL126372,OCC(O)CNc1cc2ncnc(Nc3cccc(Br)c3)c2cn1,0.92,1,3
CHEMBL157128,COCC1CCCN1CC#CC(=O)Nc1ccc2ncc(C#N)c(Nc3cccc(Br)c3)c2c1,150.0,1,3
CHEMBL116853,COc1cc2ncc(C#N)c(Nc3cccc(Br)c3)c2cc1NC(=O)C#CCN(C)C,90.0,1,3
CHEMBL114728,CCOc1cc2ncc(C#N)c(Nc3cccc(Br)c3)c2cc1NC(=O)/C=C/CN(C)C,1600.0,0,3
CHEMBL326811,C/C=C/C(=O)Nc1ccc2ncc(C#N)c(Nc3cccc(Br)c3)c2c1,1620.905,0,4
CHEMBL53428,CN(C)c1cc2ncnc(Nc3cccc(Br)c3)c2cn1,0.091,1,5
CHEMBL125568,OCC(CO)Nc1cc2ncnc(Nc3cccc(Br)c3)c2cn1,14.065000000000001,1,2
CHEMBL129824,CN(C)CCCCCNc1cc2ncnc(Nc3cccc(Br)c3)c2cn1,8.359,1,2
CHEMBL114073,COc1cc2ncc(C#N)c(Nc3ccc(F)c(Cl)c3)c2cc1NC(=O)/C=C/C(C)N1CCOCC1,10590.0,0,3
CHEMBL128432,CN(C)CCNc1cc2ncnc(Nc3cccc(Br)c3)c2cn1,44.835,1,2
CHEMBL116525,CC#CC(=O)Nc1cc2c(Nc3cccc(Br)c3)c(C#N)cnc2cc1OC,912.01,1,3
CHEMBL323630,CN(C)C/C=C/C(=O)Nc1ccc2ncc(C#N)c(Nc3ccc(F)c(Cl)c3)c2c1,650.0,1,4
CHEMBL424252,CCN(CC)C/C=C/C(=O)Nc1cc2c(Nc3ccc(F)c(Cl)c3)c(C#N)cnc2cc1OC,1910.0,0,3
CHEMBL324718,C=CC(=O)Nc1cc2c(Nc3cccc(Br)c3)c(C#N)cnc2cc1OC,812.83,1,3
CHEMBL114490,COc1cc2ncc(C#N)c(Nc3ccc(F)c(Cl)c3)c2cc1NC(=O)/C=C/CN(C)C,2344.23,0,3
CHEMBL113902,C/C=C/C(=O)Nc1cc2c(Nc3ccc(F)c(Cl)c3)c(C#N)cnc2cc1OCC,7585.78,0,3
CHEMBL114392,C=C(CN1CCOCC1)C(=O)Nc1ccc2ncc(C#N)c(Nc3ccc(F)c(Cl)c3)c2c1,2700.0,0,4
CHEMBL94061,CN(C)C/C=C/C(=O)Nc1ccc2ncnc(Nc3cccc(Br)c3)c2c1,10.0,1,7
CHEMBL340399,Cc1cccc(Nc2ncnc3cc(NCCc4c[nH]cn4)ncc23)c1,7.2219999999999995,1,2
CHEMBL52076,Nc1cc2ncnc(Nc3cccc(Br)c3)c2cn1,10.0,1,5
CHEMBL127611,CN(CC(O)C(O)C(O)C(O)CO)c1cc2ncnc(Nc3cccc(Br)c3)c2cn1,3.218,1,2
CHEMBL113900,CC(C)N(CC#CC(=O)Nc1ccc2ncc(C#N)c(Nc3cccc(Br)c3)c2c1)C(C)C,250.0,1,2
CHEMBL118000,N#Cc1cnc2ccc(NC(=O)/C=C/CN3CCOCC3)cc2c1Nc1ccc(F)c(Cl)c1,2290.435,0,4
CHEMBL126623,Brc1cccc(Nc2ncnc3cc(NCCCN4CCOCC4)ncc23)c1,1.905,1,3
CHEMBL126903,CN(CC(=O)O)c1cc2ncnc(Nc3cccc(Br)c3)c2cn1,15.925,1,2
CHEMBL127086,O=C(O)CCNc1cc2ncnc(Nc3cccc(Br)c3)c2cn1,0.61,1,3
CHEMBL263788,COc1cc2ncc(C#N)c(Nc3cccc(Br)c3)c2cc1NC(=O)/C=C/CN(C)C,794.33,1,3
CHEMBL338175,O=C(O)CNc1cc2ncnc(Nc3cccc(Br)c3)c2cn1,1.5070000000000001,1,2
CHEMBL414631,COCOC#CC(=O)Nc1ccc2ncc(C#N)c(Nc3cccc(Br)c3)c2c1,330.0,1,1
CHEMBL355330,Nc1ncnc2c1c(-c1cccc(O)c1)cn2C1CCC1,300.0,1,1
CHEMBL170724,COc1ccc(-c2cn(C3CCCC3)c3ncnc(N)c23)cc1,570.0,1,1
CHEMBL168550,COc1cccc(-c2cn(C3CC(CNCCO)C3)c3ncnc(N)c23)c1,490.0,1,1
CHEMBL153525,Brc1cccc(Nc2ncnc3ccc4cc[nH]c4c23)c1,1.24,1,2
CHEMBL3085277,C[C@H](Nc1ncnc2c1sc1ccccc12)c1ccccc1,538.0,1,1
CHEMBL152905,Nc1ccc2sc3c(Nc4cccc(Br)c4)ncnc3c2c1,43.135,1,2
CHEMBL168555,COc1ccc(CC(CO)n2cc(-c3cccc(OC)c3)c3c(N)ncnc32)cc1,9700.0,0,1
CHEMBL168382,COc1cccc(-c2cn(C3CCCC3)c3ncnc(N)c23)c1,460.0,1,1
CHEMBL168285,Nc1ncnc2c1c(-c1ccccc1)cn2C1CCC(O)C1,790.0,1,1
CHEMBL352801,COc1cccc(-c2cn(C3CC(CO)C3)c3ncnc(N)c23)c1,420.0,1,1
CHEMBL448730,CCN(CC)CCn1c2ccccc2c2c(Nc3cccc(Br)c3)ncnc21,4100.0,0,1
CHEMBL544867,Cc1cccc(Nc2ncnc3c2sc2ccc([N+](=O)[O-])cc23)c1.Cl,11.0,1,1
CHEMBL538814,Cl.O=[N+]([O-])c1ccc2sc3c(Nc4cccc(C(F)(F)F)c4)ncnc3c2c1,460.0,1,1
CHEMBL542755,COc1cccc2sc3c(Nc4cccc(Br)c4)ncnc3c12.Cl,20.0,1,1
CHEMBL53753,CNc1cc2c(Nc3cccc(Br)c3)ncnc2cn1,0.008,1,4
CHEMBL153206,COc1ccc2[nH]c3ncnc(Nc4cccc(Br)c4)c3c2c1,1.2,1,3
CHEMBL346846,COc1ccc2c(c1)sc1c(Nc3cccc(Br)c3)ncnc12,80.0,1,1
CHEMBL169467,COc1ccc(CC(CO)n2cc(-c3cccc(O)c3)c3c(N)ncnc32)cc1,3400.0,0,1
CHEMBL168266,Nc1ncnc2c1c(-c1ccccc1)cn2C1CC(O)C1,2820.0,0,1
CHEMBL153739,CN(C)c1ccc2sc3c(Nc4cccc(Br)c4)ncnc3c2c1,19.8,1,1
CHEMBL354310,COc1cccc(-c2cn(C3CC(C(=O)NCCO)C3)c3ncnc(N)c23)c1,330.0,1,1
CHEMBL152984,Cn1c2ccccc2c2c(Nc3cccc(Br)c3)ncnc21,755.5,1,2
CHEMBL544640,Cl.c1ccc(Nc2[nH]cnc3c4ccccc4nc2-3)cc1,2110.0,0,1
CHEMBL150280,c1ccc(Nc2[nH]cnc3nc4ccccc4c2-3)cc1,264.0,1,1
CHEMBL553351,Cl.O=[N+]([O-])c1ccc2sc3c(Nc4cccc(Br)c4)ncnc3c2c1,12.3,1,1
CHEMBL423224,Brc1cccc(Nc2[nH]cnc3nc4ccccc4c2-3)c1,31.0,1,3
CHEMBL347282,Nc1ccc2sc3c(Nc4cccc(C(F)(F)F)c4)ncnc3c2c1,47.0,1,1
CHEMBL5173075,c1ccc(CNc2ncnc3c2[nH]c2ccccc23)cc1,460.0,1,2
CHEMBL346863,Brc1cccc(Nc2ncnc3c2sc2ncsc23)c1.CO,40.0,1,1
CHEMBL169570,Nc1ncnc2c1c(-c1ccc(O)cc1)cn2C1CCCC1,250.0,1,1
CHEMBL415738,Cc1cccc(Nc2cc(NCCO)ncn2)c1,1.0,1,1
CHEMBL153409,Brc1cccc(Nc2ncnc3c2sc2ncccc23)c1,732.0,1,1
CHEMBL171256,COc1ccc(CC(CO)n2cc(-c3ccccc3)c3c(N)ncnc32)cc1,14400.0,0,1
CHEMBL329672,Clc1cccc(Nc2ncnc3ccccc23)c1,23.0,1,4
CHEMBL166765,Nc1ncnc2c1c(-c1ccc(O)cc1)cn2C1CCC1,600.0,1,1
CHEMBL553137,Cl.Cn1c2ccccc2c2ncnc(Nc3cccc(Br)c3)c21,132.0,1,1
CHEMBL169390,Nc1ncnc2c1c(-c1cccc(O)c1)cn2C1CCCC1,80.0,1,1
CHEMBL153170,Brc1cccc(Nc2ncnc3ccc4[nH]cnc4c23)c1,29.0,1,2
CHEMBL355982,Brc1cccc(Nc2ncnc3sccc23)c1,35.0,1,1
CHEMBL345988,Nc1nc(Nc2cccc(Br)c2)c2c(n1)[nH]c1ccccc12,320.0,1,2
CHEMBL153518,CCN(CC)CCn1c2ccc(OC)cc2c2c(Nc3cccc(Br)c3)ncnc21,4270.0,0,1
CHEMBL544868,Cl.O=[N+]([O-])c1ccc2sc3c(Nc4ccccc4)ncnc3c2c1,58.0,1,1
CHEMBL97162,COc1nccc(-c2c(-c3ccc(F)cc3)ncn2[C@H]2CC[C@H](O)CC2)n1,83.0,1,1
CHEMBL345294,Brc1cccc(Nc2ncnc3ccsc23)c1,11.0,1,1
CHEMBL2093928,C[C@H](Nc1[nH]cnc2c3ccccc3nc1-2)c1ccccc1.Cl,419.0,1,1
CHEMBL155278,Cc1cccc(Nc2ncnc3c2sc2ccc(N)cc23)c1,50.05,1,2
CHEMBL149512,Brc1cccc(Nc2ncnc3c2oc2ccccc23)c1,740.0,1,1
CHEMBL170438,Nc1ncnc2c1c(-c1ccccc1)cn2C(CO)Cc1ccc(O)cc1,13200.0,0,1
CHEMBL539822,Cl.Nc1ccc2c(c1)sc1c(Nc3cccc(Br)c3)ncnc12,0.47,1,1
CHEMBL540082,Cl.O=[N+]([O-])c1cccc2c1sc1c(Nc3cccc(Br)c3)ncnc12,158.0,1,1
CHEMBL356850,Brc1cccc(Nc2ncnc3c2sc2ccccc23)c1,85.9,1,2
CHEMBL357367,CCO.Nc1ccc2sc3c(Nc4ccccc4)ncnc3c2c1,9.4,1,1
CHEMBL151593,CO.Nc1cccc2c1sc1c(Nc3cccc(Br)c3)ncnc12,2.7,1,1
CHEMBL153419,c1ccc(CNc2ncnc3c2sc2ccccc23)cc1,191.0,1,1
CHEMBL153573,Nc1cc2sc3c(Nc4cccc(Br)c4)ncnc3c2cc1F,21.5,1,2
CHEMBL357570,CCNc1cc2sc3c(Nc4cccc(Br)c4)ncnc3c2cc1F.CCO,46.45,1,2
CHEMBL352954,Nc1ncnc2c1c(-c1ccccc1)cn2C1CCCC1,500.0,1,1
CHEMBL6195771,Brc1cccc(Nc2ncnc3c2[nH]c2ccccc23)c1.Cl,82.5,1,2
CHEMBL358934,CCO.CNc1ccc2sc3c(Nc4cccc(Br)c4)ncnc3c2c1,17.05,1,2
CHEMBL355191,COc1cccc(-c2cn(C3CCC3)c3ncnc(N)c23)c1,450.0,1,1
CHEMBL540590,Cl.O=[N+]([O-])c1ccc2c(c1)sc1c(Nc3cccc(Br)c3)ncnc12,48.0,1,1
CHEMBL544865,COc1cc2sc3c(Nc4cccc(Br)c4)ncnc3c2cc1OC.Cl,444.0,1,1
CHEMBL66031,Brc1cccc(Nc2ncnc3cc4[nH]cnc4cc23)c1,0.008,1,2
CHEMBL555921,COc1cccc2c1sc1c(Nc3cccc(Br)c3)ncnc12.Cl,12.6,1,1
CHEMBL171311,Nc1ncnc2c1c(-c1ccccc1)cn2C(CO)Cc1ccccc1,440.0,1,1
CHEMBL166766,Nc1ncnc2c1c(-c1ccccc1)cn2C1CCC1,730.0,1,1
CHEMBL155100,Brc1cccc(Nc2ncnc3c2ccc2[nH]cnc23)c1,272.0,1,2
CHEMBL169780,Nc1ncnc2c1c(-c1cccc(O)c1)cn2C1CCN(CCO)CC1,2540.0,0,1
CHEMBL355269,COc1cccc(-c2cn(C3CCN(CC(=O)N(C)C)CC3)c3ncnc(N)c23)c1,750.0,1,1
CHEMBL169200,COc1cccc(-c2cn(C3CCN(CCO)CC3)c3ncnc(N)c23)c1,900.0,1,1
CHEMBL168829,Nc1ncnc2c1c(-c1ccccc1)cn2C1CCNC1,13400.0,0,1
CHEMBL262276,COC(=O)CN1CCC(n2cc(-c3cccc(O)c3)c3c(N)ncnc32)CC1,800.0,1,1
CHEMBL169920,CN(C)C(=O)CN1CCC(n2cc(-c3cccc(O)c3)c3c(N)ncnc32)CC1,500.0,1,1
CHEMBL408683,NC(=O)CN1CCC(n2cc(-c3cccc(O)c3)c3c(N)ncnc32)C1,400.0,1,1
CHEMBL355891,COC(=O)CN1CCC(n2cc(-c3cccc(OC)c3)c3c(N)ncnc32)C1,830.0,1,1
CHEMBL168661,COc1cccc(-c2cn(C3CCN(CCN(C)CCO)CC3)c3ncnc(N)c23)c1,295.0,1,1
CHEMBL355019,COC(=O)CN1CCC(n2cc(-c3cccc(O)c3)c3c(N)ncnc32)C1,740.0,1,1
CHEMBL172514,COCCNCCN1CCC(n2cc(-c3cccc(OC)c3)c3c(N)ncnc32)CC1,310.0,1,1
CHEMBL354033,Nc1ncnc2c1c(-c1ccc(O)cc1)cn2C1CCNC1,2670.0,0,1
CHEMBL355322,COc1cccc(-c2cn(C3CCN(CC(N)=O)C3)c3ncnc(N)c23)c1,440.0,1,1
CHEMBL169519,COc1cccc(-c2cn(C3CCNC3)c3ncnc(N)c23)c1,1120.0,0,1
CHEMBL263528,NC(=O)CN1CCC(n2cc(-c3cccc(O)c3)c3c(N)ncnc32)CC1,170.0,1,1
CHEMBL274732,COCCN(C)CCN1CCC(n2cc(-c3cccc(OC)c3)c3c(N)ncnc32)CC1,930.0,1,1
CHEMBL171545,Nc1ncnc2c1c(-c1cccc(O)c1)cn2C1CCNC1,1530.0,0,1
CHEMBL169064,COc1cccc(-c2cn(C3CCN(CC(N)=O)CC3)c3ncnc(N)c23)c1,350.0,1,1
CHEMBL168921,CC(C)(C)OC(=O)N1CCC(n2cc(-c3cccc(O)c3)c3c(N)ncnc32)C1,2200.0,0,1
CHEMBL169065,COC(=O)CN1CCC(n2cc(-c3cccc(OC)c3)c3c(N)ncnc32)CC1,1470.0,0,1
CHEMBL10,C[S+]([O-])c1ccc(-c2nc(-c3ccc(F)cc3)c(-c3ccncc3)[nH]2)cc1,53000.0,0,2
CHEMBL353823,CC(C)(C)OC(=O)N1CCC(n2cc(-c3ccccc3)c3c(N)ncnc32)C1,8300.0,0,1
CHEMBL168656,COc1cccc(-c2cn(C3CCN(C(=O)OC(C)(C)C)C3)c3ncnc(N)c23)c1,2100.0,0,1
CHEMBL113185,COc1cc(Nc2nccc(-c3ccc(NCCN)nc3)n2)cc(OC)c1OC,5100.0,0,1
CHEMBL543661,COc1cc(Nc2ncnc3cc(OC)c(OC)cc23)cc(OC)c1.Cl,3000.0,0,1
CHEMBL545541,COc1cc2ncnc(NCc3ccccc3)c2cc1OC.Cl,4.0,1,1
CHEMBL541586,COc1cc2ncnc(Nc3cccc(F)c3)c2cc1OC.Cl,28.45,1,2
CHEMBL540068,COc1cc2ncnc(Nc3cccc(Cl)c3)c2cc1OC.Cl,15.63,1,2
CHEMBL135853,COc1cc2ncnc(Oc3cccc(Cl)c3)c2cc1OC,20.0,1,1
CHEMBL544833,COc1ccc(Nc2ncnc3cc(OC)c(OC)cc23)cc1OC.Cl,350.0,1,1
CHEMBL555201,COc1cc2ncnc(Nc3ccc(O)cc3)c2cc1OC.Cl,100.0,1,1
CHEMBL542484,COc1cc2ncnc(Nc3ccccc3)c2cc1OC.Cl,50.0,1,1
CHEMBL322066,COc1cc(Nc2nccc(-c3ccc(N4CCNCC4)nc3)n2)cc(OC)c1OC,1704.0,0,1
CHEMBL56983,CCN(CC)CCCCNc1ncc2cc(-c3c(Cl)cccc3Cl)c(NC(=O)Nc3ccccc3)nc2n1,1000.0,1,1
CHEMBL543669,COc1cc2ncnc(N(C)c3ccccc3)c2cc1OC.Cl,4000.0,0,1
CHEMBL135902,COc1cc2ncnc(Sc3cccc(Cl)c3)c2cc1OC,10.0,1,1
CHEMBL543904,COc1cc2ncnc(Nc3cc(OC)c(OC)c(OC)c3)c2cc1OC.Cl,500.0,1,1
CHEMBL555797,COc1cc2ncnc(Nc3ccc4c(c3)CCC4)c2cc1OC.Cl,600.0,1,1
CHEMBL542729,COc1ccc2ncnc(Nc3cc(OC)c(OC)c(OC)c3)c2c1.Cl,100.0,1,1
CHEMBL555321,Cl.Clc1cccc(Nc2ncnc3ccccc23)c1,50.0,1,1
CHEMBL542733,COc1ccc(Nc2ncnc3cc(OC)c(OC)cc23)cc1.Cl,250.0,1,1
CHEMBL131577,Cc1cccc(Cl)c1NC(=O)c1cnc(NC(=O)C2CC2)s1,10000.0,0,1
CHEMBL48614,CN1CCC(c2c(O)cc(O)c3c2O/C(=C\c2ccccc2Cl)C3=O)CC1,1680.0,0,1
CHEMBL418203,CN1CCC(c2c(O)cc(O)c3c(=O)cc(-c4ccccc4Cl)oc23)[C@@H](O)C1,4600.0,0,1
CHEMBL150177,Cc1[nH]c(/C=C2\C(=O)Nc3ccc(S(N)(=O)=O)cc32)c(C)c1CCC(=O)O,84800.0,0,1
CHEMBL56505,COc1cc2ncnc(Nc3ccc(F)c(Cl)c3)c2cc1OCCN(CCO)CCO,35.0,1,1
CHEMBL56802,COc1cc2ncnc(Nc3cccc(C)c3)c2cc1OC,5.0,1,3
CHEMBL57990,COc1cc2ncnc(Nc3ccc(F)c(Cl)c3)c2cc1OCCCN(C)C,49.0,1,1
CHEMBL55794,COc1cc2ncnc(Nc3ccc(F)c(Cl)c3)c2cc1OCCNC(C)C,310.0,1,1
CHEMBL294395,COCCN(CCOC)CCOc1cc2c(Nc3ccc(F)c(Cl)c3)ncnc2cc1OC,61.0,1,1
CHEMBL7699,O=c1c(-c2cccc(Cl)c2)coc2cc(O)ccc12,58800.0,0,1
CHEMBL301018,COc1cc2ncnc(Nc3ccc(F)c(Cl)c3)c2cc1OC,9.0,1,10
CHEMBL112925,Nc1ccc(-c2cc(=O)c3cc(N)ccc3o2)cc1,8700.0,0,1
CHEMBL7917,COc1cc2ncnc(Nc3cccc(Cl)c3)c2cc1OC,3.0,1,7
CHEMBL281467,C=CC(=O)Nc1cnc2ncc(C#N)c(Nc3cccc(Br)c3)c2c1,675.25,1,2
CHEMBL299672,COc1cc2ncnc(Nc3ccc(F)c(Cl)c3)c2cc1OCCCN1CCCC1,71.0,1,1
CHEMBL1788321,COc1cc2ncnc(Nc3ccc(F)c(Cl)c3)c2cc1OC[C@H](O)CN1CCOCC1,67.0,1,1
CHEMBL7827,O=c1c(-c2cccc(Cl)c2)coc2cc(O)cc(O)c12,6047.5,0,2
CHEMBL56936,COc1cc2ncnc(Nc3ccc(F)c(Cl)c3)c2cc1OCCNCCN(C)C,2.0,1,1
CHEMBL60826,COc1cc2ncnc(Nc3ccc(F)c(Cl)c3)c2cc1OCC(O)Cn1ccnc1,8.0,1,1
CHEMBL440453,COc1cc(O)c2c(O)c(-c3cccc(Cl)c3)cnc2c1,40.0,1,3
CHEMBL31876,CC#CC(=O)Nc1ccc2ncc(C#N)c(Nc3ccc(F)c(Cl)c3)c2c1,679.0,1,2
CHEMBL14699,COc1cc2ncnc(Nc3ccc(F)c(Cl)c3)c2cc1OCCN1CCOCC1,10.0,1,1
CHEMBL56912,COCCNCCOc1cc2c(Nc3ccc(F)c(Cl)c3)ncnc2cc1OC,8.0,1,1
CHEMBL55425,CCN(CC)CCCOc1cc2c(Nc3ccc(F)c(Cl)c3)ncnc2cc1OC,57.0,1,1
CHEMBL7810,COc1cc(O)c2c(=O)c(-c3cccc(Cl)c3)cn(CCc3ccccc3)c2c1,2750.0,0,2
CHEMBL31276,CN(C)C/C=C/C(=O)Nc1cc2c(Nc3cccc(Br)c3)c(C#N)cnc2cn1,5.25,1,2
CHEMBL56027,COc1cc2ncnc(Nc3ccc(F)c(Cl)c3)c2cc1OCCNC(C)(CO)CO,69.0,1,1
CHEMBL294034,COc1cc2ncnc(Nc3ccc(F)c(Cl)c3)c2cc1OCCn1ccnc1,63.1,1,2
CHEMBL7981,COc1cc(OC)c2c(=O)c(-c3cccc(Cl)c3)coc2c1,500000.0,0,1
CHEMBL7866,COC(=O)Cn1cc(-c2cccc(Cl)c2)c(=O)c2c(O)cc(OC)cc21,6282.0,0,2
CHEMBL31745,CC#CC(=O)Nc1cnc2ncc(C#N)c(Nc3cccc(Br)c3)c2c1,6266.2,0,1
CHEMBL293090,CNCCOc1cc2c(Nc3ccc(F)c(Cl)c3)ncnc2cc1OC,8.0,1,1
CHEMBL56142,COc1cc2ncnc(Nc3ccc(F)c(Cl)c3)c2cc1OCCN1CCCCC1,98.0,1,1
CHEMBL287022,CC#CC(=O)Nc1cnc2ncc(C#N)c(Nc3ccc(F)c(Cl)c3)c2c1,5278.6,0,2
CHEMBL293064,CCN(CC)CCOc1cc2c(Nc3ccc(F)c(Cl)c3)ncnc2cc1OC,93.0,1,1
CHEMBL56502,COc1cc2ncnc(Nc3ccc(F)c(Cl)c3)c2cc1OCC(O)CN,6.0,1,1
CHEMBL432416,Nc1ccc(-c2cc(=O)c3cc(N)c(O)cc3o2)cc1,14100.0,0,1
CHEMBL7819,COc1cc(O)c2c(=O)c(-c3cccc(Cl)c3)cn(C)c2c1,1585.0,0,2
CHEMBL291514,COc1cc2ncnc(Nc3ccc(F)c(Cl)c3)c2cc1OCCCN1CCCCC1,79.0,1,1
CHEMBL441518,CN(C)C/C=C/C(=O)Nc1cnc2ncc(C#N)c(Nc3cccc(Br)c3)c2c1,3086.1000000000004,0,2
CHEMBL1744086,COc1cc2ncnc(Nc3ccc(F)c(Cl)c3)c2cc1OC[C@@H](O)CN1CCOCC1,95.0,1,1
CHEMBL325949,Nc1cccc(-c2cc(=O)c3c(N)c(O)c(N)cc3o2)c1,7800.0,0,1
CHEMBL7339,COc1cc(O)c2c(=O)c(-c3cccc(Cl)c3)coc2c1,1270.0,0,1
CHEMBL57759,COc1cc2ncnc(Nc3ccc(F)c(Cl)c3)c2cc1OCCN(C)C,7.0,1,1
CHEMBL300791,COc1cc2ncnc(Nc3ccc(F)c(Cl)c3)c2cc1OCCN1CCN(C)CC1,10.0,1,1
CHEMBL57892,COc1cc2ncnc(Nc3ccc(F)c(Cl)c3)c2cc1OCCNC(C)(C)C,100.0,1,1
CHEMBL57758,COc1cc2ncnc(Nc3ccc(F)c(Cl)c3)c2cc1OCCN1CCCC1,87.0,1,1
CHEMBL56266,CNCC(O)COc1cc2c(Nc3ccc(F)c(Cl)c3)ncnc2cc1OC,5.0,1,1
CHEMBL266995,Oc1cc(O)c2c(O)c(-c3cccc(Cl)c3)cnc2c1,8.0,1,3
CHEMBL299893,COc1cc2ncnc(Nc3ccc(F)c(Cl)c3)c2cc1OCC(O)CN(CCO)CCO,5.0,1,1
CHEMBL347668,O=C(CCc1c(SSc2[nH]c3ccccc3c2CCC(=O)NCc2ccc(C(=O)O)c(O)c2)[nH]c2ccccc12)NCc1ccc(C(=O)O)c(O)c1,8500.0,0,1
CHEMBL541307,CN(C)CC(CNNC(N)=O)C(=O)c1ccc(OCc2ccccc2)cc1.Cl,3900.0,0,1
CHEMBL348146,CC(=O)OC(Cc1c(SSc2[nH]c3ccccc3c2CC(OC(C)=O)C(=O)NCc2ccccc2)[nH]c2ccccc12)C(=O)NCc1ccccc1,28000.0,0,1
CHEMBL79704,O=C(O)CCc1c(SSc2[nH]c3ccccc3c2CCC(=O)O)[nH]c2ccccc12,4500.0,0,2
CHEMBL538757,COC(=O)c1ccccc1SCC(CN(C)C)C(=O)c1ccc(OCc2ccccc2)cc1.Cl,8800.0,0,1
CHEMBL422531,CN(C)C(=O)CCc1c(SSc2[nH]c3ccccc3c2CCC(=O)N(C)C)[nH]c2ccccc12,12000.0,0,1
CHEMBL538507,Cc1ccc(SCC(CN(C)C)C(=O)c2ccc(OCc3ccccc3)cc2)cc1C.Cl,2100.0,0,1
CHEMBL154969,CONC(=O)CCc1c(SSc2[nH]c3ccccc3c2CCC(=O)NOC)[nH]c2ccccc12,68000.0,0,1
CHEMBL552859,C=C(CN(C)C)C(=O)c1ccc(OCc2ccccc2)cc1.Cl,180.0,1,1
CHEMBL414013,COc1cc2c(cc1OC)Nc1ncnc(O)c1C2,75000.0,0,1
CHEMBL544074,C=C(CN1CCCCC1)C(=O)c1ccc(OCc2ccccc2)cc1.Cl,1100.0,0,1
CHEMBL154260,O=C(CCc1c(SSc2[nH]c3ccccc3c2CCC(=O)NCCc2ccccc2)[nH]c2ccccc12)NCCc1ccccc1,24000.0,0,1
CHEMBL346716,CC(=O)NC(Cc1c(SSc2[nH]c3ccccc3c2CC(NC(C)=O)C(=O)NCc2ccccc2)[nH]c2ccccc12)C(=O)NCc1ccccc1,51000.0,0,1
CHEMBL545006,Cl.O=C(CCN1CCCCC1)c1ccc(OCc2ccccc2)cc1,1800.0,0,1
CHEMBL542891,CCOC(=O)C1CCN(CCC(=O)c2ccc(OCc3ccccc3)cc2)CC1.Cl,300.0,1,1
CHEMBL544538,C=C(CN1CCNCC1)C(=O)c1ccc(OCc2ccccc2)cc1.Cl,1500.0,0,1
CHEMBL348116,N#CCc1c(SSc2[nH]c3ccccc3c2CC#N)[nH]c2ccccc12,32000.0,0,1
CHEMBL80030,C=C(CN(C)C)C(=O)c1ccc(OS(=O)(=O)c2ccc(C(=O)O)cc2)cc1,230.0,1,1
CHEMBL157952,O=C(NCc1ccccc1)C(O)Cc1c(SSc2[nH]c3ccccc3c2CC(O)C(=O)NCc2ccccc2)[nH]c2ccccc12,14000.0,0,1
CHEMBL156555,O=C(CCCc1c(SSc2[nH]c3ccccc3c2CCCC(=O)NCc2ccccc2)[nH]c2ccccc12)NCc1ccccc1,100000.0,0,1
CHEMBL543361,CN(C)CC(CSCCN)C(=O)c1ccc(OCc2ccccc2)cc1.Cl,8800.0,0,1
CHEMBL155607,NC(=O)CCC1C(S)=Nc2ccccc21,22000.0,0,1
CHEMBL543600,CC(CN(C)C)C(=O)c1ccc(OS(=O)(=O)c2ccc(C(=O)O)cc2)cc1.Cl,100000.0,0,1
CHEMBL155389,O=C(CC1C(S)=Nc2ccccc21)NCc1ccccc1,100000.0,0,1
CHEMBL345203,CNC(=O)CCc1c(SSc2[nH]c3ccccc3c2CCC(=O)NC)[nH]c2ccccc12,9400.0,0,1
CHEMBL78249,N#CC(Cc1ccc(O)c(O)c1)C(=N)S,70000.0,0,1
CHEMBL544770,CN(C)CCC(=O)c1ccc(OCc2ccccc2)cc1.Cl,1500.0,0,1
CHEMBL435831,O=C(Cc1c(SSc2[nH]c3ccccc3c2CC(=O)NCc2ccccc2)[nH]c2ccccc12)NCc1ccccc1,38000.0,0,1
CHEMBL542893,Cl.O=C(CCN1CCOCC1)c1ccc(OCc2ccccc2)cc1,1500.0,0,1
CHEMBL540292,CN(C)CC(CSc1ccccc1)C(=O)c1ccc(OCc2ccccc2)cc1.Cl,7300.0,0,1
CHEMBL154080,COC(=O)c1ccc(CNC(=O)CCc2c(SSc3[nH]c4ccccc4c3CCC(=O)NCc3ccc(C(=O)OC)cc3)[nH]c3ccccc23)cc1,44000.0,0,1
CHEMBL155293,O=C(CCc1c(SSc2[nH]c3ccccc3c2CCC(=O)NCc2ccc(C(=O)O)cc2)[nH]c2ccccc12)NCc1ccc(C(=O)O)cc1,7400.0,0,1
CHEMBL544067,C=C(CN1CCOCC1)C(=O)c1ccc(OCc2ccccc2)cc1.Cl,1100.0,0,1
CHEMBL468975,C=C(CN(C)C)C(=O)c1ccccc1.Cl,5600.0,0,1
CHEMBL158119,O=[N+]([O-])CCc1c(SSc2[nH]c3ccccc3c2CC[N+](=O)[O-])[nH]c2ccccc12,89000.0,0,1
CHEMBL156797,O=C(CCc1c(SSc2[nH]c3ccccc3c2CCC(=O)Nc2ccccc2)[nH]c2ccccc12)Nc1ccccc1,12925.0,0,2
CHEMBL542887,C=C(CN(C)C)C(=O)c1ccc(OCc2ccccc2)c(O)c1.Cl,670.0,1,1
CHEMBL552634,C=C(CN(C)C)C(=O)c1ccc(OS(=O)(=O)c2ccc(C(=O)N(C)C)cc2)cc1.Cl,700.0,1,1
CHEMBL154911,O=C(CCC1C(S)=Nc2ccccc21)NCc1ccccc1,100000.0,0,1
CHEMBL157304,N#CCCc1c(SSc2[nH]c3ccccc3c2CCC#N)[nH]c2ccccc12,47000.0,0,1
CHEMBL157021,NC(=O)CCc1c(SSc2[nH]c3ccccc3c2CCC(N)=O)[nH]c2ccccc12,16000.0,0,1
CHEMBL552860,CN(C)CCC(=O)c1ccc(OCc2ccccc2)c(O)c1.Cl,360.0,1,1
CHEMBL79808,COC(=O)CCc1c(SSc2[nH]c3ccccc3c2CCC(=O)OC)[nH]c2ccccc12,21000.0,0,1
CHEMBL310580,C=C(CN(C)C)C(=O)c1ccc(OS(=O)(=O)c2ccc(C(=O)O)c(O)c2)cc1,470.0,1,1
CHEMBL154822,COC(=O)c1ccc(CNC(=O)CCc2c(SSc3[nH]c4ccccc4c3CCC(=O)NCc3ccc(C(=O)OC)c(O)c3)[nH]c3ccccc23)cc1O,100000.0,0,1
CHEMBL6976,COc1cc2c(cc1OC)Nc1ncn(C)c(=O)c1C2,160000.0,0,1
CHEMBL144791,N#C/C(=C\c1cc(O)c(O)c(Br)c1)S(=O)(=O)/C(C#N)=C/c1cc(O)c(O)c(Br)c1,1125.0,0,2
CHEMBL279138,N#C/C(=C\c1ccc(O)c(O)c1)C(=O)NCCCCCCCCNC(=O)/C(C#N)=C/c1ccc(O)c(O)c1,11600.0,0,2
CHEMBL67535,N#C/C(=C\c1ccc(O)c(O)c1)C(=O)NCCCNC(=O)/C(C#N)=C/c1ccc(O)c(O)c1,1850.0,0,2
CHEMBL59150,N#CC(C#N)=C(N)/C(C#N)=C/c1ccc2[nH]ccc2c1,820000.0,0,2
CHEMBL144770,N#C/C(=C\c1cc(O)c(O)c(Br)c1)C(=O)NCCCNC(=O)/C(C#N)=C/c1cc(O)c(O)c(Br)c1,2120.0,0,2
CHEMBL144159,N#C/C(=C\c1ccc(O)c(O)c1)C(=O)NCc1cccc(CNC(=O)/C(C#N)=C/c2ccc(O)c(O)c2)c1,5950.0,0,2
CHEMBL144760,N#C/C(=C\c1ccc(O)c(O)c1)C(=O)NCCCCCCNC(=O)/C(C#N)=C/c1ccc(O)c(O)c1,5850.0,0,2
CHEMBL30432,CN(C)c1cc2c(Nc3ccc4c(cnn4Cc4ccccc4)c3)ncnc2cn1,4.0,1,2
CHEMBL87084,Oc1cc2cc(-c3ccncc3)cnc2cc1O,5000.0,0,1
CHEMBL144589,N#C/C(=C\c1ccc(O)c(O)c1)C(=O)NCCCCNC(=O)/C(C#N)=C/c1ccc(O)c(O)c1,2450.0,0,2
CHEMBL424302,N#C/C(=C\c1ccc(O)c(O)c1)C(=O)NCCCCCCCCCCNC(=O)/C(C#N)=C/c1ccc(O)c(O)c1,1300.0,0,1
CHEMBL356324,N#C/C(=C\c1ccc(O)c(O)c1)S(=O)(=O)/C(C#N)=C/c1ccc(O)c(O)c1,6190.0,0,2
CHEMBL358494,N#C/C(=C\c1ccc(O)c(O)c1)C(=O)N1CCN(C(=O)/C(C#N)=C/c2ccc(O)c(O)c2)CC1,14500.0,0,2
CHEMBL145266,COc1cc(/C=C(\C#N)C(=O)NCCCCNC(=O)/C(C#N)=C/c2cc(OC)c(O)c([N+](=O)[O-])c2)cc([N+](=O)[O-])c1O,65500.0,0,2
CHEMBL357400,COc1cc(/C=C(\C#N)C(=O)NCCCCNC(=O)/C(C#N)=C/c2cc(Br)c(O)c(OC)c2)cc(Br)c1O,102000.0,0,1
CHEMBL358746,N#C/C(=C\c1cc(O)c(O)c(O)c1)C(=O)NCCCCNC(=O)/C(C#N)=C/c1cc(O)c(O)c(O)c1,10800.0,0,2
CHEMBL144778,N#C/C(=C\c1ccc(O)c(O)c1)C(=O)NC1CCCC[C@@H]1NC(=O)/C(C#N)=C/c1ccc(O)c(O)c1,7800.0,0,2
CHEMBL144908,N#C/C(=C\c1ccc(O)c(O)c1)C(=O)NCCNC(=O)/C(C#N)=C/c1ccc(O)c(O)c1,56750.0,0,2
CHEMBL342792,COc1cc(/C=C(\C#N)S(=O)(=O)/C(C#N)=C/c2cc(O)c(O)c(OC)c2)cc(O)c1O,940.0,1,1
CHEMBL144842,N#C/C(=C\c1ccc(O)c(O)c1)C(=O)NCCCCCNC(=O)/C(C#N)=C/c1ccc(O)c(O)c1,10350.0,0,2
CHEMBL343887,N#C/C(=C\c1ccc(O)c(O)c1)C(=O)NCCN1CCN(C(=O)/C(C#N)=C/c2ccc(O)c(O)c2)CC1,6100.0,0,2
CHEMBL357161,N#C/C(=C\c1ccc(O)c(O)c1)C(=O)NCC1CCCC(CNC(=O)/C(C#N)=C/c2ccc(O)c(O)c2)C1,1800.0,0,1
CHEMBL76432,c1ccc(-c2cc3ncnc(Nc4ccc5[nH]ccc5c4)c3s2)cc1,3.0,1,3
CHEMBL312818,c1ccc(CCCN(c2cc3ncnc(Nc4ccc5[nH]ccc5c4)c3s2)n2ccnc2)cc1,3.0,1,2
CHEMBL311111,Cc1cc2cc(Nc3ccnc4cc(-c5ccc(CN6CCOCC6)cc5)sc34)ccc2[nH]1,1250.0,0,1
CHEMBL80540,c1cc(Nc2ccc3[nH]ccc3c2)c2sc(-c3ccc(CNCCN4CCNCC4)cc3)cc2n1,3.0,1,1
CHEMBL312753,OCc1ccc(-c2cc3ncnc(Nc4ccc5[nH]ccc5c4)c3s2)cc1,1.0,1,1
CHEMBL80809,CC(=O)NCCNCc1ccc(-c2cc3ncnc(Nc4ccc5[nH]ccc5c4)c3s2)cc1,5.0,1,1
CHEMBL310740,OCCNCc1ccc(-c2cc3nccc(Nc4ccc5[nH]ccc5c4)c3s2)cc1,2.0,1,1
CHEMBL308498,CC(C)(CO)NCc1ccc(-c2cc3ncnc(Nc4ccc5[nH]ccc5c4)c3s2)cc1,4.5,1,2
CHEMBL78018,NCc1ccc(-c2cc3ncnc(Nc4ccc5[nH]ccc5c4)c3s2)cc1,4.0,1,1
CHEMBL327725,CC(O)C(/N=C1/C=C(O)/C(=N\C(C(=O)O)C(C)O)C=C1O)C(=O)O,44000.0,0,1
CHEMBL421326,OCCOCCNCc1ccc(-c2cc3nccc(Nc4ccc5[nH]ccc5c4)c3s2)cc1,4.0,1,1
CHEMBL79060,Cc1cc2cc(Nc3ccnc4cc(-c5ccc(CNCCN6CCNCC6)cc5)sc34)ccc2[nH]1,250.0,1,1
CHEMBL79206,CN(CCO)Cc1ccc(-c2cc3nccc(Nc4ccc5[nH]ccc5c4)c3s2)cc1,3.0,1,1
CHEMBL76751,c1csc(-c2cc3ncnc(Nc4ccc5[nH]ccc5c4)c3s2)c1,20.0,1,2
CHEMBL311109,NC(=O)C1CCN(Cc2ccc(-c3cc4ncnc(Nc5ccc6[nH]ccc6c5)c4s3)cc2)CC1,7.0,1,1
CHEMBL47660,N#C/C(=C\c1cc(O)ccc1O)C(N)=O,10000.0,0,1
CHEMBL312482,c1cc(Nc2ccc3[nH]ccc3c2)c2sc(-c3ccc(CN4CCOCC4)cc3)cc2n1,30.0,1,1
CHEMBL79215,c1ccc(NCCN(c2cc3ncnc(Nc4ccc5[nH]ccc5c4)c3s2)n2cccc2)cc1,1.0,1,1
CHEMBL431977,NC(=O)C1CCN(Cc2ccc(-c3cc4nccc(Nc5ccc6[nH]ccc6c5)c4s3)cc2)CC1,1.0,1,1
CHEMBL81712,O=C(c1ccccc1)c1cc2ncnc(Nc3ccc4[nH]ccc4c3)c2s1,9.0,1,1
CHEMBL310853,c1csc(-c2cc3nccc(Nc4ccc5[nH]ccc5c4)c3s2)c1,1.0,1,1
CHEMBL80302,Cc1cc2cc(Nc3ncnc4cc(-c5ccccc5)sc34)ccc2[nH]1,100.0,1,2
CHEMBL310827,Cc1c[nH]c2ccc(Nc3ncnc4cc(-c5ccccc5)sc34)cc12,5.0,1,1
CHEMBL81375,Cc1cc2cc(Nc3ccnc4cc(-c5ccc(CN(C)CCO)cc5)sc34)ccc2[nH]1,140.0,1,1
CHEMBL77342,Cc1cc2cc(Nc3ccnc4cc(-c5ccc(CNCCOCCO)cc5)sc34)ccc2[nH]1,657.0,1,1
CHEMBL77782,CN(C)CCc1ccc(-c2cc3ncnc(Nc4ccc5[nH]ccc5c4)c3s2)cc1,5.0,1,1
CHEMBL78700,Cc1cc2cc(Nc3ccnc4cc(-c5ccc(CNCCCO)cc5)sc34)ccc2[nH]1,500.0,1,1
CHEMBL306732,CN(C)c1ccc(Nc2ncnc3cc(-c4ccccc4)sc23)cc1,94.0,1,1
CHEMBL418909,CC(=O)NCCNCc1ccc(-c2cc3nccc(Nc4ccc5[nH]ccc5c4)c3s2)cc1,2.0,1,1
CHEMBL78685,c1ccc(-c2cc3ncnc(Nc4ccc5[nH]ncc5c4)c3s2)cc1,1600.0,0,1
CHEMBL77452,OCCCNCc1ccc(-c2cc3nccc(Nc4ccc5[nH]ccc5c4)c3s2)cc1,9.0,1,1
CHEMBL46946,O=CN/C=C/c1ccc(O)c(O)c1,7000.0,0,1
CHEMBL442749,c1nc(Nc2ccc3[nH]ccc3c2)c2sccc2n1,600.0,1,1
CHEMBL80164,Cc1cc2cc(Nc3ccnc4cc(-c5ccc(CNCCO)cc5)sc34)ccc2[nH]1,1000.0,1,1
CHEMBL174634,Cc1ccccc1-c1cn(-c2ccccc2)c2ncnc(N)c12,2650.0,0,1
CHEMBL429057,Nc1ncnc2c1c(-c1ccccc1)cn2-c1ccccc1CO,1100.0,0,1
CHEMBL176702,Nc1ncnc2c1c(-c1ccccc1)cn2-c1cccc(CNCCO)c1,3400.0,0,1
CHEMBL161956,CN(CCO)c1cc2c(Nc3cccc(Br)c3)ncnc2cn1,0.22,1,1
CHEMBL367442,Nc1ncnc2c1c(-c1ccccc1)cn2-c1ccc(CO)cc1,700.0,1,1
CHEMBL351629,CN(CC(=O)O)c1cc2c(Nc3cccc(Br)c3)ncnc2cn1,0.44,1,1
CHEMBL165731,Cc1cccc(Nc2ncnc3cnc(NCCN4CCOCC4)cc23)c1,1.5,1,1
CHEMBL53711,CN(C)c1cc2c(Nc3cccc(Br)c3)ncnc2cn1,0.006,1,3
CHEMBL165228,Cc1nc(Nc2cccc(Br)c2)c2cc(NCCN3CCOCC3)ncc2n1,117.0,1,1
CHEMBL176705,COc1ccc(-c2cn(-c3ccccc3)c3ncnc(N)c23)cc1,350.0,1,1
CHEMBL176470,Nc1ncnc2c1c(-c1ccccc1)cn2-c1ccccc1CNCCO,6400.0,0,1
CHEMBL166255,CN(CCO)CCNc1cc2c(Nc3cccc(Br)c3)ncnc2cn1,1.7,1,1
CHEMBL165630,OCCN(CCO)CCNc1cc2c(Nc3cccc(Br)c3)ncnc2cn1,0.93,1,1
CHEMBL176309,Nc1ncnc2c1c(-c1cccc(Cl)c1)cn2-c1ccccc1,700.0,1,1
CHEMBL165495,Cc1cccc(Nc2ncnc3cnc(N)cc23)c1,3.1,1,1
CHEMBL163369,OCCN(CCO)CCCNc1cc2c(Nc3cccc(Br)c3)ncnc2cn1,0.35,1,1
CHEMBL369014,CCOC(=O)c1ccc(-c2cn(-c3ccccc3)c3ncnc(N)c23)cc1,1300.0,0,1
CHEMBL13629,CCN(CC)CCNC(=O)c1c(C)[nH]c(/C=C2\C(=O)Nc3ccc(Br)cc32)c1C,10000.0,0,1
CHEMBL166307,CN1CCN(NCCCNc2cc3c(Nc4cccc(Br)c4)ncnc3cn2)CC1,3.9,1,1
CHEMBL162223,Brc1cccc(Nc2ncnc3cnc(NCCc4ccccn4)cc23)c1,1.2,1,1
CHEMBL172973,COc1cccc(-c2cn(-c3ccccc3)c3ncnc(N)c23)c1,500.0,1,1
CHEMBL173453,Nc1ncnc2c1c(-c1ccccc1)cn2-c1ccc(CNCCO)cc1,1400.0,0,1
CHEMBL162719,CN1CCN(c2cc3c(Nc4cccc(Br)c4)ncnc3cn2)CC1,6.4,1,1
CHEMBL162821,CNc1cc2c(Nc3cccc(C)c3)ncnc2cn1,0.45,1,1
CHEMBL105436,COc1cccc(-c2cn(-c3ccc(CCN(C)CCO)cc3)c3ncnc(N)c23)c1,5150.0,0,2
CHEMBL162053,CN(C)CCN(C)c1cc2c(Nc3cccc(Br)c3)ncnc2cn1,8.1,1,1
CHEMBL165574,Brc1cccc(Nc2ncnc3cnc(NCCCN4CCOCC4)cc23)c1,1.0,1,1
CHEMBL53940,CNc1cc2c(Nc3ccccc3)ncnc2cn1,9.0,1,2
CHEMBL165788,CNc1cc2c(Nc3cccc(C(F)(F)F)c3)ncnc2cn1,1.1,1,1
CHEMBL166093,OCC(O)CNc1cc2c(Nc3cccc(Br)c3)ncnc2cn1,0.18,1,1
CHEMBL349070,CN(C)CCCCNc1cc2c(Nc3cccc(Br)c3)ncnc2cn1,1.8,1,1
CHEMBL175409,COc1cccc(-c2cn(-c3ccc(CC(=O)NCCO)cc3)c3ncnc(N)c23)c1,800.0,1,1
CHEMBL22978,CN1CCC(O)(c2nc(-c3ccc(F)cc3)c(-c3ccncc3)o2)CC1,797.0,1,1
CHEMBL162142,Brc1cccc(Nc2ncnc3cnc(NCCc4c[nH]cn4)cc23)c1,0.78,1,1
CHEMBL165508,Brc1cccc(Nc2ncnc3cnc(NCc4cccnc4)cc23)c1,1.5,1,1
CHEMBL165547,CN(CC(O)CO)c1cc2c(Nc3cccc(Br)c3)ncnc2cn1,0.56,1,1
CHEMBL165864,OCCNc1cc2c(Nc3cccc(Br)c3)ncnc2cn1,0.19,1,1
CHEMBL161895,Cc1cccc(Nc2ncnc3cnc(NCCc4c[nH]cn4)cc23)c1,1.3,1,1
CHEMBL433520,CCN(CC)CC(O)CNc1cc2c(Nc3cccc(Br)c3)ncnc2cn1,4.6,1,2
CHEMBL176815,COc1cccc(-c2cn(-c3cccc(CO)c3)c3ncnc(N)c23)c1,800.0,1,1
CHEMBL424375,COc1cccc(-c2cn(-c3ccc(CNCCO)cc3)c3ncnc(N)c23)c1,3350.0,0,2
CHEMBL366831,CNc1ncnc2c1c(-c1ccccc1)cn2-c1ccccc1,31000.0,0,1
CHEMBL173478,Nc1ncnc2c1c(-c1ccccc1)cn2-c1cccc(CO)c1,6300.0,0,2
CHEMBL355816,O=C(O)CNc1cc2c(Nc3cccc(Br)c3)ncnc2cn1,0.28,1,1
CHEMBL166154,CNc1cc2c(Nc3cccc(Cl)c3)ncnc2cn1,0.19,1,1
CHEMBL163188,Cc1cccc(Nc2ncnc3cnc(N(C)C)cc23)c1,2.8,1,1
CHEMBL163168,O=C(O)CCNc1cc2c(Nc3cccc(Br)c3)ncnc2cn1,27.0,1,1
CHEMBL169757,Nc1ncnc2c1c(-c1ccccc1)cn2-c1ccccc1,1750.0,0,2
CHEMBL162508,Cc1cccc(Nc2ncnc3cnc(NCCCN4CCOCC4)cc23)c1,1.8,1,1
CHEMBL166358,CN(C)CCCNc1cc2c(Nc3cccc(Br)c3)ncnc2cn1,1.2,1,1
CHEMBL162981,Brc1cccc(Nc2ncnc3cnc(NCCCn4ccnc4)cc23)c1,1.7,1,1
CHEMBL51853,Nc1cc2c(Nc3cccc(Br)c3)ncnc2cn1,0.13,1,3
CHEMBL162034,CN(C)CCNc1cc2c(Nc3cccc(Br)c3)ncnc2cn1,1.1,1,2
CHEMBL162622,Brc1cccc(Nc2ncnc3cnc(NCCN4CCOCC4)cc23)c1,0.675,1,2
CHEMBL119923,COc1cc(/C=C(\C#N)C(N)=O)cc(CSCc2ccc(Cl)cc2)c1O,15400.0,0,2
CHEMBL76958,O=C(O)c1ccc(S(=O)(=O)Oc2ccc(/C=C/[N+](=O)[O-])cc2)cc1,1000.0,1,2
CHEMBL419047,COc1cc(/C=C(\C#N)C(N)=O)cc(CSc2ccc(O)cc2)c1O,2500.0,0,2
CHEMBL333553,N#C/C(=C\c1cc(O)c(O)c(CSc2nc3ccccc3s2)c1)C(N)=O,4850.0,0,2
CHEMBL309075,NCCNC(=O)c1ccc(S(=O)(=O)Oc2ccc(/C=C/[N+](=O)[O-])cc2)cc1,5400.0,0,1
CHEMBL424625,COc1cc(/C=C(\C#N)C(N)=O)cc(CSCCC(=O)O)c1O,125000.0,0,1
CHEMBL116547,COc1cc(/C=C(\C#N)C(=O)c2ccc(O)c(O)c2)cc(CSCc2ccccc2)c1O,2625.0,0,2
CHEMBL477,Nc1ncnc2c1ncn2[C@@H]1O[C@H](CO)[C@@H](O)[C@H]1O,195000.0,0,1
CHEMBL449093,O=C(O)c1ccc(S(=O)(=O)Oc2ccc(/C=C/[N+](=O)[O-])cc2)cc1O,52.0,1,2
CHEMBL78280,CNC(=O)c1ccc(S(=O)(=O)Oc2ccc(/C=C(\C)[N+](=O)[O-])cc2OC)cc1,4000.0,0,2
CHEMBL78224,O=[N+]([O-])/C=C/c1ccc(O)c(O)c1,8900.0,0,2
CHEMBL326044,COc1cc(/C=C(\C#N)C(N)=O)cc(CSCCCC(=O)O)c1O,54000.0,0,2
CHEMBL309016,COc1cc(/C=C/[N+](=O)[O-])ccc1O,7950.0,0,2
CHEMBL77397,COc1cc(/C=C(\C)[N+](=O)[O-])ccc1OS(=O)(=O)c1ccc(C(=O)O)cc1,2750.0,0,2
CHEMBL418906,CC(C)(C)OC(=O)NCCNC(=O)c1ccc(S(=O)(=O)Oc2ccc(/C=C/[N+](=O)[O-])cc2)cc1,1200.0,0,2
CHEMBL78049,C/C(=C\c1ccc(O)c(O)c1)[N+](=O)[O-],9200.0,0,2
CHEMBL309392,C[C@@H](NC(=O)c1ccc(S(=O)(=O)Oc2ccc(/C=C/[N+](=O)[O-])cc2)cc1)C(=O)N[C@H](C)C(=O)NCCN,17000.0,0,1
CHEMBL505705,Nc1ncnc2c1ncn2[C@@H]1O[C@H](COC(=O)c2ccc(S(=O)(=O)Oc3ccc(/C=C/[N+](=O)[O-])cc3)cc2)[C@@H](O)[C@H]1O,600.0,1,2
CHEMBL330879,COc1cc(/C=C(\C#N)C(N)=O)cc(CSc2ccc3ccccc3c2)c1O,4150.0,0,2
CHEMBL76929,COC(=O)c1ccc(S(=O)(=O)Oc2ccc(/C=C/[N+](=O)[O-])cc2)cc1O,1900.0,0,2
CHEMBL311133,C[C@@H](NC(=O)[C@@H](C)NC(=O)c1ccc(S(=O)(=O)Oc2ccc(/C=C/[N+](=O)[O-])cc2)cc1)C(=O)O,7000.0,0,1
CHEMBL418907,COc1cc(/C=C/[N+](=O)[O-])ccc1OS(=O)(=O)c1ccc(C(=O)O)cc1,2900.0,0,2
CHEMBL77401,COC(=O)c1ccc(S(=O)(=O)Oc2ccc(/C=C/[N+](=O)[O-])cc2)cc1,1750.0,0,2
CHEMBL77100,CCCCNC(=O)c1ccc(S(=O)(=O)Oc2ccc(/C=C/[N+](=O)[O-])cc2)cc1,4900.0,0,2
CHEMBL307481,O=[N+]([O-])/C=C/c1ccc(O)cc1,10050.0,0,2
CHEMBL78206,CC(C)(C)NC(=O)c1ccc(S(=O)(=O)Oc2ccc(/C=C/[N+](=O)[O-])cc2)cc1,1300.0,0,1
CHEMBL453502,COc1cc(/C=C/[N+](=O)[O-])ccc1OS(=O)(=O)c1ccc(C(=O)OC[C@H]2O[C@@H](n3cnc4c(N)ncnc43)[C@H](O)[C@@H]2O)cc1,500.0,1,2
CHEMBL120719,COc1cc(C=C(C#N)C#N)cc(CSCC(=O)O)c1O,75000.0,0,2
CHEMBL74432,CNC(=O)c1ccc(S(=O)(=O)Oc2ccc(/C=C/[N+](=O)[O-])cc2)cc1,400.0,1,2
CHEMBL77688,O=C(O)c1ccc(S(=O)(=O)Oc2ccc(/C=C/[N+](=O)[O-])cc2)c(O)c1,305.0,1,2
CHEMBL312451,C[C@@H](NC(=O)c1ccc(S(=O)(=O)Oc2ccc(/C=C/[N+](=O)[O-])cc2)cc1)C(=O)N[C@H](C)C(=O)OC(C)(C)C,40000.0,0,1
CHEMBL286343,C=CC(=O)Nc1cc2c(Nc3cccc(Br)c3)ncnc2cc1OCCCn1ccnc1,12.0,1,2
CHEMBL27685,C=CC(=O)Nc1cc2c(Nc3ccc(F)c(Br)c3)ncnc2cc1OCCCN1CCOCC1,3.25,1,2
CHEMBL31630,C=CC(=O)N(C)c1nc2c(Nc3ccc(F)c(Cl)c3)ncnc2cc1OCCCN1CCOCC1,54.0,1,2
CHEMBL27688,C=CC(=O)Nc1cc2c(Nc3cccc(C)c3)ncnc2cc1OCCCN1CCOCC1,14.25,1,2
CHEMBL31373,C=CC(=O)Nc1ccc2ncnc(Nc3ccc(F)c(Cl)c3)c2c1,1.925,1,4
CHEMBL31816,C=CC(=O)Nc1nc2c(Nc3ccc(F)c(Cl)c3)ncnc2cc1OC,145.975,1,2
CHEMBL417478,C=CC(=O)Nc1nc2c(Nc3ccc(F)c(Cl)c3)ncnc2cc1/C=C/CCN1CCOCC1,59.58,1,2
CHEMBL32844,C=CC(=O)Nc1cc2c(Nc3cccc(Br)c3)ncnc2cc1OCCCN1CCN(C)CC1,2.35,1,2
CHEMBL31588,C=CC(=O)Nc1cc2c(Nc3cccc(Br)c3)ncnc2cc1OCCCCN(C)C,5.9,1,2
CHEMBL31656,C=CC(=O)Nc1nc2c(Nc3ccc(F)c(Cl)c3)ncnc2cc1OCCCN1CCOCC1,217.75,1,2
CHEMBL31419,C=CC(=O)Nc1cc2c(Nc3cccc(Br)c3)ncnc2cc1OCCCN1CCOCC1,4.45,1,2
CHEMBL31326,C=CC(=O)Nc1cc2c(Nc3cccc(Br)c3)ncnc2cc1SCCCN(CC)CC,98.39,1,2
CHEMBL31815,C=CC(=O)Nc1ccc2ncnc(Nc3cccc(C)c3)c2c1,2.56,1,4
CHEMBL280757,C=CC(=O)Nc1ccc2ncnc(Nc3ccc(F)c(Br)c3)c2c1,1.695,1,4
CHEMBL28418,C=CC(=O)Nc1ccc2ncnc(Nc3ccc(F)c(Cl)c3)c2n1,9.375,1,4
CHEMBL281543,C=CC(=O)Nc1nc2c(Nc3ccc(F)c(Cl)c3)ncnc2cc1CCCCN1CCOCC1,2551.35,0,2
CHEMBL284326,C=CC(=O)Nc1nc2c(Nc3ccc(F)c(Cl)c3)ncnc2cc1OCCCN1CCN(C)CC1,135.3,1,2
CHEMBL32079,C=CC(=O)Nc1cc2c(Nc3ccc(F)c(Cl)c3)ncnc2cc1OCCOCCCCO,1.7,1,1
CHEMBL31622,C=CC(=O)Nc1cc2c(Nc3cccc(C)c3)ncnc2cc1OCCCN1CCN(C)CC1,10.0,1,2
CHEMBL31570,C=CC(=O)Nc1nc2c(Nc3ccc(F)c(Cl)c3)ncnc2cc1OCCOC,188.985,1,2
CHEMBL283201,C=CC(=O)Nc1ccc2ncnc(Nc3ccc(CN(C)C)c(Br)c3)c2c1,230.5,1,2
CHEMBL31369,C=CC(=O)Nc1ccc2ncnc(Nc3ccc(OCCN(C)C)c(Br)c3)c2c1,3860.0,0,2
CHEMBL299763,COc1cc(OC)cc(-c2cc3cnc(N)nc3nc2NC(=O)NC(C)(C)C)c1,50000.0,0,2
CHEMBL160566,Cn1c(SSc2c(C#N)c3ccccc3n2C)c(C#N)c2ccccc21,6900.0,0,1
CHEMBL85021,CC(C)c1cc(/C=C2\C(=O)Nc3ccccc32)cc(C(C)C)c1O,7850.0,0,2
CHEMBL329161,O=[N+]([O-])c1ccc2ncnc(Nc3cccc(Br)c3)c2c1,900.0,1,3
CHEMBL333082,Nc1cccc2c(Nc3cccc(Br)c3)ncnc12,105.0,1,1
CHEMBL53690,C=CC(=O)Nc1ccc2ncnc(Nc3cccc(C(F)(F)F)c3)c2c1,2.705,1,2
CHEMBL297968,C=CC(=O)Nc1ccc2c(Nc3cccc(C)c3)ncnc2c1,45.8,1,2
CHEMBL126192,CCOc1cc2ncnc(Nc3cccc(-c4nccs4)c3)c2cc1OCC,2.0,1,1
CHEMBL157807,Cn1c(SSc2c(C(N)=O)c3ccccc3n2C)c(C(N)=O)c2ccccc21,4700.0,0,1
CHEMBL328216,Nc1cc2ncnc(Nc3cccc(Br)c3)c2cc1N,0.12,1,6
CHEMBL93032,Oc1cc2ncnc(Nc3cccc(Br)c3)c2cc1O,0.17,1,4
CHEMBL126483,CCOc1cc2nc(CC)nc(Nc3cccc(-c4csc(C)n4)c3)c2cc1OCC,9300.0,0,1
CHEMBL345641,O=C(Nc1ccccc1)c1c(SSc2[nH]c3ccccc3c2C(=O)Nc2ccccc2)[nH]c2ccccc12,100000.0,0,1
CHEMBL117710,Brc1cccc(Oc2ncnc3ccccc23)c1,756.0,1,1
CHEMBL119033,COc1cccc2ncnc(Nc3cccc(Br)c3)c12,139.0,1,1
CHEMBL116308,O=[N+]([O-])c1cccc2ncnc(Nc3cccc(Br)c3)c12,355.0,1,1
CHEMBL345837,Cn1c(SSc2c(C(=O)Nc3cccc(C(=O)O)c3)c3ccccc3n2C)c(C(=O)Nc2cccc(C(=O)O)c2)c2ccccc21,12000.0,0,1
CHEMBL346770,Cn1c(SSc2c(C(=O)c3ccc(C(=O)O)cc3)c3ccccc3n2C)c(C(=O)c2ccc(C(=O)O)cc2)c2ccccc21,5500.0,0,1
CHEMBL116919,COc1ccc(CNc2ncnc3ccccc23)cc1,10000.0,0,1
CHEMBL340660,CCOc1cc2ncnc(Nc3cccc(-c4csc(N)n4)c3)c2cc1OCC,560.0,1,1
CHEMBL347161,Cn1c(SSc2c(C(=O)Nc3ccc(C(=O)O)cc3)c3ccccc3n2C)c(C(=O)Nc2ccc(C(=O)O)cc2)c2ccccc21,16900.0,0,1
CHEMBL330882,COc1cccc2ncnc(NCc3ccccc3)c12,4900.0,0,1
CHEMBL326596,COc1ccc2c(NCc3ccccc3)ncnc2c1,58.0,1,1
CHEMBL333418,Nc1cccc2ncnc(Nc3cccc(Br)c3)c12,439.0,1,1
CHEMBL347659,COC(=O)c1ccc(CNC(=O)c2c(SSc3c(C(=O)NCc4ccc(C(=O)OC)cc4)c4ccccc4n3C)n(C)c3ccccc23)cc1,13000.0,0,1
CHEMBL441083,Cc1cccc(Nc2ncnc3ccccc23)c1,911.005,1,2
CHEMBL430571,C=CC(=O)Nc1ccc2ncnc(Nc3ccc(OCc4ccccc4)cc3)c2c1,3.9000000000000004,1,2
CHEMBL52913,C=CC(=O)Nc1ccc2c(Nc3cccc(Cl)c3)ncnc2c1,26.625,1,2
CHEMBL158797,Cn1c(SSc2c(C(=O)NCC(O)CO)c3ccccc3n2C)c(C(=O)NCC(O)CO)c2ccccc21,43000.0,0,1
CHEMBL346553,COC(=O)c1ccc(C(=O)c2c(SSc3c(C(=O)c4ccc(C(=O)OC)cc4)c4ccccc4n3C)n(C)c3ccccc23)cc1,6100.0,0,1
CHEMBL92825,Ic1cccc(Nc2ncnc3ccccc23)c1,80.0,1,3
CHEMBL52197,COc1ccc2ncnc(Nc3cccc(Br)c3)c2c1,348.0,1,3
CHEMBL117697,COc1cccc(Nc2ncnc3ccccc23)c1,842.0,1,1
CHEMBL94275,O=[N+]([O-])c1ccc2c(Nc3cccc(Br)c3)ncnc2c1,1000.0,1,3
CHEMBL54091,C=CC(=O)Nc1cc2c(Nc3ccc(F)c(Br)c3)ncnc2cn1,1.4100000000000001,1,2
CHEMBL89723,CC(C)c1cc(/C=C2\C(=O)Nc3ccc(Cl)cc32)cc(C(C)C)c1O,9500.0,0,1
CHEMBL351920,CC(=O)c1c(SSc2c(C(C)=O)c3ccccc3n2C)n(C)c2ccccc12,5600.0,0,1
CHEMBL333851,COc1cc2c(NCc3ccccc3)ncnc2cc1O,588.0,1,1
CHEMBL53665,C=CC(=O)Nc1ccc2ncnc(Nc3ccc(F)c(Br)c3)c2n1,9.6,1,2
CHEMBL126456,CCOc1cc2ncnc(Nc3cccc(-c4csc(C)n4)c3)c2cc1OCC,4800.0,0,1
CHEMBL87746,COc1c(Br)cc(/C=C2\C(=O)Nc3ccccc32)cc1C(C)(C)C,19000.0,0,1
CHEMBL93181,COc1ccc2c(Nc3cccc(Br)c3)ncnc2c1,10.0,1,3
CHEMBL278287,Cc1ccc(N(C)C(=O)c2ccccc2)cc1Nc1nccc(-c2cccnc2)n1,49000.0,0,1
CHEMBL161226,CNC(=O)c1c(SSc2[nH]c3ccccc3c2C(=O)NC)[nH]c2ccccc12,6100.0,0,1
CHEMBL289787,COc1cccc2c(Nc3cccc(Br)c3)ncnc12,974.0,1,1
CHEMBL296168,C=CC(=O)Nc1ccc2ncnc(Nc3cccc(Br)c3)c2n1,3.3499999999999996,1,2
CHEMBL51741,C=CC(=O)Nc1ccc2ncnc(N3CCc4ccc(Br)cc43)c2c1,5.15,1,2
CHEMBL277430,Cc1ccc(N(C(=O)c2ccccc2)C(=O)c2ccccc2)cc1Nc1nccc(-c2cccnc2)n1,75000.0,0,1
CHEMBL325245,COc1cc2ncnc(NCc3ccccc3)c2cc1OC,10.0,1,1
CHEMBL422540,c1ccc(-c2c(SSc3[nH]c4ccccc4c3-c3ccccc3)[nH]c3ccccc23)cc1,100000.0,0,1
CHEMBL435054,Cn1c(SSc2c(C(=O)Nc3ccccn3)c3ccccc3n2C)c(C(=O)Nc2ccccn2)c2ccccc21,47000.0,0,1
CHEMBL345211,Cn1c(SSc2c(C(=O)NCC(=O)O)c3ccccc3n2C)c(C(=O)NCC(=O)O)c2ccccc21,10000.0,0,1
CHEMBL117804,c1ccc(CCNc2ncnc3ccccc23)cc1,4100.0,0,1
CHEMBL324371,CN(c1ccccc1)c1ncnc2ccccc12,100000.0,0,1
CHEMBL340862,CCOc1cc2ncnc(Nc3cccc(-c4cncs4)c3)c2cc1OCC,11.0,1,1
CHEMBL158805,Cn1c(SSc2c(C(=O)NCc3ccc(C(=O)O)cc3)c3ccccc3n2C)c(C(=O)NCc2ccc(C(=O)O)cc2)c2ccccc21,5300.0,0,1
CHEMBL116748,O=[N+]([O-])c1ccc2c(NCc3ccccc3)ncnc2c1,5900.0,0,1
CHEMBL115745,COc1cc2ncnc(NCc3ccccc3)c2cc1O,56.0,1,1
CHEMBL49986,C=CC(=O)Nc1cc2ncnc(Nc3cccc(Br)c3)c2cn1,54.27,1,2
CHEMBL48760,CC(C)c1ccc(/C=C2/C(=O)Nc3ccccc32)cc1,18500.0,0,1
CHEMBL345862,Cn1c(SSc2c(C(=O)Nc3ccccc3C(=O)O)c3ccccc3n2C)c(C(=O)Nc2ccccc2C(=O)O)c2ccccc21,47000.0,0,1
CHEMBL119708,O=[N+]([O-])c1cccc2ncnc(NCc3ccccc3)c12,8000.0,0,1
CHEMBL332938,COc1ccc2ncnc(NCc3ccccc3)c2c1,200.0,1,1
CHEMBL443523,C=CC(=O)Nc1ccc2c(Nc3cccc(Br)c3)ncnc2c1,0.45,1,5
CHEMBL125920,CCOc1cc2ncnc(Nc3cccc(-c4cc[nH]n4)c3)c2cc1OCC,11.0,1,1
CHEMBL89505,CC(C)(C)c1cc(/C=C2\C(=O)Nc3ccccc32)cc(C(C)(C)C)c1O,7900.0,0,1
CHEMBL65250,C#Cc1cc(Nc2ncnc3cc(OC)c(OC)cc23)ccc1F,4.0,1,1
CHEMBL347854,Cc1ccc(S(=O)(=O)c2c(SSc3[nH]c4ccccc4c3S(=O)(=O)c3ccc(C)cc3)[nH]c3ccccc23)cc1,28700.0,0,1
CHEMBL117554,Clc1ccc(CNc2ncnc3ccccc23)cc1,7000.0,0,1
CHEMBL102726,c1ccc(CNc2ncnc3ccccc23)cc1,320.0,1,1
CHEMBL314146,CCc1ccc(/C=C2\C(=O)Nc3ccccc32)s1,44000.0,0,1
CHEMBL54088,C=CC(=O)Nc1cc2c(Nc3cccc(C)c3)ncnc2cn1,4.390000000000001,1,2
CHEMBL86326,COc1ccc(/C=C2\C(=O)Nc3ccc(Cl)cc32)cc1C(C)(C)C,19300.0,0,1
CHEMBL160207,CN(C)C(=O)c1c(SSc2c(C(=O)N(C)C)c3ccccc3n2C)n(C)c2ccccc12,21200.0,0,1
CHEMBL53555,C=CC(=O)Nc1cc2c(Nc3ccc(F)c(Cl)c3)ncnc2cn1,2.035,1,2
CHEMBL53637,C=CC(=O)Nc1ccc2ncnc(Nc3cccc(Cl)c3)c2c1,1.95,1,2
CHEMBL125086,CCOc1cc2ncnc(Nc3cccc(-c4ccco4)c3)c2cc1OCC,3.0,1,1
CHEMBL127223,CCOc1cc2ncnc(Nc3cccc(-c4cscn4)c3)c2cc1OCC,18.0,1,1
CHEMBL348554,CN(C)CCNC(=O)c1c(SSc2c(C(=O)NCCN(C)C)c3ccccc3n2C)n(C)c2ccccc12,17500.0,0,1
CHEMBL127367,CCOc1cc2ncnc(Nc3cccc(-c4nc[nH]n4)c3)c2cc1OCC,390.0,1,1
CHEMBL126974,CCOc1cc2ncnc(Nc3cccc(-c4cncnc4)c3)c2cc1OCC,1100.0,0,1
CHEMBL160935,Cn1c(SSc2c(C(=O)c3ccco3)c3ccccc3n2C)c(C(=O)c2ccco2)c2ccccc21,7700.0,0,1
CHEMBL128027,CCOc1cc2nc(C)nc(Nc3cccc(-c4csc(C)n4)c3)c2cc1OCC,9000.0,0,1
CHEMBL347160,O=C(NCc1ccccc1)c1c(SSc2[nH]c3ccccc3c2C(=O)NCc2ccccc2)[nH]c2ccccc12,15000.0,0,1
CHEMBL53203,C=CC(=O)Nc1ccc2ncnc(Nc3ccc(Oc4ccccc4)cc3)c2c1,5.3,1,2
CHEMBL158275,Cn1c(SSc2c(C(=O)NCc3ccccc3)c3ccccc3n2C)c(C(=O)NCc2ccccc2)c2ccccc21,1700.0,0,1
CHEMBL92824,FC(F)(F)c1cccc(Nc2ncnc3ccccc23)c1,577.0,1,3
CHEMBL126996,CCOc1cc2ncnc(Nc3cccc(-c4cocn4)c3)c2cc1OCC,720.0,1,1
CHEMBL266182,O=C1c2c(c3c4cccc(O)c4n(C4OC(CO)C(O)C(O)C4O)c3c3[nH]c4c(O)cccc4c23)C(=O)N1NCC(O)CO,180000.0,0,1
CHEMBL277667,CNN1C(=O)c2c(c3c4cccc(O)c4n(C4OC(CO)C(O)C(O)C4O)c3c3[nH]c4c(O)cccc4c23)C1=O,100000.0,0,1
CHEMBL19978,O=C(Nc1ccccc1)NN1C(=O)c2c(c3c4cccc(O)c4n(C4OC(CO)C(O)C(O)C4O)c3c3[nH]c4c(O)cccc4c23)C1=O,95000.0,0,1
CHEMBL59099,NCCCNC(=O)c1cccc(Nc2nccc(-c3cccnc3)n2)c1,45000.0,0,1
CHEMBL279035,O=C(O)c1ccc(NN2C(=O)c3c(c4c5cccc(O)c5n(C5OC(CO)C(O)C(O)C5O)c4c4[nH]c5c(O)cccc5c34)C2=O)cc1,90000.0,0,1
CHEMBL21096,CCCNN1C(=O)c2c(c3c4cccc(O)c4n(C4OC(CO)C(O)C(O)C4O)c3c3[nH]c4c(O)cccc4c23)C1=O,59000.0,0,1
CHEMBL279481,O=C1NC(=O)c2c1c1c3cccc(O)c3[nH]c1c1[nH]c3c(O)cccc3c21,29000.0,0,1
CHEMBL21108,O=C1NC(=O)c2c1c1c3cccc(O)c3[nH]c1c1c2c2cccc(O)c2n1C1OC(CO)C(O)C(O)C1O,90000.0,0,1
CHEMBL58436,c1cc(Nc2nccc(-c3cccnc3)n2)cc(OCCn2ccnc2)c1,7100.0,0,1
CHEMBL299707,COc1ccccc1C(=O)Nc1cccc(Nc2nccc(-c3cccnc3)n2)c1,100000.0,0,1
CHEMBL55379,FC(F)C(F)(F)Oc1cccc(Nc2nccc(-c3c[nH]c4ccccc34)n2)c1,1800.0,0,1
CHEMBL293991,NCCCn1ccc2c(-c3ccnc(Nc4cccc(OC(F)(F)C(F)F)c4)n3)cccc21,530.0,1,1
CHEMBL20926,Cc1ccc(NC(=O)c2ccccc2)cc1Nc1nccc(-c2cccnc2)n1,65000.0,0,1
CHEMBL57690,c1ccc(Nc2nccc(-c3cccnc3)n2)cc1,100000.0,0,1
CHEMBL57553,Nc1cccc(Nc2nccc(-c3cccnc3)n2)c1,50000.0,0,1
CHEMBL56081,O=[N+]([O-])c1cccc(Nc2nccc(-c3cccnc3)n2)c1,100000.0,0,1
CHEMBL49350,O=C(NCCc1ccccc1)c1cc2ccc(O)c(O)c2cn1,1400.0,0,1
CHEMBL93173,COc1cc2ncnc(NCc3cccc(C)c3)c2cc1OC,170.0,1,1
CHEMBL90541,COc1cc2ncnc(Nc3nnc4ccccc4n3)c2cc1OC,820.0,1,1
CHEMBL330323,COc1cc2ncnc(Nc3nccc4ccccc34)c2cc1OC,200.0,1,1
CHEMBL422066,COc1cc2ncnc(NNc3ccc(F)c(Cl)c3)c2cc1OC,430.0,1,1
CHEMBL48436,O=C(NCc1ccccc1)c1cc2ccc(O)c(O)c2cn1,1400.0,0,1
CHEMBL50415,O=C(Nc1ccccc1)c1cc2cc(O)c(O)cc2cn1,5600.0,0,1
CHEMBL94019,COc1cc2ncnc(NC3CCc4ccccc43)c2cc1OC,910.0,1,1
CHEMBL93423,COc1cc2ncnc(NC3CC3c3ccccc3)c2cc1O,390.0,1,1
CHEMBL296582,O=C(NCc1ccccc1)c1cc2cc(O)c(O)cc2cn1,3100.0,0,1
CHEMBL48650,O=C(Nc1ccccc1)c1cc2ccc(O)c(O)c2cn1,7700.0,0,1
CHEMBL91428,COc1cc2ncnc(Nc3cc4ccccc4cn3)c2cc1OC,660.0,1,1
CHEMBL330668,COc1cc2ncnc(Nc3cnc4ccccc4n3)c2cc1OC,780.0,1,1
CHEMBL92006,COc1cc2ncnc(/N=N/c3ccc(F)c(Cl)c3)c2cc1OC,730.0,1,1
CHEMBL329867,COc1cc2ncnc(Nc3cncc4ccccc34)c2cc1OC,6.4,1,1
CHEMBL420059,COc1cc2ncnc(NC3CC3c3ccccc3)c2cc1OCCN1CCOCC1,300.0,1,1
CHEMBL538798,CC(C)N(CCC(=O)c1ccc2ccccc2c1)Cc1ccccc1.Cl,2511.89,0,1
CHEMBL419137,COc1cc2ncnc(NC3CC3c3ccccc3)c2cc1OC,10.0,1,1
CHEMBL91484,COc1cc2ncnc(NC3CC3c3ccccc3)c2cc1OCCCN(C)C,27.0,1,1
CHEMBL154580,C=CC(=O)c1ccc2ccccc2c1,10000.0,0,1
CHEMBL328277,COc1cc2ncnc(N3CCc4ccccc43)c2cc1OC,820.0,1,1
CHEMBL90540,COc1cc2ncnc(NC3CC3c3ccccc3)c2cc1OC(C)=O,84.0,1,1
CHEMBL328106,COc1cc2ncnc(Nc3ccc(Br)cc3)c2cc1OC,0.96,1,3
CHEMBL316064,COc1cc2ncnc(Nc3cccc(C(F)(F)F)c3)c2cc1OC,0.2455,1,3
CHEMBL329183,O=[N+]([O-])c1ccc2c(Nc3cccc(F)c3)ncnc2c1,6132.975,0,2
CHEMBL93302,Oc1ccc2c(Nc3cccc(Br)c3)ncnc2c1,4.743,1,2
CHEMBL418967,CCCOc1cc2ncnc(Nc3cccc(Br)c3)c2cc1OCCC,0.1719,1,2
CHEMBL96627,COc1ccc2ncnc(Nc3cccc(Br)c3)c2c1OC,1368.5,0,2
CHEMBL94191,COc1cc2ncnc(Nc3ccccc3)c2cc1OC,115.255,1,4
CHEMBL328879,COc1ccc2ncnc(Nc3ccccc3)c2c1,55.614999999999995,1,2
CHEMBL318736,CCCCOc1cc2ncnc(Nc3cccc(Br)c3)c2cc1OCCCC,105.0,1,1
CHEMBL96780,COc1cc2ncnc(Nc3cccc(Br)c3)c2cc1N,3.801,1,2
CHEMBL90013,CN(C)c1ccc2c(Nc3cccc(Br)c3)ncnc2c1,11.11,1,2
CHEMBL433205,Nc1ccc2c(Nc3cccc(C(F)(F)F)c3)ncnc2c1,3.3055,1,2
CHEMBL328244,Nc1ccc2ncnc(Nc3cccc(C(F)(F)F)c3)c2c1,574.72,1,2
CHEMBL91980,Nc1ccc2c(Nc3cccc(I)c3)ncnc2c1,0.35,1,1
CHEMBL93051,Brc1cccc(Nc2ncnc3cc4c(cc23)OCO4)c1,15.0,1,2
CHEMBL93966,Nc1ccc2c(Nc3cccc(F)c3)ncnc2c1,2.0,1,1
CHEMBL328955,Nc1ccc2c(Nc3cccc(Cl)c3)ncnc2c1,0.25,1,1
CHEMBL93284,O=[N+]([O-])c1ccc2c(Nc3cccc(I)c3)ncnc2c1,544.77,1,2
CHEMBL92174,COc1cc2ncnc(Nc3ccccc3Br)c2cc1OC,128.0,1,1
CHEMBL367625,CCn1cnc2c(Nc3cccc(Cl)c3)nc(N[C@@H]3CCCC[C@@H]3N)nc21,3550.0,0,2
CHEMBL368278,CCn1cnc2c(Nc3cccc(Cl)c3)nc(N[C@H]3CCC[C@@H](N)C3)nc21,5300.0,0,1
CHEMBL93461,CC(=O)Nc1ccc2c(Nc3cccc(Br)c3)ncnc2c1,40.370000000000005,1,2
CHEMBL420254,CCNc1ccc2c(Nc3cccc(Br)c3)ncnc2c1,12.01,1,2
CHEMBL63469,Nc1cc2c(Nc3cccc(Br)c3)ncnc2cc1Cl,6.5535,1,2
CHEMBL89940,Nc1ccc2ncnc(Nc3ccccc3)c2c1,773.125,1,2
CHEMBL52015,CN(C)c1ccc2ncnc(Nc3cccc(Br)c3)c2c1,84.555,1,2
CHEMBL93734,CC(=O)Nc1cc2ncnc(Nc3cccc(Br)c3)c2cc1[N+](=O)[O-],28.0,1,1
CHEMBL92985,Fc1cccc(Nc2ncnc3ccccc23)c1,56.114999999999995,1,2
CHEMBL330224,Nc1ccc2c(Nc3ccccc3)ncnc2c1,100.0,1,2
CHEMBL66409,O=[N+]([O-])c1cc2c(Nc3cccc(Br)c3)ncnc2cc1Cl,25.060000000000002,1,2
CHEMBL447230,COc1cc2ncnc(N(C)c3cccc(Br)c3)c2cc1OC,152.0,1,1
CHEMBL94431,COc1cc2ncnc(Nc3cccc(F)c3)c2cc1OC,3.801,1,2
CHEMBL328295,O=[N+]([O-])c1ccc2ncnc(Nc3ccccc3)c2c1,5000.0,0,1
CHEMBL92936,CNc1cc2ncnc(Nc3cccc(Br)c3)c2cc1[N+](=O)[O-],68.59,1,2
CHEMBL92937,CNc1cc2ncnc(Nc3cccc(Br)c3)c2cc1N,0.6909,1,2
CHEMBL50344,CNc1ccc2ncnc(Nc3cccc(Br)c3)c2c1,4.074,1,3
CHEMBL96489,CN(C)c1cc2ncnc(Nc3cccc(Br)c3)c2cc1N,160.59,1,2
CHEMBL93545,Nc1cc2ncnc(Nc3cccc(Br)c3)c2cc1[N+](=O)[O-],53.0,1,1
CHEMBL93544,CN(C)c1cc2ncnc(Nc3cccc(Br)c3)c2cc1[N+](=O)[O-],2000.0,0,1
CHEMBL93295,COc1cc2nc(N)nc(Nc3cccc(Br)c3)c2cc1OC,463.0,1,1
CHEMBL96065,COc1cc2ncnc(Nc3cccc(I)c3)c2cc1OC,0.8906499999999999,1,2
CHEMBL328691,COC(=O)Nc1ccc2ncnc(Nc3cccc(Br)c3)c2c1,12.01,1,2
CHEMBL92709,COc1cc2ncnc(Nc3cc(Br)cc(Br)c3)c2cc1OC,113.0,1,1
CHEMBL65038,COc1cc2ncnc(Nc3cccc(Br)c3)c2cc1[N+](=O)[O-],15.07,1,2
CHEMBL317925,COc1cc2ncnc(Nc3cccc(Br)c3)c2c(OC)c1OC,0.67,1,1
CHEMBL92398,COc1ccc2c(Nc3ccccc3)ncnc2c1,120.0,1,1
CHEMBL91914,O=[N+]([O-])c1ccc2c(Nc3ccccc3)ncnc2c1,12000.0,0,1
CHEMBL327307,COc1cc2ncnc(Nc3ccc(Br)c(Br)c3)c2cc1OC,0.072,1,1
CHEMBL93635,O=[N+]([O-])c1ccc2c(Nc3cccc(Cl)c3)ncnc2c1,811.415,1,2
CHEMBL93783,CN(C/C=C/C(=O)Nc1ccc2ncnc(Nc3cccc(Br)c3)c2c1)CCO,14.0,1,1
CHEMBL177053,Brc1cccc(Nc2ncnc3cc4ncsc4cc23)c1,44.0,1,1
CHEMBL426580,Cc1nc2cc3c(Nc4cccc(Br)c4)ncnc3cc2[nH]1,0.29,1,1
CHEMBL92902,CN1CCC=C(C(=O)Nc2ccc3ncnc(Nc4cccc(Br)c4)c3c2)C1,115.0,1,1
CHEMBL327838,COCCOCC#CC(=O)Nc1ccc2ncnc(Nc3cccc(Br)c3)c2c1,65.0,1,1
CHEMBL328704,CCN(CC)CC#CC(=O)Nc1ccc2ncnc(Nc3cccc(Br)c3)c2c1,12.0,1,1
CHEMBL319620,O=C(O)c1cc(NCc2cc(O)ccc2O)ccc1O,3450.0,0,2
CHEMBL172652,Brc1cccc(Nc2ncnc3cc4[nH]nnc4cc23)c1,4.1,1,1
CHEMBL94066,C=C(CN1CCOCC1)C(=O)Nc1ccc2ncnc(Nc3cccc(Br)c3)c2c1,107.0,1,1
CHEMBL366580,Brc1cccc(Nc2ncnc3cc4c[nH]nc4cc23)c1,0.34,1,1
CHEMBL329642,C/C=C\C(=O)Nc1ccc2ncnc(Nc3cccc(Br)c3)c2c1,269.0,1,1
CHEMBL92356,CCN1CCN(CC#CC(=O)Nc2ccc3ncnc(Nc4cccc(Br)c4)c3c2)CC1,65.0,1,1
CHEMBL94062,O=C(C#CCO)Nc1ccc2ncnc(Nc3cccc(Br)c3)c2c1,2.0,1,1
CHEMBL123046,Oc1ccc(NCc2cc(O)ccc2O)cc1,41900.0,0,1
CHEMBL93784,COCC1CCCN1CC#CC(=O)Nc1ccc2ncnc(Nc3cccc(Br)c3)c2c1,65.0,1,1
CHEMBL176582,Cn1cnc2cc3ncnc(Nc4cccc(Br)c4)c3cc21,0.01,1,1
CHEMBL93537,O=C(/C=C/CN1CCSCC1)Nc1ccc2ncnc(Nc3cccc(Br)c3)c2c1,203.0,1,1
CHEMBL122785,O=S(=O)(O)c1cc(NCc2cc(O)ccc2O)ccc1O,10300.0,0,1
CHEMBL63786,Brc1cccc(Nc2ncnc3cc4ccccc4cc23)c1,0.003,1,1
CHEMBL94123,O=C(/C=C/N1CCOCC1)Nc1ccc2ncnc(Nc3cccc(Br)c3)c2c1,215.0,1,1
CHEMBL92882,COC/C=C/C(=O)Nc1ccc2ncnc(Nc3cccc(Br)c3)c2c1,1132.0,0,1
CHEMBL93386,O=C(C#CCN1CCOCC1)Nc1ccc2ncnc(Nc3cccc(Br)c3)c2c1,20.0,1,1
CHEMBL122260,CNC(=O)c1cc(NCc2cc(O)ccc2O)ccc1O,9700.0,0,1
CHEMBL92731,CCCN(C/C=C/C(=O)Nc1ccc2ncnc(Nc3cccc(Br)c3)c2c1)CCC,90.0,1,1
CHEMBL93049,COCOCC#CC(=O)Nc1ccc2ncnc(Nc3cccc(Br)c3)c2c1,59.0,1,1
CHEMBL92961,CC(C)N(CC#CC(=O)Nc1ccc2ncnc(Nc3cccc(Br)c3)c2c1)C(C)C,97.0,1,1
CHEMBL175101,CN(C)CCn1cnc2cc3c(Nc4cccc(Br)c4)ncnc3cc21,22.0,1,1
CHEMBL93754,O=C(/C=C/Cn1cccn1)Nc1ccc2ncnc(Nc3cccc(Br)c3)c2c1,1124.0,0,1
CHEMBL123045,O=[N+]([O-])c1cc(NCc2cc(O)ccc2O)ccc1O,5400.0,0,1
CHEMBL328245,CCCN(CC#CC(=O)Nc1ccc2ncnc(Nc3cccc(Br)c3)c2c1)CCC,62.0,1,1
CHEMBL91925,CCN(CC)C/C=C/C(=O)Nc1ccc2ncnc(Nc3cccc(Br)c3)c2c1,73.0,1,1
CHEMBL316127,O=C(/C=C/CN1CCOCC1)Nc1ccc2ncnc(Nc3cccc(Br)c3)c2c1,74.0,1,1
CHEMBL174426,Cn1cnc2cc3c(Nc4cccc(Br)c4)ncnc3cc21,0.025,1,1
CHEMBL91748,CN(C)/C=C/C(=O)Nc1ccc2ncnc(Nc3cccc(Br)c3)c2c1,250.0,1,1
CHEMBL91009,COCC#CC(=O)Nc1ccc2ncnc(Nc3cccc(Br)c3)c2c1,9.0,1,1
CHEMBL173498,Brc1cccc(Nc2ncnc3cc4nccnc4cc23)c1,1.7,1,1
CHEMBL2112369,COC[C@@H]1CCCN1C/C=C\C(=O)Nc1ccc2ncnc(Nc3cccc(Br)c3)c2c1,194.0,1,1
CHEMBL90595,O=C(C#CCN1CCCCC1)Nc1ccc2ncnc(Nc3cccc(Br)c3)c2c1,57.0,1,1
CHEMBL419501,COC[C@H]1CCCN1C/C=C/C(=O)Nc1ccc2ncnc(Nc3cccc(Br)c3)c2c1,85.0,1,1
CHEMBL122397,CCCCCCNC(=O)c1cc(NCc2cc(O)ccc2O)ccc1O,900.0,1,1
CHEMBL91811,CC(C)N(C)CC#CC(=O)Nc1ccc2ncnc(Nc3cccc(Br)c3)c2c1,85.0,1,1
CHEMBL328977,O=C(C#CCN1CCSCC1)Nc1ccc2ncnc(Nc3cccc(Br)c3)c2c1,95.0,1,1
CHEMBL94068,O=C(/C=C/CN1CCCCC1)Nc1ccc2ncnc(Nc3cccc(Br)c3)c2c1,106.0,1,1
CHEMBL427298,CN(C)CCn1cnc2c(Cl)c3c(Nc4cccc(Br)c4)ncnc3cc21,203.0,1,1
CHEMBL329856,CN(C)CC#CC(=O)Nc1ccc2ncnc(Nc3cccc(Br)c3)c2c1,6.0,1,2
CHEMBL442754,COCCN(C)C/C=C/C(=O)Nc1ccc2ncnc(Nc3cccc(Br)c3)c2c1,62.0,1,1
CHEMBL94109,O=C(/C=C/CN1CCC(N2CCCCC2)CC1)Nc1ccc2ncnc(Nc3cccc(Br)c3)c2c1,68.0,1,1
CHEMBL91867,CC#CC(=O)Nc1ccc2ncnc(Nc3cccc(Br)c3)c2c1,0.37,1,7
CHEMBL2112370,COC[C@@H]1CCCN1C/C=C/C(=O)Nc1ccc2ncnc(Nc3cccc(Br)c3)c2c1,131.0,1,1
CHEMBL122721,CCCCCCCCCCCCCCNC(=O)c1cc(NCc2cc(O)ccc2O)ccc1O,27200.0,0,1
CHEMBL176891,CN(C)CCn1cnc2cc3ncnc(Nc4cccc(Br)c4)c3cc21,1.32,1,1
CHEMBL414220,C=CCN(C)CC#CC(=O)Nc1ccc2ncnc(Nc3cccc(Br)c3)c2c1,71.0,1,1
CHEMBL101683,O=C(Nc1ccc(Cl)cc1)c1ccccc1NCc1ccncc1,7300.0,0,1
CHEMBL301359,c1ccc2ncncc2c1,27.0,1,1
CHEMBL53375,COc1cc2ncnc(Nc3cccc(Br)c3)c2cn1,39.0,1,1
CHEMBL52472,COc1ccc2ncncc2c1,30.0,1,1
CHEMBL301549,COc1ccc2c(Nc3cccc(Br)c3)ncnc2n1,263.015,1,2
CHEMBL53796,CN(C)c1ccc2ncnc(Nc3cccc(Br)c3)c2n1,9.772,1,3
CHEMBL53299,COc1ccc(CNc2cc3c(Nc4cccc(Br)c4)ncnc3cn2)cc1,2.322,1,2
CHEMBL298637,CNc1ccc2c(Nc3cccc(Br)c3)ncnc2n1,52.48,1,3
CHEMBL50519,COc1ccc2ncnc(Nc3cccc(Br)c3)c2n1,4.3325,1,2
CHEMBL53062,COc1cc2c(Nc3cccc(Br)c3)ncnc2cn1,2.63,1,3
CHEMBL54805,Brc1cccc(Nc2ncnc3cccnc23)c1,34.335,1,2
CHEMBL53300,Nc1ccc2ncncc2c1,0.79,1,1
CHEMBL291496,Clc1ccc2ncnc(Nc3cccc(Br)c3)c2n1,18.1,1,2
CHEMBL300083,Nc1cc2ncnc(NCc3ccccc3)c2cn1,1331.5,0,2
CHEMBL52418,CC(=O)Nc1cc2ncnc(Nc3cccc(Br)c3)c2cn1,29.0,1,1
CHEMBL53156,CNc1ccc2ncnc(Nc3cccc(Br)c3)c2n1,3.162,1,3
CHEMBL54784,c1ccc(CNc2ncnc3ccncc23)cc1,1460.0,0,1
CHEMBL296377,Clc1cc2c(Nc3cccc(Br)c3)ncnc2cn1,40.370000000000005,1,2
CHEMBL54474,Nc1ccc2c(Nc3cccc(Br)c3)ncnc2n1,947.495,1,2
CHEMBL51320,c1ccc(CNc2ncnc3cnccc23)cc1,2030.0,0,1
CHEMBL52882,CNC1=CC2N=CN(C)/C(=N\c3cccc(Br)c3)C2C=N1,3.1,1,1
CHEMBL51265,Brc1cccc(Nc2ncnc3cnccc23)c1,51.144999999999996,1,2
CHEMBL50245,CN(C)c1ccc2c(Nc3cccc(Br)c3)ncnc2n1,331.13,1,3
CHEMBL53552,c1ccc(CNc2ncnc3cccnc23)cc1,603.0,1,1
CHEMBL55150,CN(C)c1ccc2ncncc2c1,120.0,1,1
CHEMBL291701,Fc1ccc2c(Nc3cccc(Br)c3)ncnc2n1,687.915,1,2
CHEMBL53850,CNc1ccc2ncncc2c1,7.0,1,1
CHEMBL55729,Nc1ccc2cncnc2c1,0.1,1,1
CHEMBL52784,CN(C)c1ccc2cncnc2c1,11.0,1,1
CHEMBL51707,Fc1cc2ncnc(Nc3cccc(Br)c3)c2cn1,13.0,1,1
CHEMBL54475,Brc1cccc(Nc2ncnc3ncccc23)c1,689.915,1,2
CHEMBL295961,CNc1ccc2cncnc2c1,4.0,1,1
CHEMBL52665,Brc1cccc(Nc2ncnc3ccncc23)c1,35.239999999999995,1,2
CHEMBL300217,Nc1ccc2ncnc(Nc3cccc(Br)c3)c2n1,7.762,1,3
CHEMBL300491,COc1ccc2cncnc2c1,10.0,1,1
CHEMBL53121,Fc1cc2c(Nc3cccc(Br)c3)ncnc2cn1,124.945,1,2
CHEMBL53404,CC(=O)Nc1cc2ncnc(NCc3ccccc3)c2cn1,100.0,1,1
CHEMBL54788,Fc1ccc2ncnc(Nc3cccc(Br)c3)c2n1,44.335,1,2
CHEMBL132466,COc1cc2cc3ncc(C#N)c(Nc4ccc(F)c(Cl)c4)c3cc2cc1OC,18000.0,0,1
CHEMBL109372,COc1cc2ncc(C#N)c(Nc3ccc(F)c(Cl)c3)c2cc1OC,2853.515,0,2
CHEMBL358092,COC(=O)c1ccc(-c2ccc(-c3ccccc3)cc2O)cc1,14000.0,0,1
CHEMBL332612,Nc1ccc(Nc2[nH]nc3ncnc(Nc4cccc(Cl)c4)c23)cc1,5.0,1,1
CHEMBL118904,O=[N+]([O-])c1cccc(-c2[nH]nc3ncnc(Nc4cccc(Cl)c4)c23)c1,270.0,1,1
CHEMBL56455,COc1ccc(CCNC(=O)/C(C#N)=C/c2ccc(O)c(O)c2)cc1OC,1700.0,0,1
CHEMBL332333,c1ccc(Nc2nc[nH]c3nnc(Nc4ccccc4)c2-3)cc1,58.0,1,1
CHEMBL332882,Nc1cccc(-c2[nH]nc3ncnc(Nc4cccc(Cl)c4)c23)c1,5.0,1,1
CHEMBL62756,Nc1ncnc2c1ncn2-c1ccccc1,15000.0,0,1
CHEMBL120979,COc1cccc(Nc2[nH]nc3ncnc(Nc4cccc(Cl)c4)c23)c1,8.0,1,1
CHEMBL292648,N#CC(C#N)=C1CCCc2c(O)cccc21,1200000.0,0,1
CHEMBL122243,Nc1ncnc2c1c(-c1ccccc1)nn2-c1ccccc1,800.0,1,1
CHEMBL122245,COc1ccc(CNc2[nH]nc3ncnc(Nc4cccc(Cl)c4)c23)cc1,7.0,1,1
CHEMBL49120,CCN(CC)CCOc1ccc(Nc2ncc3cc(-c4c(Cl)cccc4Cl)c(=O)n(C)c3n2)cc1,22175.0,0,2
CHEMBL153843,O=C(Nc1cccc(C(F)(F)F)c1)c1ccccc1NCc1ccncc1,10400.0,0,1
CHEMBL294213,N#CC(C#N)=Cc1ccc2[nH]ccc2c1,2200000.0,0,1
CHEMBL332765,CN(C)c1ccc(Nc2[nH]nc3ncnc(Nc4cccc(Cl)c4)c23)cc1,29.0,1,1
CHEMBL306081,Cc1[nH]c2ncnc(Nc3cccc(Cl)c3)c2c1C,27.0,1,3
CHEMBL291313,N#CC(C#N)=C1C(=O)Nc2ccc([N+](=O)[O-])cc21,40000.0,0,1
CHEMBL51028,CN1CCN(CCCNc2ncc3cc(-c4c(Cl)cccc4Cl)c(NC(=O)NC4CCCCC4)nc3n2)CC1,880.0,1,1
CHEMBL51485,CN1CCN(CCCNc2ncc3cc(-c4c(Cl)cccc4Cl)c(NC(=O)NCc4ccccc4)nc3n2)CC1,980.0,1,1
CHEMBL294681,C[S+]([O-])c1ccc(C=C(C#N)C#N)cc1,1800000.0,0,1
CHEMBL121796,Clc1cccc(Nc2[nH]cnc3nnc(NCc4ccccc4)c2-3)c1,7.0,1,1
CHEMBL121190,Nc1[nH]cnc2nnc(Nc3cccc(Cl)c3)c1-2,160.0,1,1
CHEMBL331906,Oc1cccc(-c2[nH]nc3ncnc(Nc4cccc(Cl)c4)c23)c1,26.0,1,1
CHEMBL332906,Nc1ccc(-c2[nH]nc3ncnc(Nc4cccc(Cl)c4)c23)cc1,2.0,1,1
CHEMBL57462,N#CC(C#N)=C1C(=O)Nc2cc(O)c(O)cc21,2750.0,0,2
CHEMBL122068,Nc1nc(N)c2c(Nc3cccc(Cl)c3)[nH]nc2n1,220.0,1,1
CHEMBL333231,Clc1cccc(CNc2[nH]nc3ncnc(Nc4cccc(Cl)c4)c23)c1,26.0,1,1
CHEMBL332971,COc1ccc(-c2[nH]nc3ncnc(Nc4cccc(Cl)c4)c23)cc1,96.0,1,1
CHEMBL56281,N#CC(C#N)=Cc1cccnc1,225000.0,0,1
CHEMBL57170,COc1ccc(C=C(C#N)C#N)cc1F,800000.0,0,1
CHEMBL55748,N#CC(C#N)=C1C(=O)Nc2ccc(O)cc21,11250.0,0,2
CHEMBL65063,Nc1ncnc2c1cnn2-c1ccccc1,2700.0,0,1
CHEMBL120667,Cc1c(C)n(C)c2ncnc(Nc3cccc(Cl)c3)c12,450000.0,0,1
CHEMBL123189,COc1cccc(CNc2[nH]nc3ncnc(Nc4cccc(Cl)c4)c23)c1,8.0,1,1
CHEMBL293482,N#CC(C#N)=Cc1ncc[nH]1,532000.0,0,1
CHEMBL420885,CC(C)(C)OC(=O)Nc1ccc(-c2[nH]nc3ncnc(Nc4cccc(Cl)c4)c23)cc1,270.0,1,1
CHEMBL334026,Clc1cccc(Nc2[nH]nc3ncnc(Oc4cccc(Cl)c4)c23)c1,24200.0,0,1
CHEMBL291986,N#C/C(=C\c1ccc(O)c(O)c1)C(=O)N1CCN(c2ccccc2)CC1,29650.0,0,2
CHEMBL57663,N#CC(C#N)=Cc1ccc(C#N)cc1,1400000.0,0,1
CHEMBL333038,Clc1cccc(Nc2nc[nH]c3nnc(Nc4cccc(Cl)c4)c2-3)c1,330.0,1,1
CHEMBL119982,Clc1cccc(Nc2[nH]nc3ncnc(NCc4ccccc4)c23)c1,870.0,1,1
CHEMBL120319,Clc1cccc(Nc2[nH]nc3ncnc(Nc4cccc(Br)c4)c23)c1,130.0,1,1
CHEMBL56964,COc1cc2c(cc1O)NC(=O)C2=C(C#N)C#N,60000.0,0,2
CHEMBL121260,Clc1cccc(Nc2[nH]nc3ncnc(Nc4ccccc4)c23)c1,84.0,1,1
CHEMBL121954,Oc1cccc(Nc2[nH]nc3ncnc(Nc4cccc(Cl)c4)c23)c1,1.0,1,1
CHEMBL298679,COc1ccc(NC(=O)Nc2nc3nc(NCCCN4CCN(C)CC4)ncc3cc2-c2c(Cl)cccc2Cl)cc1,720.0,1,1
CHEMBL319540,Cc1c(C)n(-c2ccccc2)c2ncnc(N)c12,2710.0,0,1
CHEMBL122411,COc1ccc(Nc2[nH]nc3ncnc(Nc4cccc(Cl)c4)c23)cc1,30.0,1,1
CHEMBL298810,N#CC(C#N)=Cc1cc[nH]n1,1480000.0,0,1
CHEMBL57300,N#CC(C#N)=C1CCc2c1ccc(O)c2O,7000.0,0,2
CHEMBL56201,CN1C(=O)C(=C(C#N)C#N)c2cc(O)ccc21,26000.0,0,1
CHEMBL122182,Oc1ccc(Nc2[nH]nc3ncnc(Nc4cccc(Cl)c4)c23)cc1,8.0,1,1
CHEMBL293584,N#CC(C#N)=C1CCc2cc(O)c(O)cc21,500.0,1,2
CHEMBL120069,Cc1cccc(Nc2[nH]cnc3nnc(Nc4cccc(Cl)c4)c2-3)c1,130.0,1,1
CHEMBL119977,Clc1cccc(Nc2[nH]cnc3nnc(-c4ccccc4)c2-3)c1,19.0,1,1
CHEMBL118130,Oc1ccc(-c2[nH]nc3ncnc(Nc4cccc(Cl)c4)c23)cc1,6.0,1,1
CHEMBL2111784,C[C@H](Nc1cc(-c2sc(C3CCN(C)CC3)nc2-c2ccc(F)cc2)ccn1)c1ccccc1,900.0,1,2
CHEMBL290389,COc1cc(/C=C(\C#N)C(N)=O)cc(Sc2nc3ccccc3s2)c1O,350.0,1,1
CHEMBL419409,COc1ccc(C#CC(C)(C)N)cc1C(=O)c1ccc(Nc2ccc(F)cc2F)cc1,6600.0,0,2
CHEMBL120185,CN1CCN(c2ccc3c(n2)nc(-c2ccc(F)cc2)n3-c2ccnc(NC3CCCC3)n2)CC1,8700.0,0,1
CHEMBL103552,O=C(O)c1cc(N(Cc2ccccc2O)Cc2cc(O)ccc2O)ccc1O,4100.0,0,1
CHEMBL121405,OC1(c2nc(-c3ccc(F)cc3)c(-c3ccnc(NC4CCCCC4)c3)o2)CCNCC1,1550.0,0,2
CHEMBL131653,COC(=O)c1cc(NCc2cc(O)ccc2O)ccc1O,24400.0,0,1
CHEMBL103860,O=C(O)c1cc(CCc2cc(O)ccc2O)ccc1O,3300.0,0,1
CHEMBL27085,Cc1nc(O)c2c(ccc3[nH]c(Nc4c(Cl)cccc4Cl)nc32)c1C,100000.0,0,1
CHEMBL104466,COc1cc2ncc(N[C@H]3CC[C@H](O)CC3)nc2cc1OC,3700.0,0,1
CHEMBL75208,Cc1[nH]c2ncnc(Nc3cccc(C#N)c3)c2c1C,200.0,1,1
CHEMBL76444,Cc1[nH]c2ncnc(N(C)c3cccc(Cl)c3)c2c1C,500.0,1,1
CHEMBL306315,Clc1cccc(Nc2ncnc3[nH]c4ccccc4c23)c1,6.0,1,2
CHEMBL433305,c1ccc(Nc2ncnc3[nH]c4c(c23)CCCC4)cc1,310.0,1,1
CHEMBL421686,Cc1[nH]c2ncnc(NCc3ccccc3)c2c1C,1080.0,0,1
CHEMBL307062,Cc1cccc(Nc2ncnc3[nH]c4c(c23)CCCC4)c1,820.0,1,1
CHEMBL74645,O=C(O)c1cccc(Nc2ncnc3[nH]c4c(c23)CCCC4)c1,25700.0,0,1
CHEMBL74778,Cc1[nH]c2ncnc(Nc3cccc(O)c3)c2c1C,1250.0,0,1
CHEMBL307209,Clc1cccc(Nc2ncnc3[nH]c(-c4ccccc4)c(-c4ccccc4)c23)c1,96.0,1,1
CHEMBL73406,Cc1[nH]c2ncnc(Nc3cc(Cl)cc(Cl)c3)c2c1C,170.0,1,1
CHEMBL72393,Brc1cccc(Nc2ncnc3[nH]c4c(c23)CCCC4)c1,46.0,1,1
CHEMBL307599,Cc1ccc(Nc2ncnc3[nH]c(C)c(C)c23)cc1,2100.0,0,1
CHEMBL440873,FC(F)(F)c1cccc(Nc2ncnc3[nH]c4c(c23)CCCC4)c1,360.0,1,1
CHEMBL308593,Cc1[nH]c2ncnc(Nc3cccc(Cl)c3)c2c1-c1ccccc1,230.0,1,1
CHEMBL4106341,Cc1[nH]c2ncnc(NC3CCCCC3)c2c1C,6920.0,0,1
CHEMBL74481,Cc1ccc(Nc2ncnc3[nH]c4c(c23)CCCC4)cc1,110.0,1,1
CHEMBL75177,Clc1cccc(Nc2ncnc3[nH]c4c(c23)CCCC4)c1,29.0,1,2
CHEMBL306029,Cc1[nH]c2ncnc(Nc3cccc(C(F)(F)F)c3)c2c1C,1900.0,0,1
CHEMBL431191,COc1cccc(Nc2ncnc3[nH]c4c(c23)CCCC4)c1,860.0,1,1
CHEMBL73301,COc1cccc(Nc2ncnc3[nH]c(C)c(C)c23)c1,1200.0,0,1
CHEMBL73710,Cc1[nH]c2ncnc(Nc3ccc(F)cc3)c2c1C,560.0,1,1
CHEMBL73625,Cc1[nH]c2ncnc(Nc3ccccc3Cl)c2c1C,75100.0,0,1
CHEMBL72322,Oc1cccc(Nc2ncnc3[nH]c4c(c23)CCCC4)c1,420.0,1,1
CHEMBL431001,Cc1[nH]c2ncnc(Nc3cccc(C(=O)O)c3)c2c1C,16300.0,0,1
CHEMBL75049,Cc1[nH]c2ncnc(Nc3ccccc3)c2c1C,1900.0,0,1
CHEMBL309937,CCc1ccc(Nc2ncnc3[nH]c(C)c(C)c23)cc1,77500.0,0,1
CHEMBL74722,Cc1[nH]c2ncnc(Nc3cccc(Br)c3)c2c1C,25.0,1,1
CHEMBL76116,Cc1[nH]c2ncnc(Oc3cccc(Cl)c3)c2c1C,2500.0,0,1
CHEMBL307026,Cc1cccc(Nc2ncnc3[nH]c(C)c(C)c23)c1,570.0,1,1
CHEMBL308582,Cc1[nH]c2ncnc(Nc3cccc(F)c3)c2c1C,550.0,1,1
CHEMBL311129,Cc1c(-c2ccccc2)[nH]c2ncnc(Nc3cccc(Cl)c3)c12,10.0,1,1
CHEMBL177688,OCCCNc1cncc(-c2cncc(Nc3cccc(Cl)c3)n2)c1,1360.0,0,2
CHEMBL181275,Fc1ccc(Nc2ncnc3nn4ccccc4c23)cc1Cl,199.765,1,2
CHEMBL182254,Fc1cccc(COc2ccc(Nc3ncnc4nn5ccccc5c34)cc2Cl)c1,31.810000000000002,1,2
CHEMBL181742,Clc1cc(Nc2ncnc3nn4ccccc4c23)ccc1OCc1ccccc1,50.06,1,2
CHEMBL361322,c1ccc(Cc2nc3cc(Nc4ncnc5nn6ccccc6c45)ccc3[nH]2)cc1,5010.9349999999995,0,2
CHEMBL181617,ClCCNc1ccc2ncnc(Nc3cccc(Br)c3)c2c1,10.0,1,2
CHEMBL179451,ClCCNc1ccc2ncnc(Nc3cccc(Cl)c3)c2c1,26.0,1,1
CHEMBL186802,COc1cc2ncnc(Nc3cccc(NC(=O)c4ccccc4)c3)c2cc1OC,5600.0,0,1
CHEMBL186580,COc1cc2ncnc(Nc3cc(NC(=O)c4ccccc4)c(F)cc3F)c2cc1OC,490.0,1,1
CHEMBL185327,COc1cc2ncnc(Nc3cc(NC(=O)c4ccccc4)ccc3Cl)c2cc1OC,11000.0,0,1
CHEMBL186747,COc1cc2ncnc(Nc3ccc(C)c(NC(=O)c4ccccc4)c3)c2cc1OC,3200.0,0,1
CHEMBL182397,COc1cc2ncnc(Nc3cccc(NC(=O)c4ccccc4)c3F)c2cc1OC,2800.0,0,1
CHEMBL360209,COc1cc2ncnc(Nc3ccc(Cl)c(NC(=O)c4ccccc4)c3)c2cc1OC,2200.0,0,1
CHEMBL187007,COc1cc2ncnc(Nc3cc(NC(=O)c4cccc(N(C)C)c4)ccc3Cl)c2cc1OC,29000.0,0,1
CHEMBL184682,COc1cc2ncnc(Nc3ccc(Cl)c(NC(=O)c4cccc(N(C)C)c4)c3)c2cc1OC,1000.0,1,1
CHEMBL185637,Fc1ccc(Nc2ncnn3cccc23)cc1Cl,110.0,1,1
CHEMBL188304,Cc1ccn2ncnc(Nc3ccc(F)c(Cl)c3)c12,100.0,1,2
CHEMBL186080,Cc1cc2c(Nc3ccc(F)c(Cl)c3)ncnn2c1,150.0,1,1
CHEMBL184311,Cc1ccc2c(Nc3ccc(F)c(Cl)c3)ncnn12,3250.0,0,1
CHEMBL185853,Cc1ccc(Nc2ncnn3cccc23)cc1O,975.0,1,2
CHEMBL188522,Cc1ccc(Nc2ncnn3ccc(C)c23)cc1O,203.0,1,2
CHEMBL184750,Cc1cc2c(Nc3ccc(C)c(O)c3)ncnn2c1,527.5,1,2
CHEMBL187431,Cc1ccc(Nc2ncnn3c(C)ccc23)cc1O,29400.0,0,1
CHEMBL186001,Cc1ccc(Nc2ncnn3cc(C)c(C)c23)cc1O,111.5,1,2
CHEMBL188386,OCCCCNc1cncc(-c2cncc(Nc3cccc(Cl)c3)n2)c1,7400.0,0,1
CHEMBL363130,Cc1ccsc1C(=O)n1nc(Nc2ccc(S(N)(=O)=O)cc2)nc1N,8400.0,0,1
CHEMBL363607,Cc1ccc(F)c(C(=O)n2nc(Nc3ccc(S(N)(=O)=O)cc3)nc2C)c1F,45800.0,0,1
CHEMBL190651,COCC(=O)Nc1ccc2ncnc(Nc3cc(Cl)c(Cl)cc3F)c2c1,10000.0,0,3
CHEMBL192737,COCC(=O)Nc1ccc2ncnc(Nc3cccc(Br)c3)c2c1,174.0,1,1
CHEMBL190567,COCC(=O)Nc1ccc2ncnc(Nc3cccc(I)c3)c2c1,5000.0,0,3
CHEMBL275762,O=C(CCl)Nc1ccc2ncnc(Nc3cc(Cl)c(Cl)cc3F)c2c1,20.0,1,4
CHEMBL193159,O=C(CCl)Nc1ccc2ncnc(Nc3cccc(Br)c3)c2c1,21.0,1,2
CHEMBL193160,O=C(CCl)Nc1ccc2ncnc(Nc3cccc(I)c3)c2c1,10.0,1,3
CHEMBL190094,CN(C)C/C=C/C(=O)Nc1ccc2ncnc(Nc3cc(Cl)c(Cl)cc3F)c2c1,7.0,1,4
CHEMBL189779,CN(C)C/C=C/C(=O)Nc1ccc2ncnc(Nc3cccc(I)c3)c2c1,0.94,1,1
CHEMBL372246,C=CC(=O)Nc1cc2c(Nc3cc(Cl)c(Cl)cc3F)ncnc2cc1N1CCN(C)CC1,3125.0,0,2
CHEMBL365805,C=CC(=O)Nc1cc2c(Nc3cccc(Br)c3)ncnc2cc1N1CCN(C)CC1,6625.0,0,2
CHEMBL437879,COc1cc2ncnc(Nc3cc(Cl)c(Cl)cc3F)c2cc1OC,2.604,1,2
CHEMBL363815,C=CC(=O)Nc1ccc2ncnc(Nc3cc(Cl)c(Cl)cc3F)c2c1,20.0,1,3
CHEMBL195218,CONC(=O)c1cc(Nc2ncnn3cc(NC(=O)OCCCS(C)(=O)=O)c(C(C)C)c23)c(F)cc1F,4200.0,0,1
CHEMBL370266,CONC(=O)c1cc(Nc2ncnn3cc(NC(=O)OCC4CCCO4)c(C(C)C)c23)c(F)cc1F,5500.0,0,1
CHEMBL196018,CCOC(=O)c1cn2ncnc(Nc3ccc(F)c(Cl)c3)c2c1CC,90.0,1,1
CHEMBL370934,CCOC(=O)c1cn2ncnc(Nc3cccc(Br)c3)c2c1CC,60.0,1,1
CHEMBL372112,CCOC(=O)c1cn2ncnc(Nc3ccc4[nH]ncc4c3)c2c1CC,50.0,1,1
CHEMBL371863,CCOC(=O)c1cn2ncnc(NCc3ccccc3)c2c1CC,200.0,1,1
CHEMBL196925,CCOC(=O)c1cn2ncnc(Nc3ccc4c(cnn4Cc4ccccc4)c3)c2c1CC,120.0,1,1
CHEMBL194349,CCOC(=O)c1cn2ncnc(Nc3ccc(Oc4ccccc4)cc3)c2c1CC,610.0,1,1
CHEMBL425738,CCOC(=O)c1cc2c(Nc3ccc4c(cnn4Cc4ccccc4)c3)ncnn2c1,120.0,1,1
CHEMBL196738,CCOC(=O)c1cn2ncnc(Nc3ccc4c(cnn4Cc4ccccc4)c3)c2c1C,200.0,1,1
CHEMBL365606,CCOC(=O)c1cn2ncnc(Nc3ccc4c(cnn4Cc4ccccc4)c3)c2c1C(C)C,200.0,1,1
CHEMBL438805,CCCc1c(C(=O)OCC)cn2ncnc(Nc3ccc4c(cnn4Cc4ccccc4)c3)c12,950.0,1,1
CHEMBL196438,CCc1c(C(=O)O)cn2ncnc(Nc3ccc4c(cnn4Cc4ccccc4)c3)c12,20.0,1,1
CHEMBL194958,CCc1c(C(N)=O)cn2ncnc(Nc3ccc4c(cnn4Cc4ccccc4)c3)c12,120.0,1,1
CHEMBL197689,CCc1c(C(=O)NC)cn2ncnc(Nc3ccc4c(cnn4Cc4ccccc4)c3)c12,70.0,1,1
CHEMBL372293,CCc1c(C(=O)N(C)C)cn2ncnc(Nc3ccc4c(cnn4Cc4ccccc4)c3)c12,200.0,1,1
CHEMBL372523,CCc1c(NC(=O)OCc2ccccc2)cn2ncnc(Nc3ccc4c(cnn4Cc4ccccc4)c3)c12,210.0,1,1
CHEMBL373025,CCc1c(CO)cn2ncnc(Nc3ccc4c(cnn4Cc4ccccc4)c3)c12,490.0,1,1
CHEMBL369967,CCNCc1cn2ncnc(Nc3ccc4c(cnn4Cc4ccccc4)c3)c2c1CC,7400.0,0,1
CHEMBL196548,CCOCc1cn2ncnc(Nc3ccc4c(cnn4Cc4ccccc4)c3)c2c1CC,950.0,1,1
CHEMBL194160,CCc1c(CC(N)=O)cn2ncnc(Nc3ccc4c(cnn4Cc4ccccc4)c3)c12,1100.0,0,1
CHEMBL372692,CCc1c(CC(=O)O)cn2ncnc(Nc3ccc4c(cnn4Cc4ccccc4)c3)c12,1600.0,0,1
CHEMBL193681,CCc1c(C(=O)NCCCn2ccnc2)cn2ncnc(Nc3ccc4c(cnn4Cc4ccccc4)c3)c12,40.0,1,1
CHEMBL193368,CCc1c(C(=O)OCCCn2ccnc2)cn2ncnc(Nc3ccc4c(cnn4Cc4ccccc4)c3)c12,170.0,1,1
CHEMBL412367,CCc1c(NC(=O)OCCn2ccnc2)cn2ncnc(Nc3ccc4c(cnn4Cc4ccccc4)c3)c12,40.0,1,1
CHEMBL371888,COc1cc2ncnc(Nc3ccc(OCc4ccccn4)c(C)c3)c2cc1OC,59.0,1,1
CHEMBL444619,COc1cc(ON2CCC(C)CC2)c2c(Nc3ccc(OCc4ccccn4)c(Cl)c3)ncnc2c1,5.0,1,1
CHEMBL197640,CN1CCC(Oc2cccc3ncnc(Nc4ccc(OCc5cccc(F)c5)c(Cl)c4)c23)CC1,5.0,1,1
CHEMBL197525,COc1ccc(Nc2ncnc3cccc(OC4CCN(C)CC4)c23)cc1Cl,1800.0,0,1
CHEMBL193578,Clc1cc(Nc2ncnc3cccc(OC4CCOCC4)c23)ccc1OCc1ccccn1,2400.0,0,1
CHEMBL193544,CN1CCC(Oc2cccc3ncnc(Nc4ccc(OCc5ccccn5)c(Cl)c4)c23)CC1,140.0,1,1
CHEMBL436511,CN1CCC(Oc2cccc3ncnc(Nc4ccc(OCc5cnccn5)c(Cl)c4)c23)CC1,690.0,1,1
CHEMBL195204,CN1CCC(Oc2cccc3ncnc(Nc4ccc(OCc5cscn5)c(Cl)c4)c23)CC1,698.0,1,1
CHEMBL194337,CN1CCC(Oc2cccc3ncnc(Nc4ccc(OCc5ccccn5)cc4)c23)CC1,2100.0,0,1
CHEMBL194389,COc1cccc2ncnc(Nc3ccc(OCc4ccccn4)c(Cl)c3)c12,440.0,1,1
CHEMBL401930,Cc1cc(N2CCOCC2)cc2[nH]c(-c3c(NC[C@@H](O)c4cccc(Cl)c4)cc[nH]c3=O)nc12,1600.0,0,1
CHEMBL195029,COc1cc(Nc2c(C#N)cnc3cc4cc(OCCN5CCOCC5)c(OC)cc4cc23)c(Cl)cc1Cl,2700.0,0,1
CHEMBL370808,COc1ccc(C#CC(C)(C)N)cc1-c1[nH]nc2nc(Nc3ccc(F)cc3F)ncc12,5200.0,0,1
CHEMBL201840,COC(=O)c1c(OC)c2ccccc2c2oc3c(c12)C(=O)c1ccccc1C3=O,12600.0,0,1
CHEMBL200976,COC(=O)c1c(OCCN2CCCCC2)c2ccccc2c2oc3c(c12)C(=O)c1ccccc1C3=O,2800.0,0,1
CHEMBL202244,COC(=O)c1c(OCCN2CCCC2)c2ccccc2c2oc3c(c12)C(=O)c1ccccc1C3=O,9000.0,0,1
CHEMBL383030,COC(=O)c1c(OCCCN(C)C)c2ccccc2c2oc3c(c12)C(=O)c1ccccc1C3=O,13600.0,0,1
CHEMBL202162,CCN(CC)CCOc1c(C(=O)OC)c2c3c(oc2c2ccccc12)C(=O)c1ccccc1C3=O,5100.0,0,1
CHEMBL201865,COC(=O)c1c(OCCN(C)C)c2ccccc2c2oc3c(c12)C(=O)c1ccccc1C3=O,31000.0,0,1
CHEMBL201307,COc1cc2c(Nc3ncc(CC(=O)Nc4cccc(F)c4)s3)ncnc2cc1OCCCN1CCC(CO)CC1,800.0,1,2
CHEMBL437890,CN1CCN(CCC#CC(=O)Nc2cc3c(Nc4ccc(F)c(Br)c4)ncnc3cn2)CC1,1.1,1,1
CHEMBL203599,CN1CCN(CCC#CC(=O)Nc2cc3c(Nc4ccc(F)c(Cl)c4)ncnc3cn2)CC1,0.5,1,1
CHEMBL205059,O=C(C#CCCN1CCCCC1)Nc1cc2c(Nc3ccc(F)c(Cl)c3)ncnc2cn1,0.9,1,1
CHEMBL204638,O=C(C#CCCN1CCOCC1)Nc1cc2c(Nc3ccc(F)c(Br)c3)ncnc2cn1,1.5,1,1
CHEMBL203661,O=C(C#CCCN1CCOCC1)Nc1cc2c(Nc3ccc(F)c(Cl)c3)ncnc2cn1,1.3,1,1
CHEMBL202556,O=C(C#CCN1CCOCC1)Nc1cc2c(Nc3ccc(F)c(Cl)c3)ncnc2cn1,3.1,1,1
CHEMBL202421,CCCCN(CC#CC(=O)Nc1cc2c(Nc3ccc(F)c(Cl)c3)ncnc2cn1)CCCC,17.0,1,1
CHEMBL383499,CC(C)N(CC#CC(=O)Nc1cc2c(Nc3ccc(F)c(Cl)c3)ncnc2cn1)C(C)C,44.0,1,1
CHEMBL202425,CCN(CC)CC#CC(=O)Nc1cc2c(Nc3ccc(F)c(Cl)c3)ncnc2cn1,15.0,1,1
CHEMBL202424,CCCCC#CC(=O)Nc1cc2c(Nc3ccc(F)c(Cl)c3)ncnc2cn1,15.0,1,1
CHEMBL203645,CCCC#CC(=O)Nc1cc2c(Nc3ccc(F)c(Cl)c3)ncnc2cn1,1.7,1,1
CHEMBL203644,CC#CC(=O)Nc1cc2c(Nc3ccc(F)c(Cl)c3)ncnc2cn1,0.3,1,1
CHEMBL378144,C#CC(=O)Nc1cc2c(Nc3cccc(Br)c3)ncnc2cn1,0.6,1,1
CHEMBL204085,O=C(C#CCCN1CCOCC1)Nc1ccc2ncnc(Nc3ccc(F)c(Cl)c3)c2c1,1.7,1,1
CHEMBL382073,CCN(CC)CCC#CC(=O)Nc1ccc2ncnc(Nc3ccc(F)c(Cl)c3)c2c1,1.8,1,1
CHEMBL202621,O=C(C#CCN1CCOCC1)Nc1ccc2ncnc(Nc3ccc(F)c(Cl)c3)c2c1,86.0,1,1
CHEMBL202398,CCCCN(CC#CC(=O)Nc1ccc2ncnc(Nc3ccc(F)c(Cl)c3)c2c1)CCCC,40.0,1,1
CHEMBL380669,CC(C)N(CC#CC(=O)Nc1ccc2ncnc(Nc3ccc(F)c(Cl)c3)c2c1)C(C)C,4.2,1,1
CHEMBL373207,CCN(CC)CC#CC(=O)Nc1ccc2ncnc(Nc3ccc(F)c(Cl)c3)c2c1,3.1,1,1
CHEMBL202411,O=C(C#CCO)Nc1ccc2ncnc(Nc3ccc(F)c(Cl)c3)c2c1,1.4,1,1
CHEMBL202360,C#CC(=O)Nc1ccc2ncnc(Nc3cccc(Br)c3)c2c1,1.6,1,1
CHEMBL382862,Brc1ccc2c(c1)CNc1c(Nc3ccccc3)ncnc1O2,10000.0,0,1
CHEMBL203295,COc1cc(OC2CCN(C)CC2)c2c(Nc3ccc(F)c(Cl)c3)ncnc2c1,21.0,1,1
CHEMBL205776,CN1CCN(CCCOc2cc(OC3CCOCC3)c3c(Nc4ccc(F)c(Cl)c4)ncnc3c2)CC1,66.0,1,1
CHEMBL382041,COCCOc1cc(OC2CCOCC2)c2c(Nc3ccc(F)c(Cl)c3)ncnc2c1,671.0,1,1
CHEMBL379017,COc1cc(OC2CCN(S(C)(=O)=O)CC2)c2c(Nc3ccc(F)c(Cl)c3)ncnc2c1,9601.0,0,1
CHEMBL204330,COc1cc(OC2CCN(C(C)=O)CC2)c2c(Nc3ccc(F)c(Cl)c3)ncnc2c1,873.0,1,1
CHEMBL205149,COc1cc(OC2CCNCC2)c2c(Nc3ccc(F)c(Cl)c3)ncnc2c1,10.0,1,1
CHEMBL203725,CN1CCC(Oc2cccc3ncnc(Nc4ccc(F)c(Cl)c4)c23)CC1,3.0,1,1
CHEMBL203936,COc1ccc2ncnc(Nc3ccc(F)c(Cl)c3)c2c1OC1CCN(C)CC1,225.0,1,1
CHEMBL377277,COc1cc(OC(C)C)c2c(Nc3ccc(F)c(Cl)c3)ncnc2c1,8068.0,0,1
CHEMBL204268,COc1cc(OC2CCOC2)c2c(Nc3ccc(F)c(Cl)c3)ncnc2c1,187.0,1,1
CHEMBL205783,COc1cc(OC2CCOCC2)c2c(Nc3ccc(F)c(Cl)c3)ncnc2c1,1384.0,0,1
CHEMBL381306,Brc1ccc2c(c1)CNc1c(NCc3ccccc3)ncnc1O2,18000.0,0,2
CHEMBL204223,COc1cc(OC)c2c(c1)Oc1ncnc(Nc3cccc(Br)c3)c1NC2,6300.0,0,1
CHEMBL202970,COc1cc2c(cc1OC)Oc1ncnc(Nc3ccc(F)c(Cl)c3)c1NC2,945.0,1,2
CHEMBL380972,COc1cc2c(cc1OC)Oc1ncnc(Nc3cccc(Br)c3)c1NC2,405.0,1,2
CHEMBL425402,Fc1ccc(Nc2ncnc3c2NCc2ccccc2O3)cc1Cl,1900.0,0,2
CHEMBL203219,Brc1cccc(Nc2ncnc3c2NCc2ccccc2O3)c1,5750.0,0,2
CHEMBL204164,C=CC(=O)Nc1ccc2c(c1)CNc1c(Nc3ccc(F)c(Cl)c3)ncnc1O2,6900.0,0,2
CHEMBL381541,C=CC(=O)Nc1ccc2c(c1)CNc1c(Nc3cccc(Br)c3)ncnc1O2,5550.0,0,2
CHEMBL382186,CS(=O)(=O)Nc1ccc2c(c1)CNc1c(Nc3cccc(Br)c3)ncnc1O2,5550.0,0,2
CHEMBL206197,Nc1ccc2c(c1)CNc1c(Nc3ccc(F)c(Cl)c3)ncnc1O2,6400.0,0,2
CHEMBL203132,Nc1ccc2c(c1)CNc1c(Nc3cccc(Br)c3)ncnc1O2,1700.0,0,1
CHEMBL206848,O=C(O)c1ccc2c(c1)CNc1c(Nc3ccc(F)c(Cl)c3)ncnc1O2,4400.0,0,1
CHEMBL205148,O=C(O)c1ccc2c(c1)CNc1c(Nc3cccc(Br)c3)ncnc1O2,1000.0,1,1
CHEMBL206320,Fc1ccc2c(c1)CNc1c(Nc3cccc(-c4ccccc4)c3)ncnc1O2,5950.0,0,2
CHEMBL426124,COc1ccc2c(c1)CNc1c(Nc3ccc(F)c(Cl)c3)ncnc1O2,1650.0,0,2
CHEMBL206347,COc1ccc2c(c1)Oc1ncnc(Nc3ccc(F)c(Cl)c3)c1NC2,4950.0,0,2
CHEMBL424853,Fc1ccc2c(c1)CNc1c(Nc3ccc(F)c(Cl)c3)ncnc1O2,4100.0,0,2
CHEMBL205676,Fc1ccc(Nc2ncnc3c2NCc2cc(Cl)ccc2O3)cc1Cl,2650.0,0,2
CHEMBL206280,Fc1ccc(Nc2ncnc3c2NCc2cc(Br)ccc2O3)cc1Cl,5200.0,0,2
CHEMBL383444,COc1ccc2c(c1)CNc1c(Nc3cccc(Br)c3)ncnc1O2,2050.0,0,2
CHEMBL204715,COc1ccc2c(c1)Oc1ncnc(Nc3cccc(Br)c3)c1NC2,2450.0,0,2
CHEMBL204965,Fc1ccc2c(c1)CNc1c(Nc3cccc(Br)c3)ncnc1O2,4200.0,0,2
CHEMBL378145,Clc1ccc2c(c1)CNc1c(Nc3cccc(Br)c3)ncnc1O2,3400.0,0,1
CHEMBL383614,Brc1cccc(Nc2ncnc3c2NCc2cc(Br)ccc2O3)c1,4100.0,0,2
CHEMBL205454,COc1ccc2c(c1)CNc1c(Nc3ccc(Cl)cc3)ncnc1O2,5800.0,0,1
CHEMBL383121,COc1ccc2c(c1)CNc1c(Nc3ccccc3)ncnc1O2,7500.0,0,1
CHEMBL203529,Fc1ccc2c(c1)CNc1c(Nc3ccccc3)ncnc1O2,7000.0,0,1
CHEMBL204335,COc1ccc2c(c1)CNc1c(NCc3ccccc3)ncnc1O2,5250.0,0,2
CHEMBL206370,COc1ccc2c(c1)CNc1c(Nc3cccc(-c4ccccc4)c3)ncnc1O2,9800.0,0,1
CHEMBL379041,Fc1ccc2c(c1)CNc1c(NCc3ccccc3)ncnc1O2,8900.0,0,1
CHEMBL606964,COc1ccc(N2Cc3cnc(Nc4ccc(F)cc4)nc3N([C@@H]3CC[C@@H](O)C3)C2=O)cc1,545.0,1,1
CHEMBL206483,Cc1cccc(-n2ncc3c(NCc4ccc5c(c4)OCO5)ncnc32)c1,15000.0,0,1
CHEMBL206029,CS(=O)(=O)CCNC(=O)NCc1cccc(C#Cc2cncnc2Nc2ccc(OCc3cccc(F)c3)c(Cl)c2)n1,15.0,1,1
CHEMBL380078,CNC(=O)NCc1cccc(C#Cc2cncnc2Nc2ccc(OCc3cccc(F)c3)c(Cl)c2)n1,23.0,1,1
CHEMBL206003,NCc1cccc(C#Cc2cncnc2Nc2ccc(OCc3cccc(F)c3)c(Cl)c2)n1,21.0,1,1
CHEMBL204570,OCc1cccc(C#Cc2cncnc2Nc2ccc(OCc3cccc(F)c3)c(Cl)c2)n1,40.0,1,1
CHEMBL204467,OCc1ccc(C#Cc2cncnc2Nc2ccc(OCc3cccc(F)c3)c(Cl)c2)o1,33.0,1,1
CHEMBL205047,OCc1nc(C#Cc2cncnc2Nc2ccc(OCc3cccc(F)c3)c(Cl)c2)cs1,76.0,1,1
CHEMBL205765,CC(=O)Nc1cccc(C#Cc2cncnc2Nc2ccc(OCc3cccc(F)c3)c(Cl)c2)n1,91.0,1,1
CHEMBL381604,Nc1nccc(C#Cc2cncnc2Nc2ccc(OCc3cccc(F)c3)c(Cl)c2)n1,32.0,1,1
CHEMBL205284,Fc1cccc(COc2ccc(Nc3ncncc3C#Cc3cc[nH]n3)cc2Cl)c1,42.0,1,1
CHEMBL207869,Fc1cccc(COc2ccc(Nc3ncncc3C#Cc3ncccn3)cc2Cl)c1,77.0,1,1
CHEMBL205045,Fc1cccc(COc2ccc(Nc3ncncc3C#Cc3ccccn3)cc2Cl)c1,17.0,1,1
CHEMBL438440,Fc1cccc(COc2ccc(Nc3ncncc3C#Cc3cccnc3)cc2Cl)c1,74.0,1,1
CHEMBL206782,COC(=O)CCCC(=O)Nc1cccc(C#Cc2cncnc2Nc2ccc(OCc3cccc(F)c3)c(Cl)c2)c1,31.0,1,1
CHEMBL381080,CS(=O)(=O)CCC(=O)Nc1cccc(C#Cc2cncnc2Nc2ccc(OCc3cccc(F)c3)c(Cl)c2)c1,50.0,1,1
CHEMBL207247,CC(=O)NCc1cccc(C#Cc2cncnc2Nc2ccc(OCc3cccc(F)c3)c(Cl)c2)c1,60.0,1,1
CHEMBL207410,CNC(=O)c1cccc(C#Cc2cncnc2Nc2ccc(OCc3cccc(F)c3)c(Cl)c2)c1,79.0,1,1
CHEMBL208358,CS(=O)(=O)Nc1cccc(C#Cc2cncnc2Nc2ccc(OCc3cccc(F)c3)c(Cl)c2)c1,110.0,1,1
CHEMBL438075,CC(=O)Nc1ccc(C#Cc2cncnc2Nc2ccc(OCc3cccc(F)c3)c(Cl)c2)cc1,25100.0,0,1
CHEMBL205798,CC(=O)Nc1cccc(C#Cc2cncnc2Nc2ccc(OCc3cccc(F)c3)c(Cl)c2)c1,12.0,1,1
CHEMBL205966,Nc1ccc(C#Cc2cncnc2Nc2ccc(OCc3cccc(F)c3)c(Cl)c2)cc1,30.0,1,1
CHEMBL205235,Nc1cccc(C#Cc2cncnc2Nc2ccc(OCc3cccc(F)c3)c(Cl)c2)c1,42.0,1,1
CHEMBL204625,Nc1ccccc1C#Cc1cncnc1Nc1ccc(OCc2cccc(F)c2)c(Cl)c1,63.0,1,1
CHEMBL379093,Fc1cccc(COc2ccc(Nc3ncncc3C#Cc3ccccc3)cc2Cl)c1,79.0,1,1
CHEMBL205870,C#Cc1cncnc1Nc1ccc(OCc2cccc(F)c2)c(Cl)c1,85.0,1,1
CHEMBL205652,Fc1cccc(COc2ccc(Nc3ccncn3)cc2Cl)c1,620.0,1,2
CHEMBL207815,COCCN1CC(C(N)=O)(N(C)Cc2cc3c(Nc4cccc(Cl)c4F)ncnc3cc2OC)C1,6.0,1,1
CHEMBL425601,COc1cc2ncnc(Nc3cccc(Cl)c3F)c2cc1CN(C)C1(C(N)=O)CN(C(C)C)C1,9.0,1,1
CHEMBL207718,COc1cc2ncnc(Nc3cccc(Cl)c3F)c2cc1CN(C)C1(C(N)=O)CN(C)C1,20.0,1,1
CHEMBL383246,COc1cc2ncnc(Nc3cccc(Cl)c3F)c2cc1CN(C)C1(C(N)=O)CCN(C(C)C)CC1,25.0,1,1
CHEMBL207130,COc1cc2ncnc(Nc3cccc(Cl)c3F)c2cc1CN(C)C1(C(N)=O)CCN(C)CC1,9.0,1,1
CHEMBL380889,COc1cc2ncnc(Nc3cccc(Cl)c3F)c2cc1CN(C)[C@@H](CN(C)C)C(N)=O,50.0,1,1
CHEMBL207445,COCC[C@@H](C(N)=O)N(C)Cc1cc2c(Nc3cccc(Cl)c3F)ncnc2cc1OC,10.0,1,1
CHEMBL379905,COC[C@@H](C(N)=O)N(C)Cc1cc2c(Nc3cccc(Cl)c3F)ncnc2cc1OC,30.0,1,1
CHEMBL208286,COc1cc2ncnc(Nc3cccc(Cl)c3F)c2cc1CN(C)[C@@H](CO)C(N)=O,20.0,1,1
CHEMBL376967,COc1cc2ncnc(Nc3cccc(Cl)c3F)c2cc1CN(CCN(C)C)[C@@H](C)C(N)=O,120.0,1,1
CHEMBL382823,COCCN(Cc1cc2c(Nc3cccc(Cl)c3F)ncnc2cc1OC)[C@@H](C)C(N)=O,10.0,1,1
CHEMBL378370,COc1cc2ncnc(Nc3cccc(Cl)c3F)c2cc1CN(C)C1CCNC1=O,20.0,1,1
CHEMBL380006,COc1cc2ncnc(Nc3cccc(Cl)c3F)c2cc1CN(C)[C@H](C)C(=O)N(C)C,40.0,1,1
CHEMBL211003,CNC(=O)[C@@H](C)N(C)Cc1cc2c(Nc3cccc(Cl)c3F)ncnc2cc1OC,30.0,1,1
CHEMBL207687,COc1cc2ncnc(Nc3cccc(Cl)c3F)c2cc1CN(C)[C@@H](C)C(N)=O,8.0,1,1
CHEMBL208118,COc1cc2ncnc(Nc3cccc(Cl)c3F)c2cc1CN(C)[C@H](C)C(N)=O,9.0,1,1
CHEMBL379601,COc1cc2ncnc(Nc3cccc(Cl)c3F)c2cc1CN(C)CC(N)=O,20.0,1,1
CHEMBL380386,COc1cc2ncnc(Nc3cccc(Cl)c3F)c2cc1CN[C@H](C)C(N)=O,150.0,1,1
CHEMBL207037,COc1cc2ncnc(Nc3cccc(Cl)c3F)c2cc1CN1CC(C(N)=O)C1,50.0,1,1
CHEMBL207246,COc1cc2ncnc(Nc3cccc(Cl)c3F)c2cc1CN1CCC1C(N)=O,70.0,1,1
CHEMBL207674,COc1cc2ncnc(Nc3cccc(Cl)c3F)c2cc1CN1CCOCC1C(N)=O,50.0,1,1
CHEMBL206783,COc1cc2ncnc(Nc3cccc(Cl)c3F)c2cc1CN1CCCC[C@@H]1C(N)=O,8.0,1,1
CHEMBL204420,COc1cc2ncnc(Nc3cccc(Cl)c3F)c2cc1CN1CCN(C)CC1C(N)=O,30.0,1,1
CHEMBL377772,COc1cc2ncnc(Nc3cccc(Cl)c3F)c2cc1CN1CCC[C@H]1CC(N)=O,170.0,1,1
CHEMBL380454,COc1cc2ncnc(Nc3cccc(Cl)c3F)c2cc1CN1CC[C@H](C(N)=O)C1,80.0,1,1
CHEMBL382822,COc1cc2ncnc(Nc3cccc(Cl)c3F)c2cc1CN1CCC[C@@H]1C(=O)N(C)C,450.0,1,1
CHEMBL383760,CNC(=O)[C@H]1CCCN1Cc1cc2c(Nc3cccc(Cl)c3F)ncnc2cc1OC,50.0,1,1
CHEMBL207235,COc1cc2ncnc(Nc3cccc(Cl)c3F)c2cc1CN1C[C@H](OC)C[C@@H]1C(N)=O,10.0,1,1
CHEMBL208292,COc1cc2ncnc(Nc3cccc(Cl)c3F)c2cc1CN1CCC[C@@H]1C(N)=O,10.0,1,1
CHEMBL207584,COc1cc2ncnc(Nc3cccc(Cl)c3F)c2cc1CN1CCC[C@H]1C(N)=O,30.0,1,1
CHEMBL382638,COc1cc2ncnc(Nc3ccc(F)c(Cl)c3)c2cc1CN1CCC[C@H]1C(N)=O,20.0,1,1
CHEMBL206955,COc1cc2ncnc(Nc3ccc(F)c(Cl)c3)c2cc1CN1CCC[C@@H]1C(N)=O,6.0,1,1
CHEMBL437885,COc1cc2ncnc(Nc3cccc(Cl)c3F)c2cc1CN1CCCC1,360.0,1,1
CHEMBL210893,CN(C(=O)N(CCCl)N=O)c1ccc2ncnc(Nc3cccc(Br)c3)c2c1,294.0,1,1
CHEMBL210378,CN(C(=O)N(CCCl)N=O)c1ccc2ncnc(Nc3cccc(Cl)c3)c2c1,204.0,1,2
CHEMBL209818,Cc1cccc(Nc2ncnc3ccc(N(C)C(=O)N(CCCl)N=O)cc23)c1,1139.0,0,1
CHEMBL210660,O=NN(CCCl)C(=O)Nc1ccc2ncnc(Nc3cccc(Br)c3)c2c1,47.0,1,1
CHEMBL210659,O=NN(CCCl)C(=O)Nc1ccc2ncnc(Nc3cccc(Cl)c3)c2c1,67.0,1,1
CHEMBL210502,Cc1cccc(Nc2ncnc3ccc(NC(=O)N(CCCl)N=O)cc23)c1,1061.0,0,1
CHEMBL379047,CN(CCCl)C(=O)Nc1ccc2ncnc(Nc3cccc(Br)c3)c2c1,156.0,1,1
CHEMBL208144,CN(CCCl)C(=O)Nc1ccc2ncnc(Nc3cccc(Cl)c3)c2c1,81.0,1,1
CHEMBL208849,Cc1cccc(Nc2ncnc3ccc(NC(=O)N(C)CCCl)cc23)c1,1693.0,0,1
CHEMBL207009,O=C(NCCCl)Nc1ccc2ncnc(Nc3cccc(Br)c3)c2c1,18.0,1,1
CHEMBL210444,O=C(NCCCl)Nc1ccc2ncnc(Nc3cccc(Cl)c3)c2c1,22.0,1,1
CHEMBL208240,Cc1cccc(Nc2ncnc3ccc(NC(=O)NCCCl)cc23)c1,676.0,1,1
CHEMBL209343,CNc1ccc2ncnc(Nc3cccc(Cl)c3)c2c1,4.0,1,1
CHEMBL208594,CNc1ccc2ncnc(Nc3cccc(C)c3)c2c1,11.0,1,1
CHEMBL213560,O=C1NC(=O)N(CCc2ccccc2)/C1=C/c1ccc(O)cc1,9855.0,0,2
CHEMBL212965,[O-][S+]1CCN(Cc2ccc(-c3ccc4ncnc(Nc5ccc(OCc6ccccc6)c(Cl)c5)c4c3)o2)CC1,12.0,1,1
CHEMBL215716,[O-][S+]1CCN(Cc2ccc(-c3ccc4ncnc(Nc5ccc(OCc6ccccc6)c(F)c5)c4c3)o2)CC1,16.0,1,1
CHEMBL212954,[O-][S+]1CCN(Cc2ccc(-c3ccc4ncnc(Nc5ccc(OCc6cccc(F)c6)c(Cl)c5)c4c3)o2)CC1,28.0,1,1
CHEMBL377250,[O-][S+]1CCN(Cc2ccc(-c3ccc4ncnc(Nc5ccc(OCc6cccc(F)c6)c(C(F)(F)F)c5)c4c3)o2)CC1,89.0,1,1
CHEMBL445572,CS(=O)(=O)CCN(Cc1ccccc1)Cc1ccc(-c2ccc3ncnc(Nc4ccc(OCc5cccc(F)c5)c(Cl)c4)c3c2)o1,90.0,1,1
CHEMBL384407,CS(=O)(=O)CCN(CC#N)Cc1ccc(-c2ccc3ncnc(Nc4ccc(OCc5cccc(F)c5)c(Cl)c4)c3c2)o1,27.0,1,1
CHEMBL212251,CCCN(CCS(C)(=O)=O)Cc1ccc(-c2ccc3ncnc(Nc4ccc(OCc5cccc(F)c5)c(Cl)c4)c3c2)o1,85.0,1,1
CHEMBL212201,O=S(=O)(CCCCNCc1ccc(-c2ccc3ncnc(Nc4ccc(OCc5ccccc5)c(Cl)c4)c3c2)o1)c1ccccc1,50.0,1,1
CHEMBL212250,O=S(=O)(CCOCc1ccc(-c2ccc3ncnc(Nc4ccc(OCc5cccc(F)c5)c(Cl)c4)c3c2)o1)c1ccccc1,25.0,1,1
CHEMBL215171,CS(=O)(=O)CCOCc1ccc(-c2ccc3ncnc(Nc4ccc(OCc5cccc(F)c5)c(Cl)c4)c3c2)o1,26.0,1,1
CHEMBL265367,Cn1ccnc1S(=O)(=O)CCNCc1ccc(-c2ccc3ncnc(Nc4ccc(OCc5cccc(F)c5)c(C(F)(F)F)c4)c3c2)o1,17.0,1,1
CHEMBL214023,O=S(=O)(CCNCc1ccc(-c2ccc3ncnc(Nc4ccc(OCc5cccc(F)c5)c(C(F)(F)F)c4)c3c2)o1)c1ccccn1,19.0,1,1
CHEMBL1794063,O=S(=O)(CCNCc1ccc(-c2ccc3ncnc(Nc4ccc(OCc5cccc(F)c5)c(Cl)c4)c3c2)o1)c1ccccc1,19.0,1,1
CHEMBL214487,CC(C)S(=O)(=O)CCNCc1ccc(-c2ccc3ncnc(Nc4ccc(OCc5cccc(F)c5)c(Cl)c4)c3c2)o1,18.0,1,1
CHEMBL383965,CCCS(=O)(=O)CCNCc1ccc(-c2ccc3ncnc(Nc4ccc(OCc5cccc(F)c5)c(Cl)c4)c3c2)o1,21.0,1,1
CHEMBL215814,CS(=O)(=O)CCNCc1ccc(-c2ccc3ncnc(Nc4ccc(OCc5cccc(F)c5)c(C(F)(F)F)c4)c3c2)o1,80.0,1,1
CHEMBL387207,CS(=O)(=O)CCNCc1ccc(-c2ccc3ncnc(Nc4ccc(OCc5ccccc5)c(C(F)(F)F)c4)c3c2)o1,160.0,1,1
CHEMBL215033,COc1cc(Nc2ncnc3ccc(-c4ccc(CNCCS(C)(=O)=O)o4)cc23)ccc1OCc1cccc(F)c1,100.0,1,1
CHEMBL214689,CS(=O)(=O)CCNCc1ccc(-c2ccc3ncnc(Nc4ccc(OCc5ccccc5)c(Br)c4)c3c2)o1,25.0,1,1
CHEMBL380247,CS(=O)(=O)CCNCc1ccc(-c2ccc3ncnc(Nc4ccc(OCc5ccccc5)c(Cl)c4)c3c2)o1,18.0,1,1
CHEMBL214419,CS(=O)(=O)CCNCc1ccc(-c2ccc3ncnc(Nc4ccc(OCc5cccc(C(F)(F)F)c5)cc4)c3c2)o1,91.0,1,1
CHEMBL384711,CS(=O)(=O)CCNCc1ccc(-c2ccc3ncnc(Nc4ccc(OCc5cccc(Br)c5)cc4)c3c2)o1,43.0,1,1
CHEMBL213818,CS(=O)(=O)CCNCc1ccc(-c2ccc3ncnc(Nc4ccc(OCc5cccc(F)c5)cc4)c3c2)o1,24.0,1,1
CHEMBL213342,CS(=O)(=O)CCNCc1ccc(-c2ccc3ncnc(Nc4ccc(OCc5ccccc5)cc4)c3c2)o1,27.0,1,1
CHEMBL385479,COc1cc2ncnc(Nc3cccc(Cl)c3F)c2cc1OCCCN1CCOCC1,18.0,1,1
CHEMBL384699,COc1cc2ncnc(Nc3cc(Cl)ccc3F)c2cc1OCCCN1CCOCC1,51.0,1,1
CHEMBL213874,COc1cc2ncnc(Nc3cccc(Cl)c3F)c2cc1OCC1CCN(C)CC1,2.0,1,1
CHEMBL214631,COc1cc2ncnc(Nc3cc(Cl)ccc3F)c2cc1OC1CCN(C)CC1,106.0,1,1
CHEMBL385471,COc1cc2ncnc(Nc3cc(Cl)ccc3F)c2cc1OCC1CCN(C)CC1,9.0,1,1
CHEMBL276154,COc1cc2ncnc(Nc3ccc(F)c(Cl)c3)c2cc1OC1CCN(C)CC1,10.0,1,1
CHEMBL215786,COc1cc2ncnc(Nc3ccc(F)c(Cl)c3)c2cc1OCC1CCN(C)CC1,3.0,1,1
CHEMBL214798,COc1cc2ncnc(Nc3cccc(Cl)c3F)c2cc1OC1CCN(C)CC1,2.0,1,1
CHEMBL213007,COc1cc2ncnc(Nc3cc(Cl)ccc3F)c2cc1OC1CCN(S(C)(=O)=O)CC1,1.0,1,1
CHEMBL214478,COc1cc2ncnc(Nc3cc(Cl)ccc3F)c2cc1OC1CCN(CC(N)=O)CC1,9.0,1,1
CHEMBL215559,COCCN1CCC(Oc2cc3c(Nc4cc(Cl)ccc4F)ncnc3cc2OC)CC1,114.0,1,1
CHEMBL387265,COc1cc2ncnc(Nc3cccc(Cl)c3F)c2cc1OC1CCN(S(C)(=O)=O)CC1,2.0,1,1
CHEMBL218677,COc1cc2ncnc(Nc3cccc(Cl)c3F)c2cc1OC1CCN(CC(N)=O)CC1,2.0,1,1
CHEMBL214857,COCCN1CCC(Oc2cc3c(Nc4cccc(Cl)c4F)ncnc3cc2OC)CC1,3.0,1,1
CHEMBL217536,O=C(Nc1ccc2ncnc(Nc3cccc(Br)c3)c2c1)C1CCSS1,60.0,1,1
CHEMBL364623,Cc1cc(Nc2ncc(C(=O)Nc3c(C)cccc3Cl)s2)nc(C)n1,5200.0,0,1
CHEMBL5416410,Cc1nc(Nc2ncc(C(=O)Nc3c(C)cccc3Cl)s2)cc(N2CCN(CCO)CC2)n1.O,180.0,1,5
CHEMBL217090,Clc1ccc2c(c1Nc1ncnc3cc(OCCCN4CCCC4)cc(OC4CCOCC4)c13)OCO2,900.0,1,1
CHEMBL217092,CN1CCN(CCOc2cc(OC3CCOCC3)c3c(Nc4c(Cl)ccc5c4OCO5)ncnc3c2)CC1,2590.0,0,4
CHEMBL201511,COc1cc(C2=C(c3c[nH]c4ccccc34)C(=O)NC2=O)cc(OC)c1OC,16000.0,0,3
CHEMBL387187,O=C(Nc1cccc(Nc2cc(Nc3cccc(C(F)(F)F)c3)ncn2)c1)C1CC1,21.0,1,4
CHEMBL219557,COc1cc(Nc2c(C#N)cnc3cc(-c4coc(CN5CCN(C)CC5)c4)c(OC)cc23)c(Cl)cc1Cl,230.0,1,1
CHEMBL436137,Cc1cccc(C)c1-c1cc(C)c2nc(Nc3ccc(OCCN4CCCC4)cc3)nnc2c1,965.0,1,1
CHEMBL373882,CNc1ncnc(-c2cccnc2Oc2ccc(F)c(C(=O)Nc3cc(C(F)(F)F)ccc3N(C)CCCN(C)C)c2)n1,25000.0,0,1
CHEMBL1204261,CCOc1cc2ncnc(Nc3cccc(F)c3)c2cc1OCC.Cl,8.17,1,1
CHEMBL1203934,COc1cc2ncnc(Nc3ccc(F)cc3)c2cc1OC.Cl,51.0,1,1
CHEMBL1204360,COc1cc2ncnc(Nc3ccccc3F)c2cc1OC.Cl,32.2,1,1
CHEMBL1203940,CCOc1cc2ncnc(Nc3ccc(F)cc3)c2cc1OCC.Cl,16.0,1,1
CHEMBL1203939,CCOc1cc2ncnc(Nc3ccccc3F)c2cc1OCC.Cl,9.31,1,1
CHEMBL1203938,COc1cc2ncnc(NCc3ccc(F)cc3)c2cc1OC.Cl,47.7,1,1
CHEMBL1203937,CCOc1cc2ncnc(NCc3ccc(F)cc3)c2cc1OCC.Cl,17.0,1,1
CHEMBL1203936,COc1cc2ncnc(Nc3cc(F)cc(C(F)(F)F)c3)c2cc1OC.Cl,20.0,1,1
CHEMBL1203935,CCOc1cc2ncnc(Nc3cc(F)cc(C(F)(F)F)c3)c2cc1OCC.Cl,8.95,1,1
CHEMBL1204305,COc1cc2ncnc(Nc3cccc(I)c3)c2cc1OC.Cl,1.05,1,1
CHEMBL1204168,COc1cc2ncnc(Nc3cccc(Br)c3)c2cc1OC.Cl,0.66,1,1
CHEMBL1204262,CCOc1cc2ncnc(Nc3cccc(I)c3)c2cc1OCC.Cl,0.64,1,1
CHEMBL1204199,CCOc1cc2ncnc(Nc3cccc(Br)c3)c2cc1OCC.Cl,0.41,1,1
CHEMBL2447950,CCOc1cc2ncnc(Nc3cccc(Cl)c3)c2cc1OCC.Cl,0.38,1,1
CHEMBL534948,Cc1cccc(C)c1Nc1ncc(-c2ccc(OCC3CCCN(C)C3)cc2)n2cncc12.Cl,2730.0,0,1
CHEMBL225721,COc1ccc(N(CCN/N=N/c2ccc3ncnc(Nc4cccc(Cl)c4)c3c2)CC(C)Cl)cc1,970.0,1,1
CHEMBL225720,CN(C)CCN/N=N/c1ccc2ncnc(Nc3cccc(Cl)c3)c2c1,37.0,1,1
CHEMBL225930,ClCCN(CCN/N=N/c1ccc2ncnc(Nc3cccc(Cl)c3)c2c1)c1ccc(Cl)cc1,2200.0,0,1
CHEMBL388286,COc1ccc(N(CCCl)CCN/N=N/c2ccc3ncnc(Nc4cccc(Cl)c4)c3c2)cc1,3960.0,0,1
CHEMBL225929,ClCCN(CCN/N=N/c1ccc2ncnc(Nc3cccc(Cl)c3)c2c1)Cc1ccccc1,71.0,1,1
CHEMBL225928,CN(CCCl)CCN/N=N/c1ccc2ncnc(Nc3cccc(Cl)c3)c2c1,4.4,1,1
CHEMBL242349,COCCOc1cc2ncnc(NC3=CC(=O)C(OCc4cccc(OC)c4)=CC3=O)c2cc1OC,7710.0,0,1
CHEMBL101253,Clc1ccc(Nc2nnc(Cc3ccncc3)c3ccccc23)cc1,457.7,1,1
CHEMBL241919,CCOc1cc2ncnc(NC3=CC(=O)C(OCc4cccc(C)c4)=CC3=O)c2cc1NC(=O)/C=C/CN(C)C,99.0,1,2
CHEMBL241918,CCOc1cc2ncnc(NC3=CC(=O)C(OCc4cccc(OC)c4)=CC3=O)c2cc1NC(=O)/C=C/CN(C)C,227.1,1,2
CHEMBL243839,CCOc1cc2ncnc(NC3=CC(=O)C(OCc4cccs4)=CC3=O)c2cc1NC(=O)/C=C/CN(C)C,171.35,1,2
CHEMBL243837,CCOc1cc2ncnc(NC3=CC(=O)C(OCc4cccc(Cl)c4)=CC3=O)c2cc1NC(=O)/C=C/CN(C)C,23.9,1,2
CHEMBL398154,CCOc1cc2ncnc(NC3=CC(=O)C(OCc4ccccn4)=CC3=O)c2cc1NC(=O)/C=C/CN(C)C,441.34999999999997,1,2
CHEMBL243629,CCOc1cc2ncnc(NC3=CC(=O)C(OCc4ccccc4)=CC3=O)c2cc1NC(=O)/C=C/CN(C)C,117.44999999999999,1,2
CHEMBL243628,CCOc1cc2ncnc(NC3=CC(=O)C(OCc4ccc(F)c(F)c4)=CC3=O)c2cc1NC(=O)/C=C/CN(C)C,530.5,1,2
CHEMBL428741,CCOc1cc2ncnc(NC3=CC(=O)C(OCc4cccc(F)c4)=CC3=O)c2cc1NC(=O)/C=C/CN(C)C,23.6,1,2
CHEMBL243410,CCOc1cc2ncnc(NC3=CC(=O)C(OC(CF)CF)=CC3=O)c2cc1NC(=O)/C=C/CN(C)C,1186.15,0,2
CHEMBL428039,CCOc1cc2ncnc(NC3=CC(=O)C(OC)=CC3=O)c2cc1NC(=O)/C=C/CN(C)C,799.3,1,1
CHEMBL180022,CCOc1cc2ncc(C#N)c(Nc3ccc(OCc4ccccn4)c(Cl)c3)c2cc1NC(=O)/C=C/CN(C)C,41.0,1,29
CHEMBL242131,CN(C)C/C=C/C(=O)Nc1ccc2ncnc(Nc3ccc(Br)cc3F)c2c1,704.0,1,1
CHEMBL427671,Cc1ccn2ncnc(Nc3ccc4c(cnn4Cc4cccc(F)c4)c3)c12,81.0,1,2
CHEMBL398793,CC1CNCCN(Cc2ccn3ncnc(Nc4ccc5c(cnn5Cc5cccc(F)c5)c4)c23)C1,130.0,1,1
CHEMBL392774,COC1CNCCN(Cc2ccn3ncnc(Nc4ccc5c(cnn5Cc5cccc(F)c5)c4)c23)C1,190.0,1,1
CHEMBL234580,O=C1CNCCN(Cc2ccn3ncnc(Nc4ccc5c(cnn5Cc5cccc(F)c5)c4)c23)C1,780.0,1,1
CHEMBL393787,O[C@@H]1CNCCN(Cc2ccn3ncnc(Nc4ccc5c(cnn5Cc5cccc(F)c5)c4)c23)C1,200.0,1,1
CHEMBL233325,O[C@H]1CNCCN(Cc2ccn3ncnc(Nc4ccc5c(cnn5Cc5cccc(F)c5)c4)c23)C1,26.0,1,1
CHEMBL233324,O=C1CCN(Cc2ccn3ncnc(Nc4ccc5c(cnn5Cc5cccc(F)c5)c4)c23)CCN1,240.0,1,1
CHEMBL400413,CS(=O)(=O)N1CCCN(Cc2ccn3ncnc(Nc4ccc5c(cnn5Cc5cccc(F)c5)c4)c23)CC1,210.0,1,1
CHEMBL234577,CN1CCCN(Cc2ccn3ncnc(Nc4ccc5c(cnn5Cc5cccc(F)c5)c4)c23)CC1,130.0,1,1
CHEMBL392273,Fc1cccc(Cn2ncc3cc(Nc4ncnn5ccc(CN6CCCNCC6)c45)ccc32)c1,33.0,1,2
CHEMBL231885,CC(=O)N1CCN(Cc2ccn3ncnc(Nc4ccc5c(cnn5Cc5cccc(F)c5)c4)c23)CC1,710.0,1,1
CHEMBL265629,O=C1CN(Cc2ccn3ncnc(Nc4ccc5c(cnn5Cc5cccc(F)c5)c4)c23)CCN1,350.0,1,1
CHEMBL232082,CN1CCN(Cc2ccn3ncnc(Nc4ccc5c(cnn5Cc5cccc(F)c5)c4)c23)CC1,170.0,1,1
CHEMBL231875,Fc1cccc(Cn2ncc3cc(Nc4ncnn5ccc(CN6CCNCC6)c45)ccc32)c1,90.0,1,1
CHEMBL398388,NC(=O)C1CCN(Cc2ccn3ncnc(Nc4ccc5c(cnn5Cc5cccc(F)c5)c4)c23)CC1,140.0,1,1
CHEMBL231663,COC(=O)C1CCN(Cc2ccn3ncnc(Nc4ccc5c(cnn5Cc5cccc(F)c5)c4)c23)CC1,1000.0,1,1
CHEMBL234772,O=C(O)C1CCN(Cc2ccn3ncnc(Nc4ccc5c(cnn5Cc5cccc(F)c5)c4)c23)CC1,220.0,1,1
CHEMBL401443,OC1CCN(Cc2ccn3ncnc(Nc4ccc5c(cnn5Cc5cccc(F)c5)c4)c23)CC1,68.0,1,1
CHEMBL391675,Fc1cccc(Cn2ncc3cc(Nc4ncnn5ccc(CN6CCCC6)c45)ccc32)c1,500.0,1,1
CHEMBL391521,CN(CCO)Cc1ccn2ncnc(Nc3ccc4c(cnn4Cc4cccc(F)c4)c3)c12,110.0,1,1
CHEMBL391321,OCCNCc1ccn2ncnc(Nc3ccc4c(cnn4Cc4cccc(F)c4)c3)c12,45.0,1,1
CHEMBL220037,N#Cc1cnc2ccc(NCc3c[nH]cn3)cc2c1Nc1ccc(F)c(Cl)c1,30.0,1,2
CHEMBL391738,COc1cc(Nc2c(C#N)cnc3cc(C#CCCN4CCN(C)CC4)c(OC)cc23)c(Cl)cc1Cl,720.0,1,1
CHEMBL394463,Cc1ccn2ncnc(Nc3ccc4c(cnn4Cc4cccnc4)c3)c12,1800.0,0,1
CHEMBL394462,Cc1ccn2ncnc(Nc3ccc4c(cnn4Cc4ccccn4)c3)c12,200.0,1,1
CHEMBL429827,Cc1ccn2ncnc(Nc3ccc4c(cnn4Cc4ccccc4)c3)c12,86.0,1,1
CHEMBL247101,Cc1ccn2ncnc(Nc3ccc(OCc4cccc(F)c4)c(Cl)c3)c12,250.0,1,1
CHEMBL247100,Cc1ccn2ncnc(Nc3ccc4[nH]ncc4c3)c12,210.0,1,1
CHEMBL246276,OCc1ccn2ncnc(Nc3ccc4c(cnn4Cc4cccc(F)c4)c3)c12,120.0,1,1
CHEMBL395591,Fc1cccc(Cn2ncc3cc(Nc4ncnn5ccc(COCC6CNCCOC6)c45)ccc32)c1,210.0,1,1
CHEMBL246492,Fc1cccc(Cn2ncc3cc(Nc4ncnn5ccc(COC[C@@H]6COCCN6)c45)ccc32)c1,640.0,1,1
CHEMBL428046,Fc1cccc(Cn2ncc3cc(Nc4ncnn5ccc(COC[C@H]6CNCCO6)c45)ccc32)c1,83.0,1,1
CHEMBL246284,Fc1cccc(Cn2ncc3cc(Nc4ncnn5ccc(COC[C@@H]6CNCCO6)c45)ccc32)c1,61.0,1,3
CHEMBL246073,Fc1cccc(Cn2ncc3cc(Nc4ncnn5ccc(COC[C@H]6CCCNC6)c45)ccc32)c1,190.0,1,1
CHEMBL246072,Fc1cccc(Cn2ncc3cc(Nc4ncnn5ccc(COCC6CCNCC6)c45)ccc32)c1,130.0,1,1
CHEMBL245869,Fc1cccc(Cn2ncc3cc(Nc4ncnn5ccc(COC6CCNCC6)c45)ccc32)c1,73.0,1,1
CHEMBL245868,CN(C)CCCOCc1ccn2ncnc(Nc3ccc4c(cnn4Cc4cccc(F)c4)c3)c12,620.0,1,1
CHEMBL245867,NCCCCOCc1ccn2ncnc(Nc3ccc4c(cnn4Cc4cccc(F)c4)c3)c12,160.0,1,1
CHEMBL245667,NCCCOCc1ccn2ncnc(Nc3ccc4c(cnn4Cc4cccc(F)c4)c3)c12,64.0,1,1
CHEMBL394333,NCCOCc1ccn2ncnc(Nc3ccc4c(cnn4Cc4cccc(F)c4)c3)c12,90.0,1,1
CHEMBL246694,NC(=O)COCc1ccn2ncnc(Nc3ccc4c(cnn4Cc4cccc(F)c4)c3)c12,140.0,1,1
CHEMBL246491,COC(=O)COCc1ccn2ncnc(Nc3ccc4c(cnn4Cc4cccc(F)c4)c3)c12,460.0,1,1
CHEMBL394057,O=C(O)COCc1ccn2ncnc(Nc3ccc4c(cnn4Cc4cccc(F)c4)c3)c12,30.0,1,1
CHEMBL246489,COCCOCc1ccn2ncnc(Nc3ccc4c(cnn4Cc4cccc(F)c4)c3)c12,490.0,1,1
CHEMBL394056,COCc1ccn2ncnc(Nc3ccc4c(cnn4Cc4cccc(F)c4)c3)c12,340.0,1,1
CHEMBL246493,Fc1cccc(COc2ccc(Nc3ncnn4ccc(COC[C@@H]5CNCCO5)c34)cc2Cl)c1,565.0,1,2
CHEMBL397122,C[C@@H](c1cccc(F)c1)n1ncc2cc(Nc3ncnn4ccc(COC[C@@H]5CNCCO5)c34)ccc21,400.0,1,1
CHEMBL245278,C[C@H](c1cccc(F)c1)n1ncc2cc(Nc3ncnn4ccc(COC[C@@H]5CNCCO5)c34)ccc21,68.0,1,1
CHEMBL245277,C[C@@H](c1ccccc1)n1ncc2cc(Nc3ncnn4ccc(COC[C@@H]5CNCCO5)c34)ccc21,690.0,1,1
CHEMBL394495,C[C@H](c1ccccc1)n1ncc2cc(Nc3ncnn4ccc(COC[C@@H]5CNCCO5)c34)ccc21,120.0,1,1
CHEMBL247127,c1cncc(Cn2ncc3cc(Nc4ncnn5ccc(COC[C@@H]6CNCCO6)c45)ccc32)c1,810.0,1,1
CHEMBL396079,c1ccc(Cn2ncc3cc(Nc4ncnn5ccc(COC[C@@H]6CNCCO6)c45)ccc32)nc1,500.0,1,1
CHEMBL395883,COc1cn2ncnc(Nc3ccc4c(cnn4Cc4cccc(F)c4)c3)c2c1COC[C@@H]1CNCCO1,430.0,1,2
CHEMBL247228,Nc1ncnc2occ(-c3ccc(NC(=O)Nc4cc(C(F)(F)F)ccc4F)cc3)c12,10000.0,0,1
CHEMBL247468,c1ccc(-c2c(-c3ccc(OCCN4CCCC4)cc3)oc3ncnc(NCCN4CCNCC4)c23)cc1,397.0,1,1
CHEMBL247866,CC(C)Nc1ncnc2oc(-c3ccc(OCCN4CCCC4)cc3)c(-c3ccccc3)c12,1029.0,0,1
CHEMBL246356,CNc1ncnc(-c2cccnc2Oc2cc(NC(=O)c3cccc(OC(F)(F)C(F)F)c3)ccc2C)n1,25000.0,0,1
CHEMBL248322,NC1CCN(Cc2ccn3ncnc(Nc4ccc(OCc5cccc[n+]5[O-])c(Cl)c4)c23)CC1,70.0,1,1
CHEMBL248321,NC1CCN(Cc2ccn3ncnc(Nc4ccc(OCc5cnccn5)c(Cl)c4)c23)CC1,32.0,1,1
CHEMBL248116,NC1CCN(Cc2ccn3ncnc(Nc4ccc(OCc5ccccn5)c(Cl)c4)c23)CC1,36.0,1,1
CHEMBL248115,Cc1cncc(COc2ccc(Nc3ncnn4ccc(CN5CCC(N)CC5)c34)cc2Cl)c1,85.0,1,1
CHEMBL391387,NC1CCN(Cc2ccn3ncnc(Nc4ccc(OCc5cccnc5)c(Cl)c4)c23)CC1,150.0,1,1
CHEMBL248114,Cc1cncc(Cn2ncc3cc(Nc4ncnn5ccc(CN6CCC(N)CC6)c45)ccc32)c1,19.0,1,1
CHEMBL247916,NC1CCN(Cc2ccn3ncnc(Nc4ccc5c(cnn5Cc5ccncc5)c4)c23)CC1,530.0,1,1
CHEMBL247915,NC1CCN(Cc2ccn3ncnc(Nc4ccc5c(cnn5Cc5cccnc5)c4)c23)CC1,190.0,1,1
CHEMBL247914,NC1CCN(Cc2ccn3ncnc(Nc4ccc5c(cnn5Cc5ccccn5)c4)c23)CC1,47.0,1,1
CHEMBL391181,COc1cn2ncnc(Nc3ccc4c(cnn4Cc4cccc(F)c4)c3)c2c1CN1CCC(N)CC1,40.0,1,1
CHEMBL247711,COc1cn2ncnc(Nc3ccc4c(cnn4Cc4cccc(F)c4)c3)c2c1CN1CCCNCC1,190.0,1,1
CHEMBL247710,NC1CCN(Cc2ccn3ncnc(Nc4ccc(OCc5cccc(F)c5)c(Cl)c4)c23)CC1,38.0,1,1
CHEMBL247709,Fc1cccc(COc2ccc(Nc3ncnn4ccc(CN5CCCNCC5)c34)cc2Cl)c1,48.0,1,1
CHEMBL393264,CC1(N)CCN(Cc2ccn3ncnc(Nc4ccc5c(cnn5Cc5cccc(F)c5)c4)c23)CC1,50.0,1,1
CHEMBL247513,O=C(CO)NC1CCN(Cc2ccn3ncnc(Nc4ccc5c(cnn5Cc5cccc(F)c5)c4)c23)CC1,110.0,1,1
CHEMBL247512,CC(=O)NC1CCN(Cc2ccn3ncnc(Nc4ccc5c(cnn5Cc5cccc(F)c5)c4)c23)CC1,380.0,1,1
CHEMBL247309,CN(C)C1CCN(Cc2ccn3ncnc(Nc4ccc5c(cnn5Cc5cccc(F)c5)c4)c23)CC1,100.0,1,1
CHEMBL246898,CS(=O)(=O)CCNC1CCN(Cc2ccn3ncnc(Nc4ccc5c(cnn5Cc5cccc(F)c5)c4)c23)CC1,200.0,1,1
CHEMBL247104,OCCNC1CCN(Cc2ccn3ncnc(Nc4ccc5c(cnn5Cc5cccc(F)c5)c4)c23)CC1,48.0,1,1
CHEMBL391779,CNC1CCN(Cc2ccn3ncnc(Nc4ccc5c(cnn5Cc5cccc(F)c5)c4)c23)CC1,63.0,1,1
CHEMBL391778,NCC1CCN(Cc2ccn3ncnc(Nc4ccc5c(cnn5Cc5cccc(F)c5)c4)c23)CC1,35.0,1,1
CHEMBL246687,N[C@H]1CCN(Cc2ccn3ncnc(Nc4ccc5c(cnn5Cc5cccc(F)c5)c4)c23)C1,50.0,1,1
CHEMBL393848,N[C@@H]1CCN(Cc2ccn3ncnc(Nc4ccc5c(cnn5Cc5cccc(F)c5)c4)c23)C1,60.0,1,1
CHEMBL392664,Fc1cccc(Cn2ncc3cc(Nc4ncnn5ccc(CNC6CCNCC6)c45)ccc32)c1,110.0,1,1
CHEMBL248108,NC1CCN(Cc2ccn3ncnc(Nc4ccc5c(cnn5Cc5cccc(F)c5)c4)c23)CC1,35.0,1,2
CHEMBL248044,COc1cc2ncc(C#N)c(N[C@@H]3C[C@H]3c3ccccc3)c2cc1OC,90.0,1,1
CHEMBL399438,N#Cc1cnc2cc(-c3ccc(CN4CCOCC4)cc3)ccc2c1N[C@@H]1C[C@H]1c1ccccc1,234.0,1,1
CHEMBL247024,N#Cc1cnc2ccc(-c3ccc(CN4CCOCC4)cc3)cc2c1N[C@@H]1C[C@H]1c1ccccc1,2530.0,0,1
CHEMBL245800,N#Cc1cnc2ccc(-c3ccc(CN)cc3)cc2c1N[C@@H]1C[C@H]1c1ccccc1,2100.0,0,1
CHEMBL245799,N#Cc1cnc2ccc(-c3cccc(CN4CCOCC4)c3)cc2c1N[C@@H]1C[C@H]1c1ccccc1,5260.0,0,1
CHEMBL245798,COc1cc2c(N[C@@H]3C[C@H]3c3ccccc3)c(C#N)cnc2cc1OC1CCN(C)CC1,360.0,1,1
CHEMBL248393,COc1cc2c(N[C@@H]3C[C@H]3c3ccccc3)c(C#N)cnc2cc1OCCCN1CCN(C)CC1,5.7,1,1
CHEMBL248392,COc1cc2c(N[C@@H]3C[C@H]3c3ccccc3)c(C#N)cnc2cc1OCCCN1CCOCC1,5.0,1,2
CHEMBL401251,COCCOc1cc2ncc(C#N)c(N[C@@H]3C[C@H]3c3ccccc3)c2cc1OC,52.8,1,1
CHEMBL248391,COc1cc2c(N[C@@H]3C[C@H]3c3ccccc3)c(C#N)cnc2cc1OCCCc1cccnc1,173.0,1,1
CHEMBL248222,COc1cc2ncc(C#N)c(N[C@@H]3C[C@H]3c3ccccc3)c2cc1OCCCc1cccnc1,68.0,1,1
CHEMBL401054,COc1cc2ncc(C#N)c(N[C@@H]3C[C@H]3c3ccccc3)c2cc1OCCN1CCOCC1,405.0,1,1
CHEMBL248220,COc1cc2ncc(C#N)c(N[C@@H]3C[C@H]3c3ccccc3)c2cc1OCc1ccccc1,1610.0,0,1
CHEMBL401644,COc1ccc2ncc(C#N)c(N[C@@H]3C[C@H]3c3ccccc3)c2c1,8270.0,0,1
CHEMBL248045,COc1ccc2c(N[C@@H]3C[C@H]3c3ccccc3)c(C#N)cnc2c1,2580.0,0,1
CHEMBL250315,COc1cc2ncnc(C#Cc3ccccc3)c2cc1OC,5600.0,0,1
CHEMBL251315,CCOc1cc2ncnc(C#C[C@](C)(Cc3ccccc3)N3CCC(C(=O)O)CC3)c2cc1OCC,662.0,1,1
CHEMBL399373,CCOc1cc2ncnc(C#C[C@@](C)(Cc3ccccc3)N3CCC(C(=O)O)CC3)c2cc1OCC,4.2,1,1
CHEMBL251314,CCOc1cc2ncnc(C#CC(C)(Cc3ccccc3)N3CCC(C(=O)O)CC3)c2cc1OCC,11.7,1,1
CHEMBL251125,CCOc1cc2ncnc(C#Cc3c[nH]nc3-c3ccc(F)cc3)c2cc1OCC,1.8,1,1
CHEMBL399372,CCOc1cc2ncnc(C#Cc3nccn3-c3ccccc3)c2cc1OCC,12.0,1,1
CHEMBL251124,CCOc1cc2ncnc(C#Cc3[nH]ccc3-c3ccccc3)c2cc1OCC,10.0,1,1
CHEMBL251123,CCOc1cc2ncnc(/C=C/CCCc3ccccc3)c2cc1OCC,140.0,1,1
CHEMBL399371,CCOc1cc2ncnc(/C=C/CCc3ccccc3)c2cc1OCC,5.0,1,1
CHEMBL250925,CCOc1cc2ncnc(/C=C/c3ccccc3)c2cc1OCC,15.0,1,1
CHEMBL250924,COc1cc2ncnc(C#Cc3ccccc3-c3ccccc3)c2cc1OC,26.0,1,1
CHEMBL250923,COc1cc2ncnc(/C=C/CCc3ccccc3)c2cc1OC,4.0,1,1
CHEMBL3085381,CCN(CC)[C@@](C)(CCc1ncnc2cc(OC)c(OC)cc12)Cc1ccccc1,130.0,1,1
CHEMBL3085380,CCN(CC)[C@@](C)(C#Cc1ncnc2cc(OC)c(OC)cc12)CC1CCCCC1,1100.0,0,1
CHEMBL3085379,CCN(CC)[C@@](C)(C#Cc1ncnc2cc(OC)c(OC)cc12)Cc1ccncc1,200.0,1,1
CHEMBL3085378,CCN(CC)[C@@](C)(C#Cc1ncnc2cc(OC)c(OC)cc12)CCc1ccccc1,1200.0,0,1
CHEMBL3085377,CCN(CC)[C@@](C)(C#Cc1ncnc2cc(OC)c(OC)cc12)c1ccccc1,7300.0,0,1
CHEMBL3085376,CCN(CC)[C@@](C)(C#Cc1ncnc2cc(OC)c(OC)cc12)Cc1ccccc1,3.0,1,1
CHEMBL3085375,COc1cc2ncnc(C#C[C@@](C)(Cc3ccccc3)N3CCC(C(=O)O)CC3)c2cc1OC,33.0,1,1
CHEMBL3085374,COc1cc2ncnc(C#C[C@](C)(O)Cc3ccccc3)c2cc1OC,9.0,1,1
CHEMBL250524,COc1cc2ncnc(C#CC(C)(C)N(C)c3ccccc3)c2cc1OC,80.0,1,1
CHEMBL399953,COc1cc2ncnc(C#CC(C)(C)Cc3ccccc3)c2cc1OC,13.0,1,1
CHEMBL250523,COc1cc2ncnc(C#CCOc3ccccc3)c2cc1OC,15.0,1,1
CHEMBL250318,COc1cc2ncnc(C#CCCc3ccccc3)c2cc1OC,14.0,1,2
CHEMBL249927,O=C(CO)N1CCC[C@@H]1COc1cccc2ncnc(Nc3ccc(OCc4ccccn4)c(Cl)c3)c12,97.0,1,1
CHEMBL413987,C[C@@H](CN(C)C(=O)CO)Oc1cccc2ncnc(Nc3ccc(OCc4ccccn4)c(Cl)c3)c12,191.0,1,1
CHEMBL250132,C[C@H](CN(C)C(=O)CO)Oc1cccc2ncnc(Nc3ccc(OCc4ccccn4)c(Cl)c3)c12,2.0,1,1
CHEMBL403785,C[C@@H](COc1cccc2ncnc(Nc3ccc(OCc4ccccn4)c(Cl)c3)c12)N(C)C(=O)CO,2580.0,0,1
CHEMBL250130,C[C@H](COc1cccc2ncnc(Nc3ccc(OCc4ccccn4)c(Cl)c3)c12)N(C)C(=O)CO,3.0,1,1
CHEMBL249928,CN(CCOc1cccc2ncnc(Nc3ccc(OCc4ccccn4)c(Cl)c3)c12)C(=O)CO,35.0,1,1
CHEMBL403569,O=C(CO)N1CCC[C@H]1COc1cccc2ncnc(Nc3ccc(OCc4ccccn4)c(Cl)c3)c12,327.0,1,1
CHEMBL248864,COc1cc2ncnc(Nc3cccc(C#CC(C)(C)O)c3)c2cc1OC,205.8,1,1
CHEMBL437197,COc1cc2ncnc(Nc3cccc(C#CCCCO)c3)c2cc1OC,1362.6,0,1
CHEMBL248674,COc1cc2ncnc(Nc3cccc(C#CCCO)c3)c2cc1OC,402.1,1,1
CHEMBL399736,COc1cc2ncnc(Nc3cccc(C#CCO)c3)c2cc1OC,1643.6,0,1
CHEMBL399735,COc1cc2ncnc(Nc3cccc(C#Cc4ccccc4)c3)c2cc1OC,921.0,1,1
CHEMBL304929,C#Cc1cccc(Nc2ncnc3cc(OC)c(OC)cc23)c1,28.8,1,3
CHEMBL251700,Fc1ccc(Nc2ncnc3ccc(C#CCN4CCCCC4)cc23)cc1Cl,88.7,1,1
CHEMBL251498,Fc1ccc(Nc2ncnc3ccc(C#CCN4CCOCC4)cc23)cc1Cl,50.3,1,1
CHEMBL251497,CC(C)(O)C#Cc1ccc2ncnc(Nc3ccc(F)c(Cl)c3)c2c1,151.5,1,1
CHEMBL399928,CC(O)C#Cc1ccc2ncnc(Nc3ccc(F)c(Cl)c3)c2c1,94.5,1,1
CHEMBL251291,OCCCC#Cc1ccc2ncnc(Nc3ccc(F)c(Cl)c3)c2c1,114.2,1,1
CHEMBL249921,OCCC#Cc1ccc2ncnc(Nc3ccc(F)c(Cl)c3)c2c1,185.8,1,1
CHEMBL249919,OCC#Cc1ccc2ncnc(Nc3ccc(F)c(Cl)c3)c2c1,14.1,1,1
CHEMBL398963,Fc1ccc(Nc2ncnc3ccc(C#Cc4cccs4)cc23)cc1Cl,1640.6,0,1
CHEMBL249511,Fc1ccc(Nc2ncnc3ccc(C#Cc4ccccc4)cc23)cc1Cl,331.0,1,1
CHEMBL249509,C#Cc1ccc2ncnc(Nc3ccc(F)c(Cl)c3)c2c1,126.9,1,1
CHEMBL253292,CCN(CC)CCOc1ccc(Nc2cc(NC(=O)Nc3c(Cl)cccc3Cl)ncn2)cc1,380.0,1,1
CHEMBL402011,C[C@@H](Oc1cccc2ncnc(Nc3ccc4c(cnn4Cc4ccccn4)c3)c12)C(=O)N(C)C,180.0,1,1
CHEMBL257411,C[C@@H](Oc1cccc2ncnc(Nc3ccc4c(cnn4Cc4nccs4)c3)c12)C(=O)N1CCOCC1,366.0,1,1
CHEMBL428777,C[C@@H](Oc1cccc2ncnc(Nc3ccc(OCc4ccccn4)c(Cl)c3)c12)C(=O)N(C)C,22.0,1,1
CHEMBL256362,Cc1ccc(Oc2ccc(Nc3ncnc4cccc(O[C@H](C)C(=O)N(C)C)c34)cc2C)cn1,1100.0,0,1
CHEMBL257478,Cc1ccc(Oc2ccc(Nc3ncnc4cccc(O[C@H](C)C(=O)N(C)CCO)c34)cc2C)cn1,2000.0,0,1
CHEMBL272935,CN1CCN(CCCOc2n[nH]c3ncnc(Nc4ccc(OCc5ccccn5)c(Cl)c4)c23)CC1,14.0,1,1
CHEMBL257860,OC1CCN(CCCOc2n[nH]c3ncnc(Nc4ccc(OCc5ccccn5)c(Cl)c4)c23)CC1,9.0,1,1
CHEMBL257859,Clc1cc(Nc2ncnc3[nH]nc(OCCCN4CCOCC4)c23)ccc1OCc1ccccn1,16.0,1,1
CHEMBL257861,OCCOc1n[nH]c2ncnc(Nc3ccc(OCc4ccccn4)c(Cl)c3)c12,16.0,1,1
CHEMBL271705,Clc1cc(Nc2ncnc3[nH]nc(OCCN4CCOCC4)c23)ccc1OCc1ccccn1,1.0,1,1
CHEMBL411897,COC1CCN(CCOc2n[nH]c3ncnc(Nc4ccc(OCc5ccccn5)c(Cl)c4)c23)CC1,28.0,1,1
CHEMBL257430,Clc1cc(Nc2ncnc3[nH]nc(OCCN4CCNCC4)c23)ccc1OCc1ccccn1,8.0,1,1
CHEMBL402553,Clc1cc(Nc2ncnc3[nH]nc(OCCN4CCCC4)c23)ccc1OCc1ccccn1,8.0,1,1
CHEMBL258270,CC(=O)N1CCN(CCOc2n[nH]c3ncnc(Nc4ccc(OCc5ccccn5)c(Cl)c4)c23)CC1,3.0,1,1
CHEMBL258282,CN1CCN(CCOc2n[nH]c3ncnc(Nc4ccc(OCc5ccccn5)c(Cl)c4)c23)CC1,5.0,1,1
CHEMBL255135,CNCCOc1n[nH]c2ncnc(Nc3ccc(OCc4ccccn4)c(Cl)c3)c12,17.0,1,1
CHEMBL401713,COc1cc(Nc2ncnc3[nH]nc(OCCN4CCC(O)CC4)c23)ccc1OCc1ccccn1,104.0,1,1
CHEMBL402339,COc1cc(Nc2ncnc3[nH]nc(OCCN4CCC(O)CC4)c23)ccc1OCc1cccc(F)c1,13.0,1,1
CHEMBL257873,Cc1ccc(Oc2ccc(Nc3ncnc4[nH]nc(OCCN5CCC(O)CC5)c34)cc2F)cn1,1430.0,0,1
CHEMBL257872,Cc1ccc(Oc2ccc(Nc3ncnc4[nH]nc(OCCN5CCC(O)CC5)c34)cc2C)cn1,216.0,1,1
CHEMBL403435,Cc1cc(Nc2ncnc3[nH]nc(OCCN4CCC(O)CC4)c23)ccc1OCc1ccccn1,18.0,1,1
CHEMBL255170,Cc1ccc(Oc2ccc(Nc3ncnc4[nH]nc(OCCN5CCC(O)CC5)c34)cc2Cl)cn1,7.0,1,1
CHEMBL404405,OC1CCN(CCOc2n[nH]c3ncnc(Nc4ccc(OCc5ccccn5)c(Cl)c4)c23)CC1,13.0,1,1
CHEMBL271408,Cc1cccc(Nc2ncnc3ccncc23)c1NCCCn1ccnc1,3.548,1,1
CHEMBL410253,Cc1cccc(Nc2ncnc3ccncc23)c1NCCCN1CCN(C)CC1,5.623,1,1
CHEMBL271410,Cc1cccc(Nc2ncnc3ccncc23)c1NCCCN1CCOCC1,9.333,1,1
CHEMBL271587,Cc1cccc(Nc2ncnc3ccncc23)c1NCCCCN(C)C,5.495,1,1
CHEMBL270895,O=S(=O)(O)CCNc1c(Br)cccc1Nc1ncnc2ccncc12,1.413,1,1
CHEMBL271113,CN(CC(=O)O)c1c(Br)cccc1Nc1ncnc2ccncc12,16.22,1,1
CHEMBL271122,O=C(O)CCCNc1c(Br)cccc1Nc1ncnc2ccncc12,0.2818,1,1
CHEMBL408399,O=C(O)CCNc1c(Br)cccc1Nc1ncnc2ccncc12,0.6166,1,1
CHEMBL405771,O=C(O)CNc1c(Br)cccc1Nc1ncnc2ccncc12,1.514,1,1
CHEMBL272187,Brc1cccc(Nc2ncnc3ccncc23)c1NCCc1c[nH]cn1,0.912,1,1
CHEMBL272865,Brc1cccc(Nc2ncnc3ccncc23)c1NCCCn1ccnc1,0.5129,1,1
CHEMBL272634,NNc1c(Br)cccc1Nc1ncnc2ccncc12,7.244,1,1
CHEMBL427832,OCCN(CCO)CCCNc1c(Br)cccc1Nc1ncnc2ccncc12,1.202,1,1
CHEMBL271623,OCCN(CCO)CCNc1c(Br)cccc1Nc1ncnc2ccncc12,9.333,1,1
CHEMBL271532,CN1CCN(CCCNc2c(Br)cccc2Nc2ncnc3ccncc23)CC1,5.012,1,1
CHEMBL272895,Brc1cccc(Nc2ncnc3ccncc23)c1NCCCCN1CCOCC1,5.495,1,1
CHEMBL271334,Brc1cccc(Nc2ncnc3ccncc23)c1NCCCN1CCOCC1,1.905,1,1
CHEMBL405398,Brc1cccc(Nc2ncnc3ccncc23)c1NCCN1CCOCC1,3.236,1,1
CHEMBL270966,CN(C)CCN(C)c1c(Br)cccc1Nc1ncnc2ccncc12,40.74,1,1
CHEMBL411243,CN(C)CCCCCNc1c(Br)cccc1Nc1ncnc2ccncc12,8.511,1,1
CHEMBL270501,CN(C)CCCCNc1c(Br)cccc1Nc1ncnc2ccncc12,7.413,1,1
CHEMBL408647,CN(C)CCCNc1c(Br)cccc1Nc1ncnc2ccncc12,8.913,1,1
CHEMBL270713,CN(C)CCNc1c(Br)cccc1Nc1ncnc2ccncc12,45.71,1,1
CHEMBL406004,OCCN(CCO)c1c(Br)cccc1Nc1ncnc2ccncc12,12.02,1,1
CHEMBL272477,OCN(CO)c1c(Br)cccc1Nc1ncnc2ccncc12,14.13,1,1
CHEMBL410635,CN(CC(O)CO)c1c(Br)cccc1Nc1ncnc2ccncc12,3.236,1,1
CHEMBL270695,OCC(O)CNc1c(Br)cccc1Nc1ncnc2ccncc12,0.9333,1,1
CHEMBL408397,CN(CCO)c1c(Br)cccc1Nc1ncnc2ccncc12,2.63,1,1
CHEMBL270696,OCCNc1c(Br)cccc1Nc1ncnc2ccncc12,0.2455,1,1
CHEMBL416307,Cc1cccc(Nc2ncnc3cnc(NCCc4c[nH]cn4)nc23)c1,3.02,1,1
CHEMBL299881,Cc1cccc(Nc2ncnc3cnc(NCCN4CCOCC4)nc23)c1,2.344,1,1
CHEMBL52829,Cc1cccc(Nc2ncnc3cnc(N(C)C)nc23)c1,4.074,1,1
CHEMBL52591,CNc1ncc2ncnc(Nc3cccc(C)c3)c2n1,4.365,1,1
CHEMBL298931,Cc1cccc(Nc2ncnc3cnc(N)nc23)c1,17.38,1,1
CHEMBL52823,Cc1cccc(Nc2ncnc3cnc(Cl)nc23)c1,380.19,1,1
CHEMBL271328,Brc1cccc(Nc2ncnc3cnc(NCCn4ccnc4)nc23)c1,2.344,1,1
CHEMBL53426,Brc1cccc(Nc2ncnc3cnc(NCCc4c[nH]cn4)nc23)c1,0.2512,1,1
CHEMBL417420,Brc1cccc(Nc2ncnc3cnc(NCCCN4CCOCC4)nc23)c1,2.951,1,1
CHEMBL294475,Brc1cccc(Nc2ncnc3cnc(NCCN4CCOCC4)nc23)c1,0.8128,1,1
CHEMBL51854,COc1ncc2ncnc(Nc3cccc(Br)c3)c2n1,3.802,1,1
CHEMBL53777,CN(C)c1ncc2ncnc(Nc3cccc(Br)c3)c2n1,0.955,1,1
CHEMBL299622,CNc1ncc2ncnc(Nc3cccc(Br)c3)c2n1,0.7762,1,1
CHEMBL53831,Nc1ncc2ncnc(Nc3cccc(Br)c3)c2n1,1.514,1,1
CHEMBL53311,Clc1ncc2ncnc(Nc3cccc(Br)c3)c2n1,83.18,1,1
CHEMBL53310,CNc1ncc2ncnc(Nc3ccccc3)c2n1,13.18,1,1
CHEMBL405772,Cc1cccc(Nc2ncnc3ccncc23)c1N,40.74,1,1
CHEMBL402452,Nc1c(O)cccc1Nc1ncnc2ccncc12,70.79,1,1
CHEMBL270975,Nc1c(Cl)cccc1Nc1ncnc2ccncc12,120.23,1,1
CHEMBL270924,Nc1c(F)cccc1Nc1ncnc2ccncc12,851.14,1,1
CHEMBL271540,CN(C)c1ccc(Nc2ncnc3ccncc23)c(N)c1,4897.79,0,1
CHEMBL406236,CN(C)c1cccc(Nc2ncnc3ccncc23)c1N,1819.7,0,1
CHEMBL124618,Nc1cc2ncnc(Nc3ccccc3N)c2cn1,5370.32,0,1
CHEMBL407591,COc1ccc(Nc2ncnc3ccncc23)c(N)c1,676.08,1,1
CHEMBL441335,COc1cccc(Nc2ncnc3ccncc23)c1N,131.83,1,1
CHEMBL408105,COc1cc2ncnc(Nc3ccccc3N)c2cn1,3715.35,0,1
CHEMBL408351,Nc1cc(C(F)(F)F)ccc1Nc1ncnc2ccncc12,4786.3,0,1
CHEMBL271617,Nc1cc(Br)ccc1Nc1ncnc2ccncc12,25.7,1,1
CHEMBL258598,Nc1c(Br)cccc1Nc1ncnc2ccncc12,10.0,1,1
CHEMBL273116,Nc1ccccc1Nc1ncnc2cc(Br)ncc12,245.47,1,1
CHEMBL441332,Nc1c(Nc2ncnc3ccncc23)cccc1[N+](=O)[O-],40.74,1,1
CHEMBL272258,Nc1ccccc1Nc1ncnc2ccncc12,251.19,1,1
CHEMBL441333,COc1c(Br)cccc1Nc1ncnc2ccncc12,39.81,1,1
CHEMBL269889,Fc1c(Br)cccc1Nc1ncnc2ccncc12,13.18,1,1
CHEMBL270921,CC(=O)Nc1c(Br)cccc1Nc1ncnc2ccncc12,29.51,1,1
CHEMBL539102,COc1ccc2ncnc(Nc3ccccc3)c2c1.Cl,120.23,1,1
CHEMBL410659,Nc1nccn2c1c(-c1ccc3ccc(-c4ccccc4)nc3c1)nc2[C@H]1C[C@@H](CN2CCC2)C1,9600.0,0,1
CHEMBL260861,COc1cc(Nc2nn3c(N[C@H](CO)Cc4ccccc4)cc(C4CC4)nc3c2C(N)=O)cc(OC)c1,2400.0,0,1
CHEMBL407534,O=C(O)/C=C/c1cc(CO)ccc1CO,780.0,1,1
CHEMBL406845,CC(C)(C)n1nc(-c2ccc(Cl)cc2)c2c(N)ncnc21,480.0,1,1
CHEMBL258940,CN1CCC(Nc2ncc3ncnc(Nc4ccc(F)c(Cl)c4)c3n2)CC1,3.0,1,3
CHEMBL244948,O=c1ccc2ccc(O)c(O)c2o1,7670.0,0,2
CHEMBL408565,O=C1Nc2ccccc2/C1=C/c1cc2c([nH]1)CCC(Br)C2,13300.0,0,1
CHEMBL261238,CN(c1cccnc1)c1cc2c(Nc3ccc(F)c(Cl)c3)c(C#N)cnc2cn1,5000000.0,0,1
CHEMBL258726,CC(C)(C)c1cc(C=C2C(=O)C=CC2=O)cc(C(C)(C)C)c1O,320000.0,0,1
CHEMBL437612,Cc1cc(C=C2C(=O)C=CC2=O)cc(C)c1O,440000.0,0,1
CHEMBL258694,Cc1nnc(-c2cn3ncnc(Nc4cnc5[nH]ccc5c4)c3c2C(C)C)o1,150.0,1,1
CHEMBL255871,CO/N=C/c1c(N)ncnc1Nc1ccc2c(cnn2Cc2cccc(F)c2)c1,8.0,1,2
CHEMBL255237,COCCO/N=C/c1c(N)ncnc1Nc1ccc2c(cnn2Cc2cccc(F)c2)c1,14.0,1,1
CHEMBL255236,COc1ccccc1CO/N=C/c1c(N)ncnc1Nc1ccc2c(cnn2Cc2cccc(F)c2)c1,47.0,1,1
CHEMBL255438,Nc1ncnc(Nc2ccc3c(cnn3Cc3cccc(F)c3)c2)c1/C=N/OCc1ccccc1,23.0,1,1
CHEMBL402293,CC(C)O/N=C/c1c(N)ncnc1Nc1ccc2c(cnn2Cc2cccc(F)c2)c1,14.0,1,1
CHEMBL430031,CC(C)CO/N=C/c1c(N)ncnc1Nc1ccc2c(cnn2Cc2cccc(F)c2)c1,32.0,1,1
CHEMBL402294,CCO/N=C/c1c(N)ncnc1Nc1ccc2c(cnn2Cc2cccc(F)c2)c1,5.0,1,1
CHEMBL256295,Nc1ncnc(Nc2ccc3c(cnn3Cc3cccc(F)c3)c2)c1/C=N/O,12.0,1,1
CHEMBL256297,CO/N=C/c1c(N)ncnc1Nc1ccc(OCc2cccc(F)c2)c(Cl)c1,12.0,1,1
CHEMBL257815,CO/N=C/c1c(N)ncnc1Nc1ccc(OCc2ccccc2)c(Cl)c1,16.0,1,1
CHEMBL257814,CO/N=C/c1c(N)ncnc1Nc1ccc2c(c1)CCN2Cc1cccc(F)c1,57.0,1,1
CHEMBL402316,CO/N=C/c1c(N)ncnc1Nc1ccc2[nH]c(Cc3cccc(F)c3)nc2c1,48.0,1,1
CHEMBL257816,CO/N=C/c1c(N)ncnc1Nc1ccc2c(ccn2Cc2cccc(F)c2)c1,13.0,1,1
CHEMBL256527,CO/N=C/c1c(N)ncnc1Nc1ccc2c(cnn2Cc2ccc(F)cc2)c1,104.0,1,1
CHEMBL256529,CO/N=C/c1c(N)ncnc1Nc1ccc(OCc2cc(F)cc(F)c2)c(Cl)c1,33.0,1,1
CHEMBL403357,CO/N=C/c1c(N)ncnc1Nc1ccc2c(cnn2Cc2cccc(OC)c2)c1,267.0,1,1
CHEMBL255865,CO/N=C/c1c(N)ncnc1Nc1ccc2c(cnn2Cc2cccc(C#N)c2)c1,20.0,1,1
CHEMBL255656,CO/N=C/c1c(N)ncnc1Nc1ccc2c(cnn2Cc2cccc(Cl)c2)c1,23.0,1,1
CHEMBL402113,CO/N=C/c1c(N)ncnc1Nc1ccc2c(cnn2Cc2ccccc2)c1,44.0,1,1
CHEMBL255866,CO/N=C/c1c(N)ncnc1Nc1ccc2[nH]ncc2c1,306.0,1,1
CHEMBL255291,CO/N=C/c1c(N)ncnc1NCc1ccc(F)c(Cl)c1,1123.0,0,1
CHEMBL402149,CO/N=C/c1c(N)ncnc1Nc1cccc(Br)c1,24.0,1,1
CHEMBL255490,CO/N=C/c1c(N)ncnc1Nc1ccc(F)c(Cl)c1,70.0,1,1
CHEMBL498247,CCC(C)[C@@H]1[C@@](C)(C(=O)/C=C/OC)[C@H]2[C@H](C)C[C@@](C)(O)C[C@]2(O)C(=O)[C@@]1(C)O,10500.0,0,1
CHEMBL498249,CO[C@H](C)c1c(O)cc2c(c1O)C(=O)c1c(cc(O)c(O)c1O)C2=O,41000.0,0,1
CHEMBL498248,CO[C@H](C)c1c(O)cc2c(c1O)C(=O)c1c(O)cc(O)cc1C2=O,27500.0,0,1
CHEMBL524820,C[C@@H](O)c1c(O)cc2c(c1O)C(=O)c1c(O)cc(O)cc1C2=O,37500.0,0,1
CHEMBL188762,CCC(=O)Nc1ccc2ncnc(Nc3cccc(Br)c3)c2c1,0.43,1,5
CHEMBL13485,CCN(CC)CCNC(=O)c1c(C)[nH]c(/C=C2\C(=O)Nc3ccc(Cl)cc32)c1C,3000.0,0,1
CHEMBL485070,CCOc1cc(/C=C(\C#N)C(N)=O)cc(CSc2ccccc2)c1O,400.0,1,1
CHEMBL490780,CCOc1cc(/C=C2/CCNC2=O)cc(CSc2ccccc2)c1O,900.0,1,1
CHEMBL522116,CSCc1cc(/C=C2\C(=O)Nc3ccccc32)cc(CSC)c1O,400.0,1,1
CHEMBL1202061,CCOC(=O)C(=O)Oc1ccc(-c2c(C(=O)OCC)oc3cc(O)cc(O)c3c2=O)cc1.O=C(O)C(=O)O,1000.0,1,1
CHEMBL490768,N#C/C(=C\c1cc(-c2ccccc2)c(O)c(-c2ccccc2)c1)C(N)=O,400.0,1,1
CHEMBL504173,CC(C)c1cc(/C=C(\C#N)C(N)=O)cc(C(C)C)c1O,1000.0,1,1
CHEMBL490570,CC(C)(C)c1cc(/C=C(\C#N)C(N)=O)cc(C(C)(C)C)c1O,50000.0,0,1
CHEMBL538909,N#C/C(=C/c1cc(Cc2ccccc2)c(O)c(Cc2ccccc2)c1)C(N)=O,600.0,1,1
CHEMBL490569,N#C/C(=C\c1cc(CSc2ccccc2)c(O)c(OCc2ccccc2)c1)C(N)=O,800.0,1,1
CHEMBL483232,CCOc1cc(/C=C(\C#N)C(N)=O)cc(CSc2cccc(OC)c2)c1O,4000.0,0,1
CHEMBL483233,CCOc1cc(/C=C(\C#N)C(N)=O)cc(CSc2ccc(O)cc2)c1O,3000.0,0,1
CHEMBL520839,CCOc1cc(/C=C(\C#N)C(N)=O)cc(CSc2ccc(C)cc2)c1O,20000.0,0,1
CHEMBL490987,CC(C)NC(=O)c1ccc(S(=O)(=O)Oc2ccc(/C=C/[N+](=O)[O-])cc2)cc1,1000.0,1,1
CHEMBL520493,N#C/C(=C/c1ccc(O)c(O)c1)C(=O)Nc1ccccc1Cl,10000.0,0,1
CHEMBL490577,N#C/C(=C/c1ccc(O)c(O)c1)C(=O)NCCCCc1ccccc1,100.0,1,1
CHEMBL454002,N#CC(C#N)=C(C#N)c1cc(O)cc(O)c1,10000.0,0,1
CHEMBL474267,N#CC(C#N)=C(C#N)c1ccc(O)c(O)c1,10000.0,0,1
CHEMBL488101,C[C@H](NC(=O)c1ccc(S(=O)(=O)Oc2ccc(/C=C/[N+](=O)[O-])cc2)cc1)C(=O)N[C@@H](C)C(=O)NCCN.Cl,20000.0,0,1
CHEMBL490774,N#C/C(=C/c1ccc(O)c(O)c1)C(=O)NC1CCCCC1,2000.0,0,1
CHEMBL501368,N#C/C(=C\c1cc(O)ccc1O)C(=O)O,20000.0,0,1
CHEMBL492199,N#CC(C#N)=C(C#N)c1cc(O)c(O)c(O)c1,3000.0,0,1
CHEMBL483234,C[C@H](NC(=O)c1ccc(S(=O)(=O)Oc2ccc(/C=C/[N+](=O)[O-])cc2)cc1)C(=O)N[C@@H](C)C(=O)OC(C)(C)C,40000.0,0,1
CHEMBL449114,N#CC(C#N)=C(C#N)c1cccc(O)c1,400000.0,0,1
CHEMBL485065,Cl.NCCNC(=O)c1ccc(S(=O)(=O)Oc2ccc(/C=C/[N+](=O)[O-])cc2)cc1,5000.0,0,1
CHEMBL489349,N#CC(C#N)=C(C#N)c1ccc(C=O)cc1,600000.0,0,1
CHEMBL450319,N#CC(C#N)=C(C#N)c1ccc(O)cc1,600000.0,0,1
CHEMBL489147,COc1cc(C(C#N)=C(C#N)C#N)cc(O)c1O,6000.0,0,1
CHEMBL490775,C[C@H](NC(=O)[C@H](C)NC(=O)c1ccc(S(=O)(=O)Oc2ccc(/C=C/[N+](=O)[O-])cc2)cc1)C(=O)O,7000.0,0,1
CHEMBL489148,COc1cc(C(C#N)=C(C#N)C#N)cc(OC)c1O,900000.0,0,1
CHEMBL450786,Cc1[nH]c(/C=C2\C(=O)Nc3ccc(S(=O)(=O)Cc4c(Cl)cccc4Cl)cc32)c(C)c1C(=O)N1CCC[C@@H]1CN1CCCC1,3800.0,0,1
CHEMBL128000,O=C(/C=C/c1ccc(O)c(O)c1)c1ccc(O)cc1O,12000.0,0,2
CHEMBL461311,Nc1ncnc(Nc2ccc(OCc3ccccc3)c(Cl)c2)c1C=O,76.0,1,1
CHEMBL472545,Nc1ncnc(Nc2ccc(OCc3ccccc3)c(Cl)c2)c1-c1nnc(CCN2CCOCC2)o1,30.0,1,1
CHEMBL472544,Nc1ncnc(Nc2ccc(OCc3ccccc3)c(Cl)c2)c1C(=O)NNC(=O)CCN1CCOCC1,620.0,1,1
CHEMBL511478,NNC(=O)c1c(N)ncnc1Nc1ccc(OCc2ccccc2)c(Cl)c1,458.0,1,1
CHEMBL500591,N#Cc1c(N)ncnc1Nc1ccc(OCc2ccccc2)c(Cl)c1,27.0,1,1
CHEMBL461114,Nc1ncnc(Nc2ccc(OCc3ccccc3)c(Cl)c2)c1C(=O)Nc1ccccc1,76.0,1,1
CHEMBL461113,Nc1ncnc(Nc2ccc(OCc3ccccc3)c(Cl)c2)c1C(=O)OCCN1CCOCC1,150.0,1,1
CHEMBL516487,COC(=O)c1c(N)ncnc1Nc1ccc(OCc2ccccc2)c(Cl)c1,54.0,1,1
CHEMBL512391,Nc1ncnc(Nc2ccc(OCc3ccccc3)c(Cl)c2)c1C(=O)O,41.0,1,1
CHEMBL461426,NC(=O)O[C@H]1CN[C@H](C#Cc2cc3ncnc(Nc4ccc(OCc5cccc(F)c5)c(Cl)c4)c3s2)C1,40.0,1,1
CHEMBL466586,CNC(=O)O[C@H]1CN[C@H](C#Cc2cc3ncnc(Nc4ccc(OCc5cccc(F)c5)c(Cl)c4)c3s2)C1,50.0,1,2
CHEMBL512076,CCNC(=O)O[C@H]1CN[C@H](C#Cc2cc3ncnc(Nc4ccc(OCc5cccc(F)c5)c(Cl)c4)c3s2)C1,32.0,1,2
CHEMBL517123,CN(C)C(=O)O[C@H]1CN[C@H](C#Cc2cc3ncnc(Nc4ccc(OCc5cccc(F)c5)c(Cl)c4)c3s2)C1,28.0,1,2
CHEMBL517585,CCN(C)C(=O)O[C@H]1CN[C@H](C#Cc2cc3ncnc(Nc4ccc(OCc5cccc(F)c5)c(Cl)c4)c3s2)C1,50.0,1,1
CHEMBL507329,O=C(O[C@H]1CN[C@H](C#Cc2cc3ncnc(Nc4ccc(OCc5cccc(F)c5)c(Cl)c4)c3s2)C1)N1CCOCC1,65.0,1,3
CHEMBL499534,O=C(O[C@H]1CN[C@H](C#Cc2cc3ncnc(Nc4ccc(OCc5cccc(F)c5)c(Cl)c4)c3s2)C1)N1CCNCC1,63.0,1,1
CHEMBL504034,CS(=O)(=O)CCNC(=O)O[C@H]1CN[C@H](C#Cc2cc3ncnc(Nc4ccc(OCc5cccc(F)c5)c(Cl)c4)c3s2)C1,40.0,1,1
CHEMBL461869,CCNC(=O)O[C@@H]1CN[C@@H](C#Cc2cc3ncnc(Nc4ccc(OCc5cccc(F)c5)c(Cl)c4)c3s2)C1,50.0,1,1
CHEMBL466412,CN(C)C(=O)O[C@@H]1CN[C@@H](C#Cc2cc3ncnc(Nc4ccc(OCc5cccc(F)c5)c(Cl)c4)c3s2)C1,40.0,1,1
CHEMBL450109,O=C(O[C@@H]1CN[C@@H](C#Cc2cc3ncnc(Nc4ccc(OCc5cccc(F)c5)c(Cl)c4)c3s2)C1)N1CCOCC1,40.0,1,1
CHEMBL466614,CCNC(=O)O[C@@H]1CN[C@H](C#Cc2cc3ncnc(Nc4ccc(OCc5cccc(F)c5)c(Cl)c4)c3s2)C1,125.0,1,1
CHEMBL466615,CN(C)C(=O)O[C@@H]1CN[C@H](C#Cc2cc3ncnc(Nc4ccc(OCc5cccc(F)c5)c(Cl)c4)c3s2)C1,79.0,1,1
CHEMBL447365,O=C(O[C@@H]1CN[C@H](C#Cc2cc3ncnc(Nc4ccc(OCc5cccc(F)c5)c(Cl)c4)c3s2)C1)N1CCOCC1,79.0,1,1
CHEMBL466174,CCNC(=O)O[C@H]1CN[C@@H](C#Cc2cc3ncnc(Nc4ccc(OCc5cccc(F)c5)c(Cl)c4)c3s2)C1,32.0,1,1
CHEMBL466175,CN(C)C(=O)O[C@H]1CN[C@@H](C#Cc2cc3ncnc(Nc4ccc(OCc5cccc(F)c5)c(Cl)c4)c3s2)C1,79.0,1,1
CHEMBL450396,O=C(O[C@H]1CN[C@@H](C#Cc2cc3ncnc(Nc4ccc(OCc5cccc(F)c5)c(Cl)c4)c3s2)C1)N1CCOCC1,50.0,1,1
CHEMBL1201179,CS(=O)(=O)CCNCc1ccc(-c2ccc3ncnc(Nc4ccc(OCc5cccc(F)c5)c(Cl)c4)c3c2)o1.Cc1ccc(S(=O)(=O)O)cc1.Cc1ccc(S(=O)(=O)O)cc1.O,11.0,1,7
CHEMBL1173655,CN(C)C/C=C/C(=O)Nc1cc2c(Nc3ccc(F)c(Cl)c3)ncnc2cc1O[C@H]1CCOC1,1.0,1,107
CHEMBL505626,CCN(CC)C(=O)O[C@H]1CN[C@H](C#Cc2cc3ncnc(Nc4ccc(OCc5cccc(F)c5)c(Cl)c4)c3s2)C1,63.0,1,1
CHEMBL451513,O=C(O[C@H]1CN[C@H](C#Cc2cc3ncnc(Nc4ccc(OCc5cccc(F)c5)c(Cl)c4)c3s2)C1)N1CCCC1,99.0,1,1
CHEMBL521887,Cc1ccc(NC(=O)c2ccc(CN3CCN(C)CC3)cc2)cc1-c1ccc2ccncc2c1,700.0,1,1
CHEMBL495979,Fc1cccc(COc2ccc(Nc3ncnc4cc(C#C[C@@H]5CCCN5)sc34)cc2Cl)c1,109.0,1,1
CHEMBL496174,Fc1cccc(COc2ccc(Nc3ncnc4cc(C#C[C@H]5CCCN5)sc34)cc2Cl)c1,7.0,1,2
CHEMBL523573,COCCN1CCC[C@@H]1C#Cc1cc2ncnc(Nc3ccc(OCc4cccc(F)c4)c(Cl)c3)c2s1,130.0,1,1
CHEMBL495733,CS(=O)(=O)N1CCC[C@@H]1C#Cc1cc2ncnc(Nc3ccc(OCc4cccc(F)c4)c(Cl)c3)c2s1,120.0,1,1
CHEMBL495734,CC(=O)N1CCC[C@@H]1C#Cc1cc2ncnc(Nc3ccc(OCc4cccc(F)c4)c(Cl)c3)c2s1,58.0,1,1
CHEMBL497803,COC(=O)N1CCC[C@@H]1C#Cc1cc2ncnc(Nc3ccc(OCc4cccc(F)c4)c(Cl)c3)c2s1,140.0,1,1
CHEMBL497804,O[C@H]1CN[C@H](C#Cc2cc3ncnc(Nc4ccc(OCc5cccc(F)c5)c(Cl)c4)c3s2)C1,14.0,1,1
CHEMBL497184,CCO[C@H]1CN[C@H](C#Cc2cc3ncnc(Nc4ccc(OCc5cccc(F)c5)c(Cl)c4)c3s2)C1,115.0,1,1
CHEMBL500115,CS(=O)(=O)O[C@H]1CN[C@H](C#Cc2cc3ncnc(Nc4ccc(OCc5cccc(F)c5)c(Cl)c4)c3s2)C1,81.0,1,1
CHEMBL500381,CCC(=O)O[C@H]1CN[C@H](C#Cc2cc3ncnc(Nc4ccc(OCc5cccc(F)c5)c(Cl)c4)c3s2)C1,63.0,1,1
CHEMBL500640,CCOC(=O)O[C@H]1CN[C@H](C#Cc2cc3ncnc(Nc4ccc(OCc5cccc(F)c5)c(Cl)c4)c3s2)C1,141.0,1,1
CHEMBL525805,CCOC(=O)N[C@H]1CN[C@H](C#Cc2cc3ncnc(Nc4ccc(OCc5cccc(F)c5)c(Cl)c4)c3s2)C1,60.0,1,1
CHEMBL501705,CCS(=O)(=O)N[C@H]1CN[C@H](C#Cc2cc3ncnc(Nc4ccc(OCc5cccc(F)c5)c(Cl)c4)c3s2)C1,50.0,1,1
CHEMBL485745,Fc1ccc(-c2nn3ccccc3c2-c2ccncc2)cc1,6300.0,0,1
CHEMBL504117,O=C(O[C@H]1CN[C@H](C#Cc2cc3ncnc(Nc4ccc(OCc5ccccn5)c(Cl)c4)c3s2)C1)N1CCOCC1,50.0,1,1
CHEMBL508760,O=C(O[C@H]1CN[C@H](C#Cc2cc3ncnc(Nc4ccc(OCc5cscn5)c(Cl)c4)c3s2)C1)N1CCOCC1,120.0,1,1
CHEMBL449949,O=C(O[C@H]1CN[C@H](C#Cc2cc3ncnc(Nc4ccc(OCc5cccc(F)c5)nc4)c3s2)C1)N1CCOCC1,2600.0,0,1
CHEMBL452716,O=C(O[C@H]1CN[C@H](C#Cc2cc3ncnc(Nc4ccc5c(Oc6ccccn6)cccc5c4)c3s2)C1)N1CCOCC1,1050.0,0,1
CHEMBL461811,Cc1cc(Oc2ccc(Nc3ncnc4cc(C#C[C@@H]5C[C@@H](OC(=O)N6CCOCC6)CN5)sc34)cc2Cl)no1,400.0,1,1
CHEMBL505463,O=C(O[C@H]1CN[C@H](C#Cc2cc3ncnc(Nc4ccc(Oc5ccnc6ccc(F)cc56)c(Cl)c4)c3s2)C1)N1CCOCC1,280.0,1,1
CHEMBL455433,O=C(O[C@H]1CN[C@H](C#Cc2cc3ncnc(NCc4cccc(Oc5ccccc5)c4)c3s2)C1)N1CCOCC1,180.0,1,1
CHEMBL455434,O=C(O[C@H]1CN[C@H](C#Cc2cc3ncnc(Nc4ccc(Cc5ccccc5)cc4)c3s2)C1)N1CCOCC1,240.0,1,1
CHEMBL457250,O=C(O[C@H]1CN[C@H](C#Cc2cc3ncnc(Nc4ccc(Sc5ccccn5)cc4)c3s2)C1)N1CCOCC1,1650.0,0,1
CHEMBL501050,O=C(O[C@H]1CN[C@H](C#Cc2cc3ncnc(Nc4ccc(Sc5cccc(F)c5)c(Cl)c4)c3s2)C1)N1CCOCC1,630.0,1,1
CHEMBL507821,O=C(O[C@H]1CN[C@H](C#Cc2cc3ncnc(Nc4ccc5c(cnn5Cc5ccccc5)c4)c3s2)C1)N1CCOCC1,80.0,1,1
CHEMBL510845,O=C(O[C@H]1CN[C@H](C#Cc2cc3ncnc(Nc4ccc5c(cnn5Cc5cccc(F)c5)c4)c3s2)C1)N1CCOCC1,30.0,1,1
CHEMBL500072,O=C(O[C@H]1CN[C@H](C#Cc2cc3ncnc(Nc4ccc5c(cnn5Cc5cc(F)ccc5F)c4)c3s2)C1)N1CCOCC1,33.0,1,1
CHEMBL503253,CC(c1cccc(F)c1)n1ncc2cc(Nc3ncnc4cc(C#C[C@@H]5C[C@@H](OC(=O)N6CCOCC6)CN5)sc34)ccc21,120.0,1,1
CHEMBL451074,O=C(O[C@H]1CN[C@H](C#Cc2cc3ncnc(Nc4ccc5c(cnn5S(=O)(=O)c5cccc(F)c5)c4)c3s2)C1)N1CCOCC1,230.0,1,1
CHEMBL500217,O=C(O[C@H]1CN[C@H](C#Cc2cc3ncnc(Nc4ccc5c(ccn5Cc5ccccc5)c4)c3s2)C1)N1CCOCC1,90.0,1,1
CHEMBL447720,O=C(O[C@H]1CN[C@H](C#Cc2cc3ncnc(Nc4ccc5c(ccn5CCc5ccccc5)c4)c3s2)C1)N1CCOCC1,3160.0,0,1
CHEMBL451347,O=C(O[C@H]1CN[C@H](C#Cc2cc3ncnc(Nc4ccc5c(ccn5Cc5cscn5)c4)c3s2)C1)N1CCOCC1,680.0,1,1
CHEMBL452980,O=C(O[C@H]1CN[C@H](C#Cc2cc3ncnc(Nc4ccc5c(c4)c(F)cn5Cc4ccccc4)c3s2)C1)N1CCOCC1,240.0,1,1
CHEMBL452768,O=C(O[C@H]1CN[C@H](C#Cc2cc3ncnc(Nc4ccc5c(ccn5S(=O)(=O)c5ccsc5)c4)c3s2)C1)N1CCOCC1,150.0,1,1
CHEMBL453398,O=C(O[C@H]1CN[C@H](C#Cc2cc3ncnc(Nc4ccc(Oc5ccccn5)c(Cl)c4)c3s2)C1)N1CCOCC1,190.0,1,1
CHEMBL515598,c1ccc2sc(-c3ccc(Nc4ncnc5[nH]cnc45)cc3)nc2c1,7800.0,0,1
CHEMBL462338,COc1nc(Nc2ccc(-c3nc4ccccc4s3)cc2)c2cc[nH]c2n1,7700.0,0,1
CHEMBL474543,Clc1ccc2c(Nc3ccc(-c4nc5ccccc5s4)cc3)ccnc2c1,5300.0,0,1
CHEMBL475351,COc1nc(Nc2ccc(-c3nc4ccccc4s3)c(OC)c2)c2cc[nH]c2n1,5100.0,0,1
CHEMBL522785,COc1cc2nc(Nc3cc(C)[nH]n3)nc(Nc3cccc(-c4nc5ccccc5s4)c3)c2cc1OC,3300.0,0,1
CHEMBL475352,COc1cc(Nc2ncnc3[nH]cnc23)ccc1-c1nc2ccccc2s1,2600.0,0,1
CHEMBL473351,COc1cc2ncnc(Nc3ccc(-c4nc5ccccc5s4)c(O)c3)c2cc1OC,2200.0,0,1
CHEMBL464210,CNC(=O)c1cc(Nc2ccc(-c3nc4ccccc4s3)cc2)ccn1,2000.0,0,1
CHEMBL491686,Cc1cc(Nc2ccnc(Nc3cccc(-c4nc5ccccc5s4)c3)n2)n[nH]1,1900.0,0,1
CHEMBL443906,c1cc(Nc2ncnc3[nH]cnc23)cc(-c2nc3ccccc3s2)c1,1700.0,0,1
CHEMBL491677,COc1cc2ncnc(Nc3ccc(N4Cc5ccccc5C4)cc3)c2cc1OC,1600.0,0,1
CHEMBL473556,COc1cc2ncnc(Nc3ccc(-c4nc5ccccc5s4)cc3)c2cc1OC,1500.0,0,2
CHEMBL518803,c1ccc2sc(-c3ccc(Nc4ncnc5[nH]ccc45)cc3)nc2c1,1300.0,0,1
CHEMBL514016,Clc1ccc2c(Nc3ccc(-c4nc5ccccc5s4)c(Cl)c3)ncnc2c1,800.0,1,1
CHEMBL462162,COc1cc(Nc2ncnc3[nH]ccc23)ccc1-c1nc2ccccc2s1,720.0,1,1
CHEMBL460746,O=C(NC(=S)Nc1ccc(O)c(-c2nc3ccccc3s2)c1)c1ccc([N+](=O)[O-])cc1,280.0,1,1
CHEMBL514942,COc1cc2ncnc(Nc3ccc(-c4nc5ccccc5s4)cc3C)c2cc1OC,240.0,1,2
CHEMBL473553,COc1cc2ncnc(Nc3ccc(-c4nc5ccccc5s4)c(OC)c3)c2cc1OC,63.0,1,1
CHEMBL249496,Nc1ncnc2c1c(-c1ccc3nc(Cc4ccccc4)[nH]c3c1)nn2[C@H]1CC[C@H](N2CCOCC2)CC1,270.0,1,1
CHEMBL248877,Nc1ncnc2c1c(-c1ccc3nc(Cc4cccs4)[nH]c3c1)nn2[C@H]1CC[C@H](N2CCOCC2)CC1,361.0,1,1
CHEMBL251732,Nc1ncnc2c1c(-c1ccc3nc(Cc4ccccc4Cl)[nH]c3c1)nn2[C@H]1CC[C@H](N2CCOCC2)CC1,65.0,1,1
CHEMBL437584,COc1ccccc1Cc1nc2ccc(-c3nn([C@H]4CC[C@H](N5CCOCC5)CC4)c4ncnc(N)c34)cc2[nH]1,58.0,1,1
CHEMBL455208,COc1ccccc1Cc1nc2ccc(-c3nn([C@H]4CC[C@H](N5CCNCC5)CC4)c4ncnc(N)c34)cc2[nH]1,30.0,1,1
CHEMBL452717,COc1ccccc1Cc1nc2ccc(-c3nn([C@H]4CC[C@H](N5CCN(C(C)=O)CC5)CC4)c4ncnc(N)c34)cc2[nH]1,130.0,1,1
CHEMBL503638,CCOC(=O)N1CCN([C@H]2CC[C@H](n3nc(-c4ccc5nc(Cc6ccccc6OC)[nH]c5c4)c4c(N)ncnc43)CC2)CC1,30.0,1,1
CHEMBL448628,COc1ccccc1Cc1nc2ccc(-c3nn([C@H]4CC[C@H](N5CCN(C(=O)N(C)C)CC5)CC4)c4ncnc(N)c34)cc2[nH]1,25.0,1,1
CHEMBL443098,COCCCN1CCN([C@H]2CC[C@H](n3nc(-c4ccc5nc(Cc6ccccc6OC)[nH]c5c4)c4c(N)ncnc43)CC2)CC1,58.0,1,1
CHEMBL446250,COc1ccccc1Cc1nc2ccc(-c3nn([C@H]4CC[C@H](N5CCN(CC6CC6)CC5)CC4)c4ncnc(N)c34)cc2[nH]1,3.0,1,1
CHEMBL501256,Nc1ncnc2c1ncn2CC(=O)c1cccnc1,93000.0,0,1
CHEMBL504135,Nc1ncnc2c1ncn2CC(=O)c1ccccn1,89000.0,0,1
CHEMBL520515,Nc1ncnc2c1ncn2CC(=O)c1ccccc1,75000.0,0,1
CHEMBL485246,Nc1ncnc2ncn(CC(=O)c3c[nH]c4ccccc34)c12,82000.0,0,1
CHEMBL521155,Nc1ncnc2c1ncn2CC(=O)c1c[nH]c2ccccc12,35000.0,0,1
CHEMBL464721,CCC(C)/C=C/C(=O)C(=O)/C=C/C=C/C=C/C=C/C=C/C=C/[C@@H]1C[C@@H](O)[C@H](C(=O)O)O1,1600.0,0,1
CHEMBL485320,Nc1nc(Nc2cccc(Br)c2)c2cc(CCc3ccccc3)[nH]c2n1,300.0,1,2
CHEMBL482715,Nc1nc(Nc2ccc(F)c(C(F)(F)F)c2)c2cc(CCc3ccccc3)[nH]c2n1,122000.0,0,2
CHEMBL519147,Nc1nc(Nc2ccc(Cl)cc2)c2cc(CCc3ccccc3)[nH]c2n1,3180.0,0,1
CHEMBL483313,Nc1nc(Nc2ccc(Cl)cc2F)c2cc(CCc3ccccc3)[nH]c2n1,1320.0,0,2
CHEMBL504416,Nc1nc(Nc2ccc(F)c(Cl)c2)c2cc(CCc3ccccc3)[nH]c2n1,22800.0,0,1
CHEMBL484109,Nc1nc(Nc2cccc(Br)c2)c2cc(CCc3ccc4ccccc4c3)[nH]c2n1,4700.0,0,1
CHEMBL484108,Nc1nc(Nc2cccc(Br)c2)c2cc(CCc3cccc4ccccc34)[nH]c2n1,4800.0,0,1
CHEMBL482489,Nc1nc(Nc2cccc(Br)c2)c2cc(CCc3ccccc3Cl)[nH]c2n1,3400.0,0,1
CHEMBL485321,COc1ccc(CCc2cc3c(Nc4cccc(Br)c4)nc(N)nc3[nH]2)cc1,2200.0,0,1
CHEMBL502015,Nc1nc(Nc2cccc(Br)c2)c2cc(Cc3ccc4ccccc4c3)[nH]c2n1,1240.0,0,2
CHEMBL499345,Nc1nc(Nc2cccc(Br)c2)c2cc(Cc3ccccc3Cl)[nH]c2n1,4310.0,0,2
CHEMBL499344,Nc1nc(Nc2cccc(Br)c2)c2cc(Cc3ccccc3)[nH]c2n1,1670.0,0,3
CHEMBL505896,COc1cc2c(Oc3ccc(-c4cnc(Cc5ccccc5)n(C)c4=O)cc3F)ccnc2cc1OCCCN1CCOCC1,1700.0,0,1
CHEMBL453737,COc1cc2c(Oc3ccc(-c4cnc(Nc5ccc(F)cc5)n(C)c4=O)cc3F)ccnc2cc1OCCCN1CCOCC1,1700.0,0,1
CHEMBL459729,Cc1cc(C2CCN(CCCF)CC2)cc2[nH]c(-c3c(NCCn4cc(Cl)cn4)cc[nH]c3=O)nc12,21000.0,0,1
CHEMBL461571,Cc1c(C(=O)c2ccc(Cl)cc2)c2ccc(OC(F)(F)F)cc2n1Cc1cccc(O[C@H](C)C(=O)O)c1,2240.0,0,1
CHEMBL516375,CS(=O)(=O)CCNCc1nc(-c2ccc3ncnc(Nc4ccc(F)c(Cl)c4)c3c2)cs1,34.67,1,1
CHEMBL473543,CS(=O)(=O)CCNCc1nc(-c2ccc3ncnc(Nc4ccc(OCc5ccccc5)cc4)c3c2)cs1,81.28,1,1
CHEMBL472581,CS(=O)(=O)CCNCc1nc(-c2ccc3ncnc(Nc4ccc5c(cnn5Cc5ccccc5)c4)c3c2)cs1,70.79,1,1
CHEMBL505970,CS(=O)(=O)CCNCc1nc(-c2ccc3ncnc(Nc4ccc(OCc5cccc(C(F)(F)F)c5)cc4)c3c2)cs1,537.03,1,1
CHEMBL515082,CS(=O)(=O)CCNCc1nc(-c2ccc3ncnc(Nc4ccc(OCc5ccccc5)c(Cl)c4)c3c2)cs1,7.943,1,1
CHEMBL453376,CS(=O)(=O)CCNCc1nc(-c2ccc3ncnc(Nc4ccc(OCc5cccc(F)c5)c(Cl)c4)c3c2)cs1,10.0,1,1
CHEMBL368891,Nc1ncnc2nn3ccccc3c12,10000.0,0,1
CHEMBL178953,N#Cc1cccc(NC(=O)Nc2ncnc3nn4ccccc4c23)c1,10000.0,0,1
CHEMBL178306,O=C(Nc1cccc(C(F)(F)F)c1)Nc1ncnc2nn3ccccc3c12,10000.0,0,1
CHEMBL181029,O=C(Nc1cccc([N+](=O)[O-])c1)Nc1ncnc2nn3ccccc3c12,10000.0,0,1
CHEMBL178488,O=C(Nc1ccc(Br)cc1)Nc1ncnc2nn3ccccc3c12,10000.0,0,1
CHEMBL179224,O=C(Nc1ccc(C(F)(F)F)cc1)Nc1ncnc2nn3ccccc3c12,10000.0,0,1
CHEMBL359830,O=C(Nc1ccc(F)cc1)Nc1ncnc2nn3ccccc3c12,10000.0,0,1
CHEMBL454383,C=CC(=O)Nc1ccc2ncnc(Cc3cccc(Br)c3)c2c1,0.7079,1,1
CHEMBL510155,C=CC(=O)Nc1ccc2ncnc(Cc3ccc(CN(C)C)c(Br)c3)c2c1,44.67,1,1
CHEMBL510357,C=CC(=O)Nc1ccc2ncnc(Cc3ccc(OCCN(C)C)c(Br)c3)c2c1,26.92,1,1
CHEMBL516365,C=CC(=O)Nc1cc2c(Cc3cccc(Br)c3)ncnc2cc1OCCCN1CCC(C)CC1,1.698,1,1
CHEMBL473747,C=CC(=O)Nc1cc2c(Cc3cccc(Br)c3)ncnc2cc1OCCCN1CCOCC1,3.631,1,1
CHEMBL473748,C=CC(=O)Nc1cc2c(Cc3cccc(Br)c3)ncnc2cc1OCCCCN(C)C,3.89,1,1
CHEMBL473944,C=CC(=O)Nc1cc2c(Cc3cccc(Br)c3)ncnc2cc1OCCCn1ccnc1,3.02,1,1
CHEMBL491676,C=CC(=O)Nc1cc2c(Cc3cccc(Br)c3)ncnc2cc1SCCCN(CC)CC,0.7762,1,1
CHEMBL522134,C=CC(=O)Nc1ccc2ncnc(Cc3cccc(C)c3)c2c1,0.4169,1,1
CHEMBL492077,C=CC(=O)Nc1cc2c(Cc3cccc(C)c3)ncnc2cc1OCCCN1CCC(C)CC1,1.995,1,1
CHEMBL489111,C=CC(=O)Nc1cc2c(Cc3cccc(C)c3)ncnc2cc1OCCCN1CCOCC1,1.514,1,1
CHEMBL521571,C=CC(=O)Nc1ccc2ncnc(Cc3ccc(F)c(Br)c3)c2c1,0.6918,1,1
CHEMBL489107,C=CC(=O)Nc1cc2c(Cc3ccc(F)c(Br)c3)ncnc2cc1OCCCN1CCOCC1,1.82,1,1
CHEMBL447223,C=CC(=O)Nc1ccc2ncnc(Cc3ccc(F)c(Cl)c3)c2c1,0.7586,1,1
CHEMBL489306,C=CC(=O)Nc1cc2c(Cc3ccc(F)c(Cl)c3)ncnc2cc1OCCCN1CCOCC1,1.514,1,1
CHEMBL522928,C=CC(=O)Nc1cc2c(Cc3ccc(F)c(Cl)c3)ncnc2cc1OCCOCCCCO,1.698,1,1
CHEMBL524117,C=CC(=O)Nc1ccc2ncnc(Cc3ccc(F)c(Cl)c3)c2n1,0.7586,1,1
CHEMBL490496,C=CC(=O)Nc1nc2c(Cc3ccc(F)c(Cl)c3)ncnc2cc1/C=C/CCN1CCOCC1,0.1585,1,1
CHEMBL521601,C=CC(=O)Nc1nc2c(Cc3ccc(F)c(Cl)c3)ncnc2cc1CCCCN1CCOCC1,2.692,1,1
CHEMBL490497,C=CC(=O)Nc1nc2c(Cc3ccc(F)c(Cl)c3)ncnc2cc1OC,0.955,1,1
CHEMBL490498,C=CC(=O)Nc1nc2c(Cc3ccc(F)c(Cl)c3)ncnc2cc1OCCOC,0.9772,1,1
CHEMBL489897,C=CC(=O)Nc1nc2c(Cc3ccc(F)c(Cl)c3)ncnc2cc1OCCCN1CCOCC1,1.514,1,1
CHEMBL490093,C=CC(=O)N(C)c1nc2c(Cc3ccc(F)c(Cl)c3)ncnc2cc1OCCCN1CCOCC1,19.95,1,1
CHEMBL448172,C=CC(=O)Nc1nc2c(Cc3ccc(F)c(Cl)c3)ncnc2cc1OCCCN1CCC(C)CC1,6.607,1,1
CHEMBL524115,C=CC(=O)Cc1cc2c(Nc3cccc(Br)c3)ncnc2cn1,0.912,1,1
CHEMBL491083,C=CC(=O)C(C)c1cc2c(Nc3cccc(Br)c3)ncnc2cn1,0.1698,1,1
CHEMBL508481,C=C(C)C(=O)Cc1cc2c(Nc3cccc(Br)c3)ncnc2cn1,1.585,1,1
CHEMBL524132,C=C(C)C(=O)Cc1ccc2ncnc(Nc3cccc(Br)c3)c2c1,1.202,1,1
CHEMBL501618,C/C=C/C(=O)Cc1cc2c(Nc3cccc(Br)c3)ncnc2cn1,0.5012,1,1
CHEMBL491085,C/C=C/C(=O)Cc1ccc2ncnc(Nc3cccc(Br)c3)c2c1,0.5495,1,1
CHEMBL522623,O=C(/C=C\Cl)Cc1cc2c(Nc3cccc(Br)c3)ncnc2cn1,0.6918,1,1
CHEMBL507827,O=C(/C=C/C(F)(F)F)Cc1ccc2ncnc(Nc3cccc(Br)c3)c2c1,1.738,1,1
CHEMBL454370,C=C/C=C/C(=O)Cc1cc2c(Nc3cccc(Br)c3)ncnc2cn1,1.096,1,1
CHEMBL454371,C=C=CC(=O)Cc1ccc2ncnc(Nc3cccc(Br)c3)c2c1,1.585,1,1
CHEMBL509914,O=C(/C=C/c1ccccc1)Cc1cc2c(Nc3cccc(Br)c3)ncnc2cn1,9.12,1,1
CHEMBL455174,CC(=O)/C=C/C(=O)Cc1ccc2ncnc(Nc3cccc(Br)c3)c2c1,1.202,1,1
CHEMBL510396,O=C(O)/C=C/C(=O)Cc1ccc2ncnc(Nc3cccc(Br)c3)c2c1,0.3715,1,1
CHEMBL454384,CCOC(=O)/C=C/C(=O)Cc1ccc2ncnc(Nc3cccc(Br)c3)c2c1,2.692,1,1
CHEMBL453378,CCOC(=O)/C=C/C(=O)Cc1cc2c(Nc3cccc(Br)c3)ncnc2cn1,1.514,1,1
CHEMBL453379,C=CC(=O)C(CCN(C)C)c1cc2c(Nc3cccc(Br)c3)ncnc2cn1,4.169,1,1
CHEMBL510597,C=CC(=O)C(CCCN1CCOCC1)c1cc2c(Nc3cccc(Br)c3)ncnc2cn1,2.692,1,1
CHEMBL517127,C=CC(=O)C(CCCN1CCOCC1)c1ccc2ncnc(Nc3cccc(Br)c3)c2c1,3.311,1,1
CHEMBL461796,CN(C)CCCOC(=O)/C=C/C(=O)Cc1ccc2ncnc(Nc3cccc(Br)c3)c2c1,2.399,1,1
CHEMBL461797,CN(C)CCCNC(=O)/C=C/C(=O)Cc1ccc2ncnc(Nc3cccc(Br)c3)c2c1,0.4365,1,1
CHEMBL460743,CN(C)CCCNC(=O)/C=C/C(=O)Cc1cc2c(Nc3cccc(Br)c3)ncnc2cn1,1.096,1,1
CHEMBL460721,CCN(CC)CCCNC(=O)/C=C/C(=O)Cc1cc2c(Nc3cccc(Br)c3)ncnc2cn1,0.7244,1,1
CHEMBL460722,O=C(/C=C/C(=O)NCCCN1CCOCC1)Cc1cc2c(Nc3cccc(Br)c3)ncnc2cn1,0.8128,1,1
CHEMBL460723,O=C(/C=C/C(=O)NCCCn1ccnc1)Cc1cc2c(Nc3cccc(Br)c3)ncnc2cn1,0.5623,1,1
CHEMBL460894,CC(C(=O)/C=C/C(=O)NCCCN(C)C)c1cc2c(Nc3cccc(Br)c3)ncnc2cn1,1.445,1,1
CHEMBL503755,O=S(=O)(CO)Nc1cc2c(Nc3cccc(Br)c3)ncnc2cn1,93.33,1,1
CHEMBL511874,C/C=C/C(=O)Nc1ccc2c(Nc3cccc(Br)c3)ncnc2c1,0.67805,1,2
CHEMBL447850,O=C(/C=C/CC(=O)Nc1ccc2ncnc(Nc3cccc(Br)c3)c2c1)Nc1ccc2c(Nc3cccc(Br)c3)ncnc2c1,0.4467,1,1
CHEMBL446019,C=CC(=O)Nc1cc2ncnc(Nc3cccc(Cl)c3)c2cn1,0.537,1,1
CHEMBL460735,C=CC(=O)NC1=CC=C2N=CN=C(Nc3cccc(Cl)c3)C21,1.585,1,1
CHEMBL474147,C=CC(=O)NC1=CC=C2N=CN=C(Nc3cccc(C)c3)C21,0.4169,1,1
CHEMBL474342,C=CC(=O)NC1=CC=C2N=CN=C(Nc3cccc(C(F)(F)F)c3)C21,0.912,1,1
CHEMBL474343,C=CC(=O)NC1=CC=C2N=CN=C(Nc3ccc(Oc4ccccc4)cc3)C21,5.754,1,1
CHEMBL472746,C=CC(=O)NC1=CC=C2N=CN=C(Nc3ccc(OCc4ccccc4)cc3)C21,3.631,1,1
CHEMBL516022,C=CC(=O)NC1=NC=C2N=CN=C(Nc3cccc(C)c3)C21,0.4786,1,1
CHEMBL474141,C=CC(=O)NC1=NC=C2N=CN=C(Nc3ccc(F)c(Br)c3)C21,0.7244,1,1
CHEMBL516373,C=CC(=O)NC1=NC=C2N=CN=C(Nc3ccc(F)c(Cl)c3)C21,0.7762,1,1
CHEMBL474142,C=CC(=O)Nc1cc2ncnc(Nc3cccc(Br)c3)c2[nH]1,1.096,1,1
CHEMBL474143,C=CC(=O)Nc1cc2ncnc(Nc3ccc(F)c(Br)c3)c2[nH]1,1.202,1,1
CHEMBL474341,O=C(CCn1ncc2cc3c(Nc4cccc(Br)c4)ncnc3cc21)N1CCOCC1,3.715,1,1
CHEMBL447331,Brc1cccc(Nc2ncnc3cc4c(cc23)CN4)c1,0.4365,1,1
CHEMBL489112,CN1Cc2cc3c(Nc4cccc(Br)c4)ncnc3cc21,0.7943,1,1
CHEMBL521572,OCC(O)CN1Cc2cc3c(Nc4cccc(Br)c4)ncnc3cc21,1.585,1,1
CHEMBL489117,CN(C)CCN1Cc2cc3c(Nc4cccc(Br)c4)ncnc3cc21,40.74,1,1
CHEMBL489312,CN(C)CCCN1Cc2cc3c(Nc4cccc(Br)c4)ncnc3cc21,20.89,1,1
CHEMBL489313,O=C(CCN1Cc2cc3c(Nc4cccc(Br)c4)ncnc3cc21)N1CCOCC1,3.715,1,1
CHEMBL489307,O=C(CCCN1Cc2cc3c(Nc4cccc(Br)c4)ncnc3cc21)N1CCOCC1,8.71,1,1
CHEMBL489308,O=C(O)CN1Cc2cc3c(Nc4cccc(Br)c4)ncnc3cc21,5.129,1,1
CHEMBL489501,O=C(Cc1c[nH]c2cc3ncnc(Nc4cccc(Br)c4)c3cc12)N1CCOCC1,4.786,1,1
CHEMBL461792,COC[C@H]1Oc2cc3ncnc(Nc4cccc(Cl)c4)c3cc2O[C@@H]1COC,10.08,1,1
CHEMBL516979,COC[C@H]1Oc2cc3ncnc(Nc4cccc(I)c4)c3cc2O[C@@H]1COC,1.66,1,1
CHEMBL460736,CN(N)C/C=C/C(=O)Nc1cc2c(Nc3cccc(Br)c3)ccnc2cn1,8.6,1,1
CHEMBL461795,COc1cc2ncnc(Nc3ccc(F)c(Cl)c3)c2cc1CN1CC[C@@H](C(N)=O)C1,6.0,1,1
CHEMBL461967,COc1cc2ncnc(Nc3ccc(F)c(Cl)c3)c2cc1CNC(=O)[C@H]1CCCCN1C,8.0,1,1
CHEMBL517130,COc1cc2ncnc(Nc3ccc(F)c(Cl)c3)c2cc1CN(C)[C@H](C)C(N)=O,9.0,1,1
CHEMBL461968,COc1cc2ncnc(Nc3ccc(F)c(Cl)c3)c2cc1CN(C)[C@@H](C)C(N)=O,8.0,1,1
CHEMBL473141,CCOc1cc2nccc(Nc3cccc(Br)c3)c2cc1NC(=O)/C=C/CN1CCOCC1,10320.0,0,1
CHEMBL472743,COc1cc(NC(=O)/C=C/CN2CCOCC2)cc2c(Nc3cccc(Br)c3)ccnc12,5390.0,0,1
CHEMBL472942,COc1cc2nccc(Nc3ccc(F)c(Cl)c3)c2cc1NC(=O)/C=C/CN1CCOCC1,13570.0,0,1
CHEMBL472943,COc1cc2nccc(Nc3ccc(F)c(Cl)c3)c2cc1NC(=O)/C=C/C(C)N(C)C,5220.0,0,1
CHEMBL514771,COc1cc2nccc(Nc3ccc(F)c(Cl)c3)c2cc1NC(=O)/C=C/C(C)N1CCOCC1,10590.0,0,1
CHEMBL490687,C/C=C/C(=O)Nc1cc2c(Nc3ccc(F)c(Cl)c3)ccnc2cc1CC,7500.0,0,1
CHEMBL461781,FC(F)(F)c1ccc(-n2cnnc2SCc2nc(COc3c(Cl)cccc3Cl)no2)cc1,6300.0,0,1
CHEMBL461782,CCOC(=O)c1ccc(N2CCOCC2)c(NS(=O)(=O)c2cc(Br)c(Cl)s2)c1,11100.0,0,1
CHEMBL523586,NC[C@H](Cc1cccc(F)c1)NC(=O)c1cc(Br)c(-c2ccnc3[nH]ccc23)s1,10000.0,0,1
CHEMBL470219,Fc1ccc(Nc2ncnc3nc(Nc4ccc(CN5CCCC5)cc4)sc23)cc1Cl,4.0,1,1
CHEMBL471058,CCc1nccn1Cc1ccc(Nc2nc3ncnc(Nc4ccc(F)c(Cl)c4)c3s2)cc1,6.0,1,1
CHEMBL513418,NS(=O)(=O)c1ccc(Nc2nc3ncnc(Nc4cccc(Cl)c4)c3s2)cc1,7.0,1,1
CHEMBL469355,NS(=O)(=O)c1ccc(Nc2nc3ncnc(Nc4ccc(F)c(Cl)c4)c3s2)cc1,9.0,1,1
CHEMBL503418,CN1CCN(Cc2ccc(Nc3nc4ncnc(Nc5ccc(OCc6cccc(F)c6)c(Cl)c5)c4s3)cc2)CC1,9.0,1,1
CHEMBL469354,NS(=O)(=O)c1ccc(Nc2nc3ncnc(Nc4cccc(Br)c4)c3s2)cc1,10.0,1,1
CHEMBL470011,Fc1ccc(Nc2ncnc3nc(Nc4ccc(CN5CCCCC5)cc4)sc23)cc1Cl,10.0,1,1
CHEMBL511990,OC[C@@H]1CCCN1Cc1ccc(Nc2nc3ncnc(Nc4ccc(F)c(Cl)c4)c3s2)cc1,11.0,1,1
CHEMBL513208,CN(C)Cc1ccc(Nc2nc3ncnc(Nc4ccc(F)c(Cl)c4)c3s2)cc1,12.0,1,1
CHEMBL511637,Fc1ccc(Nc2ncnc3nc(Nc4ccc(CN5CCOCC5)cc4)sc23)cc1Cl,12.0,1,1
CHEMBL470218,CN(C)CCc1ccc(Nc2nc3ncnc(Nc4ccc(F)c(Cl)c4)c3s2)cc1,13.0,1,1
CHEMBL513362,Cc1cccc(Nc2ncnc3nc(Nc4ccc(S(N)(=O)=O)cc4)sc23)c1,14.0,1,1
CHEMBL470012,Fc1ccc(Nc2ncnc3nc(Nc4ccc(CCN5CCOCC5)cc4)sc23)cc1Cl,15.0,1,1
CHEMBL470010,COCCN(CCOC)S(=O)(=O)c1ccc(Nc2nc3ncnc(Nc4ccc(F)c(Cl)c4)c3s2)cc1,25.0,1,1
CHEMBL470003,Clc1cccc(Nc2ncnc3nc(Nc4ccccc4)sc23)c1,27.0,1,1
CHEMBL470391,C#Cc1cccc(Nc2ncnc3nc(Nc4ccc(CN5CCOCC5)cc4)sc23)c1,43.0,1,1
CHEMBL469997,Fc1ccc(Nc2ncnc3nc(Nc4ccccc4)sc23)cc1Cl,59.0,1,1
CHEMBL511839,NS(=O)(=O)c1ccc(Nc2nc3ncnc(Nc4ccccc4)c3s2)cc1,82.0,1,1
CHEMBL513716,NS(=O)(=O)c1ccc(Nc2nc3ncnc(Nc4c(F)cccc4F)c3s2)cc1,187.0,1,1
CHEMBL511623,Fc1ccc(Nc2ncnc3nc(NCCN4CCOCC4)sc23)cc1Cl,918.0,1,1
CHEMBL469996,NS(=O)(=O)c1ccc(Nc2nc3ncnc(Nc4ccc(N5CCOCC5)c(Cl)c4)c3s2)cc1,3300.0,0,1
CHEMBL511449,NS(=O)(=O)c1ccc(Nc2nc3ncnc(Nc4ccc(N5CCOCC5)cc4)c3s2)cc1,17900.0,0,1
CHEMBL523122,COCCOc1cc2ncnc(Nc3c(Cl)ccc4c3OCO4)c2cc1NC(=O)[C@@H]1CCCN1,7130.0,0,1
CHEMBL453336,COc1cc(C2=C(c3cn(COCc4ccccc4)c4ccccc34)CNC2=O)cc(OC)c1OC,14000.0,0,1
CHEMBL488646,COc1cc(C2=C(c3cn(COC(C)(C)C)c4ccccc34)CNC2=O)cc(OC)c1OC,9000.0,0,1
CHEMBL486437,COc1cc(C2=C(c3cn(COCC[Si](C)(C)C)c4ccccc34)CNC2=O)cc(OC)c1OC,22000.0,0,1
CHEMBL529663,COc1cc(C2=C(c3c[nH]c4ccccc34)CNC2=O)cc(OC)c1OC,23000.0,0,1
CHEMBL489058,CCN1CCN(CC/C=C/c2ccc3c(Nc4ccc(Sc5nccn5C)c(Cl)c4)c(C#N)cnc3c2)CC1,10.0,1,1
CHEMBL448929,CCc1cc(Nc2nccc(-c3c(-c4cccc(C(=O)Nc5c(F)cccc5F)c4)nc4ccccn34)n2)c(OC)cc1N1CCC(N2CCN(S(C)(=O)=O)CC2)CC1,22.0,1,1
CHEMBL507714,COc1cc(N2CCC(N3CCN(S(C)(=O)=O)CC3)CC2)ccc1Nc1nccc(-c2c(-c3cccc(C(=O)Nc4c(F)cccc4F)c3)nc3ccccn23)n1,57.0,1,1
CHEMBL480356,Cc1[nH]c(/C=C2\C(=O)Nc3ccc(C(=O)NNc4ccccc4)cc32)c(C)c1CCC(=O)O,3480.0,0,1
CHEMBL479800,Fc1cccc(COc2ccc(Nc3ncnc4cc(-c5ccco5)sc34)cc2Cl)c1,10.0,1,1
CHEMBL475594,CN(C)Cc1ccc(-c2cc3ncnc(Nc4ccc(OCc5cccc(F)c5)c(Cl)c4)c3s2)o1,2.0,1,1
CHEMBL475761,CN1CCN(Cc2ccc(-c3cc4ncnc(Nc5ccc(OCc6cccc(F)c6)c(Cl)c5)c4s3)o2)CC1,5.0,1,1
CHEMBL473428,OCc1ccc(-c2cc3ncnc(Nc4ccc(OCc5cccc(F)c5)c(Cl)c4)c3s2)o1,3.0,1,1
CHEMBL473429,N#CCNCc1ccc(-c2cc3ncnc(Nc4ccc(OCc5cccc(F)c5)c(Cl)c4)c3s2)o1,3.0,1,1
CHEMBL475768,CS(=O)(=O)CCNCc1ccc(-c2cc3ncnc(Nc4ccc(OCc5cccc(F)c5)c(Cl)c4)c3s2)o1,1.0,1,1
CHEMBL475769,CS(=O)(=O)CCNCc1cc(-c2cc3ncnc(Nc4ccc(OCc5cccc(F)c5)c(Cl)c4)c3s2)co1,4.0,1,1
CHEMBL473427,Fc1cccc(COc2ccc(Nc3ncnc4cc(-c5cccs5)sc34)cc2Cl)c1,8.0,1,1
CHEMBL474431,CS(=O)(=O)CCNCc1cc(-c2cc3ncnc(Nc4ccc(OCc5cccc(F)c5)c(Cl)c4)c3s2)cs1,3.0,1,1
CHEMBL473436,Fc1cccc(COc2ccc(Nc3ncnc4cc(-c5ccc[nH]5)sc34)cc2Cl)c1,68.0,1,1
CHEMBL473437,CN(C)Cc1ccc(-c2cc3ncnc(Nc4ccc(OCc5cccc(F)c5)c(Cl)c4)c3s2)[nH]1,4.0,1,1
CHEMBL473438,CCNCc1ccc(-c2cc3ncnc(Nc4ccc(OCc5cccc(F)c5)c(Cl)c4)c3s2)[nH]1,6.0,1,1
CHEMBL475446,CS(=O)(=O)CCNCc1ccc(-c2cc3ncnc(Nc4ccc(OCc5cccc(F)c5)c(Cl)c4)c3s2)[nH]1,7.0,1,1
CHEMBL514938,Fc1cccc(COc2ccc(Nc3ncnc4sc(-c5ccco5)cc34)cc2Cl)c1,15.0,1,1
CHEMBL519757,Fc1cccc(COc2ccc(Nc3ncnc4sc(-c5ccc(CNCc6ccccc6)o5)cc34)cc2Cl)c1,54.0,1,1
CHEMBL480349,CS(=O)(=O)CCNCc1ccc(-c2cc3c(Nc4ccc(OCc5cccc(F)c5)c(Cl)c4)ncnc3s2)o1,12.0,1,1
CHEMBL506414,Fc1cccc(COc2ccc(Nc3ncnc4sc(-c5cccs5)cc34)cc2Cl)c1,9.0,1,1
CHEMBL481324,CS(=O)(=O)CCNCc1ccc(-c2cc3c(Nc4ccc(OCc5cccc(F)c5)c(Cl)c4)ncnc3s2)s1,96.0,1,1
CHEMBL475599,CS(=O)(=O)CCNCc1cc(-c2cc3c(Nc4ccc(OCc5cccc(F)c5)c(Cl)c4)ncnc3s2)cs1,304.0,1,1
CHEMBL475600,Fc1cccc(COc2ccc(Nc3ncnc4sc(-c5ccc[nH]5)cc34)cc2Cl)c1,115.0,1,1
CHEMBL475767,CN(C)Cc1ccc(-c2cc3c(Nc4ccc(OCc5cccc(F)c5)c(Cl)c4)ncnc3s2)[nH]1,68.0,1,1
CHEMBL480348,CCNCc1ccc(-c2cc3c(Nc4ccc(OCc5cccc(F)c5)c(Cl)c4)ncnc3s2)[nH]1,121.0,1,1
CHEMBL481331,CS(=O)(=O)CCNCc1ccc(-c2cc3c(Nc4ccc(OCc5cccc(F)c5)c(Cl)c4)ncnc3s2)[nH]1,138.0,1,1
CHEMBL473320,COc1cc2ncnc(-c3c[nH]c4ccc(Br)cc34)c2cc1OC,131.0,1,1
CHEMBL474524,COc1cc2ncnc(-c3c[nH]c4cc(F)c(Cl)cc34)c2cc1OCCCN1CCOCC1,333.0,1,1
CHEMBL474324,COCCOc1cc2ncnc(-c3c[nH]c4cc(F)c(Cl)cc34)c2cc1OCCOC,472.0,1,1
CHEMBL474323,COc1cc2ncnc(-c3c[nH]c4cc(F)c(C)cc34)c2cc1OC,533.0,1,1
CHEMBL515401,COc1cc2ncnc(-c3c[nH]c4cc(F)c(Cl)cc34)c2cc1OC,209.0,1,1
CHEMBL451523,COc1c(NC(=O)Nc2ccc(-c3ccc(CN4CCOCC4)nc3)c3ccccc23)cc(C(C)(C)C)cc1NS(C)(=O)=O,5400.0,0,1
CHEMBL490510,O=C(/C=C/c1ccc(O)c(O)c1)c1ccc(O[C@@H]2O[C@H](CO)[C@@H](O)[C@H](O)[C@H]2O)c(O)c1O,19000000.0,0,1
CHEMBL45068,O=C(CCc1ccc(O)cc1)c1c(O)cc(O)cc1O,25000000.0,0,1
CHEMBL242740,COc1c(O)cc2occ(-c3ccc(O)cc3)c(=O)c2c1O,3300.0,0,1
CHEMBL477197,Oc1cc2c(cc1O)[C@@H]1c3ccc(O)c(O)c3OC[C@]1(O)C2,3400.0,0,1
CHEMBL525725,COc1ccc(/N=C/c2c(N)ncnc2Nc2ccc3c(cnn3Cc3cccc(F)c3)c2)cc1,49.0,1,1
CHEMBL497863,Nc1ncnc(Nc2ccc3c(cnn3Cc3cccc(F)c3)c2)c1/C=N/NCC(F)(F)F,52.0,1,1
CHEMBL497697,CN/N=C/c1c(N)ncnc1Nc1ccc2c(cnn2Cc2cccc(F)c2)c1,12.0,1,1
CHEMBL515664,COC[C@H]1CCCN1/N=C/c1c(N)ncnc1Nc1ccc2c(cnn2Cc2cccc(F)c2)c1,31.0,1,1
CHEMBL456758,COC[C@@H]1CCCN1/N=C/c1c(N)ncnc1Nc1ccc2c(cnn2Cc2cccc(F)c2)c1,26.0,1,1
CHEMBL514566,Nc1ncnc(Nc2ccc3c(cnn3Cc3cccc(F)c3)c2)c1/C=N/N1CCN(CCO)CC1,9.0,1,1
CHEMBL498134,CN1CCN(/N=C/c2c(N)ncnc2Nc2ccc3c(cnn3Cc3cccc(F)c3)c2)CC1,16.0,1,1
CHEMBL524457,Nc1ncnc(Nc2ccc3c(cnn3Cc3cccc(F)c3)c2)c1/C=N/N1CCCCC1,30.0,1,1
CHEMBL498133,Nc1ncnc(Nc2ccc3c(cnn3Cc3cccc(F)c3)c2)c1/C=N/N1CCOCC1,16.0,1,1
CHEMBL497459,CN(C)/N=C/c1c(N)ncnc1Nc1ccc2c(cnn2Cc2cccc(F)c2)c1,8.0,1,1
CHEMBL487254,N=C(Nc1ccccc1)SCCCN1C(=O)C2=C(C1=O)n1ccc3cccc(c31)C1Cc3ccccc3N21,9500.0,0,1
CHEMBL489083,N=C(N)SCCCn1c(=O)c2c(c1=O)n1c3ccccc3cc1c1cccc3ccn2c31,4600.0,0,1
CHEMBL488271,CNC(=N)SCCCn1c(=O)c2c(c1=O)n1c3ccccc3cc1c1cccc3ccn2c31,9900.0,0,1
CHEMBL461140,CN(C)CCOc1ccc(/C=C/c2cc(-c3cc4c(=O)[nH]cnc4[nH]3)ccn2)cc1,3300.0,0,1
CHEMBL496388,N#Cc1cnc2c(Cl)cc(NCc3c[nH]nn3)cc2c1Nc1ccc(F)c(Cl)c1,1000.0,1,1
CHEMBL495617,CCCN1CCC(n2cc(CNc3cc(Cl)c4ncc(C#N)c(Nc5ccc(F)c(Cl)c5)c4c3)nn2)CC1,30000.0,0,1
CHEMBL501709,N#Cc1cnc2c(Cl)cc(NCc3cn(C4CCN(C5CCC5)CC4)nn3)cc2c1Nc1ccc(F)c(Cl)c1,22000.0,0,1
CHEMBL523059,CC(C)N1CCC(n2cc(CNc3cc(Cl)c4ncc(C#N)c(Nc5ccc(F)c(Cl)c5)c4c3)nn2)CC1,22000.0,0,1
CHEMBL527026,CCN1CCC(n2cc(CNc3cc(Cl)c4ncc(C#N)c(Nc5ccc(F)c(Cl)c5)c4c3)nn2)CC1,5678.5,0,2
CHEMBL230232,N#Cc1cnc2c(Br)cc(NCc3c[nH]nn3)cc2c1Nc1ccc(F)c(Cl)c1,1000.0,1,1
CHEMBL50,O=c1c(O)c(-c2ccc(O)c(O)c2)oc2cc(O)cc(O)c12,7900.0,0,2
CHEMBL564829,CNC(=O)c1nn(C)c2c1C(C)(C)Cc1cnc(Nc3ccc(N4CCN(C)CC4)cc3)nc1-2,3069.0,0,1
CHEMBL574059,Cn1c(=O)c(-c2c(Cl)cccc2Cl)cc2cnc(Nc3ccc(F)cc3)nc21,380.0,1,1
CHEMBL574058,Cc1cc(Nc2ncc3cc(-c4c(Cl)cccc4Cl)c(=O)n(C)c3n2)ccc1F,390.0,1,1
CHEMBL565714,CCC1=C2C(Nc3ccc4c(cnn4Cc4ccccc4)c3)=NC=NC2N=C1NC(=O)OCCN1CCNCC1,21.0,1,1
CHEMBL565467,CCC1=C2C(Nc3ccc4c(cnn4Cc4ccccc4)c3)=NC=NC2N=C1NC(=O)O[C@H]1CC[C@H](N)CC1,23.0,1,1
CHEMBL583403,CCC1=C2C(Nc3ccc4c(cnn4Cc4cccc(F)c4)c3)=NC=NC2N=C1NC(=O)OC[C@@H]1COCCN1,23.0,1,1
CHEMBL583218,CCC1=C2C(Nc3ccc4c(cnn4Cc4ccccc4)c3)=NC=NC2N=C1NC(=O)OCC1CCNCC1,30.0,1,1
CHEMBL1645462,Cc1c(NC(=O)OC[C@@H]2COCCN2)cn2ncnc(Nc3ccc4c(cnn4Cc4cccc(F)c4)c3)c12,32.0,1,3
CHEMBL567873,CCC1=C2C(Nc3ccc4c(cnn4Cc4ccccc4)c3)=NC=NC2N=C1NC(=O)OC[C@@H]1COCCN1,33.0,1,1
CHEMBL566350,CCC1=C2C(Nc3ccc4c(cnn4Cc4ccccc4)c3)=NC=NC2N=C1NC(=O)OCCN1CCCCC1,38.0,1,1
CHEMBL584714,CCC1=C2C(Nc3ccc4c(cnn4Cc4ccccc4)c3)=NC=NC2N=C1NC(=O)OCC1CCCNC1,38.0,1,1
CHEMBL566337,CCC1=C2C(Nc3ccc4c(cnn4Cc4ccccc4)c3)=NC=NC2N=C1NC(=O)OCCn1ccnc1,40.0,1,1
CHEMBL578044,CCC1=C2C(Nc3ccc4c(cnn4Cc4ccccc4)c3)=NC=NC2N=C1NC(=O)OCCC1CCNCC1,44.0,1,1
CHEMBL566559,CCC1=C2C(Nc3ccc4c(cnn4Cc4ccccc4)c3)=NC=NC2N=C1NC(=O)OCC1CCCCN1,45.0,1,1
CHEMBL578255,CCC1=C2C(Nc3ccc4c(cnn4Cc4ccccc4)c3)=NC=NC2N=C1NC(=O)OCCN1CCOCC1,111.0,1,1
CHEMBL567197,CCC1=C2C(Nc3ccc4c(cnn4Cc4ccccc4)c3)=NC=NC2N=C1NC(=O)O[C@H]1CC[C@@](C)(N)CC1,19.0,1,1
CHEMBL571040,C=CC(=O)N1CCC[C@H]1C(=O)Nc1cc2c(Nc3cccc(Cl)c3F)ncnc2cc1OCCOC,18.5,1,2
CHEMBL569880,C=CC(=O)N1CCC[C@H]1C(=O)Nc1cc2c(Nc3ccc(F)c(Cl)c3F)ncnc2cc1OCCOC,10.0,1,2
CHEMBL571809,CC(=O)OCN(C)/N=N/c1ccc2ncnc(Nc3cccc(Cl)c3)c2c1,240.0,1,1
CHEMBL572030,C=COC(=O)N(CCN(C)C)/N=N/c1ccc2ncnc(Nc3cccc(Cl)c3)c2c1,180.0,1,1
CHEMBL572031,C=COC(=O)N(C)/N=N/c1ccc2ncnc(Nc3cccc(Cl)c3)c2c1,720.0,1,1
CHEMBL570918,CN(/N=N/c1ccc2ncnc(Nc3cccc(Cl)c3)c2c1)C(=O)OCCCl,500.0,1,1
CHEMBL572028,CC(=O)OCOC(=O)N(C)/N=N/c1ccc2ncnc(Nc3cccc(Cl)c3)c2c1,630.0,1,1
CHEMBL583683,CN(/N=N/c1ccc2ncnc(Nc3cccc(Cl)c3)c2c1)C(=O)OCCl,390.0,1,1
CHEMBL570709,CN(/N=N/c1ccc2ncnc(Nc3cccc(Cl)c3)c2c1)C(=O)Oc1ccc([N+](=O)[O-])cc1,770.0,1,1
CHEMBL605413,CCCC(Cc1coc2nc(N)nc(N)c12)c1ccccc1OC,2200.0,0,1
CHEMBL595757,COc1ccccc1C(Cc1coc2nc(N)nc(N)c12)C(C)C,18200.0,0,1
CHEMBL594790,CCCCC(Cc1coc2nc(N)nc(N)c12)c1ccccc1OC,13400.0,0,1
CHEMBL603198,COc1ccccc1C(Cc1coc2nc(N)nc(N)c12)C1CC1,56500.0,0,1
CHEMBL594810,COc1ccccc1C(=Cc1coc2nc(=N)[nH]c(N)c12)C(C)C,111400.0,0,1
CHEMBL595497,CCCC(=Cc1coc2nc(=N)[nH]c(N)c12)c1ccccc1OC,160300.0,0,1
CHEMBL604879,CCCCC(=Cc1coc2nc(=N)[nH]c(N)c12)c1ccccc1OC,529300.0,0,1
CHEMBL593293,COc1cc2ncnc(Nc3ccc(-c4nc5ccccc5s4)cc3O)c2cc1OC,2200.0,0,1
CHEMBL596059,COc1cc(-c2nc3ccccc3s2)ccc1Nc1ncnc2cc(OC)c(OC)cc12,63.0,1,1
CHEMBL595615,COc1cc2c(Nc3ccc(-c4nc5ccccc5s4)cc3)ncnc2cc1OCCCN1CCN(C)CC1,46.0,1,1
CHEMBL595406,COc1cc2c(Nc3ccc(-c4nc5ccccc5s4)cc3C)ncnc2cc1OCCCN1CCN(C)CC1,250.0,1,1
CHEMBL595142,COc1cc2c(Nc3ccc(-c4nc5ccccc5s4)cc3O)ncnc2cc1OCCCN1CCN(C)CC1,350.0,1,1
CHEMBL594228,COc1cc2c(Nc3ccc(-c4nc5ccccc5s4)cc3F)ncnc2cc1OCCCN1CCN(C)CC1,805.0,1,1
CHEMBL596087,COc1cc2c(Nc3ccc(-c4nc5ccccc5s4)c(C)c3)ncnc2cc1OCCCN1CCN(C)CC1,32.0,1,1
CHEMBL606466,COc1cc2c(Nc3ccc(-c4nc5ccccc5s4)c(O)c3)ncnc2cc1OCCCN1CCN(C)CC1,110.0,1,1
CHEMBL593860,COc1cc2c(Nc3ccc(-c4nc5ccccc5s4)c(OC)c3)ncnc2cc1OCCCN1CCN(C)CC1,2.0,1,1
CHEMBL593987,COc1cc2c(Nc3ccc(-c4nc5ccccc5s4)c(F)c3)ncnc2cc1OCCCN1CCN(C)CC1,430.0,1,1
CHEMBL593274,COc1cc2c(Nc3ccc(-c4nc5ccccc5s4)c(Cl)c3)ncnc2cc1OCCCN1CCN(C)CC1,16.0,1,1
CHEMBL593306,COc1ccc2nc(-c3ccc(Nc4ncnc5cc(OCCCN6CCN(C)CC6)c(OC)cc45)cc3)sc2c1,200.0,1,1
CHEMBL604992,COc1cc2c(Nc3ccc(-c4nc5ccc(F)cc5s4)cc3)ncnc2cc1OCCCN1CCN(C)CC1,730.0,1,1
CHEMBL593275,COc1cc2c(Nc3ccc(-c4nc5ccc(Cl)cc5s4)cc3)ncnc2cc1OCCCN1CCN(C)CC1,260.0,1,1
CHEMBL593909,COc1cc2c(Nc3ccc(-c4nc5ccc(Cl)cc5s4)cc3F)ncnc2cc1OCCCN1CCN(C)CC1,6200.0,0,1
CHEMBL593770,COc1cc2c(N(C)c3ccc(-c4nc5ccccc5s4)c(OC)c3)ncnc2cc1OCCCN1CCN(C)CC1,1400.0,0,1
CHEMBL593292,COc1cc2ncnc(Nc3ccc(-c4nc5ccccc5s4)cc3)c2cc1OCCCN1CCN(C)CC1,670.0,1,1
CHEMBL595374,COc1cc2ncnc(Nc3ccc(-c4nc5ccccc5s4)cc3C)c2cc1OCCCN1CCN(C)CC1,1400.0,0,1
CHEMBL593294,COc1cc2ncnc(Nc3ccc(-c4nc5ccccc5s4)cc3O)c2cc1OCCCN1CCN(C)CC1,230.0,1,1
CHEMBL594661,COc1cc2ncnc(Nc3ccc(-c4nc5ccccc5s4)cc3F)c2cc1OCCCN1CCN(C)CC1,4500.0,0,1
CHEMBL604485,COc1cc2ncnc(Nc3ccc(-c4nc5ccccc5s4)c(O)c3)c2cc1OCCCN1CCN(C)CC1,3300.0,0,1
CHEMBL593911,COc1cc2ncnc(Nc3ccc(-c4nc5ccccc5s4)c(OC)c3)c2cc1OCCCN1CCN(C)CC1,15.0,1,1
CHEMBL593760,COc1cc2ncnc(Nc3ccc(-c4nc5ccccc5s4)c(F)c3)c2cc1OCCCN1CCN(C)CC1,2300.0,0,1
CHEMBL604893,COc1cc2ncnc(Nc3ccc(-c4nc5ccccc5s4)c(Cl)c3)c2cc1OCCCN1CCN(C)CC1,44.0,1,1
CHEMBL590109,NCCn1cc(-c2cc(-c3cc4ccccc4s3)c3[nH]ncc3c2)c2nc(N)ncc21,940.0,1,1
CHEMBL597492,COc1cc(C2=C(c3c[nH]c4ccc(I)cc34)C(=O)NC2=O)cc(OC)c1OC,1688.0,0,1
CHEMBL605957,COc1cc(C2=C(c3c[nH]c4ccc(Br)cc34)C(=O)NC2=O)cc(OC)c1OC,5797.0,0,1
CHEMBL591213,CCCCCCOC(=O)COc1cc(O)c2c(=O)cc(-c3ccccc3)oc2c1,9120.0,0,1
CHEMBL599524,CCCCCCCOC(=O)COc1cc(O)c2c(=O)cc(-c3ccccc3)oc2c1,7230.0,0,1
CHEMBL603968,CCCCCCCCOC(=O)COc1cc(O)c2c(=O)cc(-c3ccccc3)oc2c1,5840.0,0,1
CHEMBL599145,CCCCCCCCCOC(=O)COc1cc(O)c2c(=O)cc(-c3ccccc3)oc2c1,4960.0,0,1
CHEMBL599728,CCCCCCCCCCOC(=O)COc1cc(O)c2c(=O)cc(-c3ccccc3)oc2c1,3110.0,0,1
CHEMBL598305,CCCCCCCCCCCCOC(=O)COc1cc(O)c2c(=O)cc(-c3ccccc3)oc2c1,1720.0,0,1
CHEMBL598306,CCCCCCCCCCCCCCOC(=O)COc1cc(O)c2c(=O)cc(-c3ccccc3)oc2c1,1010.0,0,1
CHEMBL598307,CCCCCCCCCCCCCCCCOC(=O)COc1cc(O)c2c(=O)cc(-c3ccccc3)oc2c1,48.0,1,1
CHEMBL597096,CCCCCCCCCCCCCCCCCCOC(=O)COc1cc(O)c2c(=O)cc(-c3ccccc3)oc2c1,692.0,1,1
CHEMBL591495,CCCCCCCCCCCCCCCCCCCCOC(=O)COc1cc(O)c2c(=O)cc(-c3ccccc3)oc2c1,1589.0,0,1
CHEMBL611681,CCCCCCNC(=O)COc1cc(O)c2c(=O)cc(-c3ccccc3)oc2c1,8710.0,0,1
CHEMBL597303,CCCCCCCNC(=O)COc1cc(O)c2c(=O)cc(-c3ccccc3)oc2c1,6280.0,0,1
CHEMBL597304,CCCCCCCCNC(=O)COc1cc(O)c2c(=O)cc(-c3ccccc3)oc2c1,5330.0,0,1
CHEMBL597708,CCCCCCCCCNC(=O)COc1cc(O)c2c(=O)cc(-c3ccccc3)oc2c1,3580.0,0,1
CHEMBL605337,CCCCCCCCCCNC(=O)COc1cc(O)c2c(=O)cc(-c3ccccc3)oc2c1,2140.0,0,1
CHEMBL597914,CCCCCCCCCCCCNC(=O)COc1cc(O)c2c(=O)cc(-c3ccccc3)oc2c1,1270.0,0,1
CHEMBL598520,CCCCCCCCCCCCCCNC(=O)COc1cc(O)c2c(=O)cc(-c3ccccc3)oc2c1,316.0,1,1
CHEMBL601625,CCCCCCCCCCCCCCCCNC(=O)COc1cc(O)c2c(=O)cc(-c3ccccc3)oc2c1,35.0,1,1
CHEMBL600381,CCCCCCCCCCCCCCCCCCNC(=O)COc1cc(O)c2c(=O)cc(-c3ccccc3)oc2c1,464.0,1,1
CHEMBL592153,CCCCCCCCCCCCCCCCCCCCNC(=O)COc1cc(O)c2c(=O)cc(-c3ccccc3)oc2c1,1350.0,0,1
CHEMBL589589,CC(C)c1ccc(NC(=O)c2ccc(N(CCCl)CCCl)cc2)cc1,750.0,1,1
CHEMBL589588,COc1ccc(NC(=O)c2ccc(N(CCCl)CCCl)cc2)cc1,80.0,1,1
CHEMBL601040,Cc1ccc(NC(=O)c2ccc(N(CCCl)CCCl)cc2)cc1,580.0,1,1
CHEMBL589825,O=C(Nc1ccccc1F)c1ccc(N(CCCl)CCCl)cc1,11570.0,0,1
CHEMBL592710,O=C(Nc1ccccc1Cl)c1ccc(N(CCCl)CCCl)cc1,9460.0,0,1
CHEMBL604672,O=C(Nc1ccccc1Br)c1ccc(N(CCCl)CCCl)cc1,7820.0,0,1
CHEMBL592711,O=C(Nc1ccc(F)cc1)c1ccc(N(CCCl)CCCl)cc1,1720.0,0,1
CHEMBL589830,O=C(Nc1ccc(Cl)cc1)c1ccc(N(CCCl)CCCl)cc1,1490.0,0,1
CHEMBL589831,O=C(Nc1ccc(Br)cc1)c1ccc(N(CCCl)CCCl)cc1,940.0,1,1
CHEMBL589832,O=C(Nc1ccc([N+](=O)[O-])cc1)c1ccc(N(CCCl)CCCl)cc1,19260.0,0,1
CHEMBL602645,CCCN(CCC)C(=O)c1ccc(N(CCCl)CCCl)cc1,29830.0,0,1
CHEMBL589119,CCCCN(CCCC)C(=O)c1ccc(N(CCCl)CCCl)cc1,31180.0,0,1
CHEMBL589120,CN(C(=O)c1ccc(N(CCCl)CCCl)cc1)c1ccccc1,14720.0,0,1
CHEMBL590083,CCCCNC(=O)c1ccc(N(CCCl)CCCl)cc1,22810.0,0,1
CHEMBL589259,CC(C)(C)NC(=O)c1ccc(N(CCCl)CCCl)cc1,31430.0,0,1
CHEMBL589503,O=C(NC1CCCC1)c1ccc(N(CCCl)CCCl)cc1,35290.0,0,1
CHEMBL589847,O=C(NCc1ccccc1)c1ccc(N(CCCl)CCCl)cc1,17510.0,0,1
CHEMBL602728,O=C(Nc1cccc2ccccc12)c1ccc(N(CCCl)CCCl)cc1,90.0,1,1
CHEMBL597551,COc1cc2ncnc(Nc3ccc(F)c(Cl)c3)c2cc1OCCC(=O)NO,7.1,1,1
CHEMBL597752,COc1cc2ncnc(Nc3ccc(F)c(Cl)c3)c2cc1OCCCC(=O)NO,7.8,1,1
CHEMBL596736,COc1cc2ncnc(Nc3ccc(F)c(Cl)c3)c2cc1OCCCCC(=O)NO,9.4,1,1
CHEMBL599398,C#Cc1cccc(Nc2ncnc3cc(OC)c(OCCCCC(=O)NO)cc23)c1,15.0,1,1
CHEMBL598163,COc1cc2ncnc(Nc3ccc(F)c(Cl)c3)c2cc1OCCCCCC(=O)NO,3.4,1,1
CHEMBL598164,C#Cc1cccc(Nc2ncnc3cc(OC)c(OCCCCCC(=O)NO)cc23)c1,4.6,1,1
CHEMBL598377,COc1cc2ncnc(Nc3ccc(F)c(Cl)c3)c2cc1OCCCCCCC(=O)NO,3.1,1,3
CHEMBL598797,C#Cc1cccc(Nc2ncnc3cc(OC)c(OCCCCCCC(=O)NO)cc23)c1,2.4,1,7
CHEMBL598798,C#Cc1cc(Nc2ncnc3cc(OC)c(OCCCCCCC(=O)NO)cc23)ccc1F,28.8,1,2
CHEMBL598799,COc1cc2ncnc(Nc3ccc(OCc4cccc(F)c4)c(Cl)c3)c2cc1OCCCCCCC(=O)NO,9.08,1,1
CHEMBL604094,O=C(CCCCCCOc1ccc2ncnc(Nc3ccc(F)c(Cl)c3)c2c1)NO,84.2,1,2
CHEMBL597569,COCCOc1cc2ncnc(Nc3ccc(F)c(Cl)c3)c2cc1OCCCCCCC(=O)NO,10.4,1,1
CHEMBL597773,COc1cc2ncnc(Nc3ccc(F)c(Cl)c3)c2cc1NC(=O)CCCCCCC(=O)NO,2.1,1,1
CHEMBL596754,COc1cc2ncnc(Nc3ccc(F)c(Cl)c3)c2cc1SCCCCCCC(=O)NO,1.99,1,1
CHEMBL596755,COc1cc2ncnc(Nc3ccc(F)c(Cl)c3)c2cc1S(=O)(=O)CCCCCCC(=O)NO,15.4,1,1
CHEMBL596957,COc1cc2ncnc(NCc3ccc(Cl)c(F)c3)c2cc1OCCCCCCC(=O)NO,72.0,1,1
CHEMBL596761,COc1cc2ncnc(NCc3ccccc3)c2cc1OCCCCCCC(=O)NO,99.4,1,1
CHEMBL596964,COc1cc2ncnc(NCc3ccc(F)cc3)c2cc1OCCCCCCC(=O)NO,184.0,1,2
CHEMBL599218,COc1cc2ncnc(N[C@@H](C)c3ccccc3)c2cc1OCCCCCCC(=O)NO,3038.5,0,2
CHEMBL605976,COc1cc2ncnc(N[C@H](C)c3ccccc3)c2cc1OCCCCCCC(=O)NO,12.8,1,1
CHEMBL598406,COc1cc2ncnc(N[C@@H](C)c3ccc(F)cc3)c2cc1OCCCCCCC(=O)NO,125.6,1,1
CHEMBL598407,COc1cc2ncnc(N[C@@H](C)c3ccc(Cl)cc3)c2cc1OCCCCCCC(=O)NO,614.0,1,1
CHEMBL598610,COc1cc2c(Nc3ccc(F)c(Cl)c3)ncnc2cc1OCCCCCCC(=O)NO,7.0,1,1
CHEMBL598611,C#Cc1cccc(Nc2ncnc3cc(OCCCCCCC(=O)NO)c(OC)cc23)c1,8.2,1,1
CHEMBL602890,COc1cc(/C=C2\SC(=N)NC2=O)ccc1OCCCOc1cc(C)cc(C)c1,56000.0,0,1
CHEMBL599388,COc1cc(-c2nc(=O)c3c([nH]2)sc2ccc(C)cc23)ccc1OCC(=O)O,2400.0,0,1
CHEMBL591897,CN(CCN/N=N/c1ccc2ncnc(Nc3cccc(Cl)c3)c2c1)CCNS(=O)(=O)c1cccc2c(N(C)C)cccc12,600.0,1,1
CHEMBL606413,CN(C)c1cccc2c(S(=O)(=O)NCCN/N=N/c3ccc4ncnc(Nc5cccc(Cl)c5)c4c3)cccc12,1400.0,0,1
CHEMBL606403,CC(C)c1nsc(C(=O)Nc2ccc3ncnc(Nc4cccc(Br)c4)c3c2)n1,129.0,1,1
CHEMBL597402,O=C(COc1c(F)c(F)c(F)c(F)c1F)Nc1ccc2ncnc(Nc3cccc(Br)c3)c2c1,63.9,1,6
CHEMBL604914,O=C(COc1ccccc1)Nc1ccc2ncnc(Nc3cccc(Br)c3)c2c1,76.0,1,3
CHEMBL597200,O=C(COc1ccc(F)cc1)Nc1ccc2ncnc(Nc3cccc(Br)c3)c2c1,31.0,1,3
CHEMBL598007,O=C(Nc1ccc2ncnc(Nc3cccc(Br)c3)c2c1)[C@@H]1O[C@H]1CN1CCCCC1,7.0,1,3
CHEMBL599047,O=C(Cn1sc2ccccc2c1=O)Nc1ccc2ncnc(Nc3cccc(Br)c3)c2c1,0.85,1,1
CHEMBL2021575,O=C(O)[C@@H]1O[C@H]1C(=O)Nc1ccc2ncnc(Nc3cccc(Br)c3)c2c1,11.0,1,3
CHEMBL2021576,O=C(O)[C@H]1O[C@@H]1C(=O)Nc1ccc2ncnc(Nc3cccc(Br)c3)c2c1,34.0,1,3
CHEMBL599863,O=C(CNC(=O)Oc1ccccc1)Nc1ccc2ncnc(Nc3cccc(Br)c3)c2c1,0.37,1,1
CHEMBL603266,O=C(Cn1sccc1=O)Nc1ccc2ncnc(Nc3cccc(Br)c3)c2c1,0.36,1,2
CHEMBL592617,N#CCC(=O)Nc1ccc2ncnc(Nc3cccc(Br)c3)c2c1,0.17,1,1
CHEMBL608860,CCCCCCOc1cc2c(Nc3ccc(F)c(Cl)c3)ncnc2cc1OC,106.0,1,1
CHEMBL589826,C=CCCCCOc1cc2c(Nc3ccc(F)c(Cl)c3)ncnc2cc1OC,32.6,1,1
CHEMBL590559,C=C=CCCCCCOc1cc2c(Nc3ccc(F)c(Cl)c3)ncnc2cc1O,4.45,1,1
CHEMBL590558,C#CCCCCCOc1cc2c(Nc3ccc(F)c(Cl)c3)ncnc2cc1OC,32.7,1,1
CHEMBL591040,C=C=CCCCCOc1cc2c(Nc3ccc(F)c(Cl)c3)ncnc2cc1O,65.5,1,1
CHEMBL591039,C#CCCCCOc1cc2c(Nc3ccc(F)c(Cl)c3)ncnc2cc1OC,87.1,1,1
CHEMBL591038,C=C=CCCCOc1cc2c(Nc3ccc(F)c(Cl)c3)ncnc2cc1O,3.16,1,1
CHEMBL592216,C#CCCCOc1cc2c(Nc3ccc(F)c(Cl)c3)ncnc2cc1OC,2.53,1,1
CHEMBL592215,C=C=CCCCOc1cc2c(Nc3cccc(Cl)c3)ncnc2cc1O,28.5,1,1
CHEMBL592713,C#CCCCOc1cc2c(Nc3cccc(Cl)c3)ncnc2cc1OC,17.7,1,1
CHEMBL597950,C=C=CCOc1cc2c(Nc3ccc(F)c(Cl)c3)ncnc2cc1O,23.8,1,1
CHEMBL597949,C#CCOc1cc2c(Nc3ccc(F)c(Cl)c3)ncnc2cc1OC,14.8,1,1
CHEMBL609321,C=C=CCOc1cc2c(Nc3cccc(Cl)c3)ncnc2cc1O,16.9,1,1
CHEMBL597948,C#CCOc1cc2c(Nc3cccc(Cl)c3)ncnc2cc1OC,25.9,1,1
CHEMBL592457,O=C1CSC(N/N=C/c2cc(Br)ccc2O)=N1,90.0,1,1
CHEMBL592480,O=C1CSC(N/N=C/c2cc(Cl)ccc2O)=N1,560.0,1,1
CHEMBL602328,O=C1CSC(N/N=C/c2cc(F)ccc2O)=N1,970.0,1,1
CHEMBL590875,O=C1CSC(N/N=C/c2cc(Br)cc(Br)c2O)=N1,1240.0,0,1
CHEMBL592481,O=C1CSC(N/N=C/c2cc(Cl)cc(Cl)c2O)=N1,1460.0,0,1
CHEMBL591910,O=C1CSC(N/N=C/c2ccc(Br)cc2)=N1,1720.0,0,1
CHEMBL589823,O=C1CSC(N/N=C/c2ccc(Cl)cc2)=N1,1940.0,0,1
CHEMBL589822,O=C1CSC(N/N=C/c2ccc(F)cc2)=N1,2180.0,0,1
CHEMBL592707,Cc1ccc(/C=N/NC2=NC(=O)CS2)cc1,3260.0,0,1
CHEMBL590876,O=C1CSC(N/N=C/c2ccc(O)cc2)=N1,4710.0,0,1
CHEMBL592708,COc1ccc(/C=N/NC2=NC(=O)CS2)cc1,5780.0,0,1
CHEMBL604671,O=C1CSC(N/N=C/c2ccc([N+](=O)[O-])cc2)=N1,6820.0,0,1
CHEMBL590524,O=C1CSC(N/N=C/c2cccc(Br)c2)=N1,7460.0,0,1
CHEMBL592139,O=C1CSC(N/N=C/c2cccc(Cl)c2)=N1,10780.0,0,1
CHEMBL590877,O=C1CSC(N/N=C/c2cccc(F)c2)=N1,13530.0,0,1
CHEMBL591051,O=C1CSC(N/N=C/c2cccc(O)c2)=N1,19320.0,0,1
CHEMBL590568,Cc1cccc(/C=N/NC2=NC(=O)CS2)c1,23490.0,0,1
CHEMBL591050,O=C1CSC(N/N=C/c2cccc([N+](=O)[O-])c2)=N1,26610.0,0,1
CHEMBL592240,O=C1CSC(NN=C2CCCCCCC2)=N1,27000.0,0,1
CHEMBL592141,COc1cccc(/C=N/NC2=NC(=O)CS2)c1,31250.0,0,1
CHEMBL589165,O=C1CSC(NN=C2CCCCCC2)=N1,36000.0,0,1
CHEMBL591053,O=C1CSC(NN=C2CCCCC2)=N1,41000.0,0,1
CHEMBL591706,CCCCN(Cc1cccc(Cl)c1O)C(=O)Nc1ccccc1,32120.0,0,1
CHEMBL589068,Cc1cc(C)c(O)c(CN(Cc2ccc(O)cc2)C(=O)Nc2ccccc2)c1,9260.0,0,1
CHEMBL601828,O=C(Nc1ccccc1)N(Cc1ccc(O)cc1)Cc1cc(Br)cc(Br)c1O,1120.0,0,1
CHEMBL590526,O=C(Nc1ccccc1)N(Cc1ccc(O)cc1)Cc1cc(Cl)cc(Cl)c1O,1860.0,0,1
CHEMBL590525,Cc1cccc(CN(Cc2ccc(O)cc2)C(=O)Nc2ccccc2)c1O,7510.0,0,1
CHEMBL590714,O=C(Nc1ccccc1)N(Cc1ccc(O)cc1)Cc1cccc(Br)c1O,1070.0,0,1
CHEMBL592211,O=C(Nc1ccccc1)N(Cc1ccc(O)cc1)Cc1cccc(Cl)c1O,960.0,1,1
CHEMBL592210,Cc1cc(C)c(O)c(CN(Cc2ccc(F)cc2)C(=O)Nc2ccccc2)c1,27350.0,0,1
CHEMBL603186,O=C(Nc1ccccc1)N(Cc1ccc(F)cc1)Cc1cc(Br)cc(Br)c1O,4680.0,0,1
CHEMBL589809,O=C(Nc1ccccc1)N(Cc1ccc(F)cc1)Cc1cc(Cl)cc(Cl)c1O,4150.0,0,1
CHEMBL600048,Cc1cccc(CN(Cc2ccc(F)cc2)C(=O)Nc2ccccc2)c1O,21710.0,0,1
CHEMBL592427,O=C(Nc1ccccc1)N(Cc1ccc(F)cc1)Cc1cccc(Br)c1O,2240.0,0,1
CHEMBL592426,O=C(Nc1ccccc1)N(Cc1ccc(F)cc1)Cc1cccc(Cl)c1O,1980.0,0,1
CHEMBL590962,CCCCN(Cc1cccc(Br)c1O)C(=O)Nc1ccccc1,36880.0,0,1
CHEMBL589560,Oc1c(Cl)cccc1CN(Cc1ccc(F)cc1)C(=S)Nc1ccccc1,670.0,1,1
CHEMBL589561,Oc1c(Br)cccc1CN(Cc1ccc(F)cc1)C(=S)Nc1ccccc1,980.0,1,1
CHEMBL589801,Cc1cccc(CN(Cc2ccc(F)cc2)C(=S)Nc2ccccc2)c1O,8540.0,0,1
CHEMBL592200,Oc1c(Cl)cc(Cl)cc1CN(Cc1ccc(F)cc1)C(=S)Nc1ccccc1,1340.0,0,1
CHEMBL592201,Oc1c(Br)cc(Br)cc1CN(Cc1ccc(F)cc1)C(=S)Nc1ccccc1,1760.0,0,1
CHEMBL592224,Cc1cc(C)c(O)c(CN(Cc2ccc(F)cc2)C(=S)Nc2ccccc2)c1,19410.0,0,1
CHEMBL592466,Oc1ccc(CN(Cc2cccc(Cl)c2O)C(=S)Nc2ccccc2)cc1,80.0,1,1
CHEMBL604042,Oc1ccc(CN(Cc2cccc(Br)c2O)C(=S)Nc2ccccc2)cc1,120.0,1,1
CHEMBL604785,Cc1cccc(CN(Cc2ccc(O)cc2)C(=S)Nc2ccccc2)c1O,3460.0,0,1
CHEMBL591288,Oc1ccc(CN(Cc2cc(Cl)cc(Cl)c2O)C(=S)Nc2ccccc2)cc1,560.0,1,1
CHEMBL592004,Oc1ccc(CN(Cc2cc(Br)cc(Br)c2O)C(=S)Nc2ccccc2)cc1,870.0,1,1
CHEMBL592247,Cc1cc(C)c(O)c(CN(Cc2ccc(O)cc2)C(=S)Nc2ccccc2)c1,5830.0,0,1
CHEMBL589413,CCCCN(Cc1cccc(Cl)c1O)C(=S)Nc1ccccc1,18120.0,0,1
CHEMBL606027,CCCCN(Cc1cccc(Br)c1O)C(=S)Nc1ccccc1,22040.0,0,1
CHEMBL591437,CCCCN(Cc1cccc(C)c1O)C(=S)Nc1ccccc1,43210.0,0,1
CHEMBL591440,CCCCN(Cc1cc(Cl)cc(Cl)c1O)C(=S)Nc1ccccc1,24650.0,0,1
CHEMBL589590,CCCCN(Cc1cc(Br)cc(Br)c1O)C(=S)Nc1ccccc1,31940.0,0,1
CHEMBL2374457,COCCCN1CCC([C@H]2CC[C@H](n3nc(-c4ccc5nc(Cc6ccccc6Cl)[nH]c5c4)c4c(N)ncnc43)CC2)CC1,58.0,1,1
CHEMBL2374458,COc1ccccc1Cc1nc2ccc(-c3nn([C@H]4CC[C@H](C5CCN(C)CC5)CC4)c4ncnc(N)c34)cc2[nH]1,58.0,1,1
CHEMBL1087054,CC1=C(C(=O)Nc2ccc(C)cc2)C(c2ccc(O)cc2O)NC(SCc2ccccc2)=N1,93500.0,0,1
CHEMBL1087055,CC1=C(C(=O)Nc2cccc([N+](=O)[O-])c2)C(c2ccc(O)cc2O)NC(SCc2ccccc2)=N1,55600.0,0,1
CHEMBL1088348,CC1=C(C(=O)Nc2ccc(C)cc2)C(c2ccc(O)cc2O)NC(NCc2ccccc2)=N1,23500.0,0,1
CHEMBL1084117,CC1=C(C(=O)Nc2ccc(C)cc2)C(c2ccc(O)cc2O)NC(Nc2ccc([N+](=O)[O-])cc2Cl)=N1,60900.0,0,1
CHEMBL1077068,CC1=C(C(=O)Nc2cccc([N+](=O)[O-])c2)C(c2ccc(O)cc2O)NC(Nc2ccc(S(=O)(=O)Nc3ncccn3)cc2)=N1,88300.0,0,1
CHEMBL1077069,CC1=C(C(=O)Nc2cccc([N+](=O)[O-])c2)C(c2ccc(O)cc2O)NC(Nc2ccc(S(=O)(=O)Nc3nc(C)cc(C)n3)cc2)=N1,79800.0,0,1
CHEMBL1077095,CC1=C(C(=O)Nc2cccc([N+](=O)[O-])c2)C(c2ccc(O)cc2O)NC(NN)=N1,47900.0,0,1
CHEMBL1077107,CC1=C(C(=O)Nc2cccc([N+](=O)[O-])c2)C(c2ccc(O)cc2O)NC(NN2C(=O)/C(=C\c3ccco3)SC2=S)=N1,99300.0,0,1
CHEMBL1077085,CC1=C(C(=O)Nc2cccc([N+](=O)[O-])c2)C(c2ccc(O)cc2O)NC(NN2C(=O)/C(=C\c3cccs3)SC2=S)=N1,80600.0,0,1
CHEMBL1081198,O=C(Nc1cccc(-c2cn3ccnc3c(NCc3ccncc3)n2)c1)Nc1cccc(C(F)(F)F)c1,50000.0,0,1
CHEMBL1087368,CCN(CC)CCNC(=O)c1[nH]c2cnnc(Nc3ccc(OCc4cccc(F)c4)c(Cl)c3)c2c1C,1220.0,0,2
CHEMBL1081849,Cc1c(C(=O)NCCCN2CCN(C)CC2)[nH]c2cnnc(Nc3ccc(OCc4cccc(F)c4)c(Cl)c3)c12,980.0,1,1
CHEMBL1082012,Cc1c(C(=O)NCCN2CCN(C)CC2)[nH]c2cnnc(Nc3ccc(OCc4cccc(F)c4)c(Cl)c3)c12,257.0,1,1
CHEMBL1080506,Cc1c(C(=O)NCCN2CCOCC2)[nH]c2cnnc(Nc3ccc(OCc4cccc(F)c4)c(Cl)c3)c12,8825.0,0,2
CHEMBL1080812,Cc1c(C(=O)NCCN2CCOCC2)[nH]c2cnnc(Nc3ccc(OCc4ccccn4)c(Cl)c3)c12,867.0,1,1
CHEMBL1080990,CCOC(=O)c1[nH]c(C)c2cnnc(Nc3ccc(OCc4cccc(F)c4)c(Cl)c3)c12,1210.0,0,1
CHEMBL1080271,CCN(CC)CCNC(=O)c1cc2cnnc(Nc3ccc(OCc4cccc(F)c4)c(Cl)c3)c2[nH]1,77220.0,0,1
CHEMBL1080272,O=C(NCCN1CCCC1)c1cc2cnnc(Nc3ccc(OCc4cccc(F)c4)c(Cl)c3)c2[nH]1,15140.0,0,1
CHEMBL1079742,C#Cc1cccc(Nc2ncnc3cc(OCCOC)c(OCCOC)cc23)c1.Cl,42.5,1,4
CHEMBL1080815,Clc1cccc(Nc2ncnc3ccc(Cl)cc23)c1,2700.0,0,1
CHEMBL1091613,O=C(Nc1cccc(-c2nc3sccn3c2-c2ccncc2)c1)c1ccccc1Cl,240.0,1,1
CHEMBL1093815,O=C(Nc1cccc(-c2nc3sccn3c2-c2ccnc(Nc3ccccc3)n2)c1)c1ccccc1Cl,83.0,1,1
CHEMBL1093234,O=C(Nc1cccc(-c2nc3sccn3c2-c2ccnc(Nc3ccccc3)n2)c1)c1ccccc1,55.0,1,1
CHEMBL1093235,O=[N+]([O-])c1cccc(-c2nc3sccn3c2-c2ccnc(Nc3ccccc3)n2)c1,230.0,1,1
CHEMBL1090350,O=C(Nc1cccc(-c2nc3sccn3c2-c2ccnc(Nc3ccc(N4CCOCC4)cc3)n2)c1)c1ccccc1,7.9,1,1
CHEMBL1090351,O=C(Nc1cccc(-c2nc3sccn3c2-c2ccnc(Nc3ccc(N4CCOCC4)cc3)n2)c1)c1c(F)cccc1F,1.9,1,1
CHEMBL1090352,O=C(CC1CCCCC1)Nc1cccc(-c2nc3sccn3c2-c2ccnc(Nc3ccc(N4CCOCC4)cc3)n2)c1,870.0,1,1
CHEMBL1090353,O=C(CC1CCCC1)Nc1cccc(-c2nc3sccn3c2-c2ccnc(Nc3ccc(N4CCOCC4)cc3)n2)c1,660.0,1,1
CHEMBL1090354,O=C(Nc1ccccc1)Nc1cccc(-c2nc3sccn3c2-c2ccnc(Nc3ccc(N4CCOCC4)cc3)n2)c1,100.0,1,1
CHEMBL1090355,O=C(Nc1cccc(-c2nc3sccn3c2-c2ccnc(Nc3ccc(N4CCOCC4)cc3)n2)c1)Oc1ccccc1,190.0,1,1
CHEMBL1090356,O=C(Cc1ccccc1)Nc1cccc(-c2nc3sccn3c2-c2ccnc(Nc3ccc(N4CCOCC4)cc3)n2)c1,63.0,1,1
CHEMBL1088931,O=C(Nc1cccc(-c2nc3sccn3c2-c2ccnc(Nc3cccc(N4CCOCC4)c3)n2)c1)c1c(F)cccc1F,6.2,1,1
CHEMBL1090357,CN(C)CCc1ccc(Nc2nccc(-c3c(-c4cccc(NC(=O)c5c(F)cccc5F)c4)nc4sccn34)n2)cc1,110.39,1,2
CHEMBL1090358,CCN1CCN(c2ccc(Nc3nccc(-c4c(-c5cccc(NC(=O)c6c(F)cccc6F)c5)nc5sccn45)n3)cc2)CC1,25.48,1,2
CHEMBL1090359,O=C(Nc1cccc(-c2nc3sccn3c2-c2ccnc(Nc3ccc4c(c3)CCNC4)n2)c1)c1c(F)cccc1F,2.3,1,1
CHEMBL1090360,O=C(Cc1ccccc1)Nc1cccc(-c2nc3sccn3c2-c2ccnc(Nc3cccc(N4CCOCC4)c3)n2)c1,333.0,1,2
CHEMBL1090361,CN1CCc2cc(Nc3nccc(-c4c(-c5cccc(NC(=O)Cc6ccccc6)c5)nc5sccn45)n3)ccc2C1,57.0,1,1
CHEMBL1090362,CCN1CCN(c2ccc(Nc3nccc(-c4c(-c5cccc(NC(=O)Cc6ccccc6)c5)nc5sccn45)n3)cc2)CC1,183.0,1,2
CHEMBL1090363,CN(C)CCc1cccc(Nc2nccc(-c3c(-c4cccc(NC(=O)Cc5ccccc5)c4)nc4sccn34)n2)c1,24.0,1,1
CHEMBL1090364,O=C(Cc1ccccc1)Nc1cccc(-c2nc3sccn3c2-c2ccnc(Nc3ccc4c(c3)CCNC4)n2)c1,503.2,1,2
CHEMBL1093099,Nc1nc(N)c2c(n1)[nH]c1cccc(Sc3ccccc3)c12,15070.0,0,2
CHEMBL1093100,Cc1ccc(Sc2cccc3[nH]c4nc(N)nc(N)c4c23)cc1,10410.0,0,1
CHEMBL1092250,C#Cc1cccc(Nc2ccnc3cc(OC)c(OC)cc23)c1,30.5,1,4
CHEMBL1089203,C#Cc1cccc(Nc2ccnc3cc(OCCOC)c(OCCOC)cc23)c1,185.0,1,4
CHEMBL1088901,CN(C)CCCC(=O)Nc1ccc2ncnc(Nc3cccc(Br)c3)c2c1,190.0,1,1
CHEMBL1089524,CN(C)CCCC(=O)Nc1ccc2nccc(Nc3cccc(Br)c3)c2c1,1.7,1,3
CHEMBL1092382,CCC(=O)Nc1ccc2nccc(Nc3cccc(Br)c3)c2c1,16.0,1,3
CHEMBL1090840,C=CC(=O)Nc1ccc2nccc(Nc3cccc(Br)c3)c2c1,3.2,1,1
CHEMBL1088240,COc1cc(Nc2c(C#N)cnc3cc(/C=C/CCN4CCN(C)CC4)c(OC)cc23)c(Cl)cc1Cl,3300.0,0,1
CHEMBL1098119,Cl.NCCc1cn(CCCCCc2ccccc2)c2ccc(OCCc3ccc(O)cc3)cc12,1630.0,0,1
CHEMBL1098120,Cl.NC1CCc2c(c3cc(OCCc4ccc(O)cc4)ccc3n2CCCCCc2ccccc2)C1,1005.0,0,4
CHEMBL1098121,COc1ccc(CCCCCn2cc(CCN)c3cc(OCCc4ccc(O)cc4)ccc32)cc1.Cl,4400.0,0,1
CHEMBL1094194,CSc1ccc(CCCCCn2cc(CCN)c3cc(OCCc4ccc(O)cc4)ccc32)cc1.Cl,1920.0,0,1
CHEMBL1094195,Cl.NCCc1cn(Cc2ccc(-c3cccc(C(F)(F)F)c3)cc2)c2ccc(OCCc3ccc(O)cc3)cc12,1110.0,0,4
CHEMBL1094196,COc1ccc(-c2ccc(Cn3cc(CCN)c4cc(OCCc5ccc(O)cc5)ccc43)cc2)cc1.Cl,1250.0,0,1
CHEMBL1095154,Cl.NCCc1cn(Cc2ccc(-c3ccccc3)cc2)c2ccc(OCCc3ccc(O)cc3)cc12,1300.0,0,1
CHEMBL1095957,Cl.NCCc1c[nH]c2ccc(OCCc3ccc(O)cc3)cc12,2070.0,0,1
CHEMBL1094835,COc1ccc(CCOc2ccc3c(c2)c(CCN)cn3CCCCCc2ccc(SC)cc2)cc1.Cl,2450.0,0,1
CHEMBL3216254,CN(C)c1ccc(CCCCCn2c3c(c4cc(OCCc5ccc(O)cc5)ccc42)CC(N)CC3)cc1.Cl.Cl,1910.0,0,1
CHEMBL1094492,COc1ccc(CCCCCn2c3c(c4cc(OCCc5ccc(O)cc5)ccc42)CC(N)CC3)cc1.Cl,1370.0,0,1
CHEMBL1094825,Cl.NC1CCc2c(c3cc(OCCc4ccc(O)cc4)ccc3n2CCCCCc2ccc(C(F)(F)F)cc2)C1,2750.0,0,1
CHEMBL3216699,Cl.Cl.NC1CCc2c(c3cc(OCCc4ccc(O)cc4)ccc3n2CCCCCc2ccccn2)C1,2280.0,0,1
CHEMBL1097189,Cl.NC1CCc2c(c3cc(OCCc4ccc(O)cc4)ccc3n2CCCc2ccccc2)C1,2500.0,0,1
CHEMBL1097190,Cl.NC1CCc2[nH]c3ccc(OCCc4ccc(O)cc4)cc3c2C1,15120.0,0,1
CHEMBL483108,Nc1nc(Nc2ccc(F)c(Br)c2)c2cc(CCc3ccccc3)[nH]c2n1,22800.0,0,1
CHEMBL1097368,c1ccc(CCc2cc3c(Nc4ccc5[nH]ccc5c4)ncnc3[nH]2)cc1,56100.0,0,1
CHEMBL1095761,Nc1nc(Nc2cccc(Br)c2)c2cc(Cc3ccc(Cl)cc3Cl)[nH]c2n1,215.0,1,2
CHEMBL1095130,Nc1nc(Nc2ccc(Cl)cc2F)c2cc(Cc3ccc(Cl)cc3Cl)[nH]c2n1,2500.0,0,1
CHEMBL1095131,Nc1nc(Nc2cccc(F)c2)c2cc(Cc3ccc(Cl)cc3Cl)[nH]c2n1,161600.0,0,1
CHEMBL1095445,Nc1nc(Nc2cccc(C(F)(F)F)c2)c2cc(Cc3ccc(Cl)cc3Cl)[nH]c2n1,27200.0,0,1
CHEMBL1094475,C#Cc1cccc(Nc2nc(N)nc3[nH]c(Cc4ccc(Cl)cc4Cl)cc23)c1,55200.0,0,1
CHEMBL1094808,Nc1nc(Nc2ccc(C(F)(F)F)c(F)c2)c2cc(Cc3ccc(Cl)cc3Cl)[nH]c2n1,91700.0,0,1
CHEMBL1095463,CC(C)c1ccc(Nc2nc(N)nc3[nH]c(Cc4ccc(Cl)cc4Cl)cc23)cc1,45600.0,0,1
CHEMBL1095776,CC(C)c1ccccc1Nc1nc(N)nc2[nH]c(Cc3ccc(Cl)cc3Cl)cc12,96400.0,0,1
CHEMBL535,CCN(CC)CCNC(=O)c1c(C)[nH]c(/C=C2\C(=O)Nc3ccc(F)cc32)c1C,18000.0,0,13
CHEMBL1095464,Cc1ccccc1Cc1cc2c(Nc3cccc(Br)c3)nc(N)nc2[nH]1,9190.0,0,4
CHEMBL1095465,COc1ccc(OC)c(Cc2cc3c(Nc4cccc(Br)c4)nc(N)nc3[nH]2)c1,12610.0,0,4
CHEMBL1094784,FC(F)(F)c1cccc(Nc2ncnc3[nH]c(Cc4ccc(Cl)cc4Cl)cc23)c1,33100.0,0,1
CHEMBL1171792,Cc1ccc(Br)c2c(C#N)cc(C(=O)C3CC3)n12,85.0,1,1
CHEMBL1172957,NS(=O)(=O)c1ccc(Nc2nc(N3CCOCC3)nc3[nH]cnc23)cc1,10000.0,0,1
CHEMBL1173324,NC(=S)N1N=C(c2ccc(Br)c(Br)c2)CC1c1ccccc1F,13370.0,0,1
CHEMBL1173191,NC(=S)N1N=C(c2ccc(Br)c(Br)c2)CC1c1ccc([N+](=O)[O-])cc1,10640.0,0,1
CHEMBL1173192,NC(=S)N1N=C(c2ccc(Br)c(Br)c2)CC1c1ccc(O)cc1,11270.0,0,1
CHEMBL1173193,COc1ccc(C2CC(c3ccc(Br)c(Br)c3)=NN2C(N)=S)cc1,8090.0,0,1
CHEMBL1173262,Cc1ccc(C2CC(c3ccc(Br)c(Br)c3)=NN2C(N)=S)cc1,9830.0,0,1
CHEMBL1172855,NC(=S)N1N=C(c2ccc(Br)c(Br)c2)CC1c1ccc(Br)cc1,10060.0,0,1
CHEMBL1169870,NC(=S)N1N=C(c2ccc(Br)c(Br)c2)CC1c1ccc(Cl)cc1,8150.0,0,1
CHEMBL1172823,NC(=S)N1N=C(c2ccc(Br)c(Br)c2)CC1c1ccc(F)cc1,8920.0,0,1
CHEMBL1173601,NC(=S)N1N=C(c2ccc(Cl)c(Cl)c2)CC1c1ccccc1Br,6430.0,0,1
CHEMBL1173602,NC(=S)N1N=C(c2ccc(Cl)c(Cl)c2)CC1c1ccccc1Cl,7280.0,0,1
CHEMBL1173665,NC(=S)N1N=C(c2ccc(Cl)c(Cl)c2)CC1c1ccccc1F,6560.0,0,1
CHEMBL1173666,NC(=S)N1N=C(c2ccc(Cl)c(Cl)c2)CC1c1ccc([N+](=O)[O-])cc1,7780.0,0,1
CHEMBL1173667,NC(=S)N1N=C(c2ccc(Cl)c(Cl)c2)CC1c1ccc(O)cc1,5270.0,0,1
CHEMBL1172915,COc1ccc(C2CC(c3ccc(Cl)c(Cl)c3)=NN2C(N)=S)cc1,5740.0,0,1
CHEMBL1172916,Cc1ccc(C2CC(c3ccc(Cl)c(Cl)c3)=NN2C(N)=S)cc1,7380.0,0,1
CHEMBL1172917,NC(=S)N1N=C(c2ccc(Cl)c(Cl)c2)CC1c1ccc(Br)cc1,6850.0,0,1
CHEMBL1172980,NC(=S)N1N=C(c2ccc(Cl)c(Cl)c2)CC1c1ccc(Cl)cc1,7320.0,0,1
CHEMBL1172573,NC(=S)N1N=C(c2ccc(Cl)c(Cl)c2)CC1c1ccc(F)cc1,6270.0,0,1
CHEMBL1173688,Cc1ccc(C2=NN(C(N)=S)C(c3ccccc3Br)C2)cc1C,4210.0,0,1
CHEMBL1173794,Cc1ccc(C2=NN(C(N)=S)C(c3ccccc3Cl)C2)cc1C,3870.0,0,1
CHEMBL1169856,Cc1ccc(C2=NN(C(N)=S)C(c3ccccc3F)C2)cc1C,5190.0,0,1
CHEMBL1173454,Cc1ccc(C2=NN(C(N)=S)C(c3ccc([N+](=O)[O-])cc3)C2)cc1C,3060.0,0,1
CHEMBL1173815,Cc1ccc(C2=NN(C(N)=S)C(c3ccc(O)cc3)C2)cc1C,130.0,1,1
CHEMBL1173814,COc1ccc(C2CC(c3ccc(C)c(C)c3)=NN2C(N)=S)cc1,70.0,1,1
CHEMBL1173813,Cc1ccc(C2CC(c3ccc(C)c(C)c3)=NN2C(N)=S)cc1,340.0,1,1
CHEMBL1173457,Cc1ccc(C2=NN(C(N)=S)C(c3ccc(Br)cc3)C2)cc1C,2170.0,0,1
CHEMBL1173456,Cc1ccc(C2=NN(C(N)=S)C(c3ccc(Cl)cc3)C2)cc1C,1360.0,0,1
CHEMBL1173455,Cc1ccc(C2=NN(C(N)=S)C(c3ccc(F)cc3)C2)cc1C,830.0,1,1
CHEMBL1173251,NC(=S)N1N=C(c2ccc(Br)c(Br)c2)CC1c1ccccc1Cl,12260.0,0,1
CHEMBL1173250,NC(=S)N1N=C(c2ccc(Br)c(Br)c2)CC1c1ccccc1Br,10970.0,0,1
CHEMBL1173249,CC(=O)N1N=C(c2ccc(Cl)c(Cl)c2)CC1c1ccc(F)cc1,18350.0,0,1
CHEMBL1173248,CC(=O)N1N=C(c2ccc(Cl)c(Cl)c2)CC1c1ccc(Cl)cc1,16140.0,0,1
CHEMBL1173816,CC(=O)N1N=C(c2ccc(Cl)c(Cl)c2)CC1c1ccc(Br)cc1,18450.0,0,1
CHEMBL1171822,CC(=O)N1N=C(c2ccc(Cl)c(Cl)c2)CC1c1ccc(C)cc1,19320.0,0,1
CHEMBL1173680,COc1ccc(C2CC(c3ccc(Cl)c(Cl)c3)=NN2C(C)=O)cc1,17190.0,0,1
CHEMBL1172418,CC(=O)N1N=C(c2ccc(Cl)c(Cl)c2)CC1c1ccccc1Cl,24150.0,0,1
CHEMBL1172419,CC(=O)N1N=C(c2ccc(Cl)c(Cl)c2)CC1c1ccccc1,28690.0,0,1
CHEMBL1172602,COc1cc(OC)cc(C2CC(c3ccc(Cl)c(Cl)c3)=NN2C(C)=O)c1,25470.0,0,1
CHEMBL1172603,CC(=O)N1N=C(c2ccc(C)c(C)c2)CC1c1ccc(F)cc1,15560.0,0,1
CHEMBL1173022,CC(=O)N1N=C(c2ccc(C)c(C)c2)CC1c1ccc(Cl)cc1,19730.0,0,1
CHEMBL1173023,CC(=O)N1N=C(c2ccc(C)c(C)c2)CC1c1ccc(Br)cc1,20610.0,0,1
CHEMBL1173319,CC(=O)N1N=C(c2ccc(C)c(C)c2)CC1c1ccc(C)cc1,17490.0,0,1
CHEMBL1173397,COc1ccc(C2CC(c3ccc(C)c(C)c3)=NN2C(C)=O)cc1,15240.0,0,1
CHEMBL1171638,CC(=O)N1N=C(c2ccc(C)c(C)c2)CC1c1ccccc1Cl,21480.0,0,1
CHEMBL1173398,CC(=O)N1N=C(c2ccc(C)c(C)c2)CC1c1ccccc1,20040.0,0,1
CHEMBL1173105,COc1cc(OC)cc(C2CC(c3ccc(C)c(C)c3)=NN2C(C)=O)c1,17310.0,0,1
CHEMBL1172802,Cc1ncc([N+](=O)[O-])n1CCOC(=O)/C=C/c1ccc(F)cc1,4120.0,0,1
CHEMBL1172803,Cc1ncc([N+](=O)[O-])n1CCOC(=O)/C=C/c1ccc(Cl)cc1,3620.0,0,1
CHEMBL1173651,Cc1ncc([N+](=O)[O-])n1CCOC(=O)/C=C/c1ccc(Br)cc1,3240.0,0,1
CHEMBL1173652,Cc1ncc([N+](=O)[O-])n1CCOC(=O)/C=C/c1ccccc1,7830.0,0,1
CHEMBL1173653,Cc1ccc(/C=C/C(=O)OCCn2c([N+](=O)[O-])cnc2C)cc1,8110.0,0,1
CHEMBL1173713,COc1ccc(/C=C/C(=O)OCCn2c([N+](=O)[O-])cnc2C)cc1,10850.0,0,1
CHEMBL1173714,Cc1ncc([N+](=O)[O-])n1CCOC(=O)/C=C/c1ccc(C(C)C)cc1,6820.0,0,1
CHEMBL1173718,Cc1ncc([N+](=O)[O-])n1CCOC(=O)/C=C/c1ccc(-c2ccccc2)cc1,620.0,1,2
CHEMBL1173783,Cc1ncc([N+](=O)[O-])n1CCOC(=O)/C=C/c1ccc(OCc2ccccc2)cc1,1270.0,0,1
CHEMBL1172877,Cc1ncc([N+](=O)[O-])n1CCOC(=O)/C=C/c1ccccc1F,26740.0,0,1
CHEMBL1172878,Cc1ncc([N+](=O)[O-])n1CCOC(=O)/C=C/c1ccccc1Cl,20810.0,0,1
CHEMBL1172947,Cc1ncc([N+](=O)[O-])n1CCOC(=O)/C=C/c1ccccc1Br,24320.0,0,1
CHEMBL1173789,Cc1ncc([N+](=O)[O-])n1CCOC(=O)/C=C/c1ccccc1[N+](=O)[O-],25000.0,0,1
CHEMBL1171273,COc1ccccc1/C=C/C(=O)OCCn1c([N+](=O)[O-])cnc1C,32000.0,0,1
CHEMBL1172950,Cc1ncc([N+](=O)[O-])n1CCOC(=O)/C=C/c1cccc([N+](=O)[O-])c1,14530.0,0,1
CHEMBL1172951,Cc1ncc([N+](=O)[O-])n1CCOC(=O)/C=C/c1cccc(F)c1,12420.0,0,1
CHEMBL1173014,COc1cccc(/C=C/C(=O)OCCn2c([N+](=O)[O-])cnc2C)c1,13870.0,0,1
CHEMBL1170278,Cc1ncc([N+](=O)[O-])n1CCOC(=O)/C=C/c1cccc2ccccc12,3880.0,0,1
CHEMBL1170459,Cc1ncc([N+](=O)[O-])n1CCOC(=O)/C=C/c1ccc2ccccc2c1,5760.0,0,1
CHEMBL1172781,OC[C@@H](Nc1ncnc2oc(-c3ccccc3)c(-c3ccccc3)c12)c1ccccc1,223.0,1,5
CHEMBL1172773,C=CC(=O)Nc1ccc(-c2c(-c3ccccc3)oc3ncnc(N[C@H](CO)c4ccccc4)c23)cc1,82.0,1,1
CHEMBL1172843,C=CC(=O)Nc1cccc(-c2c(-c3ccccc3)oc3ncnc(N[C@H](CO)c4ccccc4)c23)c1,23.5,1,8
CHEMBL1221700,C=CC(=O)Nc1ccc2ncnc(Nc3ccc(C(C)(C)C)cc3)c2c1,689.0,1,1
CHEMBL1243284,CNC/C=C/C(=O)Nc1cc2c(Nc3ccc(F)c(Cl)c3)c(C#N)cnc2cc1OCCF,4.204999999999999,1,2
CHEMBL1243255,CCOc1cc2ncc(C#N)c(Nc3ccc(F)c(Cl)c3)c2cc1NC(=O)/C=C/CNC,2.8,1,2
CHEMBL1243346,CCOc1cc2ncc(C#N)c(Nc3ccc(F)c(Cl)c3)c2cc1NC(=O)/C=C/c1cn(CCF)nn1,4.05,1,1
CHEMBL1243283,CCOc1cc2ncc(C#N)c(Nc3ccc(F)c(Cl)c3)c2cc1NC(=O)/C=C/CNCc1cn(CCF)nn1,11.889999999999999,1,2
CHEMBL1243254,CCOc1cc2ncc(C#N)c(Nc3ccc(F)c(Cl)c3)c2cc1NC(=O)/C=C/CN(C)Cc1ccc(F)cc1,8.545,1,2
CHEMBL1243345,CCOc1cc2ncc(C#N)c(Nc3ccc(F)c(Cl)c3)c2cc1NC(=O)/C=C/CN(C)CCF,11.91,1,2
CHEMBL1243316,C#CCNC/C=C/C(=O)Nc1cc2c(Nc3ccc(F)c(Cl)c3)c(C#N)cnc2cc1OCC,30.115000000000002,1,2
CHEMBL1242285,CC(C)n1nc(-c2cc(O)cc(Br)c2)c2c(N)ncnc21,249.0,1,1
CHEMBL1242286,COCOc1cc(-c2nn(C(C)C)c3ncnc(N)c23)ccc1Br,4320.0,0,1
CHEMBL1241299,Cn1nc(-c2ccc(Br)c(O)c2)c2c(N)ncnc21,100000.0,0,1
CHEMBL1242287,Nc1ncnc2c1c(-c1ccc(Br)c(O)c1)nn2C1CCC1,324.0,1,1
CHEMBL1242376,Nc1ncnc2c1c(-c1ccc(Br)c(O)c1)nn2C1CCCC1,236.0,1,1
CHEMBL1242377,CC(C)n1nc(-c2ccc(F)c(O)c2)c2c(N)ncnc21,1400.0,0,1
CHEMBL1242378,C[C@H](CN)n1nc(-c2ccc(F)c(O)c2)c2c(N)ncnc21,100000.0,0,1
CHEMBL1242468,C[C@@H](CN)n1nc(-c2ccc(F)c(O)c2)c2c(N)ncnc21,26000.0,0,1
CHEMBL1242469,N#CCCCn1nc(-c2ccc(F)c(O)c2)c2c(N)ncnc21,18000.0,0,1
CHEMBL1242470,N#CCCCCn1nc(-c2ccc(F)c(O)c2)c2c(N)ncnc21,11000.0,0,1
CHEMBL1242566,Nc1ncnc2c1c(-c1ccc(F)c(O)c1)nn2C1CCC1,2900.0,0,1
CHEMBL1242567,Nc1ncnc2c1c(-c1ccc(F)c(O)c1)nn2C1CNC1,2900.0,0,1
CHEMBL1242568,Nc1ncnc2c1c(-c1ccc(F)c(O)c1)nn2C1CCCC1,318.0,1,1
CHEMBL1242656,CC1CCC(n2nc(-c3ccc(F)c(O)c3)c3c(N)ncnc32)C1,366.0,1,1
CHEMBL1242657,Nc1ncnc2c1c(-c1ccc(F)c(O)c1)nn2[C@H]1CCNC1,8700.0,0,1
CHEMBL1242658,Nc1ncnc2c1c(-c1ccc(F)c(O)c1)nn2[C@@H]1CCNC1,15600.0,0,1
CHEMBL1242748,Nc1ncnc2c1c(-c1ccc(F)c(O)c1)nn2[C@H]1CCOC1,4800.0,0,1
CHEMBL1242749,Nc1ncnc2c1c(-c1ccc(F)c(O)c1)nn2[C@@H]1CCOC1,2600.0,0,1
CHEMBL1242750,Nc1ncnc2c1c(-c1ccc(F)c(O)c1)nn2C1CCCCCC1,775.0,1,1
CHEMBL1242844,Nc1ncnc2c1c(-c1ccc(F)c(O)c1)nn2CC1CCNCC1,100000.0,0,1
CHEMBL1242845,Cc1nn(-c2ccccc2)nc1Cn1nc(-c2ccc(F)c(O)c2)c2c(N)ncnc21,100000.0,0,1
CHEMBL1241482,Nc1ncnc2c1c(-c1ccc(F)c(O)c1)nn2Cc1ocnc1-c1ccccc1,100000.0,0,1
CHEMBL1241483,COc1cc(-c2nn(C(C)C)c3ncnc(N)c23)ccc1F,3860.0,0,1
CHEMBL1241484,CC(C)n1nc(-c2ccc(Cl)c(O)c2)c2c(N)ncnc21,158.0,1,1
CHEMBL1241579,C[C@H](CN)n1nc(-c2ccc(Cl)c(O)c2)c2c(N)ncnc21,4800.0,0,1
CHEMBL1240544,C[C@@H](CN)n1nc(-c2ccc(Cl)c(O)c2)c2c(N)ncnc21,9140.0,0,1
CHEMBL1241481,COc1cc(-c2nn(C(C)C)c3ncnc(N)c23)ccc1NC(=O)OC(C)(C)C,170.0,1,1
CHEMBL1241578,CC(C)n1nc(-c2ccc(Br)c(O)c2)c2c(N)ncnc21,550.0,1,1
CHEMBL1081312,Nc1ncnc2c1c(-c1cnc3[nH]ccc3c1)nn2C1CCCC1,260.0,1,2
CHEMBL1233882,CC(C)n1nc(-c2ccc3ncccc3c2)c2c(N)ncnc21,610.0,1,2
CHEMBL1233881,COc1ccc(-c2nn(C3CCC3)c3ncnc(N)c23)cc1OC,2300.0,0,2
CHEMBL1241674,CC(C)n1nc(-c2cc3cc(O)ccc3[nH]2)c2c(N)ncnc21,4400.0,0,1
CHEMBL1241675,Nc1ncnc2c1c(-c1ccn3ccnc3c1)nn2C1CCCC1,12000.0,0,1
CHEMBL1230790,CC(C)n1nc(-c2cccc(O)c2)c2c(N)ncnc21,954.0,1,2
CHEMBL1234815,Cn1nc(-c2ccc3ccccc3c2)c2c(N)ncnc21,388.0,1,2
CHEMBL1241241,CC(C)n1nc(-c2ccc(O)cc2)c2c(N)ncnc21,922.0,1,1
CHEMBL1242024,Cc1cc(O)ccc1-c1nn(C(C)C)c2ncnc(N)c12,954.0,1,1
CHEMBL1241270,Cc1ccc(-c2n[nH]c3ncnc(N)c23)cc1O,12400.0,0,1
CHEMBL1241271,Cc1ccc(-c2nn(C)c3ncnc(N)c23)cc1O,19000.0,0,1
CHEMBL1242026,Cc1ccc(-c2nn(C(C)C)c3ncnc(N)c23)cc1O,663.0,1,1
CHEMBL1242109,CCC(C)n1nc(-c2ccc(C)c(O)c2)c2c(N)ncnc21,1670.0,0,1
CHEMBL1242110,CC(C)n1nc(-c2cccc(O)c2F)c2c(N)ncnc21,3720.0,0,1
CHEMBL1242111,Nc1ncnc2c1c(-c1cccc(O)c1F)nn2C1CCCC1,1770.0,0,1
CHEMBL1242198,CC(C)n1nc(-c2cc(O)cc(F)c2)c2c(N)ncnc21,576.0,1,1
CHEMBL1242199,Nc1ncnc2c1c(-c1cc(O)cc(F)c1)nn2C1CCCC1,751.0,1,1
CHEMBL1242200,COc1cc(Br)cc(-c2nn(C(C)C)c3ncnc(N)c23)c1,11000.0,0,1
CHEMBL1242380,COc1ccc(-c2nn(C[C@H](C)CO)c3ncnc(N)c23)cc1OC,12000.0,0,1
CHEMBL1242381,COc1ccc(-c2nn(C[C@@H](C)CO)c3ncnc(N)c23)cc1OC,18000.0,0,1
CHEMBL1240553,COc1ccc(-c2nn(C3CCCC3)c3ncnc(N)c23)cc1OC,3300.0,0,1
CHEMBL1242471,CCOc1ccc(-c2n[nH]c3ncnc(N)c23)cc1OC,100000.0,0,1
CHEMBL1242472,CCOc1ccc(-c2nn(C(C)C)c3ncnc(N)c23)cc1OC,5950.0,0,1
CHEMBL1242569,C=CCn1nc(-c2ccc(OCC)c(OC)c2)c2c(N)ncnc21,5080.0,0,1
CHEMBL1240554,CCOc1ccc(-c2nn(C3CCCC3)c3ncnc(N)c23)cc1OC,1400.0,0,1
CHEMBL1242659,CCOc1ccc(-c2nn(C3CCCCC3)c3ncnc(N)c23)cc1OC,1160.0,0,1
CHEMBL1242660,COc1cc(-c2nn(C(C)C)c3ncnc(N)c23)cc(OC)c1OC,5140.0,0,1
CHEMBL1242751,COc1cccc(-c2nn(C(C)C)c3ncnc(N)c23)c1OC,3660.0,0,1
CHEMBL1242752,CCOc1cc(-c2nn(C(C)C)c3ncnc(N)c23)ccc1OC,54200.0,0,1
CHEMBL1242753,CCOc1cc(-c2nn(CCO)c3ncnc(N)c23)ccc1OC,8010.0,0,1
CHEMBL1242846,COc1ncc(-c2nn(C(C)C)c3ncnc(N)c23)c(OC)n1,100000.0,0,1
CHEMBL1242847,COc1ccc(-c2nn(C(C)C)c3ncnc(N)c23)cc1,4300.0,0,1
CHEMBL1242848,CC(C)n1nc(-c2ccc(N)c(O)c2)c2c(N)ncnc21,2120.0,0,1
CHEMBL1241485,COc1cc(-c2nn(C(C)C)c3ncnc(N)c23)ccc1N,3850.0,0,1
CHEMBL1241486,COc1cc(-c2nn(C(C)C)c3ncnc(N)c23)ccc1NC(C)CO,5320.0,0,1
CHEMBL1241487,Nc1ccc(-c2nn(C3CCCC3)c3ncnc(N)c23)cc1O,33.0,1,1
CHEMBL1241581,COc1cc(-c2nn(C3CCCC3)c3ncnc(N)c23)ccc1N,84.0,1,1
CHEMBL1241582,CC(C)n1nc(-c2cccc(CO)c2)c2c(N)ncnc21,100000.0,0,1
CHEMBL1241583,CC(C)n1nc(-c2cccc(CC#N)c2)c2c(N)ncnc21,17000.0,0,1
CHEMBL1240545,CC(C)n1nc(-c2ccc(CC#N)cc2)c2c(N)ncnc21,13000.0,0,1
CHEMBL1241679,CC(C)n1nc(-c2cccc(C#N)c2)c2c(N)ncnc21,100000.0,0,1
CHEMBL1241680,CC(C)n1nc(-c2ccc(F)c(C#N)c2)c2c(N)ncnc21,100000.0,0,1
CHEMBL1241771,CC(C)n1nc(-c2ccc(C#N)c(F)c2)c2c(N)ncnc21,8900.0,0,1
CHEMBL1241772,CC(C)n1nc(-c2ccc(C#N)nc2)c2c(N)ncnc21,100000.0,0,1
CHEMBL1241390,CC(C)n1nc(-c2cccnc2)c2c(N)ncnc21,100000.0,0,1
CHEMBL1241391,CC(C)n1nc(-c2cncnc2)c2c(N)ncnc21,100000.0,0,1
CHEMBL1241773,CC(=O)c1ccc(-c2nn(C(C)C)c3ncnc(N)c23)cc1,12000.0,0,1
CHEMBL1241860,CC(C)n1nc(-c2ccc(C=O)c(F)c2)c2c(N)ncnc21,9000.0,0,1
CHEMBL1241861,CC(C)n1nc(-c2cc(F)c(C=O)c(F)c2)c2c(N)ncnc21,10000.0,0,1
CHEMBL1241862,CC(C)n1nc(-c2ccc(C(N)=O)c(Cl)c2)c2c(N)ncnc21,100000.0,0,1
CHEMBL1241946,CC(=O)c1cccc(-c2nn(C(C)C)c3ncnc(N)c23)c1,2800.0,0,1
CHEMBL1241439,CC(C)n1nc(-c2cc(C=O)co2)c2c(N)ncnc21,5960.0,0,1
CHEMBL1241947,Cc1cc(-c2nn(C(C)C)c3ncnc(N)c23)sc1C=O,9900.0,0,1
CHEMBL1241948,CC(C)n1nc(-c2cccc(NS(C)(=O)=O)c2)c2c(N)ncnc21,100000.0,0,1
CHEMBL1242030,CC(C)n1nc(-c2ccc(NS(C)(=O)=O)cc2)c2c(N)ncnc21,12800.0,0,1
CHEMBL1242031,CC(C)n1nc(-c2cccc(S(N)(=O)=O)c2)c2c(N)ncnc21,100000.0,0,1
CHEMBL1242032,CC(C)n1nc(-c2ccc(S(N)(=O)=O)cc2)c2c(N)ncnc21,100000.0,0,1
CHEMBL1242115,CC(C)n1nc(-c2cccc(C(=O)NC3=NCCS3)c2)c2c(N)ncnc21,579.0,1,1
CHEMBL1241580,Nc1ncnc2c1c(-c1ccc(Cl)c(O)c1)nn2C1CCC1,1150.0,0,1
CHEMBL1241676,Nc1ncnc2c1c(-c1ccc(Cl)c(O)c1)nn2C1CCCC1,67.0,1,1
CHEMBL1241677,Nc1ncnc2c1c(-c1ccc(Cl)c(O)c1)nn2[C@@H]1CCNC1,12400.0,0,1
CHEMBL1241678,Nc1ncnc2c1c(-c1ccc(Cl)c(O)c1)nn2[C@H]1CCOC1,1580.0,0,1
CHEMBL1241768,Nc1ncnc2c1c(-c1ccc(Cl)c(O)c1)nn2[C@@H]1CCOC1,1400.0,0,1
CHEMBL1241769,Nc1ncnc2c1c(-c1ccc(Cl)c(O)c1)nn2CC1CCCN1,9380.0,0,1
CHEMBL1241770,Nc1ncnc2c1c(-c1ccc(Cl)c(O)c1)nn2CC1CCNC1,2010.0,0,1
CHEMBL1241858,Nc1ncnc2c1c(-c1ccc(Cl)c(O)c1)nn2CC1CCCNC1,2720.0,0,1
CHEMBL1241859,Nc1ncnc2c1c(-c1ccc(Cl)c(O)c1)nn2CC1CCNCC1,100000.0,0,1
CHEMBL1241943,Nc1ncnc2c1c(-c1ccc(Cl)c(O)c1)nn2CCC1CCCNC1,20500.0,0,1
CHEMBL1241944,CC(C)n1nc(-c2ccc(C#N)c(O)c2)c2c(N)ncnc21,2600.0,0,1
CHEMBL1241945,CC(C)n1nc(-c2ccc(O)c(F)c2)c2c(N)ncnc21,1040.0,0,1
CHEMBL1242027,COc1cc(F)c(-c2nn(C(C)C)c3ncnc(N)c23)cc1F,10200.0,0,1
CHEMBL1242028,CC(C)n1nc(-c2cc(F)c(O)cc2F)c2c(N)ncnc21,6900.0,0,1
CHEMBL1242029,COc1cccc(-c2nn(C(C)C)c3ncnc(N)c23)c1,1400.0,0,1
CHEMBL1242112,COc1cc(-c2nn(C(C)C)c3ncnc(N)c23)ccc1O,908.0,1,1
CHEMBL1241300,COc1ccc(-c2n[nH]c3ncnc(N)c23)cc1O,100000.0,0,1
CHEMBL1241301,COc1ccc(-c2nn(C)c3ncnc(N)c23)cc1O,100000.0,0,1
CHEMBL1242113,CCn1nc(-c2ccc(OC)c(O)c2)c2c(N)ncnc21,6450.0,0,1
CHEMBL1242114,COc1ccc(-c2nn(C(C)C)c3ncnc(N)c23)cc1O,2190.0,0,1
CHEMBL1242201,COc1ccc(-c2nn(C3CCCC3)c3ncnc(N)c23)cc1O,437.0,1,1
CHEMBL1242202,COc1ccc(-c2nn(C3CCC(C)C3)c3ncnc(N)c23)cc1O,270.0,1,1
CHEMBL1242203,COc1ccc(-c2nn(C3CNC3)c3ncnc(N)c23)cc1O,17000.0,0,1
CHEMBL1242288,COc1ccc(-c2nn([C@@H]3CCNC3)c3ncnc(N)c23)cc1O,12600.0,0,1
CHEMBL1242289,CCOc1ccc(-c2nn(C3CCCC3)c3ncnc(N)c23)cc1O,768.0,1,1
CHEMBL1242290,COc1ccc(-c2nn(C(C)C)c3ncnc(N)c23)cc1OC,3020.0,0,1
CHEMBL1242379,COc1ccc(-c2nn(C(C)(C)C)c3ncnc(N)c23)cc1OC,6340.0,0,1
CHEMBL1242661,CCOc1ccc2cc(-c3nn(C)c4ncnc(N)c34)ccc2c1,21000.0,0,1
CHEMBL1242662,CC(C)n1nc(-c2ccc3cc(O)ccc3c2)c2c(N)ncnc21,88.0,1,1
CHEMBL1242663,CC(C)n1nc(-c2cc3ccccc3nc2Cl)c2c(N)ncnc21,100000.0,0,1
CHEMBL1242754,CC(C)n1nc(-c2cnc3ccccc3c2)c2c(N)ncnc21,1000.0,1,1
CHEMBL1242755,Nc1ncnc2c1c(-c1cnc3ccccc3c1)nn2C1CCCC1,540.0,1,1
CHEMBL1242756,Cn1nc(-c2ccc3ncccc3c2)c2c(N)ncnc21,34000.0,0,1
CHEMBL1241681,Nc1ncnc2c1c(-c1ccc3ncccc3c1)nn2C1CCCC1,2100.0,0,1
CHEMBL1241682,Cc1ccc2cc(-c3nn(C(C)C)c4ncnc(N)c34)ccc2n1,100000.0,0,1
CHEMBL1241683,CC(C)n1nc(-c2ccc3nc(Cl)ccc3c2)c2c(N)ncnc21,100000.0,0,1
CHEMBL1241774,CC(C)n1nc(-c2ccc3nccnc3c2)c2c(N)ncnc21,18000.0,0,1
CHEMBL1241775,CC(C)n1nc(-c2cnc3nccnc3c2)c2c(N)ncnc21,70000.0,0,1
CHEMBL1241776,CC(C)n1nc(-c2ccc3nc[nH]c(=O)c3c2)c2c(N)ncnc21,7400.0,0,1
CHEMBL1241863,CC(C)n1nc(-c2ccc3[nH]c(=O)ccc3c2)c2c(N)ncnc21,6700.0,0,1
CHEMBL1241864,Nc1ncnc2c1c(-c1ccc3[nH]c(=O)ccc3c1)nn2C1CCCC1,1400.0,0,1
CHEMBL1241949,CC(C)n1nc(-c2ccc3nc(N)ccc3c2)c2c(N)ncnc21,12000.0,0,1
CHEMBL1241950,CC(C)n1nc(-c2ccc3nc(NN)ccc3c2)c2c(N)ncnc21,7000.0,0,1
CHEMBL1242033,CC(C)n1nc(-c2ccc3nccc(NC(=O)OC(C)(C)C)c3c2)c2c(N)ncnc21,100000.0,0,1
CHEMBL1242034,CC(C)n1nc(-c2ccc3nccc(N)c3c2)c2c(N)ncnc21,100000.0,0,1
CHEMBL1242117,Cn1nc(-c2ccc3occc(=O)c3c2)c2c(N)ncnc21,10000.0,0,1
CHEMBL1242118,CC(C)n1nc(-c2ccc3occc(=O)c3c2)c2c(N)ncnc21,29000.0,0,1
CHEMBL1242119,Nc1ncnc2c1c(-c1ccc3occc(=O)c3c1)nn2C1CCCC1,100000.0,0,1
CHEMBL1242207,CC(C)n1nc(-c2ccc3cnccc3c2)c2c(N)ncnc21,25000.0,0,1
CHEMBL1242208,CC(C)n1nc(-c2ccc3ccncc3c2)c2c(N)ncnc21,100000.0,0,1
CHEMBL1242209,Cc1ccc2ccc(-c3nn(C(C)C)c4ncnc(N)c34)cc2n1,18000.0,0,1
CHEMBL1240565,Cn1nc(-c2cnc3[nH]ccc3c2)c2c(N)ncnc21,15000.0,0,1
CHEMBL1242293,CC(C)n1nc(-c2cnc3[nH]ccc3c2)c2c(N)ncnc21,380.0,1,1
CHEMBL1242294,CC(C)n1nc(-c2ccc3[nH]ccc3c2)c2c(N)ncnc21,176.0,1,1
CHEMBL1242295,Nc1ncnc2c1c(-c1ccc3[nH]ccc3c1)nn2C1CCCC1,734.0,1,1
CHEMBL1242384,CC(C)n1nc(-c2ccc3c(ccn3C)c2)c2c(N)ncnc21,955.0,1,1
CHEMBL1242385,Cn1ccc2cc(-c3nn(C4CCCC4)c4ncnc(N)c34)ccc21,539.0,1,1
CHEMBL1242386,CC(C)n1nc(-c2ccc3[nH]ncc3c2)c2c(N)ncnc21,1100.0,0,1
CHEMBL1242475,Nc1ncnc2c1c(-c1ccc3[nH]ncc3c1)nn2C1CCCC1,571.0,1,1
CHEMBL1242476,CC(C)n1nc(-c2ccc3c(N)n[nH]c3c2)c2c(N)ncnc21,207.0,1,1
CHEMBL1242477,CC(C)n1nc(-c2ccc3cn[nH]c3c2)c2c(N)ncnc21,2500.0,0,1
CHEMBL1242572,Nc1ncnc2c1c(-c1ccc3cn[nH]c3c1)nn2C1CCCC1,760.0,1,1
CHEMBL1242573,CC(C)n1nc(-c2cc(F)c3cn[nH]c3c2)c2c(N)ncnc21,1200.0,0,1
CHEMBL1240566,Cn1nc(-c2ccc3cc[nH]c3c2)c2c(N)ncnc21,2900.0,0,1
CHEMBL1242574,CC(C)n1nc(-c2ccc3cc[nH]c3c2)c2c(N)ncnc21,220.0,1,1
CHEMBL1242664,Nc1ncnc2c1c(-c1ccc3cc[nH]c3c1)nn2C1CCCC1,85.0,1,1
CHEMBL1242665,CC(C)n1nc(-c2ccn3ccnc3c2)c2c(N)ncnc21,45000.0,0,1
CHEMBL1242666,CC(C)n1nc(-c2ccc3c(C=O)c[nH]c3c2)c2c(N)ncnc21,638.0,1,1
CHEMBL1242757,CC(C)n1nc(-c2cccc3[nH]ccc23)c2c(N)ncnc21,4600.0,0,1
CHEMBL1242758,Nc1ncnc2c1c(-c1cccc3[nH]ccc13)nn2C1CCCC1,1400.0,0,1
CHEMBL1242852,CC(C)n1nc(-c2ccc3c(ccn3C(=O)OC(C)(C)C)c2)c2c(N)ncnc21,179.0,1,1
CHEMBL1242853,CC(C)(C)OC(=O)n1ccc2cc(-c3nn(C4CCCC4)c4ncnc(N)c34)ccc21,391.0,1,1
CHEMBL1241490,CC(C)n1nc(-c2ccc3occc3c2)c2c(N)ncnc21,964.0,1,1
CHEMBL1241491,Nc1ncnc2c1c(-c1ccc3occc3c1)nn2C1CCCC1,575.0,1,1
CHEMBL1241492,CC(C)n1nc(-c2ccc3nonc3c2)c2c(N)ncnc21,8300.0,0,1
CHEMBL1241586,CC(C)n1nc(-c2ccc3[nH]c(=O)[nH]c3c2)c2c(N)ncnc21,937.0,1,1
CHEMBL1241587,CC(C)n1nc(-c2ccc3c(c2)CCO3)c2c(N)ncnc21,5000.0,0,1
CHEMBL1241588,CC(C)n1nc(-c2ccc3c(c2)OCCO3)c2c(N)ncnc21,15000.0,0,1
CHEMBL1241684,CC(C)n1nc(-c2cc3cc(C=O)ccc3s2)c2c(N)ncnc21,100000.0,0,1
CHEMBL288441,COc1cc(Nc2c(C#N)cnc3cc(OCCCN4CCN(C)CC4)c(OC)cc23)c(Cl)cc1Cl,272.0,1,2
CHEMBL1254199,CN(c1cccc(Br)c1)c1nc(N)nc2[nH]c(Cc3ccccc3)cc12,53100.0,0,1
CHEMBL1254286,CN(c1cccc(Br)c1)c1nc(N)nc2c1cc(Cc1ccccc1)n2C,253600.0,0,1
CHEMBL1254363,Cc1ccccc1Cc1cc2c(N(C)c3cccc(Br)c3)nc(N)nc2[nH]1,31200.0,0,1
CHEMBL1254364,Cc1ccccc1Cc1cc2c(Nc3cccc(Br)c3)nc(N)nc2n1C,12800.0,0,1
CHEMBL1254443,Cc1ccccc1Cc1cc2c(N(C)c3cccc(Br)c3)nc(N)nc2n1C,1200.0,0,1
CHEMBL1254444,COc1ccc(OC)c(Cc2cc3c(N(C)c4cccc(Br)c4)nc(N)nc3[nH]2)c1,143500.0,0,1
CHEMBL1254523,COc1ccc(OC)c(Cc2cc3c(N(C)c4cccc(Br)c4)nc(N)nc3n2C)c1,500.0,1,1
CHEMBL1257795,N#Cc1ccc2c(c1)C(c1ccccc1F)=Nc1c[nH]nc1N2,10900.0,0,1
CHEMBL1257911,Nc1ccc2c(c1)C(c1ccccc1Cl)=Nc1c[nH]nc1N2,989.0,1,1
CHEMBL1257912,CC(=O)Nc1ccc2c(c1)C(c1ccccc1Cl)=Nc1c[nH]nc1N2,726.0,1,1
CHEMBL1257998,CN1CCN([C@H]2CC[C@H](n3nc(-c4ccc(Nc5nc6cccc(Cl)c6o5)cc4)c4c(N)ncnc43)CC2)CC1,2300.0,0,1
CHEMBL1256432,CN1CCN([C@H]2CC[C@H](n3nc(-c4ccc(Nc5nc6cccc(Cl)c6o5)c(F)c4)c4c(N)ncnc43)CC2)CC1,2880.0,0,1
CHEMBL1271950,OC[C@@H](Nc1ncnc2sc3c(c12)CCCC3)c1ccccc1,720.0,1,1
CHEMBL1272006,OC[C@@H](Nc1ncnc2sc3c(c12)CCC3)c1ccccc1,1090.0,0,1
CHEMBL1272061,C=CC(=O)N1CCc2c(sc3ncnc(N[C@H](CO)c4ccccc4)c23)C1,8.0,1,3
CHEMBL1272113,CC#CC(=O)N1CCc2c(sc3ncnc(N[C@H](CO)c4ccccc4)c23)C1,1270.0,0,1
CHEMBL1272167,C=CS(=O)(=O)N1CCc2c(sc3ncnc(N[C@H](CO)c4ccccc4)c23)C1,1285.5,0,2
CHEMBL1272168,C=CC(=O)N1CCc2c(sc3ncnc(N[C@@H](CO)c4ccccc4)c23)C1,3057.0,0,1
CHEMBL1272222,C=CC(=O)N1CCc2c(sc3ncnc(N[C@H](C)c4ccccc4)c23)C1,379.5,1,2
CHEMBL1272223,C=CC(=O)N1CCc2c(sc3ncnc(N[C@H](CC)c4ccccc4)c23)C1,1123.0,0,2
CHEMBL1272275,O=C(/C=C/c1ccccc1)N1CCc2c(sc3ncnc(N[C@H](CO)c4ccccc4)c23)C1,3503.0,0,1
CHEMBL1272276,CN(C)C/C=C/C(=O)N1CCc2c(sc3ncnc(N[C@H](CO)c4ccccc4)c23)C1,187.5,1,2
CHEMBL1272324,CCN(CC)C/C=C/C(=O)N1CCc2c(sc3ncnc(N[C@H](CO)c4ccccc4)c23)C1,469.5,1,2
CHEMBL1272325,O=C(/C=C/CN1CCOCC1)N1CCc2c(sc3ncnc(N[C@H](CO)c4ccccc4)c23)C1,710.0,1,2
CHEMBL1271507,CN1CCN(C/C=C/C(=O)N2CCc3c(sc4ncnc(N[C@H](CO)c5ccccc5)c34)C2)CC1,89.0,1,1
CHEMBL1271561,C[C@@H](Nc1ncnc2sc3c(c12)CCN(C(=O)/C=C/CN(C)C)C3)c1ccccc1,8.3,1,4
CHEMBL1271562,CC[C@@H](Nc1ncnc2sc3c(c12)CCN(C(=O)/C=C/CN(C)C)C3)c1ccccc1,2881.0,0,2
CHEMBL1271618,CN(C)C/C=C/C(=O)N1CCc2c(sc3ncnc(N[C@H](CO)Cc4ccccc4)c23)C1,2128.0,0,2
CHEMBL1271619,CN(C)C/C=C/C(=O)N1CCc2c(sc3ncnc(NCCO)c23)C1,4884.0,0,1
CHEMBL1276179,CN1C[C@@H]2C[C@H]1CN2c1cc(F)c(-c2ccnc3c(-c4cccc5[nH]ncc45)c(-c4ccncc4)nn23)c(F)c1,173.0,1,1
CHEMBL1630107,O=C(/C=C/c1ccc(-c2ccc3ncnc(Nc4ccc(OCc5cccc(F)c5)c(Cl)c4)c3c2)o1)NO,2.5,1,1
CHEMBL1630108,O=C(/C=C/c1ccc(-c2ccc3ncnc(Nc4ccc(OCc5cccc(F)c5)c(Cl)c4)c3c2)s1)NO,4.8,1,1
CHEMBL1630109,O=C(/C=C/c1cccc(-c2ccc3ncnc(Nc4ccc(OCc5cccc(F)c5)c(Cl)c4)c3c2)c1)NO,259.0,1,2
CHEMBL1630110,O=C(/C=C/c1ccc(-c2ccc3ncnc(Nc4ccc(OCc5cccc(F)c5)c(Cl)c4)c3c2)cc1)NO,18.0,1,1
CHEMBL1630111,Nc1ccccc1NC(=O)c1ccc(-c2ccc3ncnc(Nc4ccc(OCc5cccc(F)c5)c(Cl)c4)c3c2)o1,2.9,1,1
CHEMBL1630112,Nc1ccccc1NC(=O)c1ccc(-c2ccc3ncnc(Nc4ccc(OCc5cccc(F)c5)c(Cl)c4)c3c2)s1,2.8,1,1
CHEMBL1630113,Nc1ccccc1NC(=O)/C=C/c1ccc(-c2ccc3ncnc(Nc4ccc(OCc5cccc(F)c5)c(Cl)c4)c3c2)o1,26.0,1,1
CHEMBL1630114,Nc1ccccc1NC(=O)/C=C/c1cccc(-c2ccc3ncnc(Nc4ccc(OCc5cccc(F)c5)c(Cl)c4)c3c2)c1,49.0,1,1
CHEMBL1630115,Nc1ccccc1NC(=O)/C=C/c1ccc(-c2ccc3ncnc(Nc4ccc(OCc5cccc(F)c5)c(Cl)c4)c3c2)cc1,29.0,1,1
CHEMBL1630116,Nc1ccccc1NC(=O)CCc1ccc(-c2ccc3ncnc(Nc4ccc(OCc5cccc(F)c5)c(Cl)c4)c3c2)cc1,15.0,1,1
CHEMBL1630117,O=C(NO)c1ccc(-c2ccc3ncnc(Nc4ccc(OCc5cccc(F)c5)c(Cl)c4)c3c2)o1,3.9,1,1
CHEMBL1630118,O=C(NO)c1ccc(-c2ccc3ncnc(Nc4ccc(OCc5cccc(F)c5)c(Cl)c4)c3c2)s1,2.2,1,1
CHEMBL1641991,CCC(=O)Nc1ccc2c(C#N)cnc(Nc3cccc(Br)c3)c2c1,20800.0,0,1
CHEMBL1641990,CN(C)C/C=C/C(=O)Nc1ccc2c(C#N)cnc(Nc3cccc(Br)c3)c2c1,150.0,1,1
CHEMBL1641989,CN(C)CCCC(=O)Nc1ccc2c(C#N)cnc(Nc3cccc(Br)c3)c2c1,4100.0,0,1
CHEMBL1641998,N#Cc1cnc(Nc2cccc(Br)c2)c2cc(NC(=O)CCc3cc4ccccc4[nH]3)ccc12,28000.0,0,1
CHEMBL1641997,N#Cc1cnc(Nc2cccc(Br)c2)c2cc(NC(=O)c3ccoc3)ccc12,45200.0,0,1
CHEMBL1641996,N#Cc1cnc(Nc2cccc(Br)c2)c2cc(NC(=O)c3ccco3)ccc12,55600.0,0,1
CHEMBL1641995,N#Cc1cnc(Nc2cccc(Br)c2)c2cc(NC(=O)[C@@H]3CCC(=O)N3)ccc12,2200.0,0,1
CHEMBL1641994,CCOC(=O)Nc1ccc2c(C#N)cnc(Nc3cccc(Br)c3)c2c1,12800.0,0,1
CHEMBL1641993,N#Cc1cnc(Nc2cccc(Br)c2)c2cc(NC(=O)CCN3CCOCC3)ccc12,6900.0,0,1
CHEMBL1641992,CN1CCN(CCC(=O)Nc2ccc3c(C#N)cnc(Nc4cccc(Br)c4)c3c2)CC1,1300.0,0,1
CHEMBL1645474,NC1CCN(Cc2ccn3ncnc(Nc4cccc(Br)c4)c23)CC1,6.0,1,1
CHEMBL1645473,NC1CCN(Cc2ccn3ncnc(Nc4cccc(Cl)c4)c23)CC1,9.0,1,1
CHEMBL1645466,C#Cc1cccc(Nc2ncnn3ccc(CN4CCC(N)CC4)c23)c1,10.0,1,1
CHEMBL1645476,NC1CCN(Cc2ccn3ncnc(Nc4ccc(F)c(Cl)c4)c23)CC1,10.0,1,1
CHEMBL1645470,Cc1cccc(Nc2ncnn3ccc(CN4CCC(N)CC4)c23)c1,20.0,1,1
CHEMBL1645472,NC1CCN(Cc2ccn3ncnc(Nc4cccc(F)c4)c23)CC1,32.0,1,1
CHEMBL1645467,NC1CCN(Cc2ccn3ncnc(Nc4ccccc4)c23)CC1,40.0,1,1
CHEMBL1645471,Cc1ccc(Nc2ncnn3ccc(CN4CCC(N)CC4)c23)cc1,50.0,1,1
CHEMBL1645475,NC1CCN(Cc2ccn3ncnc(Nc4cc(Cl)cc(Cl)c4)c23)CC1,130.0,1,1
CHEMBL1645477,COc1ccc(Nc2ncnn3ccc(CN4CCC(N)CC4)c23)cc1Cl,210.0,1,1
CHEMBL1645469,Cc1ccccc1Nc1ncnn2ccc(CN3CCC(N)CC3)c12,660.0,1,1
CHEMBL1645465,C#Cc1cccc(Nc2ncnn3ccc(COC[C@@H]4CNCCO4)c23)c1,670.0,1,1
CHEMBL1645464,Cn1ncc2cc(Nc3ncnn4ccc(CN5CCC(N)CC5)c34)ccc21,950.0,1,1
CHEMBL1683949,Cc1cc(Nc2ccc(OCc3cccc(F)c3)c(Cl)c2)ncn1,1100.0,0,1
CHEMBL1683950,Fc1cccc(COc2ccc(Nc3cc(-c4ccccc4)ncn3)cc2Cl)c1,1200.0,0,1
CHEMBL1683951,Fc1cccc(COc2ccc(Nc3cc(-c4cccnc4)ncn3)cc2Cl)c1,47000.0,0,1
CHEMBL1683952,Fc1cccc(COc2ccc(Nc3cc(-c4ccsc4)ncn3)cc2Cl)c1,22000.0,0,1
CHEMBL1683954,Fc1cccc(COc2ccc(Nc3cc(Oc4ccccc4)ncn3)cc2Cl)c1,10000.0,0,1
CHEMBL1683955,Cc1ncnc(Nc2ccc(OCc3cccc(F)c3)c(Cl)c2)c1C,17.0,1,1
CHEMBL1683956,CCc1ncnc(Nc2ccc(OCc3cccc(F)c3)c(Cl)c2)c1C,640.0,1,1
CHEMBL1683957,Cc1c(Nc2ccc(OCc3cccc(F)c3)c(Cl)c2)ncnc1-c1ccccc1,20000.0,0,1
CHEMBL1683958,Cc1ncnc(Nc2ccc(OCc3cccc(F)c3)c(Cl)c2)c1/C=N/OCCN1CCOCC1,68.0,1,1
CHEMBL1683959,Cc1ncnc(Nc2ccc(OCc3cccc(F)c3)c(Cl)c2)c1/C=N/OCCCN1CCOCC1,65.0,1,1
CHEMBL1683960,Cc1ncnc(Nc2ccc(OCc3cccc(F)c3)c(Cl)c2)c1-c1cccc(CN2CCOCC2)c1,590.0,1,1
CHEMBL1683961,Cc1ncnc(Nc2ccc(OCc3cccc(F)c3)c(Cl)c2)c1C#CCCCN1CCOCC1,34.0,1,1
CHEMBL1683962,Cc1ncnc(Nc2ccc(OCc3cccc(F)c3)c(Cl)c2)c1C#Cc1ccc(CN2CCOCC2)cc1,240.0,1,1
CHEMBL1683963,C/C(=C\c1c(C)ncnc1Nc1ccc(OCc2cccc(F)c2)c(Cl)c1)C(=O)NCCN1CCOCC1,28.0,1,1
CHEMBL1683964,Cc1ncnc(Nc2ccc(OCc3cccc(F)c3)c(Cl)c2)c1/C=C/c1ccc(CN2CCOCC2)cc1,120.0,1,1
CHEMBL1683965,Cc1ncnc(Nc2ccc(OCc3cccc(F)c3)c(Cl)c2)c1/C=C(\F)C(=O)NCCN1CCOCC1,18.0,1,1
CHEMBL1683966,Cc1ncnc(Nc2ccc(OCc3cccc(F)c3)c(Cl)c2)c1/C=C/C(=O)NCCN1CCOCC1,114.0,1,1
CHEMBL1683967,Cc1ncnc(Nc2ccc(OCc3cccc(F)c3)c(Cl)c2)c1/C=C(\F)C(=O)NCCN1CCCC1,3.0,1,1
CHEMBL1683968,Cc1ncnc(Nc2ccc(OCc3cccc(F)c3)c(Cl)c2)c1/C=C(\F)C(=O)NCCS(C)(=O)=O,19.0,1,1
CHEMBL1683969,CCN1CCN(C(=O)/C(F)=C/c2c(C)ncnc2Nc2ccc(OCc3cccc(F)c3)c(Cl)c2)CC1,156.0,1,1
CHEMBL1683970,Cc1ncnc(Nc2ccc(OCc3cccc(F)c3)c(Cl)c2)c1C#CCCN1CCOCC1,13.0,1,1
CHEMBL1683971,Cc1ncnc(Nc2ccc(OCc3cccc(F)c3)c(Cl)c2)c1C#CCN1CCOCC1,4130.0,0,1
CHEMBL1683972,Cc1ncnc(Nc2ccc(OCc3cccc(F)c3)c(Cl)c2)c1C#C/C=N/OCCN1CCOCC1,38.0,1,1
CHEMBL1683973,Cc1ncnc(Nc2ccc(OCc3cccc(F)c3)c(Cl)c2)c1C#CCCCN1CCCC1,11.0,1,1
CHEMBL1683974,CCN1CCN(CCCC#Cc2c(C)ncnc2Nc2ccc(OCc3cccc(F)c3)c(Cl)c2)CC1,9.0,1,1
CHEMBL1683975,Cc1ncnc(Nc2ccc(OCc3cccc(F)c3)c(Cl)c2)c1C#CCCNCc1ccccc1,270.0,1,1
CHEMBL1684800,COc1ccc(Cn2ncc(NC(=O)c3cc(NC(=O)Nc4ccc(Cl)c(C(F)(F)F)c4)ccc3C)c2N)cc1,101.4,1,1
CHEMBL1448,O=C(Nc1ccc([N+](=O)[O-])cc1Cl)c1cc(Cl)ccc1O,10500.0,0,1
CHEMBL1688860,CN(C)Cc1cc(C(=O)N[C@@H]2CCc3ccc(Oc4ccnc5c4CCC(=O)N5)cc3C2)cc(C(F)(F)F)c1,4900.0,0,1
CHEMBL1688861,CC(C)(N)c1cc(C(=O)N[C@@H]2CCc3ccc(Oc4ccnc5c4CCC(=O)N5)cc3C2)cc(C(F)(F)F)c1,190.0,1,1
CHEMBL98798,COc1cc2ncnc(Oc3cccc(Br)c3)c2cc1OC,7600.0,0,1
CHEMBL1277620,COc1cc2ncnc(Nc3ccc(Br)cc3F)c2cc1OC,5700.0,0,3
CHEMBL1278149,COc1cc2ncnc(Oc3ccc(Br)c(F)c3)c2cc1OC,5900.0,0,2
CHEMBL1761929,COC(=O)Nc1ccc(Nc2ncnc3cc(OC)c(OC)cc23)cc1,6900.0,0,4
CHEMBL1762110,CC(=O)NC[C@H]1CC[C@H](c2nc(-c3cc4ccccc4[nH]3)c3c(N)nccn32)CC1,3580.0,0,1
CHEMBL1760035,COc1cc(Nc2nccc(Nc3cnc4ccccc4c3)n2)cc(OC)c1OC,853.0,1,1
CHEMBL1760057,c1ccc2ncc(Nc3ccnc(Nc4ccc(OCCCN5CCCCC5)cc4)n3)cc2c1,2290.0,0,1
CHEMBL1784637,CNC(=O)c1ncc(C#Cc2cc(C(=O)Nc3ccc(CN4CCN(CCO)CC4)c(C(F)(F)F)c3)ccc2C)n1C,483.5,1,2
CHEMBL1797418,Brc1cccc(Nc2ncnc3cc4c(ccn4CCCN4CCOCC4)cc23)c1,77.62,1,1
CHEMBL109212,CCOc1cc2ncc(C#N)c(Nc3cccc(Br)c3)c2cc1OCC,416.87,1,1
CHEMBL324045,CCOc1cc2ncc(C#N)c(Nc3ccc(F)c(Cl)c3)c2cc1OCC,977.24,1,1
CHEMBL109428,COc1cc2ncc(C#N)c(Nc3cccc(Cl)c3)c2cc1OC,181.97,1,1
CHEMBL109503,COc1cc2ncc(C#N)c(Nc3cccc(C(F)(F)F)c3)c2cc1OC,1445.44,0,1
CHEMBL83228,COc1ccc(Nc2c(C#N)cnc3cc(OC)c(OC)cc23)cc1OC,50118.72,0,1
CHEMBL320479,COc1cc2ncc(C#N)c(Nc3cccc(F)c3)c2cc1OC,741.31,1,1
CHEMBL111033,COc1cc2ncc(C#N)c(Nc3cccc(C#N)c3)c2cc1OC,14125.38,0,1
CHEMBL432396,COc1cc2ncc(C#N)c(Nc3ccc(F)cc3)c2cc1OC,47863.01,0,1
CHEMBL325760,COc1cc2ncc(C#N)c(Nc3cccc(C(C)=O)c3)c2cc1OC,7413.1,0,1
CHEMBL110036,COc1cc2ncc(C#N)c(Nc3cccc(N)c3)c2cc1OC,812.83,1,1
CHEMBL110035,COc1cc2ncc(C#N)c(Nc3cccc(N(C)C)c3)c2cc1OC,851.14,1,1
CHEMBL111520,COc1cc2ncc(C#N)c(Nc3cccc([N+](=O)[O-])c3)c2cc1OC,870.96,1,1
CHEMBL111664,COc1cc2ncc(C#N)c(Nc3ccc(Cl)cc3F)c2cc1OC,13803.84,0,1
CHEMBL110577,COc1cc2ncc(C#N)c(Nc3cccc(O)c3)c2cc1OC,6309.57,0,1
CHEMBL109476,COc1cc2ncc(C#N)c(Nc3ccc(C)cc3)c2cc1OC,2754.23,0,1
CHEMBL323970,COc1cc2ncc(C#N)c(Nc3cccc(C(N)=O)c3)c2cc1OC,7762.47,0,1
CHEMBL111307,COc1cc2ncc(C#N)c(Nc3ccc(C)c(Br)c3)c2cc1OC,1778.28,0,1
CHEMBL110945,COc1cc2ncc(C#N)c(Nc3ccc(O)c(Cl)c3)c2cc1OC,9120.11,0,1
CHEMBL419185,COc1cc2ncc(C#N)c(Nc3cc(Cl)c(O)c(Cl)c3)c2cc1OC,3162.28,0,1
CHEMBL326445,COc1cc2ncc(C#N)c(Nc3cc(Cl)ccc3O)c2cc1OC,16982.44,0,1
CHEMBL114496,COc1cc2ncc(C#N)c(Nc3cccc(SC)c3)c2cc1OC,758.58,1,1
CHEMBL109355,COc1cc2ncc(C#N)c(Nc3ccc(C)c(Cl)c3)c2cc1OC,1479.11,0,1
CHEMBL323424,COc1cc2ncc(C#N)c(Nc3ccc(C(C)C)cc3)c2cc1OC,229.09,1,1
CHEMBL112096,COc1cc2ncc(C#N)c(Nc3ccccc3C(C)C)c2cc1OC,363.08,1,1
CHEMBL109625,COc1cc2ncc(C#N)c(Nc3cccc(C(C)C)c3)c2cc1OC,61659.5,0,1
CHEMBL323900,COc1cc2ncc(C#N)c(Nc3ccc(Br)cc3)c2cc1OC,6606.93,0,1
CHEMBL109575,COc1cc2ncc(C#N)c(Nc3ccccc3Br)c2cc1OC,4168.69,0,1
CHEMBL111688,COc1cc2ncc(C#N)c(Nc3ccc(F)c(C(F)(F)F)c3)c2cc1OC,158.49,1,1
CHEMBL112225,COc1cc2ncc(C#N)c(Nc3cccc(Br)c3C)c2cc1OC,831.76,1,1
CHEMBL110055,COc1cc2ncc(C#N)c(Nc3ccc(Br)c(C)c3)c2cc1OC,616.6,1,1
CHEMBL113535,COc1cc2ncc(C#N)c(Nc3cccc(N=[N+]=[N-])c3)c2cc1OC,2187.76,0,1
CHEMBL324399,COc1cc2ncc(C#N)c(Nc3cccc(NC(C)=O)c3)c2cc1OC,69183.1,0,1
CHEMBL111443,CCOc1cc2ncc(C#N)c(Nc3cccc(Br)c3)c2cc1OC,21379.62,0,1
CHEMBL110065,CCOc1cc2c(Nc3cccc(Br)c3)c(C#N)cnc2cc1OC,33113.11,0,1
CHEMBL109332,COc1cc2ncc(C=O)c(Nc3cccc(Br)c3)c2cc1OC,3388.44,0,1
CHEMBL541988,COc1cc2ncc(C(=O)O)c(Nc3cccc(Br)c3)c2cc1OC,21301.71,0,2
CHEMBL114446,COc1cc2ncc(C(N)=O)c(Nc3cccc(Br)c3)c2cc1OC,15135.61,0,1
CHEMBL111586,N#Cc1cnc2cc(O)c(O)cc2c1Nc1cccc(Br)c1,346.74,1,1
CHEMBL111222,COCOc1cc2ncc(C#N)c(Nc3cccc(Br)c3)c2cc1OCOC,6760.83,0,1
CHEMBL109515,COCCOc1cc2ncc(C#N)c(Nc3cccc(Br)c3)c2cc1OCCOC,1096.48,0,1
CHEMBL110062,N#Cc1cnc2cc3c(cc2c1Nc1cccc(Br)c1)OCO3,6760.83,0,1
CHEMBL325981,N#Cc1cnc2cc3c(cc2c1Nc1cccc(Br)c1)OCCCO3,5128.61,0,1
CHEMBL324439,COc1cc2c(C#N)cnc(Nc3cccc(Br)c3)c2cc1OC,70794.58,0,1
CHEMBL109259,COc1cc2c(C#N)cnc(Nc3cccc(Cl)c3)c2cc1OC,89125.09,0,1
CHEMBL441279,COCOCC#CC(=O)Nc1ccc2ncc(C#N)c(Nc3cccc(Br)c3)c2c1,331.13,1,3
CHEMBL1797541,N#Cc1cnc2ccc(NC(=O)C#CCN(C3CC3)C3CC3)cc2c1Nc1cccc(Br)c1,251.19,1,1
CHEMBL1270795,CSc1cn2c(-c3cn[nH]c3)cnc2c(Nc2cc(C)ns2)n1,5048.0,0,1
CHEMBL1812374,Cc1ccc(-c2nc3cc(NC(=O)CCl)ccc3[nH]2)cc1,1929.0,0,1
CHEMBL1812491,Cn1cccc1-c1nc2cc(NC(=O)CCl)ccc2[nH]1,12070.0,0,1
CHEMBL1812431,O=C(/C=C/c1ccc(Cl)cc1)Nc1ccc2ncnc(Nc3cccc(Br)c3)c2c1,1210.0,0,1
CHEMBL1812434,O=C(/C=C/c1ccccc1Br)Nc1ccc2ncnc(Nc3cccc(Br)c3)c2c1,4280.0,0,1
CHEMBL1812435,COc1ccc(/C=C/C(=O)Nc2ccc3ncnc(Nc4cccc(Br)c4)c3c2)cc1,7220.0,0,1
CHEMBL1812555,COc1ccccc1/C=C/C(=O)Nc1ccc2ncnc(Nc3cccc(Br)c3)c2c1,7710.0,0,1
CHEMBL1812556,COc1cccc(/C=C/C(=O)Nc2ccc3ncnc(Nc4cccc(Br)c4)c3c2)c1,6020.0,0,1
CHEMBL1812559,O=C(/C=C/c1ccc([N+](=O)[O-])cc1)Nc1ccc2ncnc(Nc3cccc(Br)c3)c2c1,5160.0,0,1
CHEMBL1812560,O=C(/C=C/c1ccccc1[N+](=O)[O-])Nc1ccc2ncnc(Nc3cccc(Br)c3)c2c1,1020.0,0,1
CHEMBL1812561,O=C(/C=C/c1ccccc1)Nc1ccc2ncnc(Nc3cccc(Cl)c3)c2c1,3610.0,0,1
CHEMBL1812564,O=C(/C=C/c1ccc(Br)cc1)Nc1ccc2ncnc(Nc3cccc(Cl)c3)c2c1,3490.0,0,1
CHEMBL1812566,COc1cccc(/C=C/C(=O)Nc2ccc3ncnc(Nc4cccc(Cl)c4)c3c2)c1,6630.0,0,1
CHEMBL1812569,O=C(/C=C/c1cccc2ccccc12)Nc1ccc2ncnc(Nc3cccc(Cl)c3)c2c1,2810.0,0,1
CHEMBL1812571,O=C(/C=C/c1ccccc1[N+](=O)[O-])Nc1ccc2ncnc(Nc3cccc(Cl)c3)c2c1,940.0,1,1
CHEMBL1812570,O=C(/C=C/c1ccc([N+](=O)[O-])cc1)Nc1ccc2ncnc(Nc3cccc(Cl)c3)c2c1,3450.0,0,1
CHEMBL1812572,O=C(/C=C/c1cccc([N+](=O)[O-])c1)Nc1ccc2ncnc(Nc3cccc(Br)c3)c2c1,120.0,1,1
CHEMBL1812573,O=C(/C=C/c1cccc([N+](=O)[O-])c1)Nc1ccc2ncnc(Nc3cccc(Cl)c3)c2c1,190.0,1,1
CHEMBL1817964,C/C=C(\C)C(O[C@@H]1O[C@H](CO)[C@@H](O)[C@H](O)[C@H]1O)C(C)/C=C(C)/C=C/CC(C)/C=C/c1oc(OC)c(C)c(=O)c1C,160.0,1,3
CHEMBL1817965,C/C=C(\C)[C@H](O)[C@H](C)/C=C(C)/C=C/CC(C)/C=C/c1oc(OC)c(C)c(=O)c1C,565.0,1,2
CHEMBL1821862,Cc1ccc(C2=NN(c3nc(-c4ccccc4)cs3)C(c3ccc(F)cc3)C2)cc1C,1730.0,0,1
CHEMBL1821863,Cc1ccc(C2=NN(c3nc(-c4ccccc4)cs3)C(c3ccc(Cl)cc3)C2)cc1C,2360.0,0,1
CHEMBL1821864,Cc1ccc(C2=NN(c3nc(-c4ccccc4)cs3)C(c3ccc(Br)cc3)C2)cc1C,1840.0,0,1
CHEMBL1821865,Cc1ccc(C2CC(c3ccc(C)c(C)c3)=NN2c2nc(-c3ccccc3)cs2)cc1,2670.0,0,1
CHEMBL1821866,COc1ccc(C2CC(c3ccc(C)c(C)c3)=NN2c2nc(-c3ccccc3)cs2)cc1,3080.0,0,1
CHEMBL1821867,Cc1ccc(C2=NN(c3nc(-c4ccccc4)cs3)C(c3ccc(O)cc3)C2)cc1C,1920.0,0,1
CHEMBL1821868,Cc1ccc(C2=NN(c3nc(-c4ccccc4)cs3)C(c3ccc([N+](=O)[O-])cc3)C2)cc1C,3850.0,0,1
CHEMBL1821869,Cc1ccc(C2=NN(c3nc(-c4ccc(Cl)cc4)cs3)C(c3ccc(F)cc3)C2)cc1C,60.0,1,2
CHEMBL1821870,Cc1ccc(C2=NN(c3nc(-c4ccc(Cl)cc4)cs3)C(c3ccc(Cl)cc3)C2)cc1C,190.0,1,1
CHEMBL1821871,Cc1ccc(C2=NN(c3nc(-c4ccc(Cl)cc4)cs3)C(c3ccc(Br)cc3)C2)cc1C,370.0,1,1
CHEMBL1821872,Cc1ccc(C2CC(c3ccc(C)c(C)c3)=NN2c2nc(-c3ccc(Cl)cc3)cs2)cc1,1040.0,0,1
CHEMBL1821873,COc1ccc(C2CC(c3ccc(C)c(C)c3)=NN2c2nc(-c3ccc(Cl)cc3)cs2)cc1,820.0,1,1
CHEMBL1821874,Cc1ccc(C2=NN(c3nc(-c4ccc(Cl)cc4)cs3)C(c3ccc(O)cc3)C2)cc1C,970.0,1,1
CHEMBL1821875,Cc1ccc(C2=NN(c3nc(-c4ccc(Cl)cc4)cs3)C(c3ccc([N+](=O)[O-])cc3)C2)cc1C,630.0,1,1
CHEMBL1821876,Fc1ccc(C2CC(c3ccc(Br)cc3)=NN2c2nc(-c3ccccc3)cs2)cc1,11240.0,0,1
CHEMBL1821877,Clc1ccc(C2CC(c3ccc(Br)cc3)=NN2c2nc(-c3ccccc3)cs2)cc1,9370.0,0,1
CHEMBL1821878,Brc1ccc(C2=NN(c3nc(-c4ccccc4)cs3)C(c3ccc(Br)cc3)C2)cc1,8950.0,0,1
CHEMBL1821879,Cc1ccc(C2CC(c3ccc(Br)cc3)=NN2c2nc(-c3ccccc3)cs2)cc1,19640.0,0,1
CHEMBL1821880,COc1ccc(C2CC(c3ccc(Br)cc3)=NN2c2nc(-c3ccccc3)cs2)cc1,10170.0,0,1
CHEMBL1821881,Oc1ccc(C2CC(c3ccc(Br)cc3)=NN2c2nc(-c3ccccc3)cs2)cc1,22360.0,0,1
CHEMBL1821882,O=[N+]([O-])c1ccc(C2CC(c3ccc(Br)cc3)=NN2c2nc(-c3ccccc3)cs2)cc1,15720.0,0,1
CHEMBL1821883,Fc1ccc(C2CC(c3ccc(Br)cc3)=NN2c2nc(-c3ccc(Cl)cc3)cs2)cc1,24160.0,0,1
CHEMBL1821884,Clc1ccc(-c2csc(N3N=C(c4ccc(Br)cc4)CC3c3ccc(Cl)cc3)n2)cc1,17840.0,0,1
CHEMBL1821885,Clc1ccc(-c2csc(N3N=C(c4ccc(Br)cc4)CC3c3ccc(Br)cc3)n2)cc1,25740.0,0,1
CHEMBL1821886,Cc1ccc(C2CC(c3ccc(Br)cc3)=NN2c2nc(-c3ccc(Cl)cc3)cs2)cc1,28170.0,0,1
CHEMBL1821887,COc1ccc(C2CC(c3ccc(Br)cc3)=NN2c2nc(-c3ccc(Cl)cc3)cs2)cc1,19830.0,0,1
CHEMBL1821888,Oc1ccc(C2CC(c3ccc(Br)cc3)=NN2c2nc(-c3ccc(Cl)cc3)cs2)cc1,21520.0,0,1
CHEMBL1821889,O=[N+]([O-])c1ccc(C2CC(c3ccc(Br)cc3)=NN2c2nc(-c3ccc(Cl)cc3)cs2)cc1,24370.0,0,1
CHEMBL1821890,COc1ccc(C2=NN(c3nc(-c4ccccc4)cs3)C(c3ccc(F)cc3)C2)cc1,5710.0,0,1
CHEMBL1821891,COc1ccc(C2=NN(c3nc(-c4ccccc4)cs3)C(c3ccc(Cl)cc3)C2)cc1,4940.0,0,1
CHEMBL1821892,COc1ccc(C2=NN(c3nc(-c4ccccc4)cs3)C(c3ccc(Br)cc3)C2)cc1,5560.0,0,1
CHEMBL1821893,COc1ccc(C2=NN(c3nc(-c4ccccc4)cs3)C(c3ccc(C)cc3)C2)cc1,7480.0,0,1
CHEMBL1821894,COc1ccc(C2=NN(c3nc(-c4ccccc4)cs3)C(c3ccc(OC)cc3)C2)cc1,6920.0,0,1
CHEMBL1821895,COc1ccc(C2=NN(c3nc(-c4ccccc4)cs3)C(c3ccc(O)cc3)C2)cc1,5350.0,0,1
CHEMBL1821896,COc1ccc(C2=NN(c3nc(-c4ccccc4)cs3)C(c3ccc([N+](=O)[O-])cc3)C2)cc1,8630.0,0,1
CHEMBL1821897,COc1ccc(C2=NN(c3nc(-c4ccc(Cl)cc4)cs3)C(c3ccc(F)cc3)C2)cc1,5070.0,0,1
CHEMBL1822061,COc1ccc(C2=NN(c3nc(-c4ccc(Cl)cc4)cs3)C(c3ccc(Cl)cc3)C2)cc1,7780.0,0,1
CHEMBL1822062,COc1ccc(C2=NN(c3nc(-c4ccc(Cl)cc4)cs3)C(c3ccc(Br)cc3)C2)cc1,6310.0,0,1
CHEMBL1822063,COc1ccc(C2=NN(c3nc(-c4ccc(Cl)cc4)cs3)C(c3ccc(C)cc3)C2)cc1,4680.0,0,1
CHEMBL1822064,COc1ccc(C2=NN(c3nc(-c4ccc(Cl)cc4)cs3)C(c3ccc(OC)cc3)C2)cc1,6270.0,0,1
CHEMBL1822065,COc1ccc(C2=NN(c3nc(-c4ccc(Cl)cc4)cs3)C(c3ccc(O)cc3)C2)cc1,7660.0,0,1
CHEMBL1822066,COc1ccc(C2=NN(c3nc(-c4ccc(Cl)cc4)cs3)C(c3ccc([N+](=O)[O-])cc3)C2)cc1,8430.0,0,1
CHEMBL1830257,NC(=S)N/N=C(/C=C/c1ccccc1F)c1ccccc1,22360.0,0,1
CHEMBL1830258,NC(=S)N/N=C(/C=C/c1ccccc1Cl)c1ccccc1,23270.0,0,1
CHEMBL1830259,NC(=S)N/N=C(/C=C/c1ccccc1Br)c1ccccc1,26000.0,0,1
CHEMBL1830260,COc1ccccc1/C=C/C(=N/NC(N)=S)c1ccccc1,33000.0,0,1
CHEMBL1830261,NC(=S)N/N=C(/C=C/c1cccc(F)c1)c1ccccc1,2080.0,0,1
CHEMBL1830262,COc1cccc(/C=C/C(=N/NC(N)=S)c2ccccc2)c1,10950.0,0,1
CHEMBL1830263,NC(=S)N/N=C(/C=C/c1cccc([N+](=O)[O-])c1)c1ccccc1,3740.0,0,1
CHEMBL1830264,NC(=S)N/N=C(/C=C/c1ccc(F)cc1)c1ccccc1,19120.0,0,1
CHEMBL1830265,NC(=S)N/N=C(/C=C/c1ccc(Cl)cc1)c1ccccc1,20480.0,0,1
CHEMBL1830266,NC(=S)N/N=C(/C=C/c1ccc(Br)cc1)c1ccccc1,26560.0,0,1
CHEMBL1830267,Cc1ccc(/C=C/C(=N/NC(N)=S)c2ccccc2)cc1,17390.0,0,1
CHEMBL1830268,COc1ccc(/C=C/C(=N/NC(N)=S)c2ccccc2)cc1,14830.0,0,1
CHEMBL1830269,NC(=S)N/N=C(/C=C/c1ccc([N+](=O)[O-])cc1)c1ccccc1,1570.0,0,1
CHEMBL1830270,NC(=S)N/N=C(/C=C/c1ccc(-c2ccccc2)cc1)c1ccccc1,5110.0,0,1
CHEMBL1830271,NC(=S)N/N=C(/C=C/c1ccc(OCc2ccccc2)cc1)c1ccccc1,700.0,1,1
CHEMBL1830272,NC(=S)N/N=C(/C=C/c1ccccc1)c1ccccc1,2380.0,0,1
CHEMBL1830273,NC(=S)N/N=C(/C=C/c1ccccc1)c1ccc(Br)cc1,12240.0,0,1
CHEMBL1830274,Cc1ccc(C(/C=C/c2ccccc2)=N\NC(N)=S)cc1,350.0,1,1
CHEMBL1830275,COc1ccc(C(/C=C/c2ccccc2)=N\NC(N)=S)cc1,8660.0,0,1
CHEMBL1830276,NC(=S)N/N=C(/C=C/c1ccccc1)c1ccc(Cl)cc1,590.0,1,1
CHEMBL1830277,NC(=S)N/N=C(/C=C/c1ccccc1)c1ccc(Cl)c(Cl)c1,9780.0,0,1
CHEMBL1830278,NC(=S)N/N=C(/C=C/c1ccc(F)cc1)c1ccc(Br)cc1,2170.0,0,1
CHEMBL1830279,COc1ccc(C(/C=C/c2ccccc2Cl)=N\NC(N)=S)cc1,7830.0,0,1
CHEMBL1830280,NC(=S)N/N=C(/C=C/c1cccc2ccccc12)c1ccccc1,410.0,1,1
CHEMBL1828860,Cc1ncc([N+](=O)[O-])n1CC(=O)NS(=O)(=O)c1ccccc1,2940.0,0,1
CHEMBL1828861,Cc1ccc(S(=O)(=O)NC(=O)Cn2c([N+](=O)[O-])cnc2C)cc1,3430.0,0,1
CHEMBL1828862,Cc1ncc([N+](=O)[O-])n1CC(=O)NS(=O)(=O)c1ccc(F)cc1,390.0,1,1
CHEMBL1828863,Cc1ncc([N+](=O)[O-])n1CC(=O)NS(=O)(=O)c1ccc(Cl)cc1,1510.0,0,1
CHEMBL1828864,Cc1ncc([N+](=O)[O-])n1CC(=O)NS(=O)(=O)c1ccc(Br)cc1,2170.0,0,1
CHEMBL1828865,O=C(Cc1ccc(F)cc1)NS(=O)(=O)c1ccccc1,6740.0,0,1
CHEMBL1828866,Cc1ccc(S(=O)(=O)NC(=O)Cc2ccc(F)cc2)cc1,8280.0,0,1
CHEMBL1828867,O=C(Cc1ccc(F)cc1)NS(=O)(=O)c1ccc(F)cc1,5170.0,0,1
CHEMBL1828868,O=C(Cc1ccc(F)cc1)NS(=O)(=O)c1ccc(Cl)cc1,5930.0,0,1
CHEMBL1828869,O=C(Cc1ccc(F)cc1)NS(=O)(=O)c1ccc(Br)cc1,6410.0,0,1
CHEMBL1828870,O=C(Cc1ccc(Cl)cc1)NS(=O)(=O)c1ccccc1,11910.0,0,1
CHEMBL1828871,Cc1ccc(S(=O)(=O)NC(=O)Cc2ccc(Cl)cc2)cc1,13730.0,0,1
CHEMBL1828872,O=C(Cc1ccc(Cl)cc1)NS(=O)(=O)c1ccc(F)cc1,9590.0,0,1
CHEMBL1828873,O=C(Cc1ccc(Cl)cc1)NS(=O)(=O)c1ccc(Cl)cc1,10340.0,0,1
CHEMBL1828874,O=C(Cc1ccc(Cl)cc1)NS(=O)(=O)c1ccc(Br)cc1,11290.0,0,1
CHEMBL1828875,O=C(Cc1ccc(Br)cc1)NS(=O)(=O)c1ccccc1,17810.0,0,1
CHEMBL1828876,Cc1ccc(S(=O)(=O)NC(=O)Cc2ccc(Br)cc2)cc1,18350.0,0,1
CHEMBL1828877,O=C(Cc1ccc(Br)cc1)NS(=O)(=O)c1ccc(F)cc1,14530.0,0,1
CHEMBL1828878,O=C(Cc1ccc(Br)cc1)NS(=O)(=O)c1ccc(Cl)cc1,15920.0,0,1
CHEMBL1828879,O=C(Cc1ccc(Br)cc1)NS(=O)(=O)c1ccc(Br)cc1,17260.0,0,1
CHEMBL1828880,COc1ccc(CC(=O)NS(=O)(=O)c2ccccc2)cc1,26200.0,0,1
CHEMBL1828881,COc1ccc(CC(=O)NS(=O)(=O)c2ccc(C)cc2)cc1,38520.0,0,1
CHEMBL1828882,COc1ccc(CC(=O)NS(=O)(=O)c2ccc(F)cc2)cc1,21840.0,0,1
CHEMBL1828883,COc1ccc(CC(=O)NS(=O)(=O)c2ccc(Cl)cc2)cc1,32850.0,0,1
CHEMBL1828884,COc1ccc(CC(=O)NS(=O)(=O)c2ccc(Br)cc2)cc1,24150.0,0,1
CHEMBL1829271,O=C(Cc1cccc(Br)c1)NS(=O)(=O)c1ccccc1,24680.0,0,1
CHEMBL1829272,Cc1ccc(S(=O)(=O)NC(=O)Cc2cccc(Br)c2)cc1,26170.0,0,1
CHEMBL1829273,O=C(Cc1cccc(Br)c1)NS(=O)(=O)c1ccc(F)cc1,18720.0,0,1
CHEMBL1829274,O=C(Cc1cccc(Br)c1)NS(=O)(=O)c1ccc(Cl)cc1,21280.0,0,1
CHEMBL1829275,O=C(Cc1cccc(Br)c1)NS(=O)(=O)c1ccc(Br)cc1,24330.0,0,1
CHEMBL1200558,CC[C@H](C)[C@H](N)C1=N[C@H](C(=O)N[C@@H](CC(C)C)C(=O)N[C@H](CCC(=O)O)C(=O)N[C@H](C(=O)N[C@H]2CCCCNC(=O)[C@H](CC(N)=O)NC(=O)[C@@H](CC(=O)O)NC(=O)[C@H](Cc3cnc[nH]3)NC(=O)[C@@H](Cc3ccccc3)NC(=O)[C@H]([C@@H](C)CC)NC(=O)[C@@H](CCCN)NC2=O)[C@@H](C)CC)CS1,5377.0,0,1
CHEMBL319244,O=C(/C=C/c1ccc(O)c(O)c1)OCCc1ccccc1,1005.0,0,1
CHEMBL1016,CCOc1nc2cccc(C(=O)O)c2n1Cc1ccc(-c2ccccc2-c2nnn[nH]2)cc1,3276.9,0,1
CHEMBL290106,Oc1c(Cl)cc(Cl)cc1Sc1cc(Cl)cc(Cl)c1O,614.0,1,1
CHEMBL296419,COc1ccc(CCN2CCC(Nc3nc4ccccc4n3Cc3ccc(F)cc3)CC2)cc1,6057.0,0,1
CHEMBL195437,CCCCCCCCc1ccc(O)cc1,16219.0,0,1
CHEMBL305660,CC(C)(C)c1ccc(C(=O)CCCN2CCC(OC(c3ccccc3)c3ccccc3)CC2)cc1,559.1,1,1
CHEMBL808,Clc1ccc(COC(Cn2ccnc2)c2ccc(Cl)cc2Cl)cc1,32404.0,0,1
CHEMBL64894,CN(C)c1ccc(C(=C2C=CC(=[N+](C)C)C=C2)c2ccc(N(C)C)cc2)cc1.[Cl-],473.0,1,1
CHEMBL496,Oc1c(Cl)cc(Cl)c(Cl)c1Cc1c(O)c(Cl)cc(Cl)c1Cl,748.6,1,1
CHEMBL726,OCCN1CCN(CCCN2c3ccccc3Sc3ccc(C(F)(F)F)cc32)CC1,40107.0,0,1
CHEMBL434063,CN(CCOc1ccc(C[C@H](Nc2ccccc2C(=O)c2ccccc2)C(=O)O)cc1)c1ccccn1,10896.0,0,1
CHEMBL334255,CCCCCCCCCCCCCCCC[n+]1ccccc1.[Br-],3472.0,0,1
CHEMBL280998,Oc1ccccc1O,26043.0,0,1
CHEMBL7002,CC1(COc2ccc(CC3SC(=O)NC3=O)cc2)CCCCC1,4655.0,0,1
CHEMBL12131,Cc1cc(C(C#N)c2ccc(Cl)cc2)c(Cl)cc1NC(=O)c1cc(I)cc(I)c1O,564.0,1,1
CHEMBL104,Clc1ccccc1C(c1ccccc1)(c1ccccc1)n1ccnc1,69421.0,0,1
CHEMBL926,CC(CCc1ccc(O)cc1)NCCc1ccc(O)c(O)c1,5551.0,0,1
CHEMBL954,CCN(CC)CCOc1ccc(/C(=C(/Cl)c2ccccc2)c2ccccc2)cc1,1050.0,0,1
CHEMBL71,CN(C)CCCN1c2ccccc2Sc2ccc(Cl)cc21,28868.0,0,1
CHEMBL75880,C1CCC(C(CC2CCCCN2)C2CCCCC2)CC1,1485.2,0,1
CHEMBL307145,Oc1cccc(O)c1O,1230.0,0,1
CHEMBL584,Cc1c(O)cccc1C(=O)N[C@@H](CSc1ccccc1)[C@H](O)CN1C[C@H]2CCCC[C@H]2C[C@H]1C(=O)NC(C)(C)C,55629.0,0,1
CHEMBL58,O=C1c2c(O)ccc(O)c2C(=O)c2c(NCCNCCO)ccc(NCCNCCO)c21,5385.9,0,1
CHEMBL91,Clc1ccc(COC(Cn2ccnc2)c2ccc(Cl)cc2Cl)c(Cl)c1,29256.0,0,1
CHEMBL1221512,CC[C@H](C)[C@@H](CO[C@@H](Cc1ccccc1)C(=O)N[C@@H](CCS(C)(=O)=O)C(=O)OC(C)C)NC[C@@H](N)CS,3216.0,0,1
CHEMBL787,CC(C)(O)c1ccccc1CC[C@@H](SCC1(CC(=O)O)CC1)c1cccc(/C=C/c2ccc3ccc(Cl)cc3n2)c1,3197.0,0,1
CHEMBL459,C[C@](N)(Cc1ccc(O)c(O)c1)C(=O)O,5228.0,0,1
CHEMBL86754,Oc1c(I)cc(I)c2cccnc12,1889.0,0,1
CHEMBL603,COc1cc(C(=O)NS(=O)(=O)c2ccccc2C)ccc1Cc1cn(C)c2ccc(NC(=O)OC3CCCC3)cc12,5751.0,0,1
CHEMBL24944,O=C(Nc1ccc(Br)cc1)c1cc(Br)cc(Br)c1O,2987.0,0,1
CHEMBL1200679,[Cl-].[Cl-].[Zn+2],2188.4,0,1
CHEMBL1630578,C[C@@H]1C[C@H]2[C@@H]3CCC4=CC(=O)C=C[C@]4(C)C3=CC[C@]2(C)[C@H]1C(=O)CN1CCN(c2cc(N3CCCC3)nc(N3CCCC3)n2)CC1,20397.0,0,1
CHEMBL479,CSc1ccc2c(c1)N(CCC1CCCCN1C)c1ccccc1S2,2947.0,0,1
CHEMBL83,CC/C(=C(\c1ccccc1)c1ccc(OCCN(C)C)cc1)c1ccccc1,3553.0,0,1
CHEMBL18797,CSc1ccc(/C=C2/C(C)=C(CC(=O)O)c3cc(F)ccc32)cc1,23981.0,0,1
CHEMBL404849,CCCCCCCCNC(C)C(O)c1ccc(SC(C)C)cc1,794.4,1,1
CHEMBL17157,CC(C)(C)c1ccc(C(O)CCCN2CCC(C(O)(c3ccccc3)c3ccccc3)CC2)cc1,3566.0,0,1
CHEMBL1910268,N#Cc1cc2c(N)ncnc2nc1NCCO,93300.0,0,1
CHEMBL1910273,Nc1scc2c1c(Nc1ccc(S(N)(=O)=O)cc1)nc1ncnc(N)c12,29500.0,0,1
CHEMBL1910275,Cc1c(C#N)c(NCCO)nc2nc(NCCO)nc(N)c12,47900.0,0,1
CHEMBL1910278,Nc1scc2c1c(NCCO)nc1nc(NCCO)nc(N)c12,66100.0,0,1
CHEMBL1916891,Cc1ccccc1Nc1nc2cc(F)c(N(C)C(=O)/C=C/CN(C)C)cc2n2cncc12,17.2,1,3
CHEMBL1916897,Cc1ccc(F)cc1Nc1nc2cc(Cl)c(N(C)C(=O)/C=C/CN(C)C)cc2n2cncc12,35.675,1,2
CHEMBL1873475,C=CC(=O)N1CCC[C@@H](n2nc(-c3ccc(Oc4ccccc4)cc3)c3c(N)ncnc32)C1,8.399999999999999,1,34
CHEMBL1914653,Br.C[C@@H](Nc1ncnc2[nH]c(-c3ccc(O)cc3)cc12)c1ccccc1,3.7,1,1
CHEMBL1914654,Br.C[C@@H](Nc1ncnc2[nH]c(-c3ccc(O)cc3)cc12)c1ccc(F)cc1,3.8,1,1
CHEMBL1914655,Br.C[C@@H](Nc1ncnc2[nH]c(-c3ccc(O)cc3)cc12)c1ccc(Br)cc1,62.0,1,1
CHEMBL1914656,Br.Cc1ccc([C@@H](C)Nc2ncnc3[nH]c(-c4ccc(O)cc4)cc23)cc1,450.0,1,1
CHEMBL1914657,Br.CC(Nc1ncnc2[nH]c(-c3ccc(O)cc3)cc12)c1ccc(C(F)(F)F)cc1,4608.0,0,1
CHEMBL1914658,Br.C[C@@H](Nc1ncnc2[nH]c(-c3ccc(O)cc3)cc12)c1ccccc1F,8.0,1,1
CHEMBL1914659,Br.Cc1ccccc1C(C)Nc1ncnc2[nH]c(-c3ccc(O)cc3)cc12,17.0,1,1
CHEMBL1914660,Br.C[C@@H](Nc1ncnc2[nH]c(-c3ccc(O)cc3)cc12)c1cccc(F)c1,9.0,1,1
CHEMBL1914661,Br.Cc1cccc(C(C)Nc2ncnc3[nH]c(-c4ccc(O)cc4)cc23)c1,95.0,1,1
CHEMBL1914461,Br.Oc1ccc(-c2cc3c(NCc4ccccc4)ncnc3[nH]2)cc1,3.3,1,1
CHEMBL1914662,Br.Oc1ccc(-c2cc3c(NCc4ccc(F)cc4)ncnc3[nH]2)cc1,26.0,1,1
CHEMBL1914663,Br.Oc1ccc(-c2cc3c(NCc4ccccc4F)ncnc3[nH]2)cc1,45.0,1,1
CHEMBL1914664,Br.Oc1ccc(-c2cc3c(NCc4cccc(F)c4)ncnc3[nH]2)cc1,52.0,1,1
CHEMBL1914665,Br.CC[C@@H](Nc1ncnc2[nH]c(-c3ccc(O)cc3)cc12)c1ccccc1,4.0,1,1
CHEMBL1914666,Br.CC(Nc1ncnc2[nH]c(-c3ccc(O)cc3)cc12)c1cccc2ccccc12,1008.0,0,1
CHEMBL1914667,COc1ccc(-c2cc3c(N[C@H](C)c4ccccc4)ncnc3[nH]2)cc1,4.7,1,1
CHEMBL105053,C[C@@H](Nc1[nH]cnc2nc(-c3ccccc3)cc1-2)c1ccccc1,3.3,1,1
CHEMBL1914668,C[C@@H](Nc1ncnc2[nH]c(-c3ccc(F)cc3)cc12)c1ccccc1,6.6,1,1
CHEMBL1914669,C[C@@H](Nc1ncnc2[nH]c(-c3ccc(Br)cc3)cc12)c1ccccc1,63.0,1,1
CHEMBL1914670,C[C@@H](Nc1ncnc2[nH]c(-c3ccc(C#N)cc3)cc12)c1ccccc1,12.0,1,1
CHEMBL1914671,C[C@@H](Nc1ncnc2[nH]c(-c3ccccc3)cc12)c1ccc(F)cc1,33.0,1,1
CHEMBL1914672,C[C@@H](Nc1ncnc2[nH]c(-c3ccc(F)cc3)cc12)c1ccc(F)cc1,27.0,1,1
CHEMBL1914673,C[C@@H](Nc1ncnc2[nH]c(-c3ccc(Br)cc3)cc12)c1ccc(F)cc1,29.0,1,1
CHEMBL1914674,C[C@@H](Nc1ncnc2[nH]c(-c3ccc(C#N)cc3)cc12)c1ccc(F)cc1,14.0,1,1
CHEMBL587723,CCN1CCN(Cc2ccc(-c3cc4c(N[C@H](C)c5ccccc5)ncnc4[nH]3)cc2)CC1,2.0,1,2
CHEMBL1928309,O=C(c1cc2ccccc2[nH]1)c1cc2c(Nc3cccc(Cl)c3)ncnc2s1,158.3,1,2
CHEMBL1928311,O=C(c1cc2cc(O)ccc2[nH]1)c1cc2c(Nc3ccc(F)c(Cl)c3)ncnc2s1,62.0,1,2
CHEMBL1929312,Cc1ccc(-c2nnc(SCc3ccccc3)o2)c(O)c1,34250.0,0,1
CHEMBL1929308,CC(C)(C)c1ccc(-c2nnc(SCc3ccccc3)o2)cc1,7440.0,0,1
CHEMBL1929307,COc1ccccc1-c1nnc(SCc2ccccc2)o1,12320.0,0,1
CHEMBL1929306,CCOc1ccccc1-c1nnc(SCc2ccccc2)o1,38430.0,0,1
CHEMBL1929305,Nc1ccccc1-c1nnc(SCc2ccccc2)o1,1510.0,0,1
CHEMBL1929304,O=[N+]([O-])c1ccccc1-c1nnc(SCc2ccccc2)o1,38320.0,0,1
CHEMBL1440725,Cc1ccccc1-c1nnc(SCc2ccccc2)o1,5720.0,0,1
CHEMBL1929303,Fc1ccccc1-c1nnc(SCc2ccccc2)o1,5110.0,0,1
CHEMBL1929302,c1ccc(CSc2nnc(-c3ccccc3)o2)cc1,16630.0,0,1
CHEMBL1929314,COc1cc(OC)cc(-c2nnc(SCc3ccccc3)o2)c1,26060.0,0,1
CHEMBL103667,Cc1ccc(-n2nc(C(C)(C)C)cc2NC(=O)Nc2ccc(OCCN3CCOCC3)c3ccccc23)cc1,3800.0,0,1
CHEMBL1928944,O=[N+]([O-])c1cccc(Oc2cc(Nc3ccc(OCc4cccc(F)c4)c(Cl)c3)ncn2)c1,1204.0,0,1
CHEMBL1928945,Nc1cccc(Oc2cc(Nc3ccc(OCc4cccc(F)c4)c(Cl)c3)ncn2)c1,473.0,1,1
CHEMBL1928946,CC(=O)Nc1cccc(Oc2cc(Nc3ccc(OCc4cccc(F)c4)c(Cl)c3)ncn2)c1,108.0,1,1
CHEMBL1928947,C=CC(=O)Nc1cccc(Oc2cc(Nc3ccc(OCc4cccc(F)c4)c(Cl)c3)ncn2)c1,37.0,1,1
CHEMBL1928948,CCOC(=O)/C=C/C(=O)Nc1cccc(Oc2cc(Nc3ccc(OCc4cccc(F)c4)c(Cl)c3)ncn2)c1,129.0,1,1
CHEMBL1928949,CCOC(=O)CNc1cccc(Oc2cc(Nc3ccc(OCc4cccc(F)c4)c(Cl)c3)ncn2)c1,370.0,1,1
CHEMBL1928950,N#CCC(=O)Nc1cccc(Oc2cc(Nc3ccc(OCc4cccc(F)c4)c(Cl)c3)ncn2)c1,48.0,1,1
CHEMBL1928952,Nc1cc(Nc2cccc(Oc3cc(Nc4ccc(OCc5cccc(F)c5)c(Cl)c4)ncn3)c2)ncn1,61.0,1,1
CHEMBL1928954,O=C(/C=C/c1ccccc1)Nc1cccc(Oc2cc(Nc3ccc(OCc4cccc(F)c4)c(Cl)c3)ncn2)c1,1671.0,0,1
CHEMBL1928955,O=C(COc1ccccc1)Nc1cccc(Oc2cc(Nc3ccc(OCc4cccc(F)c4)c(Cl)c3)ncn2)c1,65.0,1,1
CHEMBL1928956,O=C(Cc1cc(F)c(F)cc1F)Nc1cccc(Oc2cc(Nc3ccc(OCc4cccc(F)c4)c(Cl)c3)ncn2)c1,627.0,1,1
CHEMBL1928957,O=C(/C=C/c1ccc(F)cc1)Nc1cccc(Oc2cc(Nc3ccc(OCc4cccc(F)c4)c(Cl)c3)ncn2)c1,821.0,1,1
CHEMBL1928958,COc1ccc(/C=C/C(=O)Nc2cccc(Oc3cc(Nc4ccc(OCc5cccc(F)c5)c(Cl)c4)ncn3)c2)cc1OC,523.0,1,1
CHEMBL1928959,O=C(COc1cc(F)c(F)c(F)c1)Nc1cccc(Oc2cc(Nc3ccc(OCc4cccc(F)c4)c(Cl)c3)ncn2)c1,721.0,1,1
CHEMBL1929554,Nc1nc(Nc2ccc(Cl)cc2F)c2cc(Cc3cccc4ccccc34)[nH]c2n1,112100.0,0,1
CHEMBL1929555,Nc1nc(Nc2ccc(Cl)cc2)c2cc(Cc3cccc4ccccc34)[nH]c2n1,12620.0,0,1
CHEMBL1929556,COc1ccc(OC)c(Cc2cc3c(Nc4ccc(Cl)cc4F)nc(N)nc3[nH]2)c1,112700.0,0,1
CHEMBL1928707,Oc1ccccc1CNc1ccc2ncnc(Nc3cccc(Br)c3)c2c1,3220.0,0,1
CHEMBL1928708,Oc1ccc(CNc2ccc3ncnc(Nc4cccc(Br)c4)c3c2)cc1,870.0,1,1
CHEMBL1928709,COc1ccccc1CNc1ccc2ncnc(Nc3cccc(Br)c3)c2c1,11220.0,0,1
CHEMBL1928711,Clc1ccc(CNc2ccc3ncnc(Nc4cccc(Br)c4)c3c2)cc1,1640.0,0,1
CHEMBL1928712,Brc1ccc(CNc2ccc3ncnc(Nc4cccc(Br)c4)c3c2)cc1,3130.0,0,1
CHEMBL1928716,Oc1ccccc1CNc1ccc2ncnc(Nc3cccc(Cl)c3)c2c1,3540.0,0,1
CHEMBL1928886,Oc1ccc(CNc2ccc3ncnc(Nc4cccc(Cl)c4)c3c2)cc1,1870.0,0,1
CHEMBL1928887,COc1ccccc1CNc1ccc2ncnc(Nc3cccc(Cl)c3)c2c1,13880.0,0,1
CHEMBL1928889,Clc1ccc(CNc2ccc3ncnc(Nc4cccc(Cl)c4)c3c2)cc1,4410.0,0,1
CHEMBL1928890,Clc1cccc(Nc2ncnc3ccc(NCc4ccc(Br)cc4)cc23)c1,5670.0,0,1
CHEMBL1928291,O=C(c1cc2ccccc2[nH]1)c1cc2c(Nc3ccc(F)c(Cl)c3)ncnc2s1,5.54,1,1
CHEMBL1928293,C#Cc1cccc(Nc2ncnc3sc(C(=O)c4cc5ccccc5[nH]4)cc23)c1,18.7,1,1
CHEMBL1928301,O=C(c1cc2ccccc2[nH]1)c1cc2c(Nc3ccc(OCc4cccc(F)c4)cc3Cl)ncnc2s1,18.5,1,1
CHEMBL1928310,O=C(c1cc2ccccc2[nH]1)c1cc2c(Nc3ccc(F)cc3)ncnc2s1,43.7,1,1
CHEMBL1928312,COc1ccc2[nH]c(C(=O)c3cc4c(Nc5ccc(F)c(Cl)c5)ncnc4s3)cc2c1,5.93,1,1
CHEMBL1928315,O=C(c1cc2ccccc2s1)c1cc2c(Nc3ccc(F)c(Cl)c3)ncnc2s1,10.8,1,1
CHEMBL1934621,Cc1ncnc(Nc2ccc(OCc3cccc(F)c3)c(Cl)c2)c1C#Cc1ccccc1,650.0,1,1
CHEMBL1934622,Cc1ncnc(Nc2ccc(OCc3cccc(F)c3)c(Cl)c2)c1C#Cc1ccc(CNCCS(C)(=O)=O)cc1,22.0,1,1
CHEMBL1934623,Cc1ncnc(Nc2ccc(OCc3cccc(F)c3)c(Cl)c2)c1C#Cc1ccc(CNC(C)C)cc1,3.0,1,1
CHEMBL1934624,Cc1ncnc(Nc2ccc(OCc3cccc(F)c3)c(Cl)c2)c1C#Cc1ccc(CN2CCCC2)cc1,9.0,1,1
CHEMBL1934625,Cc1ncnc(Nc2ccc(OCc3cccc(F)c3)c(Cl)c2)c1C#Cc1ccc(CN(C)C)cc1,7.0,1,1
CHEMBL1934626,Cc1ncnc(Nc2ccc(OCc3cccc(F)c3)c(Cl)c2)c1C#Cc1ccc(CN2CCCC2)c(F)c1,190.0,1,1
CHEMBL1934627,Cc1ncnc(Nc2ccc(OCc3cccc(F)c3)c(Cl)c2)c1C#Cc1ccc(CN2CCCC2)o1,79.0,1,1
CHEMBL1934628,Cc1ncnc(Nc2ccc(OCc3cccc(F)c3)c(Cl)c2)c1C#Cc1ccc(CN2CCCC2)s1,30.0,1,1
CHEMBL1934629,Cc1ncnc(Nc2ccc(OCc3cccc(F)c3)c(Cl)c2)c1C#Cc1ncc(CN2CCCC2)s1,74.0,1,1
CHEMBL1933083,Cc1ncnc(Nc2ccc(OCc3cccc(F)c3)c(Cl)c2)c1C#Cc1cccc(CN(C)C)c1,55.0,1,1
CHEMBL1934630,Cc1ncnc(Nc2ccc(OCc3cccc(F)c3)c(Cl)c2)c1C#CCOc1ccc(CNC(C)C)cc1,86.0,1,1
CHEMBL1934631,Cc1ncnc(Nc2ccc(OCc3cccc(F)c3)c(Cl)c2)c1/C=C/c1ccc(CNCCS(C)(=O)=O)cc1,94.0,1,1
CHEMBL1934632,Cc1ncnc(Nc2ccc(OCc3cccc(F)c3)c(Cl)c2)c1/C=C/c1ccc(CNC(C)C)cc1,24.0,1,1
CHEMBL1934633,Cc1ncnc(Nc2ccc(OCc3cccc(F)c3)c(Cl)c2)c1/C=C/c1ccc(CNC2CC2)cc1,98.0,1,1
CHEMBL242541,Nc1ccc2ncnc(Nc3ccc(F)c(Cl)c3)c2c1,29.0,1,1
CHEMBL1947122,COc1cc2ncc(C(=O)O)c(Nc3cccc(Cl)c3)c2cc1OC,9021.0,0,1
CHEMBL1947123,COc1cc2ncc(C(=O)O)c(Nc3ccc(F)c(Cl)c3)c2cc1OC,9284.0,0,1
CHEMBL1947125,CC1(C)CC(C(=O)Nc2ccc3ncnc(Nc4cccc(Cl)c4)c3c2)CC(C)(C)N1[O],65.0,1,1
CHEMBL1946926,CC1(C)CC(C(=O)Nc2ccc3ncnc(Nc4cccc(Br)c4)c3c2)CC(C)(C)N1[O],31.0,1,1
CHEMBL1947124,CC1(C)CC(C(=O)Nc2ccc3ncnc(Nc4ccc(F)c(Cl)c4)c3c2)CC(C)(C)N1[O],15.0,1,1
CHEMBL1947126,COc1cc2ncc(C(=O)NC3CC(C)(C)N([O])C(C)(C)C3)c(Nc3cccc(Cl)c3)c2cc1OC,623.0,1,1
CHEMBL1947127,COc1cc2ncc(C(=O)NC3CC(C)(C)N([O])C(C)(C)C3)c(Nc3cccc(Br)c3)c2cc1OC,342.0,1,1
CHEMBL1947121,COc1cc2ncc(C(=O)NC3CC(C)(C)N([O])C(C)(C)C3)c(Nc3ccc(F)c(Cl)c3)c2cc1OC,422.0,1,1
CHEMBL1916951,Cc1ccc(S(=O)(=O)NC(=O)c2cccnc2)cc1,24830.0,0,1
CHEMBL1916949,O=C(NS(=O)(=O)c1ccc(Cl)cc1)c1cccnc1,25360.0,0,1
CHEMBL1945444,O=C(NS(=O)(=O)c1ccccc1)c1cncc(Br)c1,20190.0,0,1
CHEMBL1945445,Cc1ccc(S(=O)(=O)NC(=O)c2cncc(Br)c2)cc1,12110.0,0,1
CHEMBL1945446,O=C(NS(=O)(=O)c1ccc(F)cc1)c1cncc(Br)c1,3270.0,0,1
CHEMBL1945447,O=C(NS(=O)(=O)c1ccc(Br)cc1)c1cncc(Br)c1,2080.0,0,1
CHEMBL1945448,O=C(NS(=O)(=O)c1ccc(Cl)cc1)c1cncc(Br)c1,90.0,1,1
CHEMBL1945450,Cc1ccc(S(=O)(=O)NC(=O)c2cccnc2Cl)cc1,27050.0,0,1
CHEMBL1945451,O=C(NS(=O)(=O)c1ccc(F)cc1)c1cccnc1Cl,28660.0,0,1
CHEMBL1945452,O=C(NS(=O)(=O)c1ccc(Br)cc1)c1cccnc1Cl,15680.0,0,1
CHEMBL1945453,O=C(NS(=O)(=O)c1ccc(Cl)cc1)c1cccnc1Cl,19830.0,0,1
CHEMBL1945644,O=C(NS(=O)(=O)c1ccc(Br)cc1)c1ccc(Cl)nc1,29070.0,0,1
CHEMBL1945645,O=C(NS(=O)(=O)c1ccc(Cl)cc1)c1ccc(Cl)nc1,18150.0,0,1
CHEMBL1945646,Cc1ccc(C(=O)NS(=O)(=O)c2ccccc2)c(Cl)n1,21560.0,0,1
CHEMBL1945647,Cc1ccc(S(=O)(=O)NC(=O)c2ccc(C)nc2Cl)cc1,15020.0,0,1
CHEMBL1945648,Cc1ccc(C(=O)NS(=O)(=O)c2ccc(Br)cc2)c(Cl)n1,2640.0,0,1
CHEMBL1945649,Cc1ccc(C(=O)NS(=O)(=O)c2ccc(Cl)cc2)c(Cl)n1,1190.0,0,1
CHEMBL1946843,CN(C)c1nc(N/N=C/c2cc(Br)c(O)c(Br)c2O)nc(Nc2ccc(F)cc2)n1,16200.0,0,2
CHEMBL1947045,COc1cccc(Nc2ccnc(Nc3cccc(OC)c3)n2)c1,21900.0,0,2
CHEMBL1947046,COc1ccccc1Nc1ccnc(Nc2ccccc2OC)n1,90400.0,0,1
CHEMBL1944921,COc1cccc2c1C(=O)c1c(O)ccc(O)c1C2=O,10950.0,0,2
CHEMBL1944923,CC(=O)Nc1ccc(S(=O)(=O)Nc2nc3ccccc3nc2Nc2ccc(C(=O)O)cc2)cc1,29650.0,0,2
CHEMBL1944928,COc1ccc2c3oc(=O)cc(O)c3c(=O)n(C)c2c1,70750.0,0,2
CHEMBL1944641,Cc1ccc(-n2c(SCC(=O)Nc3ccccc3Cl)nc3sc(C)c(C)c3c2=O)cc1,81600.0,0,1
CHEMBL1944930,O=c1c2c(-c3ccccc3)c3c(nc2nc2[nH]nc(S)n12)-c1ccccc1CC3,85600.0,0,1
CHEMBL1944931,CCOC(=O)c1ccc(NC(=O)CSc2nnc(CNc3ccc(OC)cc3)n2-c2ccccc2)cc1,92400.0,0,1
CHEMBL1946844,O=C(CSc1nc(O)nc(-c2ccc(Cl)cc2)n1)Nc1ccc(Cl)cc1,13000.0,0,1
CHEMBL1946845,CNc1nc(N/N=C\c2ccc(OC)cc2)nc(Nc2ccccc2)n1,31000.0,0,1
CHEMBL1946846,COc1nc(NCCN2CCOCC2)nc(Nc2ccc(Cl)cc2)n1,1500.0,0,1
CHEMBL1348499,COc1ccc(Nc2nc(Cl)nc(NCc3ccco3)n2)cc1,20900.0,0,1
CHEMBL1946847,CNc1nc(N/N=C/c2ccc(O)cc2)nc(Nc2ccccc2)n1,30700.0,0,1
CHEMBL1944920,Cn1cc(NC(=O)/C=N/O)c(=O)n1-c1ccccc1,8900.0,0,1
CHEMBL1944922,Cn1c2ccccc2n2c(=S)[nH]nc12,22000.0,0,1
CHEMBL1944924,Cc1c(Cc2ccccc2)sc(NCC(=O)COc2ccc3ccccc3c2)c1C(N)=O,24700.0,0,1
CHEMBL1944925,O=C(NNC(=O)c1ncc(Cc2ccsc2)s1)Nc1ccccc1,40900.0,0,1
CHEMBL1944926,O=C(Nc1cccc(Br)c1)c1c(O)c2ccccc2[nH]c1=O,56800.0,0,1
CHEMBL1944927,CCc1ccc(C(=O)NNc2ccc(Cl)cc2C)cc1,65600.0,0,1
CHEMBL1944929,C=CCn1c(N)c(C(=O)N/N=C/c2cccs2)sc1=S,66000.0,0,1
CHEMBL1950289,O[C@H]1CC[C@H](Nc2ncc3nc(Nc4c(F)cc(F)cc4F)n([C@H]4CCOC4)c3n2)CC1,380.0,1,2
CHEMBL1951415,Nc1nccc(-c2c(-c3ccc(F)cc3)ncn2C2CCCCC2)n1,150.0,1,1
CHEMBL1952210,COc1ccc(N2Cc3cnc(Nc4ccccc4)nc3N([C@@H]3CC[C@@H](O)C3)C2=O)cc1,274.5,1,2
CHEMBL1952211,COc1ccc(N2Cc3cnc(Nc4ccccc4)nc3N([C@H]3CC[C@H](O)C3)C2=O)cc1,365.0,1,1
CHEMBL1958019,O=C1CSC(N2N=C(c3ccccc3)CC2c2ccccc2)=N1,3380.0,0,1
CHEMBL1958020,O=C1CSC(N2N=C(c3ccccc3)CC2c2ccc(F)cc2)=N1,4860.0,0,1
CHEMBL1958021,O=C1CSC(N2N=C(c3ccccc3)CC2c2ccc(Cl)cc2)=N1,3490.0,0,1
CHEMBL1958022,O=C1CSC(N2N=C(c3ccccc3)CC2c2ccc(Br)cc2)=N1,1350.0,0,1
CHEMBL1958023,Cc1ccc(C2CC(c3ccccc3)=NN2C2=NC(=O)CS2)cc1,3030.0,0,1
CHEMBL1958024,COc1ccc(C2CC(c3ccccc3)=NN2C2=NC(=O)CS2)cc1,4270.0,0,1
CHEMBL1958025,O=C1CSC(N2N=C(c3ccc(F)cc3)CC2c2ccccc2)=N1,8140.0,0,1
CHEMBL1958026,O=C1CSC(N2N=C(c3ccc(F)cc3)CC2c2ccc(F)cc2)=N1,16920.0,0,1
CHEMBL1958027,O=C1CSC(N2N=C(c3ccc(F)cc3)CC2c2ccc(Cl)cc2)=N1,10920.0,0,1
CHEMBL1958028,O=C1CSC(N2N=C(c3ccc(F)cc3)CC2c2ccc(Br)cc2)=N1,4790.0,0,1
CHEMBL1958029,Cc1ccc(C2CC(c3ccc(F)cc3)=NN2C2=NC(=O)CS2)cc1,8360.0,0,1
CHEMBL1958030,COc1ccc(C2CC(c3ccc(F)cc3)=NN2C2=NC(=O)CS2)cc1,10690.0,0,1
CHEMBL1958031,O=C1CSC(N2N=C(c3ccc(Cl)cc3)CC2c2ccccc2)=N1,5340.0,0,1
CHEMBL1958032,O=C1CSC(N2N=C(c3ccc(Cl)cc3)CC2c2ccc(F)cc2)=N1,14210.0,0,1
CHEMBL1958033,O=C1CSC(N2N=C(c3ccc(Cl)cc3)CC2c2ccc(Cl)cc2)=N1,8160.0,0,1
CHEMBL1958034,O=C1CSC(N2N=C(c3ccc(Cl)cc3)CC2c2ccc(Br)cc2)=N1,2280.0,0,1
CHEMBL1958035,Cc1ccc(C2CC(c3ccc(Cl)cc3)=NN2C2=NC(=O)CS2)cc1,6670.0,0,1
CHEMBL1958036,COc1ccc(C2CC(c3ccc(Cl)cc3)=NN2C2=NC(=O)CS2)cc1,8580.0,0,1
CHEMBL1958037,O=C1CSC(N2N=C(c3ccc(Br)cc3)CC2c2ccccc2)=N1,3200.0,0,1
CHEMBL1958038,O=C1CSC(N2N=C(c3ccc(Br)cc3)CC2c2ccc(F)cc2)=N1,6480.0,0,1
CHEMBL1958039,O=C1CSC(N2N=C(c3ccc(Br)cc3)CC2c2ccc(Cl)cc2)=N1,4120.0,0,1
CHEMBL1958209,O=C1CSC(N2N=C(c3ccc(Br)cc3)CC2c2ccc(Br)cc2)=N1,2030.0,0,1
CHEMBL1958210,Cc1ccc(C2CC(c3ccc(Br)cc3)=NN2C2=NC(=O)CS2)cc1,5580.0,0,1
CHEMBL1958211,COc1ccc(C2CC(c3ccc(Br)cc3)=NN2C2=NC(=O)CS2)cc1,7960.0,0,1
CHEMBL1958212,Cc1ccc(C2=NN(C3=NC(=O)CS3)C(c3ccccc3)C2)cc1,1080.0,0,1
CHEMBL1958213,Cc1ccc(C2=NN(C3=NC(=O)CS3)C(c3ccc(F)cc3)C2)cc1,2010.0,0,1
CHEMBL1958214,Cc1ccc(C2=NN(C3=NC(=O)CS3)C(c3ccc(Cl)cc3)C2)cc1,1660.0,0,1
CHEMBL1958215,Cc1ccc(C2=NN(C3=NC(=O)CS3)C(c3ccc(Br)cc3)C2)cc1,240.0,1,1
CHEMBL1958216,Cc1ccc(C2=NN(C3=NC(=O)CS3)C(c3ccc(C)cc3)C2)cc1,1160.0,0,1
CHEMBL1958217,COc1ccc(C2CC(c3ccc(C)cc3)=NN2C2=NC(=O)CS2)cc1,4240.0,0,1
CHEMBL1958218,COc1ccc(C2=NN(C3=NC(=O)CS3)C(c3ccccc3)C2)cc1,2370.0,0,1
CHEMBL1958219,COc1ccc(C2=NN(C3=NC(=O)CS3)C(c3ccc(F)cc3)C2)cc1,5950.0,0,1
CHEMBL1958220,COc1ccc(C2=NN(C3=NC(=O)CS3)C(c3ccc(Cl)cc3)C2)cc1,5350.0,0,1
CHEMBL1958221,COc1ccc(C2=NN(C3=NC(=O)CS3)C(c3ccc(Br)cc3)C2)cc1,1260.0,0,1
CHEMBL1958222,COc1ccc(C2=NN(C3=NC(=O)CS3)C(c3ccc(C)cc3)C2)cc1,5460.0,0,1
CHEMBL1958223,COc1ccc(C2=NN(C3=NC(=O)CS3)C(c3ccc(OC)cc3)C2)cc1,8890.0,0,1
CHEMBL1956886,Nc1nc(Nc2cccc(Br)c2)c2cc(Cc3ccc(Cl)c(Cl)c3)[nH]c2n1,19770.0,0,1
CHEMBL1956885,Nc1nc(Nc2cccc(Br)c2)c2cc(Cc3ccc(Cl)cc3)[nH]c2n1,17420.0,0,1
CHEMBL1956887,Nc1nc(Nc2cccc(Br)c2)c2cc(Cc3ccc(-c4ccccc4)cc3)[nH]c2n1,6160.0,0,1
CHEMBL1956888,Nc1nc(Nc2cccc(Br)c2)c2ccn(Cc3ccccc3)c2n1,166400.0,0,1
CHEMBL1956889,Cc1ccccc1Cn1ccc2c(Nc3cccc(Br)c3)nc(N)nc21,113300.0,0,1
CHEMBL1956891,Nc1nc(Nc2cccc(Br)c2)c2ccn(Cc3ccc(Cl)cc3)c2n1,99900.0,0,1
CHEMBL1956892,COc1ccc(OC)c(Cn2ccc3c(Nc4cccc(Br)c4)nc(N)nc32)c1,69200.0,0,1
CHEMBL6246,O=c1oc2c(O)c(O)cc3c(=O)oc4c(O)c(O)cc1c4c23,690.0,1,1
CHEMBL2011291,Nc1c(-c2ccc(F)cc2)c(-c2ccncc2)nn1-c1c(Cl)cc(Cl)cc1Cl,160.0,1,20
CHEMBL2018748,CCCOC(=O)Nc1ccc(Nc2ncnc3cc(OC)c(OC)cc23)cc1,7050.0,0,1
CHEMBL2018749,CCCCOC(=O)Nc1ccc(Nc2ncnc3cc(OC)c(OC)cc23)cc1,800.0,1,1
CHEMBL2018750,COc1cc2ncnc(Nc3ccc(NC(=O)OC(C)C)cc3)c2cc1OC,4800.0,0,1
CHEMBL2018751,COC(=O)Nc1ccc(Nc2ncnc3cc(OC)c(OC)cc23)cc1Cl,6150.0,0,1
CHEMBL2018752,CCOC(=O)Nc1ccc(Nc2ncnc3cc(OC)c(OC)cc23)cc1Cl,1000.0,1,1
CHEMBL2018753,CCCOC(=O)Nc1ccc(Nc2ncnc3cc(OC)c(OC)cc23)cc1Cl,1000.0,1,1
CHEMBL2018754,CCCCOC(=O)Nc1ccc(Nc2ncnc3cc(OC)c(OC)cc23)cc1Cl,6400.0,0,1
CHEMBL2018755,COC(=O)Nc1ccc(Nc2ncnc3cc(OC)c(OC)cc23)cc1C,4000.0,0,1
CHEMBL2018756,CCOC(=O)Nc1ccc(Nc2ncnc3cc(OC)c(OC)cc23)cc1C,900.0,1,2
CHEMBL2018757,CCCOC(=O)Nc1ccc(Nc2ncnc3cc(OC)c(OC)cc23)cc1C,900.0,1,1
CHEMBL2018758,CCCCOC(=O)Nc1ccc(Nc2ncnc3cc(OC)c(OC)cc23)cc1C,7600.0,0,1
CHEMBL2018759,COc1cc2ncnc(Nc3ccc(NC(=O)OC(C)C)c(C)c3)c2cc1OC,5800.0,0,1
CHEMBL2018760,CCOC(=O)Nc1cc(Nc2ncnc3cc(OC)c(OC)cc23)ccc1Cl,900.0,1,1
CHEMBL2018761,COC(=O)Nc1cc(Nc2ncnc3cc(OC)c(OC)cc23)ccc1C,7200.0,0,1
CHEMBL2018762,CCOC(=O)Nc1cc(Nc2ncnc3cc(OC)c(OC)cc23)ccc1C,5000.0,0,1
CHEMBL2018765,CCN(CC)CCOc1cc2ncnc(Nc3ccc(F)c(Cl)c3)c2cc1OC,9900.0,0,1
CHEMBL2018767,CCN(CC)CCOc1cc2ncnc(Nc3ccc(C)c(Br)c3)c2cc1OC,9450.0,0,1
CHEMBL2018773,CCN(CC)CCOc1cc2c(Nc3ccc(Br)cc3F)ncnc2cc1OC,9100.0,0,1
CHEMBL2018777,CCCCOc1cc2c(Nc3ccc(NC(=O)OCC)c(Cl)c3)ncnc2cc1OCCN(CC)CC,9150.0,0,1
CHEMBL1229592,C=CC(=O)Nc1cccc(Oc2nc(Nc3ccc(N4CCN(C)CC4)cc3OC)ncc2Cl)c1,5.0,1,61
CHEMBL2032376,C=CC(=O)Nc1cccc(N2C(=O)N(C)Cc3cnc(Nc4ccc(N5CCN(C)CC5)cc4OC)nc32)c1,1.21,1,5
CHEMBL2032377,C=CC(=O)Nc1cccc(N2C(=O)N(C)Cc3cnc(Nc4ccc(N(C)C)cc4OC)nc32)c1,6.22,1,5
CHEMBL2032378,C=CC(=O)Nc1cccc(N2C(=O)N(C)Cc3cnc(Nc4ccc(N5CCCCC5)cc4OC)nc32)c1,29.5,1,5
CHEMBL2032379,C=CC(=O)Nc1cccc(N2C(=O)N(C)Cc3cnc(Nc4ccc(N5CCOCC5)cc4OC)nc32)c1,16.4,1,5
CHEMBL2032380,C=CC(=O)Nc1cccc(N2C(=O)N(C)Cc3cnc(Nc4ccc(N5CCCN(C)CC5)cc4OC)nc32)c1,2.75,1,5
CHEMBL2029425,C=CC(=O)Nc1cccc(N2C(=O)N(C)Cc3cnc(Nc4ccc(N5CCC(N(C)C)CC5)cc4OC)nc32)c1,3.52,1,5
CHEMBL2029426,C=CC(=O)Nc1cccc(N2C(=O)N(C)Cc3cnc(Nc4ccccc4)nc32)c1,12.1,1,5
CHEMBL2029427,C=CC(=O)Nc1cccc(N2C(=O)N(C)Cc3cnc(NC)nc32)c1,883.05,1,2
CHEMBL2029428,C=CC(=O)Nc1cccc(N2C(=O)N(C)Cc3cnc(Nc4ccc(N5CCN(C)CC5)cc4)nc32)c1,0.56,1,5
CHEMBL2029429,C=CC(=O)Nc1cccc(N2C(=O)N(C)Cc3cnc(Nc4ccc(N5CCN(C)CC5)c(OC)c4)nc32)c1,1.67,1,5
CHEMBL2029430,C=CC(=O)Nc1cccc(N2C(=O)N(C)Cc3cnc(Nc4ccc(N5CCN(C)CC5)cc4OCC)nc32)c1,4.41,1,5
CHEMBL2029431,C=CC(=O)Nc1cccc(N2C(=O)N(C)Cc3cnc(Nc4ccc(N5CCN(C)CC5)cc4OC(C)C)nc32)c1,13.7,1,5
CHEMBL2029432,C=CC(=O)Nc1cccc(N2C(=O)N(C)Cc3cnc(Nc4ccc(N5CCN(C)CC5)cc4C)nc32)c1,1.95,1,5
CHEMBL2029434,C=CC(=O)Nc1cccc(N2C(=O)N(C(C)C)Cc3cnc(Nc4ccc(N5CCN(C)CC5)cc4OC)nc32)c1,0.46,1,5
CHEMBL2029435,C=CC(=O)Nc1cccc(N2C(=O)N(C3CC3)Cc3cnc(Nc4ccc(N5CCN(C)CC5)cc4OC)nc32)c1,0.73,1,5
CHEMBL2029436,C=CC(=O)Nc1cccc(N2C(=O)N(c3ccccc3)Cc3cnc(Nc4ccc(N5CCN(C)CC5)cc4OC)nc32)c1,0.51,1,5
CHEMBL2029437,C=CC(=O)Nc1cccc(N2C(=O)N(c3ccc4ccccc4c3)Cc3cnc(Nc4ccc(N5CCN(C)CC5)cc4OC)nc32)c1,1.34,1,5
CHEMBL2029438,C=CC(=O)Nc1cccc(N2C(=O)N(Cc3ccccc3)Cc3cnc(Nc4ccc(N5CCN(C)CC5)cc4OC)nc32)c1,0.685,1,6
CHEMBL2029439,C=CC(=O)Nc1cccc(N2C(=O)N(c3ccc(-c4ccccc4)cc3)Cc3cnc(Nc4ccc(N5CCN(C)CC5)cc4OC)nc32)c1,3.43,1,5
CHEMBL2029440,C=CC(=O)Nc1cccc(N2C(=O)N(c3ccc(Oc4ccccc4)cc3)Cc3cnc(Nc4ccc(N5CCN(C)CC5)cc4OC)nc32)c1,2.03,1,5
CHEMBL2029441,C=CC(=O)Nc1cccc(N2C(=O)N(c3ccc(OCc4ccccc4)cc3)Cc3cnc(Nc4ccc(N5CCN(C)CC5)cc4OC)nc32)c1,2.43,1,5
CHEMBL2029442,COc1cc(N2CCN(C)CC2)ccc1Nc1ncc2c(n1)N(c1cccc(N)c1)C(=O)N(C)C2,478.0,1,1
CHEMBL2031297,CN(C)CCC(=O)Nc1ccc2ncnc(Nc3cccc(Br)c3)c2c1,23.395000000000003,1,4
CHEMBL2031298,O=C(CCN1CCCCC1)Nc1ccc2ncnc(Nc3cccc(Br)c3)c2c1,0.27,1,1
CHEMBL2031299,O=C(CCN1CCOCC1)Nc1ccc2ncnc(Nc3cccc(Br)c3)c2c1,0.51,1,1
CHEMBL2031300,CN1CCN(CCC(=O)Nc2ccc3ncnc(Nc4cccc(Br)c4)c3c2)CC1,0.23,1,1
CHEMBL2031301,CN(C)CCC(=O)N(C)c1ccc2ncnc(Nc3cccc(Br)c3)c2c1,17.4,1,1
CHEMBL2031302,C=CC(=O)Nc1cc2c(Nc3ccc(F)c(Cl)c3)ncnc2cc1OCC,0.18,1,1
CHEMBL2031303,CCOc1cc2ncnc(Nc3ccc(F)c(Cl)c3)c2cc1NC(=O)CCN(C)C,0.27,1,1
CHEMBL2031304,CCOc1cc2ncnc(Nc3ccc(F)c(Cl)c3)c2cc1NC(=O)CCN1CCCCC1,0.51,1,1
CHEMBL2031305,CCOc1cc2ncnc(Nc3ccc(F)c(Cl)c3)c2cc1NC(=O)CCN1CCOCC1,0.29,1,1
CHEMBL2031306,C=CC(=O)Nc1cc2c(Nc3ccc(F)c(Cl)c3)c(C#N)cnc2cc1OCC,1.46,1,1
CHEMBL2031307,CCOc1cc2ncc(C#N)c(Nc3ccc(F)c(Cl)c3)c2cc1NC(=O)CCN(C)C,0.68,1,1
CHEMBL2031308,CCOc1cc2ncc(C#N)c(Nc3ccc(F)c(Cl)c3)c2cc1NC(=O)CCN1CCCCC1,2.21,1,1
CHEMBL2031309,CCOc1cc2ncc(C#N)c(Nc3ccc(F)c(Cl)c3)c2cc1NC(=O)CCN1CCOCC1,2.02,1,1
CHEMBL2031310,C=CC(=O)Nc1cc2c(Nc3ccc(OCc4ccccn4)c(Cl)c3)c(C#N)cnc2cc1OCC,50.7,1,1
CHEMBL2031311,CCOc1cc2ncc(C#N)c(Nc3ccc(OCc4ccccn4)c(Cl)c3)c2cc1NC(=O)CCN(C)C,12.5,1,1
CHEMBL2031312,CCOc1cc2ncc(C#N)c(Nc3ccc(OCc4ccccn4)c(Cl)c3)c2cc1NC(=O)CCN1CCCCC1,87.4,1,2
CHEMBL2031313,CCOc1cc2ncc(C#N)c(Nc3ccc(OCc4ccccn4)c(Cl)c3)c2cc1NC(=O)CCN1CCOCC1,37.5,1,1
CHEMBL2029689,O=S(=O)(c1ccc(/N=C/c2cc(Br)ccc2O)cc1)N1CCCCC1,9700.0,0,1
CHEMBL2029690,Cc1ccc(N2NC(=O)/C(=C\c3ccc(-c4cc([N+](=O)[O-])ccc4O)o3)C2=O)cc1C,74300.0,0,1
CHEMBL2029691,O=C(Cc1ccc(F)cc1)Nc1cc(SC[C@@H](O)CO)cc([N+](=O)[O-])c1,48600.0,0,1
CHEMBL2029692,O=C(Cn1c(-c2ccccc2)cc(=O)n2ncnc12)NNC(=S)Nc1ccccc1,6800.0,0,1
CHEMBL2029693,Cc1cccc(N2NC(=O)/C(=C/c3ccc(-c4ccccc4F)o3)C2=O)c1,23100.0,0,1
CHEMBL2029694,CCOc1ccc(-c2cc(C(F)(F)F)c(C#N)c(SCC(=O)NCC(=O)O)n2)cc1,8400.0,0,1
CHEMBL2029695,Cn1c(NCc2cccc(C(F)(F)F)c2)cc(=O)n(C)c1=O,83900.0,0,1
CHEMBL2029696,O=C1NN(c2ccc(F)cc2)C(=O)/C1=C\c1cccc(OCc2ccccc2F)c1,5600.0,0,1
CHEMBL2029697,Cc1nn(C)cc1C(=O)Nc1ccn(Cc2c(F)cccc2Cl)n1,72400.0,0,1
CHEMBL1504817,O=C1NN(c2ccc(F)c(Cl)c2)C(=O)/C1=C\c1cccc(OC(=O)c2cccs2)c1,3500.0,0,1
CHEMBL2029698,C=C(N/N=C/c1cn[nH]c1-c1ccccc1)[C@H](C)Cc1ccccc1,26600.0,0,1
CHEMBL2029699,Cc1ccc(N2NC(=O)/C(=C/c3ccc(OCc4ccccc4)cc3)C2=O)cc1Cl,8600.0,0,1
CHEMBL2029700,Nc1nn2c(=O)cc(-c3ccccc3)[nH]c2c1/N=N/c1ccc2c(c1)OCO2,5300.0,0,1
CHEMBL2035810,C=CC(=O)NCc1coc(-c2c(N)ncnc2Nc2ccc(OCc3ccccn3)c(Cl)c2)n1,3.25,1,2
CHEMBL2047015,O=C(CCCCCC(=O)Nc1ccc(O)c(C(=O)Nc2ccccc2)c1)NO,2340.0,0,1
CHEMBL2047016,O=C(CCCCCC(=O)Nc1ccc(O)c(C(=O)Nc2cccc(F)c2)c1)NO,1410.0,0,1
CHEMBL2047017,O=C(CCCCCC(=O)Nc1ccc(O)c(C(=O)Nc2ccc(F)c(F)c2)c1)NO,2220.0,0,1
CHEMBL2047018,O=C(CCCCCC(=O)Nc1ccc(O)c(C(=O)Nc2ccc(F)c(Cl)c2)c1)NO,3530.0,0,1
CHEMBL2047019,O=C(CCCCCC(=O)Nc1ccc(O)c(C(=O)Nc2cccc(C(F)(F)F)c2)c1)NO,4200.0,0,1
CHEMBL2047020,C#Cc1cccc(NC(=O)c2cc(NC(=O)CCCCCC(=O)NO)ccc2O)c1,3310.0,0,1
CHEMBL2047021,O=C(CCCCCC(=O)Nc1ccc(O)c(C(=O)Nc2ccc(Cl)c(Cl)c2)c1)NO,1800.0,0,1
CHEMBL2047022,O=C(CCCCCC(=O)Nc1ccc(O)c(C(=O)Nc2ccc(Cl)c(C(F)(F)F)c2)c1)NO,1410.0,0,1
CHEMBL2047023,O=C(CCCCCC(=O)Nc1ccc(O)c(C(=O)Nc2ccc(OCc3cccc(F)c3)c(Cl)c2)c1)NO,1100.0,0,1
CHEMBL2047024,C#Cc1cccc(NC(=O)c2cc(NC(=O)CCCCCCC(=O)NO)ccc2O)c1,2250.0,0,1
CHEMBL2047025,COc1cc(O)c(C(=O)Nc2ccc(F)c(Cl)c2)cc1NC(=O)CCCCCC(=O)NO,1560.0,0,1
CHEMBL2047026,C#Cc1cccc(NC(=O)c2cc(NC(=O)CCCCCC(=O)NO)c(OC)cc2O)c1,1120.0,0,1
CHEMBL2047027,C#Cc1cccc(NC(=O)c2cccc(NC(=O)CCCCCC(=O)NO)c2)c1,6170.0,0,1
CHEMBL2047028,C#Cc1cccc(NC(=O)c2cc(NC(=O)CCCCCC(=O)NO)ccc2OC)c1,5160.0,0,1
CHEMBL2047029,C#Cc1cccc(NC(=O)c2cc(OCCCCCCC(=O)NO)ccc2O)c1,900.0,1,1
CHEMBL2047253,Nc1nc2c(c(Nc3ccc(Cl)cc3F)n1)-c1ccccc1C2,11700.0,0,2
CHEMBL2047248,Nc1nc2c(c(Nc3cccc(Br)c3)n1)-c1ccccc1C2,24100.0,0,2
CHEMBL2047247,Nc1nc2c(c(Nc3ccc(Cl)cc3)n1)-c1ccccc1C2,26000.0,0,2
CHEMBL2047242,Nc1nc2c(c(Nc3cccc(Cl)c3)n1)-c1ccccc1C2,19600.0,0,2
CHEMBL2047241,Nc1nc2c(c(Nc3ccc(F)cc3)n1)-c1ccccc1C2,276100.0,0,1
CHEMBL2047245,CC(C)c1ccc(Nc2nc(N)nc3c2-c2ccccc2C3)cc1,42600.0,0,2
CHEMBL2048912,CC(C)(N)C(=O)NCCn1ccc2ncnc(Nc3ccc(Oc4cccc5sncc45)c(Cl)c3)c21,2.6,1,1
CHEMBL2048911,Cl.O=C(NCCn1ccc2ncnc(Nc3ccc(Oc4cccc5sncc45)c(Cl)c3)c21)[C@@H]1CCCN1,3.0,1,1
CHEMBL2048910,CC(C)(C)C(=O)NCCn1ccc2ncnc(Nc3ccc(Oc4cccc5sncc45)c(Cl)c3)c21.CS(=O)(=O)O,21.0,1,1
CHEMBL2048909,CC(C)(C(=O)NCCn1ccc2ncnc(Nc3ccc(Oc4cccc5sncc45)c(Cl)c3)c21)S(C)(=O)=O,5.5,1,1
CHEMBL2048908,CC(C)(CO)C(=O)NCCn1ccc2ncnc(Nc3ccc(Oc4cccc5sncc45)c(Cl)c3)c21,7.0,1,1
CHEMBL2048907,CC(C)(O)C(=O)NCCn1ccc2ncnc(Nc3ccc(Oc4cccc5sncc45)c(Cl)c3)c21.CS(=O)(=O)O,7.0,1,1
CHEMBL2048906,CC(=O)NCCn1ccc2ncnc(Nc3ccc(Oc4cccc5sncc45)c(Cl)c3)c21,2.9,1,1
CHEMBL2048905,OCCn1ccc2ncnc(Nc3ccc(Oc4cccc5sncc45)c(Cl)c3)c21,4.1,1,1
CHEMBL2048904,Cn1ncc2c(Oc3ccc(Nc4ncnc5ccn(CCO)c45)cc3Cl)cccc21,36.0,1,1
CHEMBL2048903,OCCn1ccc2ncnc(Nc3ccc(Oc4cccc5[nH]ncc45)c(Cl)c3)c21,1.9,1,1
CHEMBL2048798,OCCn1ccc2ncnc(Nc3ccc(Oc4cccc5sccc45)c(Cl)c3)c21,8.8,1,1
CHEMBL2048797,OCCn1ccc2ncnc(Nc3ccc(Oc4cccc5[nH]ccc45)c(Cl)c3)c21,3.1,1,1
CHEMBL2048796,O=C1Cc2c(cccc2Oc2ccc(Nc3ncnc4ccn(CCO)c34)cc2Cl)N1,3.0,1,1
CHEMBL2048795,O=C1Cc2cccc(Oc3ccc(Nc4ncnc5ccn(CCO)c45)cc3Cl)c2N1,2.8,1,1
CHEMBL2048794,O=C1NCc2cccc(Oc3ccc(Nc4ncnc5ccn(CCO)c45)cc3Cl)c21,21.0,1,1
CHEMBL2048793,O=C1NCc2c(Oc3ccc(Nc4ncnc5ccn(CCO)c45)cc3Cl)cccc21,890.0,1,1
CHEMBL2048792,O=C1Cc2ccc(Oc3ccc(Nc4ncnc5ccn(CCO)c45)cc3Cl)cc2N1,2300.0,0,1
CHEMBL2048791,O=C1Cc2cc(Oc3ccc(Nc4ncnc5ccn(CCO)c45)cc3Cl)ccc2N1,960.0,1,1
CHEMBL2048790,O=C1NCc2cc(Oc3ccc(Nc4ncnc5ccn(CCO)c45)cc3Cl)ccc21,510.0,1,1
CHEMBL2048789,O=C1NCc2ccc(Oc3ccc(Nc4ncnc5ccn(CCO)c45)cc3Cl)cc21,7.8,1,1
CHEMBL2048788,CC(C)(C)NC(=O)c1cccc(Oc2ccc(Nc3ncnc4ccn(CCO)c34)cc2Cl)c1,33.0,1,1
CHEMBL1923007,OCCn1ccc2ncnc(Nc3ccc(Oc4cccc(C(F)(F)F)c4)c(Cl)c3)c21,34.0,1,1
CHEMBL2064372,O=c1oc2cc3ncnc(Nc4ccc(F)c(Cl)c4)c3cc2n1CCCN1CCOCC1,78.0,1,1
CHEMBL2064373,C#Cc1cccc(Nc2ncnc3cc4oc(=O)n(CCCN5CCOCC5)c4cc23)c1,380.0,1,1
CHEMBL2064374,CCOC(=O)c1ccc(Nc2ncnc3cc4oc(=O)n(CCCN5CCOCC5)c4cc23)cc1,5800.0,0,1
CHEMBL2064376,COc1ccc(Nc2ncnc3cc4oc(=O)n(CCCN5CCOCC5)c4cc23)cc1,380.0,1,1
CHEMBL2064379,Cc1cc(C)cc(Nc2ncnc3cc4oc(=O)n(CCCN5CCOCC5)c4cc23)c1,75000.0,0,1
CHEMBL2064380,CCOC(=O)c1ccc(O)c(Nc2ncnc3cc4oc(=O)n(CCCN5CCOCC5)c4cc23)c1,230.0,1,1
CHEMBL2064382,CCOc1ccc(Nc2ncnc3cc4oc(=O)n(CCCN5CCOCC5)c4cc23)cc1,1400.0,0,1
CHEMBL2064383,Cc1ccc(Nc2ncnc3cc4oc(=O)n(CCCN5CCOCC5)c4cc23)cc1,67.0,1,1
CHEMBL2064384,O=c1oc2cc3ncnc(Nc4ccc(OCc5ccc(Cl)cc5)cc4)c3cc2n1CCCN1CCOCC1,990.0,1,1
CHEMBL2064386,O=c1oc2cc3ncnc(Nc4ccc(OCc5ccccc5)cc4)c3cc2n1CCCN1CCOCC1,140.0,1,1
CHEMBL2064388,O=c1oc2cc3ncnc(Nc4ccccc4O)c3cc2n1CCCN1CCOCC1,30000.0,0,1
CHEMBL2064389,O=c1oc2cc3ncnc(Nc4ccc(F)c(F)c4)c3cc2n1CCCN1CCOCC1,570.0,1,1
CHEMBL2064390,CC(C)Oc1cccc(Nc2ncnc3cc4oc(=O)n(CCCN5CCOCC5)c4cc23)c1,3000.0,0,1
CHEMBL2064391,CC(=O)c1cccc(Nc2ncnc3cc4oc(=O)n(CCCN5CCOCC5)c4cc23)c1,6800.0,0,1
CHEMBL2064392,Cc1c(OCC(F)(F)F)ccnc1COc1ccc(Nc2ncnc3cc4oc(=O)n(CCCN5CCOCC5)c4cc23)cc1,7800.0,0,1
CHEMBL2064393,Cc1c(OCC(F)(F)F)ccnc1COc1cccc(Nc2ncnc3cc4oc(=O)n(CCCN5CCOCC5)c4cc23)c1,99.0,1,1
CHEMBL2064394,O=c1oc2cc3ncnc(Nc4ccc(OCc5ccccn5)cc4)c3cc2n1CCCN1CCOCC1,1700.0,0,1
CHEMBL2064395,O=c1oc2cc3ncnc(Nc4ccc(OCc5ccc(Cl)cc5)c(Cl)c4)c3cc2n1CCCN1CCOCC1,61.0,1,1
CHEMBL2064396,CC(C)(C)c1ccc(Nc2ncnc3cc4oc(=O)n(CCCN5CCOCC5)c4cc23)cc1,79000.0,0,1
CHEMBL2064397,CN(c1ccccc1)c1ncnc2cc3oc(=O)n(CCCN4CCOCC4)c3cc12,7200.0,0,1
CHEMBL2064398,C[C@@H](Nc1ncnc2cc3oc(=O)n(CCCN4CCOCC4)c3cc12)c1ccccc1,4500.0,0,1
CHEMBL2064399,C[C@H](Nc1ncnc2cc3oc(=O)n(CCCN4CCOCC4)c3cc12)c1ccccc1,3700.0,0,1
CHEMBL2064400,O=c1oc2cc3ncnc(NCc4ccccc4)c3cc2n1CCCN1CCOCC1,65000.0,0,1
CHEMBL2064403,O=c1oc2cc3ncnc(Nc4ccc5[nH]ncc5c4)c3cc2n1CCCN1CCOCC1,120.0,1,1
CHEMBL1990583,Nc1ncnn2ccc(C(=O)Nc3ccc(NC(=O)Nc4cccc(F)c4)cc3)c12,2090.0,0,1
CHEMBL2070190,O=C(Nc1ccc2ncnc(Nc3cccc(Br)c3)c2c1)c1cccc2c1OCCO2,1630.0,0,1
CHEMBL2070194,O=C(Nc1ccc2ncnc(Nc3cccc(Cl)c3)c2c1)c1cccc2c1OCCO2,1290.0,0,1
CHEMBL2070195,O=C(Nc1ccc2ncnc(Nc3cccc(Br)c3)c2c1)C1COc2ccccc2O1,3680.0,0,1
CHEMBL2070196,O=C(Nc1ccc2ncnc(Nc3cccc(Cl)c3)c2c1)C1COc2ccccc2O1,2750.0,0,1
CHEMBL2070197,Brc1cccc(Nc2ncnc3ccc(NCc4ccc5c(c4)OCO5)cc23)c1,630.0,1,1
CHEMBL2070191,Clc1cccc(Nc2ncnc3ccc(NCc4ccc5c(c4)OCO5)cc23)c1,570.0,1,1
CHEMBL2070192,Brc1cccc(Nc2ncnc3ccc(NCc4ccc5c(c4)OCCO5)cc23)c1,1020.0,0,1
CHEMBL2070193,Clc1cccc(Nc2ncnc3ccc(NCc4ccc5c(c4)OCCO5)cc23)c1,790.0,1,1
CHEMBL2070198,Brc1cccc(Nc2ncnc3ccc(NCc4ccc5c(c4)OCCCO5)cc23)c1,98.0,1,1
CHEMBL2070199,Clc1cccc(Nc2ncnc3ccc(NCc4ccc5c(c4)OCCCO5)cc23)c1,216.0,1,1
CHEMBL2070200,Brc1cccc(Nc2ncnc3ccc(NCc4ccc5c(c4)OCCCCO5)cc23)c1,1140.0,0,1
CHEMBL2070201,Clc1cccc(Nc2ncnc3ccc(NCc4ccc5c(c4)OCCCCO5)cc23)c1,920.0,1,1
CHEMBL2070045,COc1ccc2cc(-c3nn(C(C)C)c4ncnc(N)c34)ccc2c1.Cl,510.0,1,1
CHEMBL2070048,CCOc1ccc2cc(-c3nn(C(C)C)c4ncnc(N)c34)ccc2c1.Cl,700.0,1,1
CHEMBL2086760,CCN1CCC(Nc2ccc3c(c2)C(=C(c2ccc(Cl)cc2)c2ncc[nH]2)C(=O)N3)CC1,137.0,1,1
CHEMBL1198361,Brc1cccc(Nc2ncnc3cc4c(cc23)OCCCO4)c1,85.0,1,1
CHEMBL2087352,Brc1cccc(Nc2ncnc3cc4c(cc23)Oc2ccccc2O4)c1,120.0,1,1
CHEMBL2087353,Brc1cccc(Nc2ncnc3cc4c(cc23)OCCOCCO4)c1,55.0,1,1
CHEMBL2087354,Cc1ccc(S(=O)(=O)N2CCOc3cc4ncnc(Nc5cccc(Br)c5)c4cc3OCC2)cc1,150.0,1,1
CHEMBL2087355,Brc1cccc(Nc2ncnc3cc4c(cc23)OCCOCCOCCO4)c1,27.5,1,2
CHEMBL2087356,Brc1cccc(Nc2ncnc3cc4c(cc23)OCCOCOCOCCO4)c1,27.5,1,2
CHEMBL2087357,Brc1cccc(Nc2ncnc3cc4c(cc23)OCCSCCO4)c1,7.0,1,1
CHEMBL2087358,Clc1cccc(Nc2ncnc3cc4c(cc23)OCCOCCOCCO4)c1,28.5,1,2
CHEMBL2087359,Brc1cccc(Nc2ncnc3cc4c(cc23)OCCCSCCCO4)c1,8.0,1,1
CHEMBL2087360,Fc1ccc(Nc2ncnc3cc4c(cc23)OCCOCCOCCO4)cc1Cl,23.5,1,2
CHEMBL2087361,C#Cc1cccc(Nc2ncnc3cc4c(cc23)OCCOCCOCCO4)c1,2.02,1,7
CHEMBL2148044,CS(=O)(=O)CC(=O)NCCn1ccc2ncnc(Nc3ccc(Oc4cccc(C(F)(F)F)c4)c(Cl)c3)c21,15.0,1,1
CHEMBL2148045,CCS(=O)(=O)CC(=O)NCCn1ccc2ncnc(Nc3ccc(Oc4cccc(C(F)(F)F)c4)c(Cl)c3)c21,31.0,1,1
CHEMBL2148046,CC(C)S(=O)(=O)CC(=O)NCCn1ccc2ncnc(Nc3ccc(Oc4cccc(C(F)(F)F)c4)c(Cl)c3)c21,53.0,1,1
CHEMBL2148047,CC(C)(C)S(=O)(=O)CC(=O)NCCn1ccc2ncnc(Nc3ccc(Oc4cccc(C(F)(F)F)c4)c(Cl)c3)c21,56.0,1,1
CHEMBL2148048,CC(C(=O)NCCn1ccc2ncnc(Nc3ccc(Oc4cccc(C(F)(F)F)c4)c(Cl)c3)c21)S(C)(=O)=O,18.0,1,1
CHEMBL2148049,CC(C)(C(=O)NCCn1ccc2ncnc(Nc3ccc(Oc4cccc(C(F)(F)F)c4)c(Cl)c3)c21)S(C)(=O)=O,47.0,1,1
CHEMBL2148050,CS(=O)(=O)CC(=O)NCCn1ccc2ncnc(Nc3ccc(Oc4cccc(Cl)c4)c(Cl)c3)c21,6.7,1,1
CHEMBL2148051,CC(C(=O)NCCn1ccc2ncnc(Nc3ccc(Oc4cccc(Cl)c4)c(Cl)c3)c21)S(C)(=O)=O,9.8,1,1
CHEMBL2148052,CC(C)(C(=O)NCCn1ccc2ncnc(Nc3ccc(Oc4cccc(Cl)c4)c(Cl)c3)c21)S(C)(=O)=O,11.0,1,1
CHEMBL2148053,CC(C)(C(=O)NCCn1ccc2ncnc(Nc3ccc(Oc4cccc(Cl)c4)c(Cl)c3)c21)S(C)(=O)=O.Cc1ccc(S(=O)(=O)O)cc1,11.0,1,1
CHEMBL2152704,Cc1ccc(O)cc1-n1c(=O)c2c(c3c(N)ncnc31)CCCC2,1620.0,0,1
CHEMBL2152252,CNC(=O)c1nc(-c2ccc(Cl)c(S(=O)(=O)Nc3cccc(F)c3F)c2)cnc1N,739.0,1,1
CHEMBL2152253,CNC(=O)c1nc(-c2ccc(Cl)c(S(=O)(=O)Nc3cccc(F)c3C)c2)cnc1N,410.0,1,1
CHEMBL2159053,COc1ccc(C2=NN(C(=O)c3ccc(Cl)cc3O)C(c3ccc(Cl)cc3)C2)cc1,10490.0,0,1
CHEMBL2178352,CN1CCN(c2ccc(Nc3ncc4nc(Nc5ccccc5)n(C5CCCC5)c4n3)cc2)CC1,4.0,1,7
CHEMBL2178368,CN1CCN(c2ccc(Nc3ncc4nc(Nc5ccccc5)[nH]c4n3)cc2)CC1,98.0,1,5
CHEMBL2205030,O=S1(=O)N=S(c2ccc(Br)cc2)c2ccncc21,5400.0,0,1
CHEMBL605161,O=[N+]([O-])c1ccc2c(c1)S(=O)(=O)N=S2c1ccc(Br)cc1,22000.0,0,1
CHEMBL1917092,COC(=O)c1ccc2c(c1)S(=O)(=O)N=S2c1ccc(Br)cc1,1000.0,1,1
CHEMBL2105719,COc1cc2ncnc(Nc3ccc(F)c(Cl)c3)c2cc1NC(=O)/C=C/CN1CCCCC1.O,6.0,1,1
CHEMBL2262408,CC(C)NCC#CC(=O)Nc1ccc2ncc(C#N)c(Nc3cccc(Br)c3)c2c1,250034.54,0,1
CHEMBL2262407,CCCNCC#CC(=O)Nc1ccc2ncc(C#N)c(Nc3cccc(Br)c3)c2c1,130016.96,0,1
CHEMBL117324,COC[C@@H]1CCCN1CC#CC(=O)Nc1ccc2ncc(C#N)c(Nc3cccc(Br)c3)c2c1,150003.02,0,1
CHEMBL2283259,CC(C)(C)NC(=O)/C=C/c1ccccc1,29850.0,0,1
CHEMBL2283258,CCCCCCCCCCCCNC(=O)/C=C/c1ccccc1,38460.0,0,1
CHEMBL2283257,O=C(/C=C/c1ccccc1)Nc1ccccc1Br,15740.0,0,1
CHEMBL2283256,O=C(/C=C/c1ccccc1)Nc1cc(Cl)cc(Cl)c1,13930.0,0,1
CHEMBL2283255,O=C(/C=C/c1ccccc1)Nc1ccc(Cl)cc1Cl,16170.0,0,1
CHEMBL2336335,O=C(/C=C/c1ccccc1)Nc1ccc(Cl)cc1,13710.0,0,1
CHEMBL1830131,O=C(/C=C/c1ccccc1)Nc1cccc(Cl)c1,14590.0,0,1
CHEMBL1981977,O=C(/C=C/c1ccccc1)Nc1ccccc1Cl,9860.0,0,1
CHEMBL2283253,O=C(/C=C/c1ccccc1)Nc1cc(F)c(F)c(F)c1,12880.0,0,1
CHEMBL2283252,O=C(/C=C/c1ccccc1)Nc1cc(F)cc(F)c1,13230.0,0,1
CHEMBL2283251,O=C(/C=C/c1ccccc1)Nc1ccc(F)cc1F,11690.0,0,1
CHEMBL2336361,O=C(/C=C/c1ccccc1)Nc1ccc(F)cc1,10020.0,0,1
CHEMBL1998736,O=C(/C=C/c1ccccc1)Nc1ccccc1F,7370.0,0,2
CHEMBL2283249,CCOc1ccc(NC(=O)/C=C/c2ccccc2)cc1,10230.0,0,1
CHEMBL2283248,CCOc1ccccc1NC(=O)/C=C/c1ccccc1,9350.0,0,1
CHEMBL2336357,COc1ccc(NC(=O)/C=C/c2ccccc2)cc1,9050.0,0,1
CHEMBL2336355,COc1ccccc1NC(=O)/C=C/c1ccccc1,5160.0,0,2
CHEMBL2283245,CC(C)c1ccc(NC(=O)/C=C/c2ccccc2)cc1,14580.0,0,1
CHEMBL2336359,Cc1ccc(NC(=O)/C=C/c2ccccc2)cc1,12690.0,0,1
CHEMBL1830130,Cc1cccc(NC(=O)/C=C/c2ccccc2)c1,19690.0,0,1
CHEMBL2336358,Cc1ccccc1NC(=O)/C=C/c1ccccc1,12290.0,0,1
CHEMBL1830129,O=C(/C=C/c1ccccc1)Nc1ccccc1,23160.0,0,1
CHEMBL140,COc1cc(/C=C/C(=O)CC(=O)/C=C/c2ccc(O)c(OC)c2)ccc1O,8625.0,0,2
CHEMBL2316159,COc1cc(/C=C2\CCC/C(=C\c3cc(C(C)(C)C)c(O)c(C(C)(C)C)c3)C2=O)cc(OC)c1,4805.0,0,2
CHEMBL2316158,COc1cc(/C=C2\CCC/C(=C\c3ccc(S(C)(=O)=O)cc3)C2=O)cc(OC)c1,1930.0,0,2
CHEMBL2316157,COc1cc(/C=C2\CCC/C(=C\c3cc(OC)cc(OC)c3)C2=O)cc(OC)c1,2040.0,0,2
CHEMBL2316156,COc1ccc(/C=C2\CCC/C(=C\c3cc(OC)cc(OC)c3)C2=O)cc1,18600.0,0,1
CHEMBL2316155,COc1cc(/C=C2\CCC/C(=C\c3ccc(OC)c(O)c3)C2=O)cc(OC)c1,5335.0,0,2
CHEMBL2316154,COc1cc(/C=C2\CCC/C(=C\c3ccc(N(C)C)cc3)C2=O)cc(OC)c1,3940.0,0,2
CHEMBL2316153,COc1cc(/C=C2\CCC/C(=C\c3ccc(O)cc3)C2=O)cc(OC)c1,4630.0,0,2
CHEMBL2316152,COc1cc(/C=C2\CCC/C(=C\c3ccccc3OC)C2=O)cc(OC)c1,20845.0,0,2
CHEMBL2316151,COc1cc(/C=C2\CCC/C(=C\c3ccc(O)c(O)c3)C2=O)cc(OC)c1,415.0,1,2
CHEMBL2316150,COc1cccc(/C=C2\CCC/C(=C\c3cc(OC)cc(OC)c3)C2=O)c1,6115.0,0,2
CHEMBL2316149,COc1cc(/C=C2\CCC/C(=C\C3CCCCC3)C2=O)cc(OC)c1,7510.0,0,2
CHEMBL2316148,COc1cc(/C=C2\CCC/C(=C\c3ccc(Cl)cc3)C2=O)cc(OC)c1,15310.0,0,2
CHEMBL2316147,COc1cc(/C=C2\CCC/C(=C\c3ccc(F)cc3)C2=O)cc(OC)c1,5645.0,0,2
CHEMBL2316146,COc1cc(/C=C2\CCC/C(=C\c3ccc(Br)cc3)C2=O)cc(OC)c1,7110.0,0,2
CHEMBL2316145,COc1cc(/C=C2\CCC/C(=C\c3cccc(Br)c3)C2=O)cc(OC)c1,6825.0,0,2
CHEMBL2316144,COc1cc(/C=C2\CCC/C(=C\c3ccccc3Br)C2=O)cc(OC)c1,8040.0,0,2
CHEMBL2316143,COc1cc(/C=C2\CCC/C(=C\c3ccccc3F)C2=O)cc(OC)c1,2135.0,0,2
CHEMBL2316142,COc1cc(/C=C2\CCC/C(=C\c3ccccc3Cl)C2=O)cc(OC)c1,1520.0,0,2
CHEMBL2316141,COc1cc(/C=C2\CCC/C(=C\c3cccc(Cl)c3)C2=O)cc(OC)c1,2235.0,0,2
CHEMBL2316140,COc1cc(/C=C2\CCC/C(=C\c3ccccc3)C2=O)cc(OC)c1,1640.0,0,2
CHEMBL2312304,O=C(NCCCN1CCOC1=O)c1cnc(NCc2cc(Cl)ccc2Cl)nc1NC1CCCC1,4090.0,0,1
CHEMBL2312303,O=C(NCCCN1CCCC1=O)c1cnc(NCc2cc(Cl)ccc2Cl)nc1NC1CCCC1,4290.0,0,1
CHEMBL2312654,Cc1cc(-c2cnc(Nc3cc(Cl)cc(Cl)c3)nc2NC2CCC(N(C)C)CC2)on1,590.0,1,1
CHEMBL2312652,CN1CCC(NC(=O)c2cnc(Nc3cc(Cl)cc(Cl)c3)nc2N[C@@H]2COC[C@H]2O)CC1,30000.0,0,1
CHEMBL2312649,CN1CCC(NC(=O)c2cnc(Nc3cc(Cl)cc(Cl)c3)nc2NC2CCC(N(C)C)CC2)CC1,30000.0,0,1
CHEMBL2312646,CN1CCC(NC(=O)c2cnc(NCc3cc(Cl)ccc3Cl)nc2NC2CCCC2)CC1,30000.0,0,1
CHEMBL2312645,COc1ccccc1CNc1ncc(C(=O)NC2CCN(C)CC2)c(NC2CCCC2)n1,30000.0,0,1
CHEMBL2322330,O=C(Nc1cccc(Oc2ccc(Nc3ncnc4ccn(CCOCCO)c34)cc2Cl)c1)NC1CCCCC1,12.95,1,2
CHEMBL2322329,CN(C)C/C=C/C(=O)NCCn1ccc2ncnc(Nc3ccc(Oc4cccc(C(F)(F)F)c4)c(Cl)c3)c21,4052.3,0,2
CHEMBL1614725,CC(C)(O)CC(=O)NCCn1ccc2ncnc(Nc3ccc(Oc4cccc(C(F)(F)F)c4)c(Cl)c3)c21,13.5,1,4
CHEMBL2325101,Clc1ccc(C2=NN(c3ccccc3)C(c3ccc4ccccc4c3)C2)cc1Cl,50.0,1,1
CHEMBL2325100,Cc1ccc(C2=NN(c3ccccc3)C(c3ccc4ccccc4c3)C2)cc1,60.0,1,1
CHEMBL2325099,COc1ccc(C2=NN(c3ccccc3)C(c3ccc4ccccc4c3)C2)cc1,120.0,1,1
CHEMBL2325098,Brc1ccc(C2=NN(c3ccccc3)C(c3ccc4ccccc4c3)C2)cc1,710.0,1,1
CHEMBL2325097,Clc1ccc(C2=NN(c3ccccc3)C(c3ccc4ccccc4c3)C2)cc1,110.0,1,1
CHEMBL2325096,Fc1ccc(C2=NN(c3ccccc3)C(c3ccc4ccccc4c3)C2)cc1,300.0,1,1
CHEMBL2325095,c1ccc(C2=NN(c3ccccc3)C(c3ccc4ccccc4c3)C2)cc1,240.0,1,1
CHEMBL2325094,Clc1ccc(C2=NN(c3ccccc3)C(c3cccc4ccccc34)C2)cc1Cl,140.0,1,1
CHEMBL2325093,Cc1ccc(C2=NN(c3ccccc3)C(c3cccc4ccccc34)C2)cc1,200.0,1,1
CHEMBL2325092,COc1ccc(C2=NN(c3ccccc3)C(c3cccc4ccccc34)C2)cc1,100.0,1,1
CHEMBL2325091,Brc1ccc(C2=NN(c3ccccc3)C(c3cccc4ccccc34)C2)cc1,490.0,1,1
CHEMBL2325090,Clc1ccc(C2=NN(c3ccccc3)C(c3cccc4ccccc34)C2)cc1,680.0,1,1
CHEMBL2325089,Fc1ccc(C2=NN(c3ccccc3)C(c3cccc4ccccc34)C2)cc1,1070.0,0,1
CHEMBL2325088,c1ccc(C2=NN(c3ccccc3)C(c3cccc4ccccc34)C2)cc1,2520.0,0,1
CHEMBL2325087,NC(=S)N1N=C(c2ccc(Cl)c(Cl)c2)CC1c1ccc2ccccc2c1,660.0,1,1
CHEMBL2324873,Cc1ccc(C2=NN(C(N)=S)C(c3ccc4ccccc4c3)C2)cc1,520.0,1,1
CHEMBL2324872,COc1ccc(C2=NN(C(N)=S)C(c3ccc4ccccc4c3)C2)cc1,1040.0,0,1
CHEMBL2324871,NC(=S)N1N=C(c2ccc(Br)cc2)CC1c1ccc2ccccc2c1,350.0,1,1
CHEMBL2324870,NC(=S)N1N=C(c2ccc(Cl)cc2)CC1c1ccc2ccccc2c1,530.0,1,1
CHEMBL2325110,NC(=S)N1N=C(c2ccc(F)cc2)CC1c1ccc2ccccc2c1,3280.0,0,1
CHEMBL2325109,NC(=S)N1N=C(c2ccccc2)CC1c1ccc2ccccc2c1,3010.0,0,1
CHEMBL2325108,NC(=S)N1N=C(c2ccc(Cl)c(Cl)c2)CC1c1cccc2ccccc12,210.0,1,1
CHEMBL2325107,Cc1ccc(C2=NN(C(N)=S)C(c3cccc4ccccc34)C2)cc1,2060.0,0,1
CHEMBL2325106,COc1ccc(C2=NN(C(N)=S)C(c3cccc4ccccc34)C2)cc1,160.0,1,1
CHEMBL2325105,NC(=S)N1N=C(c2ccc(Br)cc2)CC1c1cccc2ccccc12,5680.0,0,1
CHEMBL2325104,NC(=S)N1N=C(c2ccc(Cl)cc2)CC1c1cccc2ccccc12,940.0,1,1
CHEMBL2325103,NC(=S)N1N=C(c2ccc(F)cc2)CC1c1cccc2ccccc12,8250.0,0,1
CHEMBL2325102,NC(=S)N1N=C(c2ccccc2)CC1c1cccc2ccccc12,2230.0,0,1
CHEMBL2333163,O=C(NCCc1ccc(O)c(Br)c1)/C(Cc1cc(Br)c(O)c(Oc2ccc(CCNC(=O)/C(Cc3cc(Br)c(O)c(-c4cc(C/C(=N\O)C(=O)NCCc5ccc(O)c(Br)c5)cc(Br)c4O)c3)=N/O)cc2Br)c1)=N/O,600.0,1,1
CHEMBL505637,O=C(NCCc1ccc(O)c(Br)c1)/C(Cc1cc(Br)c(O)c(-c2cc(C/C(=N/O)C(=O)NCCc3ccc(O)c(Br)c3)cc(Br)c2O)c1)=N\O,1300.0,0,1
CHEMBL510730,O=C1NCCc2cc(Br)c(O)c(c2)Oc2c(Br)cc(cc2Br)CCNC(=O)/C(=N/O)Cc2cc(Br)c(O)c(c2)Oc2c(Br)cc(cc2Br)C/C1=N\O,2000.0,0,1
CHEMBL360190,O=C1N/C=C/c2ccc(c(Br)c2)Oc2cc(cc(Br)c2O)CCNC(=O)/C(=N/O)Cc2ccc(c(Br)c2)Oc2cc(cc(Br)c2O)C/C1=N\O,1500.0,0,1
CHEMBL2333164,O=C1NCCc2ccc(O)c(c2)Oc2c(Br)cc(cc2Br)CCNC(=O)/C(=N/O)Cc2cc(Br)c(O)c(c2)Oc2c(Br)cc(cc2Br)C/C1=N\O,2900.0,0,1
CHEMBL2337372,COc1cccc(Nc2nc(NC(=O)C(C)(C)C)nc3[nH]c4cccc(Cl)c4c23)c1,130500.0,0,1
CHEMBL2337371,CC(C)(C)C(=O)Nc1nc(Nc2cccc(F)c2)c2c(n1)[nH]c1cccc(Cl)c12,30800.0,0,1
CHEMBL2337369,CC(C)(C)C(=O)Nc1nc(Nc2ccc(Cl)cc2)c2c(n1)[nH]c1cccc(Cl)c12,58700.0,0,1
CHEMBL2337368,CC(C)c1ccc(Nc2nc(NC(=O)C(C)(C)C)nc3[nH]c4cccc(Cl)c4c23)cc1,39200.0,0,1
CHEMBL2337367,CC(C)(C)C(=O)Nc1nc(Nc2ccccc2)c2c(n1)[nH]c1cccc(Cl)c12,114700.0,0,1
CHEMBL2337366,COc1cccc(Nc2nc(N)nc3[nH]c4cccc(Cl)c4c23)c1,82900.0,0,1
CHEMBL2337364,Nc1nc(Nc2ccc(Cl)cc2F)c2c(n1)[nH]c1cccc(Cl)c12,38900.0,0,1
CHEMBL2337363,Nc1nc(Nc2ccc(Cl)cc2)c2c(n1)[nH]c1cccc(Cl)c12,63600.0,0,1
CHEMBL2337362,CC(C)c1ccc(Nc2nc(N)nc3[nH]c4cccc(Cl)c4c23)cc1,42000.0,0,1
CHEMBL2337373,Nc1nc(Nc2ccccc2)c2c(n1)[nH]c1ccccc12,147.0,1,1
CHEMBL2335378,Nc1nc(Nc2ccc(F)c(Cl)c2)c2cc(CCc3ccccn3)[nH]c2n1,110600.0,0,1
CHEMBL2335377,Nc1nc(Nc2ccc(F)c(Br)c2)c2cc(CCc3ccccn3)[nH]c2n1,85900.0,0,1
CHEMBL2335019,CC(C)(C)C(=O)Nc1nc(Nc2ccc(F)c(C(F)(F)F)c2)c2cc(CCc3ccccn3)[nH]c2n1,26900.0,0,1
CHEMBL2335379,C#Cc1cccc(Nc2nc(N)nc3[nH]c(CCc4ccccn4)cc23)c1,19900.0,0,1
CHEMBL2335013,Nc1nc(Nc2cccc(C(F)(F)F)c2)c2cc(CCc3ccccn3)[nH]c2n1,19300.0,0,1
CHEMBL2335016,CC(C)(C)C(=O)Nc1nc(Nc2ccc(F)c(Cl)c2)c2cc(CCc3ccccn3)[nH]c2n1,16300.0,0,1
CHEMBL2335014,Nc1nc(Nc2ccc(F)c(C(F)(F)F)c2)c2cc(CCc3ccccn3)[nH]c2n1,15600.0,0,1
CHEMBL2335018,CC(C)(C)C(=O)Nc1nc(Nc2cccc(C(F)(F)F)c2)c2cc(CCc3ccccn3)[nH]c2n1,12800.0,0,1
CHEMBL2335015,CC(C)(C)C(=O)Nc1nc(Nc2ccc(F)c(Br)c2)c2cc(CCc3ccccn3)[nH]c2n1,5400.0,0,1
CHEMBL2335376,Nc1nc(Nc2cccc(Br)c2)c2cc(CCc3ccccn3)[nH]c2n1,300.0,1,1
CHEMBL2332119,NC(=O)C1=C(N)C(=O)C=C(Nc2ccccc2O)C1=O,2600.0,0,1
CHEMBL2333986,COc1cc2ncnc(Nc3ccccc3C(F)(F)F)c2cc1OC,10000.0,0,1
CHEMBL2333985,COc1cc2ncnc(Nc3ccc(C(C)(F)F)cc3)c2cc1OC,4700.0,0,1
CHEMBL2334003,COc1cc2ncnc(Nc3ccc(F)c(Cl)c3)c2cc1OCCCNCCN,13.6,1,1
CHEMBL2334002,COc1cc2ncnc(Nc3ccc(F)c(Cl)c3)c2cc1OCCNCCN,12.1,1,1
CHEMBL2334001,COc1cc2ncnc(Nc3ccc(F)c(Cl)c3)c2cc1OCCO,63.4,1,1
CHEMBL2333999,COc1cc2ncnc(Nc3ccc(F)c(Cl)c3)c2cc1OCCBr,18.1,1,1
CHEMBL2333998,COc1cc2ncnc(Nc3cccc(C#N)c3)c2cc1OC,412.8,1,1
CHEMBL2333991,COc1cc2ncnc(Nc3cccc(-c4ccccc4)c3)c2cc1OC,126.7,1,1
CHEMBL29641,COc1cc2ncnc(Nc3cccc(SC)c3)c2cc1OC,126.7,1,1
CHEMBL2347231,NC(=O)Nc1ccc2ncnc(Nc3ccc(Cl)cc3)c2c1,61.0,1,1
CHEMBL484270,CCN1CCN(Cc2ccc(-c3cc4c(N[C@@H](C)c5ccccc5)ncnc4[nH]3)cc2)CC1,24.5,1,2
CHEMBL2347959,CC(C)CCCC(=O)Nc1cccc(-c2c(-c3ccccc3)oc3ncnc(N[C@H](CO)c4ccccc4)c23)c1,1270.0,0,1
CHEMBL2347962,CN(C)CCCCCC(=O)Nc1cccc(-c2c(-c3ccccc3)oc3ncnc(N[C@H](CO)c4ccccc4)c23)c1,2406.5,0,2
CHEMBL2347961,CN(C)CCCCC(=O)Nc1cccc(-c2c(-c3ccccc3)oc3ncnc(N[C@H](CO)c4ccccc4)c23)c1,19.0,1,2
CHEMBL2347960,CN(C)CCCC(=O)Nc1cccc(-c2c(-c3ccccc3)oc3ncnc(N[C@H](CO)c4ccccc4)c23)c1,31.5,1,2
CHEMBL2347963,CN(C)CCC(=O)Nc1cccc(-c2c(-c3ccccc3)oc3ncnc(N[C@H](CO)c4ccccc4)c23)c1,5.0,1,2
CHEMBL2347966,CN(C)CC(=O)Nc1cccc(-c2c(-c3ccccc3)oc3ncnc(N[C@H](CO)c4ccccc4)c23)c1,26.0,1,2
CHEMBL2347965,CC(=O)Nc1cccc(-c2c(-c3ccccc3)oc3ncnc(N[C@H](CO)c4ccccc4)c23)c1,123.5,1,2
CHEMBL2347964,CC(=O)Nc1ccc(-c2c(-c3ccccc3)oc3ncnc(N[C@H](CO)c4ccccc4)c23)cc1,101.0,1,2
CHEMBL2346678,Nc1cccc(-c2c(-c3ccccc3)oc3ncnc(N[C@H](CO)c4ccccc4)c23)c1,112.5,1,2
CHEMBL2347967,O=[N+]([O-])c1cccc(-c2c(-c3ccccc3)oc3ncnc(N[C@H](CO)c4ccccc4)c23)c1,434.5,1,2
CHEMBL2347972,OC[C@@H](Nc1ncnc2oc(-c3ccccc3)c(-c3ccc4c(c3)OCO4)c12)c1ccccc1,144.0,1,2
CHEMBL2347971,OC[C@@H](Nc1ncnc2oc(-c3ccccc3)c(-c3ccoc3)c12)c1ccccc1,198.0,1,2
CHEMBL2347970,OC[C@@H](Nc1ncnc2oc(-c3ccccc3)c(-c3ccco3)c12)c1ccccc1,253.5,1,2
CHEMBL2347969,OC[C@@H](Nc1ncnc2oc(-c3ccccc3)c(Br)c12)c1ccccc1,271.0,1,2
CHEMBL2347968,OC[C@@H](Nc1ncnc2oc(-c3ccccc3)c(Cl)c12)c1ccccc1,378.5,1,2
CHEMBL2347973,COC(=O)[C@@H](Nc1ncnc2oc(-c3ccccc3)c(-c3ccccc3)c12)c1ccccc1,4672.0,0,2
CHEMBL2348194,C[C@@H](Nc1ncnc2oc(-c3ccccc3)c(-c3ccccc3)c12)c1ccccc1,1665.0,0,2
CHEMBL2348418,CS(=O)(=O)CCNC(=O)C1=Cc2c(ncnc2Nc2ccc(Oc3cccc4sccc34)c(Cl)c2)NCC1,47.0,1,1
CHEMBL2348417,O=C(NCCO)C1=Cc2c(ncnc2Nc2ccc(Oc3cccc4sccc34)c(Cl)c2)NCC1,36.0,1,1
CHEMBL2348416,COC(=O)C1=Cc2c(ncnc2Nc2ccc(Oc3cccc4sccc34)c(Cl)c2)NCC1,44.0,1,1
CHEMBL2348415,CS(=O)(=O)CCNC(=O)C1=Cc2c(ncnc2Nc2ccc(Oc3cccc(C(F)(F)F)c3)c(Cl)c2)NCC1,75.0,1,1
CHEMBL2348414,O=C(NCCO)C1=Cc2c(ncnc2Nc2ccc(Oc3cccc(C(F)(F)F)c3)c(Cl)c2)NCC1,38.0,1,1
CHEMBL2348419,COC(=O)C1=Cc2c(ncnc2Nc2ccc(Oc3cccc(C(F)(F)F)c3)c(Cl)c2)NCC1,110.0,1,1
CHEMBL2381511,C=CC(=O)Nc1cccc(Oc2nc(Nc3ccc(N4CCN(CC(=O)OCCCCCCOc5no[n+]([O-])c5S(=O)(=O)c5ccccc5)CC4)cc3OC)ncc2Cl)c1,292.0,1,3
CHEMBL2381510,C=CC(=O)Nc1cccc(Oc2nc(Nc3ccc(N4CCN(CC(=O)OCCOCCOc5no[n+]([O-])c5S(=O)(=O)c5ccccc5)CC4)cc3OC)ncc2Cl)c1,101.0,1,3
CHEMBL2381509,C=CC(=O)Nc1cccc(Oc2nc(Nc3ccc(N4CCN(CC(=O)OCC#CCOc5no[n+]([O-])c5S(=O)(=O)c5ccccc5)CC4)cc3OC)ncc2Cl)c1,52.0,1,3
CHEMBL2381508,C=CC(=O)Nc1cccc(Oc2nc(Nc3ccc(N4CCN(CC(=O)OCCCCOc5no[n+]([O-])c5S(=O)(=O)c5ccccc5)CC4)cc3OC)ncc2Cl)c1,174.0,1,3
CHEMBL2381507,C=CC(=O)Nc1cccc(Oc2nc(Nc3ccc(N4CCN(CC(=O)OCCCOc5no[n+]([O-])c5S(=O)(=O)c5ccccc5)CC4)cc3OC)ncc2Cl)c1,98.0,1,3
CHEMBL2381506,C=CC(=O)Nc1cccc(Oc2nc(Nc3ccc(N4CCN(CC(=O)OCCOc5no[n+]([O-])c5S(=O)(=O)c5ccccc5)CC4)cc3OC)ncc2Cl)c1,59.0,1,3
CHEMBL2381505,C=CC(=O)Nc1cccc(Oc2nc(Nc3ccc(N4CCN(CC(=O)NCC(C)Oc5no[n+]([O-])c5S(=O)(=O)c5ccccc5)CC4)cc3OC)ncc2Cl)c1,73.0,1,3
CHEMBL2381504,C=CC(=O)Nc1cccc(Oc2nc(Nc3ccc(N4CCN(CC(=O)N5CCC(Oc6no[n+]([O-])c6S(=O)(=O)c6ccccc6)CC5)CC4)cc3OC)ncc2Cl)c1,42.0,1,3
CHEMBL2381516,C=CC(=O)Nc1cccc(Oc2nc(Nc3ccc(N4CCN(CC(=O)N5CCN(CCOc6no[n+]([O-])c6S(=O)(=O)c6ccccc6)CC5)CC4)cc3OC)ncc2Cl)c1,39.0,1,3
CHEMBL2381515,C=CC(=O)Nc1cccc(Oc2nc(Nc3ccc(N4CCN(CC(=O)NCCCOc5no[n+]([O-])c5S(=O)(=O)c5ccccc5)CC4)cc3OC)ncc2Cl)c1,59.0,1,3
CHEMBL2381514,C=CC(=O)Nc1cccc(Oc2nc(Nc3ccc(N4CCN(CC(=O)NCCOc5no[n+]([O-])c5S(=O)(=O)c5ccccc5)CC4)cc3OC)ncc2Cl)c1,51.0,1,3
CHEMBL2385993,Cc1ccc(NC(=O)c2ccc(CN3CCN(C)CC3)cc2)cc1C(=O)Nc1nccc(-c2cccc(F)c2)n1,6000.0,0,1
CHEMBL2385992,Cc1ccc(NC(=O)/C=C/CN(C)C)cc1C(=O)Nc1nccc(-c2cccnc2)n1,5000.0,0,1
CHEMBL2385991,Cc1ccc(NC(=O)c2ccc(CN3CCN(C)CC3)cc2)cc1C(=O)Nc1ccc(OCc2cccc(F)c2)c(Cl)c1,600.0,1,1
CHEMBL2385990,Cc1ccc(NC(=O)/C=C/CN(C)C)cc1C(=O)Nc1ccc(OCc2cccc(F)c2)c(Cl)c1,450.0,1,1
CHEMBL2385988,CCOc1ccc(C(=O)Nc2nccc(-c3cccnc3)n2)cc1NC(=O)/C=C/CN(C)C,6000.0,0,1
CHEMBL2385987,CCOc1ccc(C(=O)Nc2ccc(OCc3ccccn3)c(Cl)c2)cc1NC(=O)c1ccc(CN2CCN(C)CC2)cc1,3500.0,0,1
CHEMBL2385986,CCOc1ccc(C(=O)Nc2ccc(OCc3ccccn3)c(Cl)c2)cc1NC(=O)/C=C/CN(C)C,1200.0,0,1
CHEMBL2385985,CCOc1cc(N)c(C(=O)Nc2ccc(F)c(Cl)c2)cc1NC(=O)c1ccc(CN2CCN(C)CC2)cc1,800.0,1,1
CHEMBL2385984,CCOc1cc([N+](=O)[O-])c(C(=O)Nc2ccc(F)c(Cl)c2)cc1NC(=O)c1ccc(CN2CCN(C)CC2)cc1,5000.0,0,1
CHEMBL2385983,CCOc1cc(N)c(C(=O)Nc2ccc(F)c(Cl)c2)cc1NC(=O)/C=C/CN(C)C,4500.0,0,1
CHEMBL2385982,CCOc1cc([N+](=O)[O-])c(C(=O)Nc2ccc(F)c(Cl)c2)cc1NC(=O)/C=C/CN(C)C,6000.0,0,1
CHEMBL2385981,CCOc1cc(N)c(C(=O)Nc2ccc(OCc3cccc(F)c3)c(Cl)c2)cc1NC(=O)c1ccc(CN2CCN(C)CC2)cc1,5000.0,0,1
CHEMBL2385980,CCOc1cc([N+](=O)[O-])c(C(=O)Nc2ccc(OCc3cccc(F)c3)c(Cl)c2)cc1NC(=O)c1ccc(CN2CCN(C)CC2)cc1,5500.0,0,1
CHEMBL2385979,CCOc1cc(N)c(C(=O)Nc2ccc(OCc3cccc(F)c3)c(Cl)c2)cc1NC(=O)/C=C/CN(C)C,1500.0,0,1
CHEMBL2385978,CCOc1cc([N+](=O)[O-])c(C(=O)Nc2ccc(OCc3cccc(F)c3)c(Cl)c2)cc1NC(=O)/C=C/CN(C)C,2000.0,0,1
CHEMBL2385977,CCOc1cc(N)c(C(=O)Nc2ccc(OCc3ccccn3)c(Cl)c2)cc1NC(=O)c1ccc(CN2CCN(C)CC2)cc1,1000.0,1,1
CHEMBL2385976,CCOc1cc([N+](=O)[O-])c(C(=O)Nc2ccc(OCc3ccccn3)c(Cl)c2)cc1NC(=O)c1ccc(CN2CCN(C)CC2)cc1,900.0,1,1
CHEMBL2385975,CCOc1cc(N)c(C(=O)Nc2ccc(OCc3ccccn3)c(Cl)c2)cc1NC(=O)/C=C/CN(C)C,800.0,1,1
CHEMBL2385974,CCOc1cc([N+](=O)[O-])c(C(=O)Nc2ccc(OCc3ccccn3)c(Cl)c2)cc1NC(=O)/C=C/CN(C)C,850.0,1,1
CHEMBL2385971,CN1CCN(Cc2ccc(C(=O)Nc3ccc(-c4cncc(C#N)c4Nc4ccc(F)c(Cl)c4)cc3)cc2)CC1,3000.0,0,1
CHEMBL2385970,CN(C)C/C=C/C(=O)Nc1ccc(-c2cncc(C#N)c2Nc2ccc(F)c(Cl)c2)cc1,3500.0,0,1
CHEMBL2385969,CN1CCN(Cc2ccc(C(=O)Nc3ccc(-c4cncc(C#N)c4Nc4ccc(OCc5cccc(F)c5)c(Cl)c4)cc3)cc2)CC1,2500.0,0,1
CHEMBL2385968,CN(C)C/C=C/C(=O)Nc1ccc(-c2cncc(C#N)c2Nc2ccc(OCc3cccc(F)c3)c(Cl)c2)cc1,660.0,1,1
CHEMBL2385967,CN1CCN(Cc2ccc(C(=O)Nc3ccc(-c4cncc(C#N)c4Nc4ccc(OCc5ccccn5)c(Cl)c4)cc3)cc2)CC1,2300.0,0,1
CHEMBL2385959,Cc1ncnc(Nc2ccc(OCc3cccc(F)c3)c(Cl)c2)c1/C=C/c1ccc(CNCCS(C)(=O)=O)o1,460.0,1,1
CHEMBL2385960,Cc1ncnc(Nc2ccc(OCc3cccc(F)c3)c(Cl)c2)c1C#Cc1ccc(CNCCS(C)(=O)=O)o1,45.0,1,1
CHEMBL2385964,Cc1ncc(C#N)c(Nc2ccc(OCc3ccccn3)c(Cl)c2)c1C#Cc1ccc(CNCCS(C)(=O)=O)o1,1500.0,0,1
CHEMBL2403108,Cc1cc(Nc2ncc(Cl)c(Nc3ccccc3S(=O)(=O)C(C)C)n2)c(OC(C)C)cc1C1CCNCC1,464.0,1,4
CHEMBL2408830,C=CC(=O)N1CCN(c2ccc(Nc3ncc(Cl)c(Oc4cccc(COc5no[n+]([O-])c5S(=O)(=O)c5ccccc5)c4)n3)c(OC)c2)CC1,350.0,1,3
CHEMBL2408829,COc1cc(N2CCC(O)CC2)ccc1Nc1ncc(Cl)c(Oc2cccc(COc3no[n+]([O-])c3S(=O)(=O)c3ccccc3)c2)n1,240.0,1,3
CHEMBL2408828,COc1cc(N2CCN(C)CC2)ccc1Nc1ncc(Cl)c(Oc2cccc(COc3no[n+]([O-])c3S(=O)(=O)c3ccccc3)c2)n1,130.0,1,3
CHEMBL2408827,C=CC(=O)N1CCN(c2ccc(Nc3ncc(Cl)c(Oc4ccc(COc5no[n+]([O-])c5S(=O)(=O)c5ccccc5)cc4)n3)c(OC)c2)CC1,410.0,1,1
CHEMBL2408826,COc1cc(N2CCC(O)CC2)ccc1Nc1ncc(Cl)c(Oc2ccc(COc3no[n+]([O-])c3S(=O)(=O)c3ccccc3)cc2)n1,3150.0,0,3
CHEMBL2408825,COc1cc(N2CCN(C)CC2)ccc1Nc1ncc(Cl)c(Oc2ccc(COc3no[n+]([O-])c3S(=O)(=O)c3ccccc3)cc2)n1,1090.0,0,3
CHEMBL2408824,COc1cc(N2CCN(C)CC2)ccc1Nc1ncc(Cl)c(Oc2ccc(CCOc3no[n+]([O-])c3S(=O)(=O)c3ccccc3)cc2)n1,2940.0,0,3
CHEMBL2408823,COc1cc(N2CCN(C)CC2)ccc1Nc1ncc(Cl)c(Oc2ccc(CCCOc3no[n+]([O-])c3S(=O)(=O)c3ccccc3)cc2)n1,1530.0,0,2
CHEMBL2408045,CNC(=O)CN1CCC(Oc2cc3c(Nc4cccc(Cl)c4F)ncnc3cc2OC)CC1,4.0,1,5
CHEMBL2419762,Cl.c1ccc(-c2cccc(Nc3ncnc4cc5c(cc34)OCCCO5)c2)cc1,27.0,1,1
CHEMBL2419760,Cl.c1ccc(-c2cccc(Nc3ncnc4cc5c(cc34)OCO5)c2)cc1,2.0,1,1
CHEMBL2426280,COc1cc(N2CCN(C(C)=O)CC2)ccc1Nc1ncc(Cl)c(-c2c[nH]c3ccccc23)n1,780.0,1,4
CHEMBL2426279,C=CC(=O)Nc1cc(Nc2nccc(-c3c[nH]c4ccccc34)n2)c(OC)cc1N1CCN(C)CC1,65.5,1,6
CHEMBL2426278,C=CC(=O)Nc1cc(Nc2ncc(Cl)c(-c3c[nH]c4ccccc34)n2)c(OC)cc1N1CCN(C)CC1,23.0,1,3
CHEMBL2424676,C=CC(=O)Nc1cc(Nc2nccc(-c3cnn4ccccc34)n2)c(OC)cc1N1CCN(C)CC1,140.0,1,3
CHEMBL2426277,C=CC(=O)Nc1cc(Nc2ncc(Cl)c(-c3cnn4ccccc34)n2)c(OC)cc1N1CCN(C)CC1,140.0,1,7
CHEMBL2426377,COc1ccc(NC(=O)/C=C/CN(C)C)cc1Nc1ncc(C)c(-c2cnn3ccccc23)n1,290.0,1,3
CHEMBL2426290,COc1ccc(NC(=O)/C=C/CN(C)C)cc1Nc1ncc(F)c(-c2cnn3ccccc23)n1,380.0,1,3
CHEMBL2426289,COc1ccc(NC(=O)/C=C/CN(C)C)cc1Nc1nccc(-c2cnn3ccccc23)n1,390.0,1,3
CHEMBL2426288,COc1ccc(NC(=O)/C=C/CN(C)C)cc1Nc1ncc(Cl)c(-c2cnn3ccccc23)n1,388.0,1,5
CHEMBL2426287,COc1ccc(NC(=O)/C=C/CN(C)C)cc1Nc1ncc(Cl)c(-c2c[nH]c3ccccc23)n1,85.0,1,3
CHEMBL2426286,C=CC(=O)Nc1ccc(OC)c(Nc2ncc(Cl)c(-c3cnn4ccccc34)n2)c1,150.0,1,3
CHEMBL2426282,C=CC(=O)Nc1ccc(OC)c(Nc2ncc(Cl)c(-c3c[nH]c4ccccc34)n2)c1,44.5,1,4
CHEMBL2426281,C=CC(=O)Nc1cccc(Nc2ncc(Cl)c(-c3c[nH]c4ccccc34)n2)c1,175.5,1,4
CHEMBL2110732,COc1cc2ncnc(Nc3ccc(F)c(Cl)c3)c2cc1NC(=O)/C=C/CN1CCCCC1,6.0,1,22
CHEMBL2426378,COc1ccc(NC(=O)/C=C/CN(C)C)cc1Nc1ncc([S+](C)[O-])c(-c2cnn3ccccc23)n1,8250.0,0,2
CHEMBL2426285,COc1ccc(NC(=O)CC#N)cc1Nc1ncc(Cl)c(-c2c[nH]c3ccccc23)n1,2300.0,0,2
CHEMBL2426284,C=CC(=O)N1CCc2cc(OC)c(Nc3ncc(Cl)c(-c4c[nH]c5ccccc45)n3)cc21,2450.0,0,2
CHEMBL2426283,C=CC(=O)Nc1ccc(Nc2ncc(Cl)c(-c3c[nH]c4ccccc34)n2)cc1,15950.0,0,2
CHEMBL2426248,COc1ccc(NC(=O)CCCN(C)C)cc1Nc1ncc(Cl)c(-c2cnn3ccccc23)n1,2300.0,0,1
CHEMBL2424794,O=C(/C=C/c1cccnc1Cl)Nc1ccc2ncnc(Nc3cccc(Cl)c3)c2c1,3600.0,0,1
CHEMBL2424804,O=C(/C=C/c1ccc(Br)s1)Nc1ccc2ncnc(Nc3cccc(Cl)c3)c2c1,2400.0,0,1
CHEMBL1812567,O=C(/C=C/c1cccs1)Nc1ccc2ncnc(Nc3cccc(Cl)c3)c2c1,8800.0,0,1
CHEMBL2424801,O=C(/C=C/c1cccnc1)Nc1ccc2ncnc(Nc3cccc(Cl)c3)c2c1,4700.0,0,1
CHEMBL2424799,CSCCCNc1ccc2ncnc(Nc3cccc(Cl)c3)c2c1,5100.0,0,1
CHEMBL2424796,Clc1cccc(Nc2ncnc3ccc(NCc4ccc(Br)s4)cc23)c1,1500.0,0,1
CHEMBL2424795,Clc1cccc(Nc2ncnc3ccc(NCc4cccs4)cc23)c1,3400.0,0,1
CHEMBL2424807,Clc1cccc(Nc2ncnc3ccc(NCc4cccc(Br)n4)cc23)c1,4100.0,0,1
CHEMBL2425088,COc1cc2ncnc(Nc3ccc(F)c(Cl)c3)c2cc1OCCN1CC2(CCO2)C1,190.0,1,1
CHEMBL2424664,COc1cc2ncnc(Nc3ccc(F)c(Cl)c3)c2cc1OCCN1CC2(C1)CS(=O)(=O)C2,158.0,1,1
CHEMBL2425091,COc1cc2ncnc(Nc3ccc(F)c(Cl)c3)c2cc1OCCN1CC(OC)C1,94.0,1,1
CHEMBL2425092,COc1cc2ncnc(Nc3ccc(F)c(Cl)c3)c2cc1OCCCN1CC2(COC2)C1,56.0,1,1
CHEMBL2425089,COc1cc2ncnc(Nc3ccc(F)c(Cl)c3)c2cc1OCCN1CC2(CSC2)C1,52.0,1,1
CHEMBL2425094,COc1cc2ncnc(Nc3ccc(F)c(Cl)c3)c2cc1OCCCN1CC2(CSC2)C1,48.0,1,1
CHEMBL2425093,COc1cc2ncnc(Nc3ccc(F)c(Cl)c3)c2cc1OCCCN1CC2(CCO2)C1,36.0,1,1
CHEMBL2425085,COc1cc2ncnc(Nc3ccc(F)c(Cl)c3)c2cc1OCCCN1CC(OC)C1,34.0,1,1
CHEMBL2425090,COc1cc2ncnc(Nc3ccc(F)c(Cl)c3)c2cc1OCCN1CC(O)C1,26.0,1,1
CHEMBL2425084,COc1cc2ncnc(Nc3ccc(F)c(Cl)c3)c2cc1OCCCN1CC(O)C1,25.0,1,1
CHEMBL2425083,COc1cc2ncnc(Nc3ccc(F)c(Cl)c3)c2cc1OCCCN1CC2(C1)CS(=O)(=O)C2,24.0,1,1
CHEMBL2425086,COc1cc2ncnc(Nc3ccc(F)c(Cl)c3)c2cc1OCCCN1CCC2(COC2)C1,15.0,1,1
CHEMBL2425087,COc1cc2ncnc(Nc3ccc(F)c(Cl)c3)c2cc1OCCN1CC2(COC2)C1,16.0,1,1
CHEMBL2425737,O=C(CCOc1ccccc1)Nc1ccc2ncnc(Nc3cccc(Br)c3)c2c1,21.7,1,3
CHEMBL2425736,Brc1cccc(Nc2ncnc3ccc(NCCCN4CCCCC4)cc23)c1,1.7,1,3
CHEMBL2425735,O=C(CCCN1CCCCC1)Nc1ccc2ncnc(Nc3cccc(Br)c3)c2c1,5.7,1,3
CHEMBL2437227,Cc1ccc(S(=O)(=O)O)cc1.O=S(=O)(CCNCc1ccc(-c2ccc3ncnc(Nc4ccc(OCc5cccc(F)c5)c(Cl)c4)c3c2)o1)CC(F)(F)F,21.1,1,1
CHEMBL2437226,Cc1ccc(S(=O)(=O)O)cc1.NS(=O)(=O)CCNCc1ccc(-c2ccc3ncnc(Nc4ccc(OCc5cccc(F)c5)c(Cl)c4)c3c2)o1,10.8,1,1
CHEMBL2437225,CS(=O)(=O)NCCNCc1ccc(-c2ccc3ncnc(Nc4ccc(OCc5cccc(F)c5)c(Cl)c4)c3c2)o1.Cc1ccc(S(=O)(=O)O)cc1,18.7,1,1
CHEMBL2437224,C[S+]([O-])CCNCc1ccc(-c2ccc3ncnc(Nc4ccc(OCc5cccc(F)c5)c(Cl)c4)c3c2)o1.Cc1ccc(S(=O)(=O)O)cc1,13.0,1,1
CHEMBL2437223,CSCCNCc1ccc(-c2ccc3ncnc(Nc4ccc(OCc5cccc(F)c5)c(Cl)c4)c3c2)o1.Cc1ccc(S(=O)(=O)O)cc1,25.1,1,1
CHEMBL3436354,Cc1ccc(S(=O)(=O)O)cc1.Fc1cccc(COc2ccc(Nc3ncnc4ccc(-c5ccc(CN6CCOCC6)o5)cc34)cc2Cl)c1,26.0,1,1
CHEMBL3436355,CN1CCN(Cc2ccc(-c3ccc4ncnc(Nc5ccc(OCc6cccc(F)c6)c(Cl)c5)c4c3)o2)CC1.Cc1ccc(S(=O)(=O)O)cc1,12.5,1,1
CHEMBL3436356,Cc1ccc(S(=O)(=O)O)cc1.Fc1cccc(COc2ccc(Nc3ncnc4ccc(-c5ccc(CN6CCNCC6)o5)cc34)cc2Cl)c1,10.8,1,1
CHEMBL3436357,CCOC(=O)N1CCN(Cc2ccc(-c3ccc4ncnc(Nc5ccc(OCc6cccc(F)c6)c(Cl)c5)c4c3)o2)CC1.Cc1ccc(S(=O)(=O)O)cc1,28.0,1,1
CHEMBL3436358,CS(=O)(=O)N1CCN(Cc2ccc(-c3ccc4ncnc(Nc5ccc(OCc6cccc(F)c6)c(Cl)c5)c4c3)o2)CC1.Cc1ccc(S(=O)(=O)O)cc1,59.9,1,1
CHEMBL3436359,CC(=O)N1CCN(Cc2ccc(-c3ccc4ncnc(Nc5ccc(OCc6cccc(F)c6)c(Cl)c5)c4c3)o2)CC1.Cc1ccc(S(=O)(=O)O)cc1,11.4,1,1
CHEMBL3436360,CN1CCN(C(=O)c2ccc(-c3ccc4ncnc(Nc5ccc(OCc6cccc(F)c6)c(Cl)c5)c4c3)o2)CC1.Cc1ccc(S(=O)(=O)O)cc1,232.4,1,1
CHEMBL2437471,C=CC(=O)Nc1cccc(-n2c(=O)c(C)nc3cnc(Nc4ccc(OC)cc4)nc32)c1,5.93,1,7
CHEMBL2437470,C=CC(=O)Nc1ccc(-n2c(=O)c(C)nc3cnc(Nc4ccc(OC)cc4)nc32)cc1,7167.0,0,5
CHEMBL2437469,C=CC(=O)Nc1cccc(-n2c(=O)cnc3cnc(Nc4ccc(N5CCN(C)CC5)cc4OC)nc32)c1,2.46,1,6
CHEMBL2437468,C=CC(=O)Nc1ccc(-n2c(=O)cnc3cnc(Nc4ccc(N5CCN(C)CC5)cc4OC)nc32)cc1,385.5,1,6
CHEMBL2437467,C=CC(=O)Nc1cccc(-n2c(=O)cnc3cnc(Nc4ccc(C(N)=O)cc4)nc32)c1,10.72,1,6
CHEMBL2437466,C=CC(=O)Nc1cccc(-n2c(=O)cnc3cnc(Nc4ccc(NC(C)=O)cc4)nc32)c1,12.75,1,6
CHEMBL2437465,C=CC(=O)Nc1cccc(-n2c(=O)cnc3cnc(Nc4ccc(N(CC)CC)cc4)nc32)c1,14.3,1,6
CHEMBL2437464,C=CC(=O)Nc1cccc(-n2c(=O)cnc3cnc(Nc4ccc(N5CCCC5)cc4)nc32)c1,13.0,1,6
CHEMBL2437463,C=CC(=O)Nc1cccc(-n2c(=O)cnc3cnc(Nc4ccc(N5CCCCC5)cc4)nc32)c1,13.4,1,6
CHEMBL2437462,C=CC(=O)Nc1cccc(-n2c(=O)cnc3cnc(Nc4ccc(N5CCN(C)CC5)cc4)nc32)c1,1.205,1,6
CHEMBL2437461,C=CC(=O)Nc1ccc(-n2c(=O)cnc3cnc(Nc4ccc(N5CCN(C)CC5)cc4)nc32)cc1,1180.0,0,6
CHEMBL2437460,C=CC(=O)Nc1cccc(-n2c(=O)cnc3cnc(Nc4ccc(N5CCOCC5)cc4)nc32)c1,6.390000000000001,1,6
CHEMBL2437459,C=CC(=O)Nc1ccc(-n2c(=O)cnc3cnc(Nc4ccc(N5CCOCC5)cc4)nc32)cc1,5585.0,0,7
CHEMBL2437458,C=CC(=O)Nc1cccc(-n2c(=O)cnc3cnc(Nc4ccc(Cl)cc4)nc32)c1,58.05,1,6
CHEMBL2437457,C=CC(=O)Nc1ccc(-n2c(=O)cnc3cnc(Nc4ccc(Cl)cc4)nc32)cc1,434.75,1,6
CHEMBL2437488,C=CC(=O)Nc1cccc(-n2c(=O)cnc3cnc(Nc4ccccc4)nc32)c1,11.55,1,6
CHEMBL2437486,CN(C)C/C=C/C(=O)Nc1cccc(-n2c(=O)cnc3cnc(Nc4ccccc4)nc32)c1,94.0,1,6
CHEMBL2437484,COc1ccc(Nc2ncc3ncc(=O)n(-c4cccc(NC(=O)/C=C/CN(C)C)c4)c3n2)cc1,8086.0,0,7
CHEMBL2437483,COc1ccc(Nc2ncc3ncc(=O)n(-c4ccc(NC(=O)/C=C/CN(C)C)cc4)c3n2)cc1,59.1,1,7
CHEMBL2437482,C=CC(=O)Oc1ccc(-n2c(=O)cnc3cnc(Nc4ccc(OC)cc4)nc32)cc1,68.5,1,6
CHEMBL2437479,C=CC(=O)Nc1cccc(-n2c(=O)cnc3cnc(Nc4ccc(OC)cc4)nc32)c1,11.0,1,7
CHEMBL2437478,C=CC(=O)Nc1ccc(-n2c(=O)cnc3cnc(Nc4ccc(OC)cc4)nc32)cc1,665.0,1,7
CHEMBL2437477,C=CC(=O)Nc1ccc(Nc2ncc3ncc(=O)n(-c4ccc(OC)cc4)c3n2)cc1,52062.5,0,4
CHEMBL2437475,COc1ccc(-n2c(=O)cnc3cnc(Nc4ccc(N)cc4)nc32)cc1,7603.0,0,6
CHEMBL2437474,COc1ccc(-n2c(=O)cnc3cnc(Nc4cccc(N)c4)nc32)cc1,9321.0,0,6
CHEMBL2437473,COc1ccc(Nc2ncc3ncc(=O)n(-c4cccc(N)c4)c3n2)cc1,55920.0,0,3
CHEMBL2435999,COc1cc2c(Oc3ccc(NC(=O)c4cc(-c5ccc(C)cc5)ccn4)cc3F)ccnc2cc1OCCCN1CCN(C)CC1,90.05,1,1
CHEMBL2441273,CCc1ccc2nc(Nc3cc(Cc4ccccc4)nc(N[C@H]4CC[C@H](O)CC4)n3)sc2c1,630.96,1,1
CHEMBL2441567,CN(C)C/C=C/C(=O)N1CCOc2cc3ncnc(Nc4ccc(OCc5cccc(F)c5)c(Cl)c4)c3cc21,900.0,1,3
CHEMBL2441565,CN(C)C/C=C/C(=O)N1CCOc2cc3ncnc(Nc4ccc(F)c(Cl)c4)c3cc21,1107.0,0,4
CHEMBL2441568,Fc1ccc(Nc2ncnc3cc4c(cc23)NCCO4)cc1Cl,1.29,1,1
CHEMBL2442333,COc1cc(O)c2c(c1)CCN(c1cccc(C(=O)N3CCCCC3)c1)C2=O,1180.0,0,1
CHEMBL2442332,COc1cc2c(c(OC)c1)C(=O)N(c1cccc(C(=O)N3CCCCC3)c1)CC2,1230.0,0,1
CHEMBL2442329,COc1cc(O)c2c(=O)n(-c3cccc(C(=O)N4CCCCC4)c3)ccc2c1,1380.0,0,1
CHEMBL2442327,C#Cc1cccc(-n2ccc3cc(OC)cc(O)c3c2=O)c1,3060.0,0,1
CHEMBL2442324,COc1cc(OC)c2c(=O)n(-c3cccc(C(=O)N4CCCCC4)c3)ccc2c1,2120.0,0,1
CHEMBL2442320,COc1cc(OC)c2c(=O)n(-c3ccc(F)c(Cl)c3)ccc2c1,5490.0,0,1
CHEMBL2442319,C#Cc1cccc(-n2ccc3cc(OC)cc(OC)c3c2=O)c1,3510.0,0,1
CHEMBL3086102,C=CC(=O)N1CC[C@H](N2C(=O)N(c3ccccc3)Cc3cnc(Nc4ccc(N5CCN(C)CC5)c(C)c4)nc32)C1,9.2,1,3
CHEMBL3086104,C=CC(=O)N1CC[C@H](N2C(=O)N(c3ccccc3)Cc3cnc(Nc4ccc(N5CCN(C)CC5)c(Cl)c4)nc32)C1,35.6,1,1
CHEMBL3086103,C=CC(=O)N1CC[C@H](N2C(=O)N(c3ccccc3)Cc3cnc(Nc4ccc(N5CCN(C)CC5)c(C(F)(F)F)c4)nc32)C1,55.5,1,1
CHEMBL3086105,C=CC(=O)N1CC[C@H](N2C(=O)N(c3ccccc3)Cc3cnc(Nc4ccc(N5CCN(C)CC5)c(F)c4)nc32)C1,17.1,1,1
CHEMBL3086106,C=CC(=O)N1CC[C@H](N2C(=O)N(c3ccccc3)Cc3cnc(Nc4ccc(N5CCN(C)CC5)c(OC)c4)nc32)C1,7.2,1,1
CHEMBL3087194,C=CC(=O)N1CC[C@H](N2C(=O)N(c3ccccc3)Cc3cnc(Nc4ccc(CCN5CCN(C)CC5)cc4)nc32)C1,41.3,1,1
CHEMBL3087193,C=CC(=O)N1CC[C@H](N2C(=O)N(c3ccccc3)Cc3cnc(Nc4ccc(C5CCN(C)CC5)cc4)nc32)C1,16.2,1,1
CHEMBL3087195,C=CC(=O)N1CC[C@H](N2C(=O)N(c3ccccc3)Cc3cnc(Nc4cccc(N5CCN(C)CC5)c4)nc32)C1,97.9,1,1
CHEMBL3087196,C=CC(=O)N1CC[C@H](N2C(=O)N(c3ccccc3)Cc3cnc(Nc4ccc(N5CCN(C)CC5)cc4)nc32)C1,29.1,1,1
CHEMBL3087197,C=CC(=O)N1CC[C@H](N2C(=O)N(c3ccccc3)Cc3cnc(Nc4ccccc4)nc32)C1,235.4,1,1
CHEMBL3087198,C=CC(=O)N1CC[C@H](N2C(=O)N(c3ccccc3)Cc3cnc(Nc4ccc(N5CCN(C)CC5)cc4OC)nc32)C1,15.2,1,1
CHEMBL3087200,C=CC(=O)N1CC[C@H](N2C(=O)N(C3CCCCC3)Cc3cnc(Nc4ccc(N5CCN(C)CC5)cc4OC)nc32)C1,42.9,1,1
CHEMBL3087199,C=CC(=O)N1CC[C@H](N2C(=O)N(C3CCCC3)Cc3cnc(Nc4ccc(N5CCN(C)CC5)cc4OC)nc32)C1,58.7,1,1
CHEMBL3087201,C=CC(=O)N1CC[C@H](N2C(=O)N(C(C)C)Cc3cnc(Nc4ccc(N5CCN(C)CC5)cc4OC)nc32)C1,864.0,1,1
CHEMBL3087202,C=CC(=O)N1CC[C@H](N2C(=O)N(C)Cc3cnc(Nc4ccc(N5CCN(C)CC5)cc4OC)nc32)C1,525.0,1,1
CHEMBL3087205,C=CC(=O)N1CC[C@H](N2C(=O)N(Cc3ccccc3)Cc3cnc(Nc4ccc(N5CCN(C)CC5)cc4OC)nc32)C1,8.8,1,1
CHEMBL3087204,C=CC(=O)N1CC[C@@H](N2C(=O)N(Cc3ccccc3)Cc3cnc(Nc4ccc(N5CCN(C)CC5)cc4OC)nc32)C1,107.1,1,1
CHEMBL3087207,C=CC(=O)N1CCC[C@H](N2C(=O)N(Cc3ccccc3)Cc3cnc(Nc4ccc(N5CCN(C)CC5)cc4OC)nc32)C1,204.1,1,1
CHEMBL3087206,C=CC(=O)N1CCC[C@@H](N2C(=O)N(Cc3ccccc3)Cc3cnc(Nc4ccc(N5CCN(C)CC5)cc4OC)nc32)C1,40.3,1,1
CHEMBL3087208,C=CC(=O)N1CCC(N2C(=O)N(Cc3ccccc3)Cc3cnc(Nc4ccc(N5CCN(C)CC5)cc4OC)nc32)CC1,143.6,1,1
CHEMBL3087209,C=CC(=O)NC1CCC(N2C(=O)N(Cc3ccccc3)Cc3cnc(Nc4ccc(N5CCN(C)CC5)cc4OC)nc32)CC1,708.5,1,1
CHEMBL3088218,Cc1ncc([N+](=O)[O-])n1C/C(=N/NC(=O)c1ccncc1)c1ccc(Br)cc1,8190.0,0,1
CHEMBL3088219,Cc1ncc([N+](=O)[O-])n1C/C(=N/NC(=O)c1ccc(N)cc1)c1ccc(Br)cc1,430.0,1,1
CHEMBL3088220,Cc1ncc([N+](=O)[O-])n1C/C(=N/NC(=O)c1ccc(O)cc1)c1ccc(Br)cc1,210.0,1,1
CHEMBL3088221,Cc1ncc([N+](=O)[O-])n1C/C(=N/NC(=O)c1ccccc1N)c1ccc(Br)cc1,1890.0,0,1
CHEMBL3088222,Cc1ncc([N+](=O)[O-])n1C/C(=N/NC(=O)c1ccccc1O)c1ccc(Br)cc1,2580.0,0,1
CHEMBL3088223,Cc1ncc([N+](=O)[O-])n1C/C(=N/NC(=O)c1ccc(Cl)cc1)c1ccc(Br)cc1,12450.0,0,1
CHEMBL3088224,Cc1ccc(C(=O)N/N=C(/Cn2c([N+](=O)[O-])cnc2C)c2ccc(Br)cc2)cc1,6130.0,0,1
CHEMBL3088225,Cc1ncc([N+](=O)[O-])n1C/C(=N/NC(=O)c1ccccc1)c1ccc(Br)cc1,10020.0,0,1
CHEMBL3092305,COC(=O)/C=C/CNC(=O)Nc1cc2c(Nc3ccc(F)c(Cl)c3)ncnc2cc1O[C@H]1CCOC1,334.5,1,2
CHEMBL3092304,C#CCNC(=O)Nc1cc2c(Nc3ccc(F)c(Cl)c3)ncnc2cc1O[C@H]1CCOC1,303.0,1,2
CHEMBL3092303,O=C(Nc1cc2c(Nc3ccc(F)c(Cl)c3)ncnc2cc1O[C@H]1CCOC1)N1CCN(CCO)CC1,2271.5,0,2
CHEMBL3092302,O=C(Nc1cc2c(Nc3ccc(F)c(Cl)c3)ncnc2cc1O[C@H]1CCOC1)N1CCC(CCO)CC1,1620.5,0,2
CHEMBL3092301,O=C(Nc1cc2c(Nc3ccc(F)c(Cl)c3)ncnc2cc1O[C@H]1CCOC1)N1CCC(N2CCCC2)CC1,929.5,1,2
CHEMBL3092300,O=C(Nc1cc2c(Nc3ccc(F)c(Cl)c3)ncnc2cc1O[C@H]1CCOC1)N1CCC2(CC1)OCCO2,3451.0,0,2
CHEMBL3092299,O=C(Nc1cc2c(Nc3ccc(F)c(Cl)c3)ncnc2cc1O[C@H]1CCOC1)N1CCCC(F)(F)C1,1387.5,0,2
CHEMBL3092298,O=C(Nc1cc2c(Nc3ccc(F)c(Cl)c3)ncnc2cc1O[C@H]1CCOC1)N1CCC(F)(F)CC1,3085.0,0,2
CHEMBL3092297,O=C(Nc1cc2c(Nc3ccc(F)c(Cl)c3)ncnc2cc1O[C@H]1CCOC1)N1CCC(F)CC1,1261.5,0,2
CHEMBL3092321,CN1CCN(C(=O)Nc2cc3c(Nc4ccc(F)c(Cl)c4)ncnc3cc2O[C@H]2CCOC2)CC1,3021.0,0,2
CHEMBL3092320,O=C(Nc1cc2c(Nc3ccc(F)c(Cl)c3)ncnc2cc1O[C@H]1CCOC1)N1CCC(F)(F)C1,2351.0,0,2
CHEMBL3092319,O=C(Nc1cc2c(Nc3ccc(F)c(Cl)c3)ncnc2cc1O[C@H]1CCOC1)N1CC(F)C1,1566.0,0,2
CHEMBL3092318,O=C(Nc1cc2c(Nc3ccc(F)c(Cl)c3)ncnc2cc1O[C@H]1CCOC1)N1CC(O)C1,981.0,1,2
CHEMBL3092317,CN(C)CCCN(C)C(=O)Nc1cc2c(Nc3ccc(F)c(Cl)c3)ncnc2cc1O[C@H]1CCOC1,2862.5,0,2
CHEMBL3092316,CCN(CC)CCN(C)C(=O)Nc1cc2c(Nc3ccc(F)c(Cl)c3)ncnc2cc1O[C@H]1CCOC1,448.5,1,2
CHEMBL3092315,CN(C)CCN(C)C(=O)Nc1cc2c(Nc3ccc(F)c(Cl)c3)ncnc2cc1O[C@H]1CCOC1,479.0,1,2
CHEMBL3092314,CCN(CC)CCCNC(=O)Nc1cc2c(Nc3ccc(F)c(Cl)c3)ncnc2cc1O[C@H]1CCOC1,1545.0,0,2
CHEMBL3092313,CN(C)CCCNC(=O)Nc1cc2c(Nc3ccc(F)c(Cl)c3)ncnc2cc1O[C@H]1CCOC1,150.0,1,2
CHEMBL3092312,COC(CCNC(=O)Nc1cc2c(Nc3ccc(F)c(Cl)c3)ncnc2cc1O[C@H]1CCOC1)OC,472.0,1,2
CHEMBL3092311,COCCCNC(=O)Nc1cc2c(Nc3ccc(F)c(Cl)c3)ncnc2cc1O[C@H]1CCOC1,928.0,1,2
CHEMBL3092310,O=C(NCCN1CCOCC1)Nc1cc2c(Nc3ccc(F)c(Cl)c3)ncnc2cc1O[C@H]1CCOC1,65.5,1,2
CHEMBL3092309,O=C(NCCN1CCCCC1)Nc1cc2c(Nc3ccc(F)c(Cl)c3)ncnc2cc1O[C@H]1CCOC1,306.0,1,2
CHEMBL3092308,O=C(NCCN1CCCC1)Nc1cc2c(Nc3ccc(F)c(Cl)c3)ncnc2cc1O[C@H]1CCOC1,64.5,1,2
CHEMBL3092307,CCN(CC)CCNC(=O)Nc1cc2c(Nc3ccc(F)c(Cl)c3)ncnc2cc1O[C@H]1CCOC1,1300.0,0,2
CHEMBL3092306,CN(C)CCNC(=O)Nc1cc2c(Nc3ccc(F)c(Cl)c3)ncnc2cc1O[C@H]1CCOC1,1356.0,0,2
CHEMBL3092324,CS(=O)(=O)CCNC(=O)Nc1cc2c(Nc3ccc(F)c(Cl)c3)ncnc2cc1O[C@H]1CCOC1,356.5,1,2
CHEMBL3092323,COCCNC(=O)Nc1cc2c(Nc3ccc(F)c(Cl)c3)ncnc2cc1O[C@H]1CCOC1,2021.5,0,2
CHEMBL3092322,O=C(NCCO)Nc1cc2c(Nc3ccc(F)c(Cl)c3)ncnc2cc1O[C@H]1CCOC1,229.5,1,2
CHEMBL3098312,COc1cc2nc(Cl)nc(Nc3ccc(S(=O)(=O)N(C)C)cc3)c2cc1OC,67200.0,0,1
CHEMBL3098315,COc1cc2nc(Cl)nc(Nc3ccc(S(C)(=O)=O)cc3)c2cc1OC,61500.0,0,1
CHEMBL3098326,COc1cc2nc(Cl)nc(Nc3ccc(NC(C)=O)cc3)c2cc1OC,37600.0,0,1
CHEMBL3098319,COc1cc2nc(Cl)nc(Nc3ccc(N(C)C)cc3)c2cc1OC,36000.0,0,1
CHEMBL3098318,NS(=O)(=O)c1ccc(Nc2nc(Cl)nc3cc4c(cc23)OCO4)cc1,34600.0,0,1
CHEMBL3098313,CN(C)S(=O)(=O)c1ccc(Nc2nc(Cl)nc3cc4c(cc23)OCO4)cc1,18300.0,0,1
CHEMBL525527,COc1cc2nc(Cl)nc(Nc3ccc(S(=O)(=O)Nc4nccs4)cc3)c2cc1OC,9700.0,0,1
CHEMBL3098322,COc1cc2nc(Cl)nc(Nc3ccc(O)cc3)c2cc1OC,4300.0,0,1
CHEMBL3098317,COc1cc2nc(Cl)nc(Nc3ccc(S(N)(=O)=O)cc3)c2cc1OC,2370.0,0,1
CHEMBL3098321,CNS(=O)(=O)c1ccc(Nc2nc(Cl)nc3cc(OC)c(OC)cc23)cc1,1630.0,0,1
CHEMBL3098325,COc1cc2nc(Cl)nc(Nc3ccc(C(N)=O)cc3)c2cc1OC,900.0,1,1
CHEMBL3114690,C#Cc1cccc(Nc2ncnc3cc4c(cc23)N(C(=O)/C=C/CN(C)C)CCO4)c1,24.5,1,2
CHEMBL3114689,C#Cc1cccc(Nc2ncnc3cc4c(cc23)N(C(=O)/C=C/CN2CCN(C)CC2)CCO4)c1,398.0,1,2
CHEMBL3114688,C#Cc1cccc(Nc2ncnc3cc4c(cc23)N(C(=O)/C=C/CN2CCCCC2)CCO4)c1,23.0,1,2
CHEMBL3114687,C#Cc1cccc(Nc2ncnc3cc4c(cc23)N(C(=O)/C=C/CN(CC)CC)CCO4)c1,23.5,1,2
CHEMBL3114686,C#Cc1cccc(Nc2ncnc3cc4c(cc23)N(C(=O)/C=C/CN2CCCCC2C)CCO4)c1,36.0,1,2
CHEMBL3114701,C#Cc1cccc(Nc2ncnc3cc4c(cc23)N(C(=O)/C=C/CN2CCC(C)CC2)CCO4)c1,43.5,1,2
CHEMBL3114700,C#Cc1cccc(Nc2ncnc3cc4c(cc23)N(C(=O)/C=C/CN2CCCC2)CCO4)c1,31.5,1,2
CHEMBL3114699,C#Cc1cccc(Nc2ncnc3cc4c(cc23)N(C(=O)/C=C/CN2CCOCC2)CCO4)c1,326.0,1,2
CHEMBL3134612,COc1cc(Nc2nccc(-c3ccc(Cl)cc3)n2)cc(OC)c1OC,2145.0,0,1
CHEMBL3133821,Oc1cccc(Nc2ccnc3[nH]c4ccccc4c23)c1,270.0,1,1
CHEMBL3133758,CCN(CCO)CCCOc1ccc2c(Nc3cccc(NC(=O)Nc4ccc(F)c(Cl)c4)c3)ncnc2c1,165.0,1,2
CHEMBL3133757,CCN(CCO)CCCOc1ccc2c(Nc3cccc(NC(=O)Nc4ccc(Cl)c(C(F)(F)F)c4)c3)ncnc2c1,188.0,1,1
CHEMBL3133756,O=C(Nc1cccc(Nc2ncnc3cc(OCCCN4CCN(CCO)CC4)ccc23)c1)Nc1ccc(Cl)c(C(F)(F)F)c1,99.0,1,1
CHEMBL3133755,O=C(Nc1cccc(Nc2ncnc3cc(OCCCN4CCOCC4)ccc23)c1)Nc1ccc(F)c(Cl)c1,3315.0,0,1
CHEMBL3133754,COc1cc2ncnc(Nc3cccc(NC(=O)Nc4cccc(C)c4)c3)c2cc1OCCCN1CCOCC1,2350.0,0,1
CHEMBL3133752,COc1cc2ncnc(Nc3cccc(NC(=O)Nc4ccc(Cl)c(C(F)(F)F)c4)c3)c2cc1OCCCN1CCOCC1,82.0,1,1
CHEMBL3133751,COc1cc2ncnc(Nc3ccc(NC(=O)Nc4ccc(Cl)c(C(F)(F)F)c4)cc3)c2cc1OCCCN1CCOCC1,285.0,1,1
CHEMBL3133899,C=CC(=O)N1CCc2c(sc3ncnc(Nc4ccc(CC)cc4)c23)C1,3755.0,0,2
CHEMBL3133895,C=CC(=O)N1CCc2c(sc3ncnc(Nc4cccc(C)c4F)c23)C1,2115.0,0,2
CHEMBL3133894,C=CC(=O)Nc1ccc2ncnc(NC3CCCCC3)c2c1,3100.0,0,2
CHEMBL3133893,C=CC(=O)Nc1ccc2ncnc(Nc3ccc(S(=O)(=O)Nc4ccccn4)cc3)c2c1,7095.0,0,2
CHEMBL3133908,C=CC(=O)Nc1ccc2ncnc(Nc3cccc(CC)c3)c2c1,1487.5,0,2
CHEMBL3133907,C=CC(=O)Nc1ccc2ncnc(Nc3ccccc3CC)c2c1,10450.0,0,2
CHEMBL3133906,C=CC(=O)Nc1ccc2ncnc(Nc3ccc(OC)cc3OC)c2c1,27265.5,0,2
CHEMBL3133904,C=CC(=O)Nc1ccc2ncnc(Nc3cccc(C)c3F)c2c1,1500.0,0,3
CHEMBL3132872,C=CC(=O)Nc1ccc2ncnc(Nc3ccc(Br)cc3F)c2c1,36.0,1,3
CHEMBL3133898,C=CC(=O)N1CCc2c(sc3ncnc(Nc4cccc(CC)c4)c23)C1,8730.0,0,1
CHEMBL3133897,C=CC(=O)N1CCc2c(sc3ncnc(Nc4ccc(Br)c(C)c4)c23)C1,4400.0,0,1
CHEMBL3133896,C=CC(=O)N1CCc2c(sc3ncnc(Nc4ccc(Br)cc4F)c23)C1,3710.0,0,1
CHEMBL3133912,C=CC(=O)Nc1ccc2ncnc(Nc3ccc(S(=O)(=O)Nc4nccs4)cc3)c2c1,43700.0,0,1
CHEMBL3133911,C=CC(=O)Nc1ccc2ncnc(Nc3ccc(S(=O)(=O)NC(=N)N)cc3)c2c1,53300.0,0,1
CHEMBL3133910,C=CC(=O)Nc1ccc2ncnc(Nc3ccc(S(N)(=O)=O)cc3)c2c1,76500.0,0,1
CHEMBL3133909,C=CC(=O)Nc1ccc2ncnc(Nc3ccc(CC)cc3)c2c1,3200.0,0,1
CHEMBL3133905,C=CC(=O)Nc1ccc2ncnc(Nc3ccc(Br)c(OC)c3)c2c1,2500.0,0,1
CHEMBL3133903,C=CC(=O)Nc1ccc2ncnc(Nc3ccc(Br)c(C)c3)c2c1,2300.0,0,1
CHEMBL3133902,C=CC(=O)Nc1ccc2ncnc(Nc3ccc(Br)cc3C)c2c1,2200.0,0,1
CHEMBL3133901,C=CC(=O)Nc1ccc2ncnc(Nc3c(F)cccc3Br)c2c1,2200.0,0,1
CHEMBL3219125,C=CC(=O)Nc1cccc(N2C(=O)CN(C)C(=O)c3cnc(Nc4ccc(N5CCN(C)CC5)cc4OC)nc32)c1,22.34,1,5
CHEMBL3219127,C=CC(=O)Nc1cccc(N2C(=O)C3CCCCN3C(=O)c3cnc(Nc4ccc(N5CCN(C)CC5)cc4OC)nc32)c1,4.3,1,5
CHEMBL3219128,C=CC(=O)Nc1cccc(N2C(=O)C(C)N(C)C(=O)c3cnc(Nc4ccc(N5CCN(C)CC5)cc4OC)nc32)c1,41.59,1,5
CHEMBL3219129,C=CC(=O)Nc1cccc(N2C(=O)C(C(C)C)N(C)C(=O)c3cnc(Nc4ccc(N5CCN(C)CC5)cc4OC)nc32)c1,24.83,1,5
CHEMBL3219130,C=CC(=O)Nc1cccc(N2C(=O)C(C(C)CC)N(C)C(=O)c3cnc(Nc4ccc(N5CCN(C)CC5)cc4OC)nc32)c1,13.25,1,5
CHEMBL3219131,C=CC(=O)Nc1cccc(N2C(=O)C(c3ccccc3)N(C)C(=O)c3cnc(Nc4ccc(N5CCN(C)CC5)cc4OC)nc32)c1,125.46,1,4
CHEMBL3219132,C=CC(=O)Nc1cccc(N2C(=O)CN(c3ccccc3)C(=O)c3cnc(Nc4ccc(N5CCN(C)CC5)cc4OC)nc32)c1,30.74,1,5
CHEMBL3219133,C=CC(=O)Nc1cccc(N2C(=O)C(Cc3ccccc3)N(C)C(=O)c3cnc(Nc4ccc(N5CCN(C)CC5)cc4OC)nc32)c1,8.33,1,5
CHEMBL3219134,C=CC(=O)Nc1cccc(N2C(=O)C(Cc3ccc(OC)cc3)N(C)C(=O)c3cnc(Nc4ccc(N5CCN(C)CC5)cc4OC)nc32)c1,53.94,1,5
CHEMBL3219135,C=CC(=O)Nc1cccc(N2C(=O)C(Cc3ccc(Cl)cc3)N(C)C(=O)c3cnc(Nc4ccc(N5CCN(C)CC5)cc4OC)nc32)c1,59.36,1,5
CHEMBL3219347,C=CC(=O)Nc1cccc(N2C(=O)C(Cc3ccc(F)cc3)N(C)C(=O)c3cnc(Nc4ccc(N5CCN(C)CC5)cc4OC)nc32)c1,14.08,1,5
CHEMBL3219348,C=CC(=O)Nc1cccc(N2C(=O)CN(Cc3ccccc3)C(=O)c3cnc(Nc4ccc(N5CCN(C)CC5)cc4OC)nc32)c1,9.12,1,5
CHEMBL3219502,COc1cc2ncnc(Nc3cccc(Cl)c3)c2cc1B1OC(C)(C)C(C)(C)O1,490.0,1,1
CHEMBL3219505,CC1(C)OB(c2ccc3ncnc(Nc4ccc(F)c(Cl)c4)c3c2)OC1(C)C,570.0,1,1
CHEMBL3218424,OB(O)c1ccc2ncnc(Nc3cccc(Cl)c3)c2c1,650.0,1,1
CHEMBL3219504,CC1(C)OB(c2ccc3ncnc(Nc4cccc(Cl)c4)c3c2)OC1(C)C,590.0,1,1
CHEMBL3219503,COc1cc2ncnc(Nc3ccc(F)c(Cl)c3)c2cc1B1OC(C)(C)C(C)(C)O1,520.0,1,1
CHEMBL3219506,OB(O)c1ccc2ncnc(Nc3ccc(F)c(Cl)c3)c2c1,800.0,1,1
CHEMBL3219507,COc1cc2ncnc(Nc3cccc(Cl)c3)c2cc1B(O)O,460.0,1,1
CHEMBL3219508,COc1cc2ncnc(Nc3ccc(F)c(Cl)c3)c2cc1B(O)O,510.0,1,1
CHEMBL3217993,Nc1ccccc1NC(=O)c1ccc(COc2ccc3ncnc(Nc4cccc(Br)c4)c3c2)cc1,33.0,1,1
CHEMBL3218000,C#Cc1cccc(Nc2ncnc3ccc(OCc4ccc(C(=O)Nc5ccccc5N)cc4)cc23)c1,78.0,1,1
CHEMBL3218001,C#Cc1cccc(Nc2ncnc3ccc(S(=O)(=O)n4ccc(/C=C/C(=O)Nc5ccccc5N)c4)cc23)c1,689.0,1,2
CHEMBL3218002,C#Cc1cccc(Nc2ncnc3ccc(S(=O)(=O)n4ccc(/C=C/C(=O)NO)c4)cc23)c1,1200.0,0,2
CHEMBL3221551,CCCCOC(=O)Nc1ccc(Nc2ncnc3cc(OC)c(OC)cc23)cc1.Cl,800.0,1,1
CHEMBL3221554,CCOC(=O)Nc1ccc(Nc2ncnc3cc(OC)c(OC)cc23)cc1C.Cl,900.0,1,1
CHEMBL3221556,CCCOC(=O)Nc1ccc(Nc2ncnc3cc(OC)c(OC)cc23)cc1C.Cl,900.0,1,1
CHEMBL3221561,CCOC(=O)Nc1cc(Nc2ncnc3cc(OC)c(OC)cc23)ccc1Cl.Cl,900.0,1,1
CHEMBL3221560,CCOC(=O)Nc1ccc(Nc2ncnc3cc(OC)c(OC)cc23)cc1Cl.Cl,1000.0,1,1
CHEMBL3221258,CCCOC(=O)Nc1ccc(Nc2ncnc3cc(OC)c(OC)cc23)cc1Cl.Cl,1000.0,1,1
CHEMBL3221542,CCCOc1cc2ncnc(Nc3ccc(NC(=O)OCC)c(C)c3)c2cc1OC.Cl,3900.0,0,1
CHEMBL3221552,COC(=O)Nc1ccc(Nc2ncnc3cc(OC)c(OC)cc23)cc1C.Cl,4000.0,0,1
CHEMBL3221555,CCOC(=O)Nc1cc(Nc2ncnc3cc(OC)c(OC)cc23)ccc1C.Cl,5000.0,0,1
CHEMBL3221547,CCCOc1cc2ncnc(Nc3ccc(NC(=O)OCC)c(Cl)c3)c2cc1OC.Cl,5500.0,0,1
CHEMBL3221558,COC(=O)Nc1ccc(Nc2ncnc3cc(OC)c(OC)cc23)cc1Cl.Cl,6150.0,0,1
CHEMBL3221259,CCCCOC(=O)Nc1ccc(Nc2ncnc3cc(OC)c(OC)cc23)cc1Cl.Cl,6400.0,0,1
CHEMBL3218346,C=CC(=O)Nc1cccc(Nc2cc(Nc3cccc(Br)c3)ncn2)c1,104.0,1,5
CHEMBL3218347,CCC(=O)Nc1cccc(Nc2cc(Nc3cccc(Br)c3)ncn2)c1,204.5,1,4
CHEMBL3221550,CCCOC(=O)Nc1ccc(Nc2ncnc3cc(OC)c(OC)cc23)cc1.Cl,7050.0,0,1
CHEMBL3221553,COC(=O)Nc1cc(Nc2ncnc3cc(OC)c(OC)cc23)ccc1C.Cl,7200.0,0,1
CHEMBL3221557,CCCCOC(=O)Nc1ccc(Nc2ncnc3cc(OC)c(OC)cc23)cc1C.Cl,7600.0,0,1
CHEMBL3221541,CCOC(=O)Nc1ccc(Nc2ncnc3cc(OCCN4CCOCC4)c(OC)cc23)cc1C.Cl,8000.0,0,1
CHEMBL3221546,CCOC(=O)Nc1ccc(Nc2ncnc3cc(OCCN4CCOCC4)c(OC)cc23)cc1Cl.Cl,8500.0,0,1
CHEMBL3221548,CCCCOc1cc2c(Nc3ccc(NC(=O)OCC)c(Cl)c3)ncnc2cc1OCCN(CC)CC.Cl,9800.0,0,1
CHEMBL3234864,Cc1ncc([N+](=O)[O-])n1CC(=O)N/N=C/c1cc2ccccc2nc1Oc1ccccc1,12825.0,0,2
CHEMBL3234865,Cc1ccc(Oc2nc3ccccc3cc2/C=N/NC(=O)Cn2c([N+](=O)[O-])cnc2C)cc1,15400.0,0,2
CHEMBL3234866,COc1ccc(Oc2nc3ccccc3cc2/C=N/NC(=O)Cn2c([N+](=O)[O-])cnc2C)cc1,6145.0,0,2
CHEMBL3234867,Cc1ncc([N+](=O)[O-])n1CC(=O)N/N=C/c1cc2ccccc2nc1Oc1ccc(F)cc1,10695.0,0,2
CHEMBL3235199,Cc1ncc([N+](=O)[O-])n1CC(=O)N/N=C/c1cc2ccccc2nc1Oc1ccc(Cl)cc1,4610.0,0,2
CHEMBL3235200,Cc1ccc2nc(Oc3ccccc3)c(/C=N/NC(=O)Cn3c([N+](=O)[O-])cnc3C)cc2c1,2375.0,0,2
CHEMBL3235201,Cc1ccc(Oc2nc3ccc(C)cc3cc2/C=N/NC(=O)Cn2c([N+](=O)[O-])cnc2C)cc1,8590.0,0,2
CHEMBL3235202,COc1ccc(Oc2nc3ccc(C)cc3cc2/C=N/NC(=O)Cn2c([N+](=O)[O-])cnc2C)cc1,1150.0,0,2
CHEMBL3235203,Cc1ccc2nc(Oc3ccc(F)cc3)c(/C=N/NC(=O)Cn3c([N+](=O)[O-])cnc3C)cc2c1,425.0,1,2
CHEMBL3235204,Cc1ccc2nc(Oc3ccc(Cl)cc3)c(/C=N/NC(=O)Cn3c([N+](=O)[O-])cnc3C)cc2c1,13830.0,0,2
CHEMBL3234736,Cc1ccc(C(=O)Nc2ccc(CN3CCN(C)CC3)c(C(F)(F)F)c2)cc1NC(=O)c1cccnc1,550.0,1,1
CHEMBL3234737,Cc1ccc(C(=O)Nc2ccc(CN3CCN(C)CC3)c(C(F)(F)F)c2)cc1NC(=O)c1ccccn1,575.0,1,1
CHEMBL3234740,Cc1ccc(C(=O)Nc2ccc(CN3CCN(C)CC3)c(C(F)(F)F)c2)cc1NC(=O)c1cnccn1,3900.0,0,1
CHEMBL3234741,Cc1ccc(C(=O)Nc2ccc(CN3CCN(C)CC3)c(C(F)(F)F)c2)cc1NC(=O)c1cncnc1,1920.0,0,1
CHEMBL3234742,Cc1ccc(C(=O)Nc2ccc(CN3CCN(C)CC3)c(C(F)(F)F)c2)cc1NC(=O)c1cnc(N)nc1,43.0,1,1
CHEMBL3234743,Cc1ccc(C(=O)Nc2ccc(CN3CCN(C)CC3)c(C(F)(F)F)c2)cc1NC(=O)c1ccc(O)nc1,1330.0,0,1
CHEMBL3234744,CNc1ncc(C(=O)Nc2cc(C(=O)Nc3ccc(CN4CCN(C)CC4)c(C(F)(F)F)c3)ccc2C)cn1,120.0,1,1
CHEMBL3234745,CCNc1ncc(C(=O)Nc2cc(C(=O)Nc3ccc(CN4CCN(C)CC4)c(C(F)(F)F)c3)ccc2C)cn1,130.0,1,1
CHEMBL3234746,Cc1ccc(C(=O)Nc2ccc(CN3CCN(C)CC3)c(C(F)(F)F)c2)cc1NC(=O)c1cnc(NC(C)C)nc1,43.0,1,1
CHEMBL3234747,Cc1ccc(C(=O)Nc2ccc(CN3CCN(C)CC3)c(C(F)(F)F)c2)cc1NC(=O)c1cnc(NC2CC2)nc1,44.0,1,1
CHEMBL3234748,Cc1ccc(C(=O)Nc2ccc(CN3CCN(C)CC3)c(C(F)(F)F)c2)cc1NC(=O)c1cnc(NC2CCCC2)nc1,33.0,1,1
CHEMBL3234749,Cc1ccc(C(=O)Nc2ccc(CN3CCN(C)CC3)c(C(F)(F)F)c2)cc1NC(=O)c1cnc(NC2CCCCC2)nc1,47.0,1,1
CHEMBL3234750,Cc1ccc(C(=O)Nc2ccc(CN3CCN(C)CC3)c(C(F)(F)F)c2)cc1NC(=O)c1cnc(Nc2ccccc2)nc1,6.0,1,1
CHEMBL3234751,Cc1ccc(C(=O)Nc2ccc(CN3CCN(C)CC3)c(C(F)(F)F)c2)cc1NC(=O)c1cnc(N(C)C)nc1,5540.0,0,1
CHEMBL3234752,Cc1ccc(C(=O)Nc2ccc(CN3CCN(C)CC3)c(C(F)(F)F)c2)cc1NC(=O)c1cnc2[nH]ccc2c1,8.0,1,1
CHEMBL3234753,Cc1ccc(C(=O)Nc2ccc(CN3CCN(C)CC3)c(C(F)(F)F)c2)cc1NC(=O)c1cnc2[nH]ncc2c1,30.0,1,1
CHEMBL3234755,CN1CCN(Cc2ccc(NC(=O)c3cccc(NC(=O)c4cnc5[nH]ccc5c4)c3)cc2C(F)(F)F)CC1,680.0,1,1
CHEMBL3234756,CCc1ccc(C(=O)Nc2ccc(CN3CCN(C)CC3)c(C(F)(F)F)c2)cc1NC(=O)c1cnc2[nH]ccc2c1,99.0,1,1
CHEMBL3234757,CC(C)c1ccc(C(=O)Nc2ccc(CN3CCN(C)CC3)c(C(F)(F)F)c2)cc1NC(=O)c1cnc2[nH]ccc2c1,160.0,1,1
CHEMBL3237931,COc1cc(N2CCN(C)CC2)ccc1Nc1ncc(Cl)c(Oc2cccc(NC(=O)CCN3CCCC3)c2)n1,427.0,1,3
CHEMBL3237930,CCN(CC)CCC(=O)Nc1cccc(Oc2nc(Nc3ccc(N4CCN(C)CC4)cc3OC)ncc2Cl)c1,818.0,1,3
CHEMBL3237929,COc1cc(N2CCN(C)CC2)ccc1Nc1ncc(Cl)c(Oc2cccc(NC(=O)CCN(C)C)c2)n1,638.0,1,3
CHEMBL3237932,COc1cc(N2CCN(C)CC2)ccc1Nc1ncc(Cl)c(Oc2cccc(NC(=O)CCN3CCCCC3)c2)n1,4527.0,0,3
CHEMBL3237934,COc1cc(N2CCN(C)CC2)ccc1Nc1ncc(Cl)c(Oc2cccc(NC(=O)CCN3CCN(C)CC3)c2)n1,7442.0,0,3
CHEMBL3237935,CCOC(=O)N1CCN(CCC(=O)Nc2cccc(Oc3nc(Nc4ccc(N5CCN(C)CC5)cc4OC)ncc3Cl)c2)CC1,698.0,1,3
CHEMBL3237936,COc1cc(N2CCN(C)CC2)ccc1Nc1ncc(Cl)c(Oc2cccc(NC(=O)CCN3CCN(CCO)CC3)c2)n1,2419.0,0,3
CHEMBL3237937,COc1cc(N2CCN(C)CC2)ccc1Nc1ncc(Cl)c(Oc2cccc(NC(=O)CCN3CCN(CCOc4no[n+]([O-])c4S(=O)(=O)c4ccccc4)CC3)c2)n1,262.0,1,3
CHEMBL3237938,Cc1nn(-c2ccccc2)c(Cl)c1C1C(C#N)=C(N)N(c2cccnc2)C2=C1C(=O)CCC2,18020.0,0,1
CHEMBL3237939,Cc1ccc(-n2nc(C)c(C3C(C#N)=C(N)N(c4cccnc4)C4=C3C(=O)CCC4)c2Cl)cc1,10120.0,0,1
CHEMBL3237940,Cc1nn(-c2ccc(Cl)cc2)c(Cl)c1C1C(C#N)=C(N)N(c2cccnc2)C2=C1C(=O)CCC2,4150.0,0,1
CHEMBL3237941,Cc1nn(-c2ccccc2)c(Cl)c1C1C(C#N)=C(N)N(c2cccnc2)C2=C1C(=O)CC(C)(C)C2,32130.0,0,1
CHEMBL3237942,Cc1ccc(-n2nc(C)c(C3C(C#N)=C(N)N(c4cccnc4)C4=C3C(=O)CC(C)(C)C4)c2Cl)cc1,14700.0,0,1
CHEMBL3237943,Cc1nn(-c2ccc(Cl)cc2)c(Cl)c1C1C(C#N)=C(N)N(c2cccnc2)C2=C1C(=O)CC(C)(C)C2,24050.0,0,1
CHEMBL3237944,CCOC(=O)C1=C(N)N(c2cccnc2)C2=C(C(=O)CCC2)C1c1c(C)nn(-c2ccccc2)c1Cl,2090.0,0,1
CHEMBL3237945,CCOC(=O)C1=C(N)N(c2cccnc2)C2=C(C(=O)CCC2)C1c1c(C)nn(-c2ccc(C)cc2)c1Cl,910.0,1,1
CHEMBL3237946,CCOC(=O)C1=C(N)N(c2cccnc2)C2=C(C(=O)CCC2)C1c1c(C)nn(-c2ccc(Cl)cc2)c1Cl,6150.0,0,1
CHEMBL3237947,CCOC(=O)C1=C(N)N(c2cccnc2)C2=C(C(=O)CC(C)(C)C2)C1c1c(C)nn(-c2ccccc2)c1Cl,11180.0,0,1
CHEMBL3237948,CCOC(=O)C1=C(N)N(c2cccnc2)C2=C(C(=O)CC(C)(C)C2)C1c1c(C)nn(-c2ccc(C)cc2)c1Cl,510.0,1,1
CHEMBL3237949,CCOC(=O)C1=C(N)N(c2cccnc2)C2=C(C(=O)CC(C)(C)C2)C1c1c(C)nn(-c2ccc(Cl)cc2)c1Cl,1030.0,0,1
CHEMBL3233759,COC(=O)CC(=O)Nc1cc2c(Nc3ccc(F)c(Cl)c3)ncnc2s1,4997.0,0,1
CHEMBL3233761,CN(C)CCCC(=O)Nc1cc2c(Nc3ccc(F)c(Cl)c3)ncnc2s1,1301.0,0,2
CHEMBL3233762,CN(C)CCN(C)CC(=O)Nc1cc2c(Nc3ccc(F)c(Cl)c3)ncnc2s1,4286.0,0,1
CHEMBL3233763,CN(C)CCCN(C)CC(=O)Nc1cc2c(Nc3ccc(F)c(Cl)c3)ncnc2s1,3460.5,0,2
CHEMBL3233764,O=C(CN1CCC(CCO)CC1)Nc1cc2c(Nc3ccc(F)c(Cl)c3)ncnc2s1,542.0,1,1
CHEMBL3233765,CN1CCN(CC(=O)Nc2cc3c(Nc4ccc(F)c(Cl)c4)ncnc3s2)CC1,3399.0,0,1
CHEMBL3233766,O=C(CN1CCN(CCO)CC1)Nc1cc2c(Nc3ccc(F)c(Cl)c3)ncnc2s1,770.0,1,1
CHEMBL3233767,C=CC(=O)Nc1cc2c(Nc3ccc(F)c(Cl)c3)ncnc2s1,20.0,1,2
CHEMBL3233768,C/C=C(\C)C(=O)Nc1cc2c(Nc3ccc(F)c(Cl)c3)ncnc2s1,6414.0,0,1
CHEMBL3233769,C=CCOC(=O)Nc1cc2c(Nc3ccc(F)c(Cl)c3)ncnc2s1,5825.5,0,2
CHEMBL3233770,O=C(CCl)Nc1cc2c(Nc3ccc(F)c(Cl)c3)ncnc2s1,375.0,1,2
CHEMBL3233771,COCCNC/C=C/C(=O)Nc1cc2c(Nc3ccc(F)c(Cl)c3)ncnc2s1,522.5,1,2
CHEMBL3233772,CN(C)CCCNC/C=C/C(=O)Nc1cc2c(Nc3ccc(F)c(Cl)c3)ncnc2s1,598.35,1,2
CHEMBL3233773,CS(=O)(=O)CCNC/C=C/C(=O)Nc1cc2c(Nc3ccc(F)c(Cl)c3)ncnc2s1,35.5,1,2
CHEMBL3233774,O=C(/C=C/CNCC1COC1)Nc1cc2c(Nc3ccc(F)c(Cl)c3)ncnc2s1,16.0,1,2
CHEMBL3233775,O=C(/C=C/CNC1CCOCC1)Nc1cc2c(Nc3ccc(F)c(Cl)c3)ncnc2s1,26.0,1,2
CHEMBL3233776,O=C(/C=C/CNCc1ncccn1)Nc1cc2c(Nc3ccc(F)c(Cl)c3)ncnc2s1,31.5,1,2
CHEMBL3233777,CN(C)C/C=C/C(=O)Nc1cc2c(Nc3ccc(F)c(Cl)c3)ncnc2s1,174.0,1,2
CHEMBL3233778,CCN(CC)C/C=C/C(=O)Nc1cc2c(Nc3ccc(F)c(Cl)c3)ncnc2s1,21.5,1,2
CHEMBL3233779,COC(CN(C)C/C=C/C(=O)Nc1cc2c(Nc3ccc(F)c(Cl)c3)ncnc2s1)OC,31.5,1,2
CHEMBL3233780,CCN(CC)CCN(C)C/C=C/C(=O)Nc1cc2c(Nc3ccc(F)c(Cl)c3)ncnc2s1,246.5,1,2
CHEMBL3233781,CN(C)CCCN(C)C/C=C/C(=O)Nc1cc2c(Nc3ccc(F)c(Cl)c3)ncnc2s1,567.5,1,2
CHEMBL3233782,O=C(/C=C/CN1CC(O)C1)Nc1cc2c(Nc3ccc(F)c(Cl)c3)ncnc2s1,171.5,1,2
CHEMBL3233783,O=C(/C=C/CN1CCC(F)(F)C1)Nc1cc2c(Nc3ccc(F)c(Cl)c3)ncnc2s1,891.5,1,2
CHEMBL3233784,O=C(/C=C/CN1CCCCC1)Nc1cc2c(Nc3ccc(F)c(Cl)c3)ncnc2s1,5.5,1,2
CHEMBL3233785,O=C(/C=C/CN1CC2CCC1C(=O)C2)Nc1cc2c(Nc3ccc(F)c(Cl)c3)ncnc2s1,2.45,1,2
CHEMBL3233786,O=C(/C=C/CN1CCC(F)CC1)Nc1cc2c(Nc3ccc(F)c(Cl)c3)ncnc2s1,4.5,1,2
CHEMBL3233787,O=C(/C=C/CN1CCC(F)(F)CC1)Nc1cc2c(Nc3ccc(F)c(Cl)c3)ncnc2s1,5.5,1,2
CHEMBL3233788,CSC1CCN(C/C=C/C(=O)Nc2cc3c(Nc4ccc(F)c(Cl)c4)ncnc3s2)CC1,22.0,1,2
CHEMBL3233789,CN1CCN(C/C=C/C(=O)Nc2cc3c(Nc4ccc(F)c(Cl)c4)ncnc3s2)CC1,63.5,1,2
CHEMBL3233790,CCN1CCN(C/C=C/C(=O)Nc2cc3c(Nc4ccc(F)c(Cl)c4)ncnc3s2)CC1,19.5,1,2
CHEMBL3233791,CC(C)N1CCN(C/C=C/C(=O)Nc2cc3c(Nc4ccc(F)c(Cl)c4)ncnc3s2)CC1,18.0,1,2
CHEMBL3233792,O=C(/C=C/CN1CCOCC1)Nc1cc2c(Nc3ccc(F)c(Cl)c3)ncnc2s1,3.0,1,2
CHEMBL3233793,O=C(/C=C/CN1CCS(=O)(=O)CC1)Nc1cc2c(Nc3ccc(F)c(Cl)c3)ncnc2s1,18.0,1,2
CHEMBL3233020,O=C(/C=C/CN1CC2(COC2)C1)Nc1cc2c(Nc3ccc(F)c(Cl)c3)ncnc2s1,25.0,1,2
CHEMBL3233794,O=C(/C=C/CN1CC2(CCOCC2)C1)Nc1cc2c(Nc3ccc(F)c(Cl)c3)ncnc2s1,2205.5,0,2
CHEMBL3233795,O=C(/C=C/CN1CCC2(CC1)OCCO2)Nc1cc2c(Nc3ccc(F)c(Cl)c3)ncnc2s1,11.0,1,2
CHEMBL3263959,COc1cc2c(Oc3ccc(NC(=O)c4c(C)n(C)n(-c5ccccc5)c4=O)cc3F)ccnc2cc1OCCCN1CCN(C)CC1,7670.0,0,1
CHEMBL3263960,COc1cc2c(Oc3ccc(NS(=O)(=O)c4cccc(-c5ccoc5)c4)cc3F)ccnc2cc1OCCCN1CCOCC1,3377.5,0,2
CHEMBL3263961,COc1cc2c(Oc3ccc(NS(=O)(=O)c4cccc(-c5cnn(C)c5)c4)cc3F)ccnc2cc1OCCCN1CCOCC1,1669.5,0,2
CHEMBL3263962,COc1cc2c(Oc3ccc(NS(=O)(=O)c4cccc(-c5cnn(C)c5)c4)cc3F)ccnc2cc1OCCCN1CCN(C)CC1,226.5,1,2
CHEMBL3263963,COc1cc2c(Oc3ccc(NS(=O)(=O)c4cccc(-c5ccoc5)c4)cc3F)ccnc2cc1OCCCN1CCN(C)CC1,225.5,1,2
CHEMBL3263964,COc1cc2c(Oc3ccc(NS(=O)(=O)c4cccc(-c5ccsc5)c4)cc3F)ccnc2cc1OCCCN1CCN(C)CC1,202.0,1,2
CHEMBL3263965,COc1cc2c(Oc3ccc(NS(=O)(=O)c4cc(-c5ccsc5)ccc4F)cc3F)ccnc2cc1OCCCN1CCN(C)CC1,575.0,1,2
CHEMBL3263966,COc1cc2c(Oc3ccc(NS(=O)(=O)c4ccc(-c5cnn(C)c5)cc4)cc3F)ccnc2cc1OCCCN1CCN(C)CC1,5946.0,0,2
CHEMBL3263967,COc1cc2c(Oc3ccc(NS(=O)(=O)c4ccc(-c5ccsc5)cc4)cc3F)ccnc2cc1OCCCN1CCN(C)CC1,1525.0,0,2
CHEMBL3263968,COc1cc2c(Oc3ccc(NS(=O)(=O)c4cccc(-c5cccs5)c4)cc3F)ccnc2cc1OCCCN1CCN(C)CC1,1104.5,0,2
CHEMBL3263969,COc1cc2c(Oc3ccc(NS(=O)(=O)c4cccc(-c5ccco5)c4)cc3F)ccnc2cc1OCCCN1CCN(C)CC1,1903.5,0,2
CHEMBL3263359,Cc1ccc(C2=NN(C3=NC(c4ccccc4)CS3)C(c3cccc4ccccc34)C2)cc1C,3960.0,0,1
CHEMBL3263364,COc1ccc(C2=NN(C3=NC(=O)CS3)C(c3cccc4ccccc34)C2)cc1,5530.0,0,1
CHEMBL3263366,Cc1ccc(C2=NN(C3=NC(=O)CS3)C(c3cccc4ccccc34)C2)cc1C,1320.0,0,1
CHEMBL3263372,Cc1ccc(C2=NN(C3=NC(c4ccccc4)CS3)C(c3ccc4ccccc4c3)C2)cc1,5260.0,0,1
CHEMBL3263373,Cc1ccc(C2=NN(C3=NC(c4ccccc4)CS3)C(c3ccc4ccccc4c3)C2)cc1C,650.0,1,1
CHEMBL3263374,O=C1CSC(N2N=C(c3ccccc3)CC2c2ccc3ccccc3c2)=N1,6310.0,0,1
CHEMBL3263378,COc1ccc(C2=NN(C3=NC(=O)CS3)C(c3ccc4ccccc4c3)C2)cc1,2800.0,0,1
CHEMBL3263379,Cc1ccc(C2=NN(C3=NC(=O)CS3)C(c3ccc4ccccc4c3)C2)cc1,3250.0,0,1
CHEMBL3263380,Cc1ccc(C2=NN(C3=NC(=O)CS3)C(c3ccc4ccccc4c3)C2)cc1C,120.0,1,1
CHEMBL3290142,C=CC(=O)Nc1cccc(Nc2ncc(NC(=O)c3cc(NC(=O)c4cccc(C(F)(F)F)c4)ccc3C)cn2)c1,41.5,1,2
CHEMBL3290148,C=CC(=O)NCC(=O)Nc1cccc(Nc2ncc(NC(=O)c3cc(NC(=O)c4cccc(C(F)(F)F)c4)ccc3C)cn2)c1,7.0,1,1
CHEMBL3287898,CCc1ccccc1NC(=O)N1C[C@@H](C)Oc2cc(-c3ccc([C@H]4CC[C@H](CC(=O)O)CC4)cc3)ccc21,7500.0,0,1
CHEMBL3297893,Cc1nc(Nc2ccc(C(F)(F)F)cc2)c2cc(C)oc2n1,122.1,1,1
CHEMBL3297894,Cc1nc(Nc2ccc(F)c(Cl)c2)c2cc(C)oc2n1,30.2,1,1
CHEMBL3297892,C#Cc1cccc(Nc2nc(C)nc3oc(C)cc23)c1,30.0,1,1
CHEMBL3297898,COc1ccc(N(C)c2nc(C)nc3oc(C)cc23)cc1,68.2,1,3
CHEMBL3297897,COc1ccc(Nc2nc(C)nc3oc(C)cc23)cc1,42.2,1,1
CHEMBL3297900,CCCN(c1ccc(OC)cc1)c1nc(C)nc2oc(C)cc12,73.3,1,1
CHEMBL3298000,COc1ccc(N(C)c2nc(C)nc3oc(C)cc23)cc1.Cl,82.3,1,1
CHEMBL3297896,Cc1nc(Nc2cccc3[nH]ccc23)c2cc(C)oc2n1,90.2,1,1
CHEMBL3297999,COc1ccc(N(c2nc(C)nc3oc(C)cc23)C(C)C)cc1,84.4,1,1
CHEMBL3297899,CCN(c1ccc(OC)cc1)c1nc(C)nc2oc(C)cc12,70.7,1,1
CHEMBL3297895,Cc1nc(Nc2ccc(Cl)cc2)c2cc(C)oc2n1,102.3,1,1
CHEMBL3297891,Cc1nc(Nc2cccc3ccccc23)c2cc(C)oc2n1,145.2,1,1
CHEMBL3297998,CCCCN(c1ccc(OC)cc1)c1nc(C)nc2oc(C)cc12,340.1,1,1
CHEMBL3297816,Cc1nc(Nc2ccccc2)c2cc(C)oc2n1,113.2,1,1
CHEMBL3040861,c1ccc(-c2cccc(Nc3ncnc4cc5c(cc34)OCO5)c2)cc1,2.0,1,1
CHEMBL3040806,c1ccc(-c2cccc(Nc3ncnc4cc5c(cc34)OCCO5)c2)cc1,42.0,1,1
CHEMBL3040910,c1ccc(-c2cccc(Nc3ncnc4cc5c(cc34)OCCCO5)c2)cc1,27.0,1,1
CHEMBL3347498,OB(O)c1ccc(COc2ccc3ncnc(Nc4cccc(Cl)c4)c3c2)cc1,850.0,1,1
CHEMBL3347488,OB(O)/C=C/COc1ccc2ncnc(Nc3cccc(Cl)c3)c2c1,270.0,1,1
CHEMBL3347487,CC1(C)[C@H]2CC3OB(COc4ccc5ncnc(Nc6cccc(Cl)c6)c5c4)O[C@@]3(C)[C@@H]1C2,200.0,1,1
CHEMBL3360602,COc1cc2c(Nc3ccc(F)c(Cl)c3)ncnc2cc1OCCCn1ccnc1[N+](=O)[O-],0.77,1,1
CHEMBL3360603,COc1cc2c(Nc3ccc(F)c(Cl)c3)ncnc2cc1OCCCCn1ccnc1[N+](=O)[O-],0.31,1,1
CHEMBL3360604,COc1cc2c(Nc3ccc(F)c(Cl)c3)ncnc2cc1OCCCCCn1ccnc1[N+](=O)[O-],0.52,1,1
CHEMBL3360605,COc1cc2c(Nc3ccc(F)c(Cl)c3)ncnc2cc1OCCCCCCn1ccnc1[N+](=O)[O-],1.44,1,1
CHEMBL3360606,COc1cc2c(Nc3ccc(F)c(Cl)c3)ncnc2cc1OCCOCCn1ccnc1[N+](=O)[O-],0.32,1,1
CHEMBL3360607,C#Cc1cccc(Nc2ncnc3cc(OCCCn4ccnc4[N+](=O)[O-])c(OC)cc23)c1,0.65,1,1
CHEMBL3360608,C#Cc1cccc(Nc2ncnc3cc(OCCCCn4ccnc4[N+](=O)[O-])c(OC)cc23)c1,0.26,1,1
CHEMBL3360609,C#Cc1cccc(Nc2ncnc3cc(OCCCCCn4ccnc4[N+](=O)[O-])c(OC)cc23)c1,0.47,1,1
CHEMBL3360610,C#Cc1cccc(Nc2ncnc3cc(OCCCCCCn4ccnc4[N+](=O)[O-])c(OC)cc23)c1,0.57,1,1
CHEMBL3360611,C#Cc1cccc(Nc2ncnc3cc(OCCOCCn4ccnc4[N+](=O)[O-])c(OC)cc23)c1,0.54,1,1
CHEMBL3360612,COc1cc2c(Nc3ccc(OCc4cccc(F)c4)c(Cl)c3)ncnc2cc1OCCCn1ccnc1[N+](=O)[O-],30.5,1,1
CHEMBL3360613,COc1cc2c(Nc3ccc(OCc4cccc(F)c4)c(Cl)c3)ncnc2cc1OCCCCn1ccnc1[N+](=O)[O-],11.9,1,1
CHEMBL3360614,COc1cc2c(Nc3ccc(OCc4cccc(F)c4)c(Cl)c3)ncnc2cc1OCCCCCn1ccnc1[N+](=O)[O-],16.6,1,1
CHEMBL3360615,COc1cc2c(Nc3ccc(OCc4cccc(F)c4)c(Cl)c3)ncnc2cc1OCCCCCCn1ccnc1[N+](=O)[O-],35.5,1,1
CHEMBL3360616,COc1cc2c(Nc3ccc(OCc4cccc(F)c4)c(Cl)c3)ncnc2cc1OCCOCCn1ccnc1[N+](=O)[O-],20.1,1,1
CHEMBL3360617,COc1cc2c(Nc3cccc(Br)c3)ncnc2cc1OCCCn1ccnc1[N+](=O)[O-],0.49,1,1
CHEMBL3360618,COc1cc2c(Nc3cccc(Br)c3)ncnc2cc1OCCCCn1ccnc1[N+](=O)[O-],0.37,1,1
CHEMBL3360619,COc1cc2c(Nc3cccc(Br)c3)ncnc2cc1OCCCCCn1ccnc1[N+](=O)[O-],0.33,1,1
CHEMBL3352899,COc1cc2c(Nc3cccc(Br)c3)ncnc2cc1OCCCCCCn1ccnc1[N+](=O)[O-],0.78,1,1
CHEMBL3360620,COc1cc2c(Nc3cccc(Br)c3)ncnc2cc1OCCOCCn1ccnc1[N+](=O)[O-],0.82,1,1
CHEMBL3355873,COc1cc2ncnc(Nc3ccc(F)c(Cl)c3)c2cc1OCCn1ccnc1[N+](=O)[O-],3.05,1,1
CHEMBL3355874,COc1cc2ncnc(Nc3ccc(F)c(Cl)c3)c2cc1OCCCn1ccnc1[N+](=O)[O-],0.89,1,1
CHEMBL3355875,COc1cc2ncnc(Nc3ccc(F)c(Cl)c3)c2cc1OCCCCn1ccnc1[N+](=O)[O-],0.47,1,1
CHEMBL3355876,COc1cc2ncnc(Nc3ccc(F)c(Cl)c3)c2cc1OCCCCCn1ccnc1[N+](=O)[O-],0.51,1,1
CHEMBL3355877,COc1cc2ncnc(Nc3ccc(F)c(Cl)c3)c2cc1OCCCCCCn1ccnc1[N+](=O)[O-],0.32,1,1
CHEMBL3355878,COc1cc2ncnc(Nc3cccc(Br)c3)c2cc1OCCCn1ccnc1[N+](=O)[O-],0.66,1,1
CHEMBL3355879,C#Cc1cccc(Nc2ncnc3cc(OC)c(OCCCn4ccnc4[N+](=O)[O-])cc23)c1,1.08,1,1
CHEMBL3355880,C#Cc1cccc(Nc2ncnc3cc(OC)c(OCCCCn4ccnc4[N+](=O)[O-])cc23)c1,0.56,1,1
CHEMBL3355881,C#Cc1cccc(Nc2ncnc3cc(OC)c(OCCCCCn4ccnc4[N+](=O)[O-])cc23)c1,0.49,1,1
CHEMBL3355882,C#Cc1cccc(Nc2ncnc3cc(OC)c(OCCCCCCn4ccnc4[N+](=O)[O-])cc23)c1,0.5,1,1
CHEMBL3355883,COc1cc2ncnc(Nc3ccc(OCc4cccc(F)c4)c(Cl)c3)c2cc1OCCCn1ccnc1[N+](=O)[O-],38.3,1,1
CHEMBL3355884,COc1cc2ncnc(Nc3ccc(OCc4cccc(F)c4)c(Cl)c3)c2cc1OCCCCn1ccnc1[N+](=O)[O-],28.5,1,1
CHEMBL3355885,COc1cc2ncnc(Nc3ccc(OCc4cccc(F)c4)c(Cl)c3)c2cc1OCCCCCn1ccnc1[N+](=O)[O-],51.2,1,1
CHEMBL3355886,COc1cc2ncnc(Nc3ccc(OCc4cccc(F)c4)c(Cl)c3)c2cc1OCCCCCCn1ccnc1[N+](=O)[O-],15.1,1,1
CHEMBL3355887,COc1cc2ncnc(Nc3ccc(F)c(Cl)c3)c2cc1OCCn1c([N+](=O)[O-])cnc1C,4.9,1,1
CHEMBL3355888,COc1cc2ncnc(Nc3ccc(F)c(Cl)c3)c2cc1OCCCn1c([N+](=O)[O-])cnc1C,3.43,1,1
CHEMBL3355889,COc1cc2ncnc(Nc3ccc(F)c(Cl)c3)c2cc1OCCCCn1c([N+](=O)[O-])cnc1C,0.53,1,1
CHEMBL3355890,COc1cc2ncnc(Nc3cccc(Br)c3)c2cc1OCCCn1c([N+](=O)[O-])cnc1C,1.18,1,1
CHEMBL3361128,O=C1/C(=C\c2ccc(O)c(O)c2)Oc2ccccc21,100000.0,0,1
CHEMBL3353410,C=CC(=O)Nc1cc(Nc2nccc(-c3cn(C)c4ccccc34)n2)c(OC)cc1N(C)CCN(C)C,12.4,1,237
CHEMBL3353395,C=CC(=O)Nc1cc(Nc2ncc(Cl)c(-c3cnn4ccccc34)n2)c(OC)cc1N1CCN(C(=O)CN(C)C)CC1,73000.0,0,3
CHEMBL3353396,C=CC(=O)Nc1cc(Nc2ncc(Cl)c(-c3cnn4ccccc34)n2)c(OC)cc1N1CCN(C(=O)[C@H](C)N)CC1,28000.0,0,3
CHEMBL3353397,C=CC(=O)Nc1cc(Nc2ncc(Cl)c(-c3cnn4ccccc34)n2)c(OC)cc1N1CCN(C(=O)[C@@H]2CCCCN2)CC1,211000.0,0,3
CHEMBL3353398,C=CC(=O)Nc1cc(Nc2ncc(Cl)c(-c3cnn4ccccc34)n2)c(OC)cc1N1CCN(C(=O)[C@H]2CCCCN2)CC1,220000.0,0,3
CHEMBL3353399,C=CC(=O)Nc1cc(Nc2ncc(Cl)c(-c3cnn4ccccc34)n2)c(OC)cc1N1CCN(C(=O)CNC)CC1,156000.0,0,3
CHEMBL3353400,C=CC(=O)Nc1cc(Nc2ncc(Cl)c(-c3cnn4ccccc34)n2)c(OC)cc1N1CCN(C(=O)[C@H](C)O)CC1,179000.0,0,3
CHEMBL3353401,C=CC(=O)Nc1cc(Nc2ncc(Cl)c(-c3cnn4ccccc34)n2)c(OC)cc1N1CCN(C(=O)N2CCNCC2)CC1,247000.0,0,3
CHEMBL3353402,C=CC(=O)Nc1cc(Nc2ncc(Cl)c(-c3cnn4ccccc34)n2)c(OC)cc1N1CCN(C(=O)[C@@H](C)N)CC1,351000.0,0,3
CHEMBL3353403,C=CC(=O)Nc1cc(Nc2ncc(Cl)c(-c3cnn4ccccc34)n2)c(OC)cc1N1CC[C@@H](N(C)C)C1,16000.0,0,3
CHEMBL3353404,C=CC(=O)Nc1cc(Nc2ncc(Cl)c(-c3cnn4ccccc34)n2)c(OC)cc1N(C)CCN(C)C,600.0,1,5
CHEMBL3353405,C=CC(=O)Nc1cc(Nc2ncc(Cl)c(-c3cnn4ccccc34)n2)c(OC)cc1N1CC(N(C)C)C1,4000.0,0,5
CHEMBL3353406,C=CC(=O)Nc1cc(Nc2ncc(C#N)c(-c3cn(C)c4ccccc34)n2)c(OC)cc1N(C)CCN(C)C,950.0,1,4
CHEMBL3353407,C=CC(=O)Nc1cc(Nc2ncc(Cl)c(-c3cn(C)c4ccccc34)n2)c(OC)cc1N(C)CCN(C)C,2000.0,0,3
CHEMBL3353408,C=CC(=O)Nc1cc(Nc2ncc(Cl)c(-c3c[nH]c4ccccc34)n2)c(OC)cc1N(C)CCN(C)C,600.0,1,3
CHEMBL3353409,C=CC(=O)Nc1cc(Nc2ncc(C)c(-c3cn(C)c4ccccc34)n2)c(OC)cc1N(C)CCN(C)C,2000.0,0,3
CHEMBL3353411,C=CC(=O)Nc1cc(Nc2nccc(-c3c[nH]c4ccccc34)n2)c(OC)cc1N(C)CCN(C)C,1016.5,0,6
CHEMBL3353412,C=CC(=O)Nc1cc(Nc2nccc(-c3cn(C)c4ccccc34)n2)c(OC)cc1N(C)CCNC,543.0,1,8
CHEMBL3358006,C[C@@H]1CN(c2nc(C(F)(F)F)no2)CCN1c1ncc(OCc2ccc(CS(C)(=O)=O)cc2F)cn1,2100.0,0,1
CHEMBL3335244,COc1cc(Br)c(Br)c(/C=N/c2ccc3[nH]c(=O)[nH]c3c2)c1O,88670.0,0,1
CHEMBL3335245,CCOc1cc(Br)c(Br)c(/C=N/c2ccc3[nH]c(=O)[nH]c3c2)c1O,76700.0,0,1
CHEMBL3357654,COc1cc2ncnc(Nc3cccc(Br)c3)c2cc1NC(=O)/C(F)=C/CN(C)C,5.45,1,2
CHEMBL3357652,CCOc1cc2ncnc(Nc3ccc(OCC4CC4)c(Cl)c3)c2cc1NC(=O)/C(F)=C/CN(C)C,3.55,1,2
CHEMBL3357650,CCOc1cc2ncnc(Nc3ccc(Oc4ccc(C)nc4)c(Cl)c3)c2cc1NC(=O)/C(F)=C/CN(C)C,5.8,1,2
CHEMBL3357649,COc1cc2ncnc(Nc3ccc(OCc4cccc(F)c4)c(Cl)c3)c2cc1NC(=O)/C(F)=C/CN(C)C,1.83,1,2
CHEMBL3357647,CCOc1cc2ncnc(Nc3ccc(Oc4ccc(C)nc4)c(Cl)c3)c2cc1NC(=O)/C(F)=C/CN1CCCCC1,25.4,1,2
CHEMBL3357645,O=C(Nc1cc2c(Nc3ccc(F)c(Cl)c3)ncnc2cc1O[C@H]1CCOC1)/C(F)=C/CN1CCCCC1,9.5,1,2
CHEMBL3357643,COc1cc2ncnc(Nc3ccc(F)c(Cl)c3)c2cc1NC(=O)/C(F)=C/CN1CCOCC1,30.165,1,2
CHEMBL3357642,CN(C)C/C=C(/F)C(=O)Nc1cc2c(Nc3ccc(F)c(Cl)c3)ncnc2cc1O[C@H]1CCOC1,13.055,1,2
CHEMBL3357641,CN(C)C/C=C(\F)C(=O)Nc1cc2c(Nc3ccc(F)c(Cl)c3)ncnc2cc1O[C@H]1CCOC1,2.84,1,2
CHEMBL3357640,O=C(Nc1cc2c(Nc3ccc(F)c(Cl)c3)ncnc2cc1O[C@H]1CCOC1)/C(F)=C\CN1CCOCC1,21.95,1,2
CHEMBL3357639,O=C(Nc1cc2c(Nc3ccc(F)c(Cl)c3)ncnc2cc1O[C@H]1CCOC1)/C(F)=C/CN1CCOCC1,10.780000000000001,1,2
CHEMBL3357637,CCOc1cc2ncnc(Nc3ccc(OCc4ccccn4)c(Cl)c3)c2cc1NC(=O)/C(F)=C/CN(C)C,1.975,1,2
CHEMBL3357635,COc1cc2ncnc(Nc3ccc(F)c(Cl)c3)c2cc1NC(=O)/C(F)=C/CN1CCCCC1,7.385,1,2
CHEMBL3357634,COc1cc2ncnc(Nc3ccc(F)c(Cl)c3)c2cc1NC(=O)/C(F)=C/CN(C)C,3.435,1,2
CHEMBL3357655,COc1cc2ncnc(Nc3cccc(Br)c3)c2cc1NC(=O)/C(F)=C\CN(C)C,5.0,1,1
CHEMBL3357653,CCOc1cc2ncnc(Nc3ccc(OCC4CC4)c(Cl)c3)c2cc1NC(=O)/C(F)=C\CN(C)C,11.2,1,1
CHEMBL3357651,CCOc1cc2ncnc(Nc3ccc(Oc4ccc(C)nc4)c(Cl)c3)c2cc1NC(=O)/C(F)=C\CN(C)C,9.5,1,1
CHEMBL3352869,COc1cc2ncnc(Nc3ccc(OCc4cccc(F)c4)c(Cl)c3)c2cc1NC(=O)/C(F)=C\CN(C)C,1.3,1,1
CHEMBL3357648,CCOc1cc2ncnc(Nc3ccc(Oc4ccc(C)nc4)c(Cl)c3)c2cc1NC(=O)/C(F)=C\CN1CCCCC1,39.2,1,1
CHEMBL3357646,O=C(Nc1cc2c(Nc3ccc(F)c(Cl)c3)ncnc2cc1O[C@H]1CCOC1)/C(F)=C\CN1CCCCC1,2.55,1,1
CHEMBL3357644,COc1cc2ncnc(Nc3ccc(F)c(Cl)c3)c2cc1NC(=O)/C(F)=C\CN1CCOCC1,0.3,1,1
CHEMBL3357638,CCOc1cc2ncnc(Nc3ccc(OCc4ccccn4)c(Cl)c3)c2cc1NC(=O)/C(F)=C\CN(C)C,0.89,1,1
CHEMBL3357636,COc1cc2ncnc(Nc3ccc(F)c(Cl)c3)c2cc1NC(=O)/C(F)=C\CN1CCCCC1,0.67,1,1
CHEMBL3325480,CCOC(=O)C1=C(N)N(c2cccnc2)C2=C(C(=O)CCC2)C1c1cc2cc(Cl)ccc2n2nnnc12,16700.0,0,1
CHEMBL3325479,CCOC(=O)C1=C(N)N(c2cccnc2)C2=C(C(=O)CCC2)C1c1cc2cc(OC)ccc2n2nnnc12,200.0,1,1
CHEMBL3325478,CCOC(=O)C1=C(N)N(c2cccnc2)C2=C(C(=O)CCC2)C1c1cc2cc(C)ccc2n2nnnc12,7000.0,0,1
CHEMBL3325477,CCOC(=O)C1=C(N)N(c2cccnc2)C2=C(C(=O)CCC2)C1c1cc2ccccc2n2nnnc12,90.0,1,1
CHEMBL3325476,COC(=O)C1=C(N)N(c2cccnc2)C2=C(C(=O)CCC2)C1c1cc2cc(Cl)ccc2n2nnnc12,8100.0,0,1
CHEMBL3325475,COC(=O)C1=C(N)N(c2cccnc2)C2=C(C(=O)CCC2)C1c1cc2cc(OC)ccc2n2nnnc12,1300.0,0,1
CHEMBL3325474,COC(=O)C1=C(N)N(c2cccnc2)C2=C(C(=O)CCC2)C1c1cc2cc(C)ccc2n2nnnc12,4300.0,0,1
CHEMBL3325473,COC(=O)C1=C(N)N(c2cccnc2)C2=C(C(=O)CCC2)C1c1cc2ccccc2n2nnnc12,1100.0,0,1
CHEMBL3325472,N#CC1=C(N)N(c2cccnc2)C2=C(C(=O)CCC2)C1c1cc2cc(Cl)ccc2n2nnnc12,18300.0,0,1
CHEMBL3325471,COc1ccc2c(c1)cc(C1C(C#N)=C(N)N(c3cccnc3)C3=C1C(=O)CCC3)c1nnnn12,5400.0,0,1
CHEMBL3325470,Cc1ccc2c(c1)cc(C1C(C#N)=C(N)N(c3cccnc3)C3=C1C(=O)CCC3)c1nnnn12,10400.0,0,1
CHEMBL3327179,N#CC1=C(N)N(c2cccnc2)C2=C(C(=O)CCC2)C1c1cc2ccccc2n2nnnc12,4800.0,0,1
CHEMBL3344221,CN(C)[C@@H](CS(C)(=O)=O)c1ccc(-c2ccc3ncnc(Nc4ccc(OCc5cccc(F)c5)c(Cl)c4)c3c2)o1,30.4,1,1
CHEMBL3344220,CS(=O)(=O)C[C@H](N)c1ccc(-c2ccc3ncnc(Nc4ccc(OCc5cccc(F)c5)c(Cl)c4)c3c2)o1,13.5,1,1
CHEMBL3344219,CCCCCCC(=O)ON[C@H](CS(C)(=O)=O)c1ccc(-c2ccc3ncnc(Nc4ccc(OCc5cccc(F)c5)c(Cl)c4)c3c2)o1,110.2,1,1
CHEMBL3344218,CCCCC(=O)ON[C@H](CS(C)(=O)=O)c1ccc(-c2ccc3ncnc(Nc4ccc(OCc5cccc(F)c5)c(Cl)c4)c3c2)o1,92.8,1,1
CHEMBL3344217,CCC(=O)ON[C@H](CS(C)(=O)=O)c1ccc(-c2ccc3ncnc(Nc4ccc(OCc5cccc(F)c5)c(Cl)c4)c3c2)o1,89.6,1,1
CHEMBL3344216,CN(C)[C@H](CS(C)(=O)=O)c1ccc(-c2ccc3ncnc(Nc4ccc(OCc5cccc(F)c5)c(Cl)c4)c3c2)o1,4.1,1,1
CHEMBL3344215,CS(=O)(=O)C[C@@H](N)c1ccc(-c2ccc3ncnc(Nc4ccc(OCc5cccc(F)c5)c(Cl)c4)c3c2)o1,10.8,1,1
CHEMBL3344214,CS(=O)(=O)CCNC(CS(C)(=O)=O)c1ccc(-c2ccc3ncnc(Nc4ccc(OCc5cccc(F)c5)c(Cl)c4)c3c2)o1,28.7,1,1
CHEMBL3344213,CC(C)NC(CS(C)(=O)=O)c1ccc(-c2ccc3ncnc(Nc4ccc(OCc5cccc(F)c5)c(Cl)c4)c3c2)o1,39.2,1,1
CHEMBL3344212,CS(=O)(=O)CC(NC1CCCCC1)c1ccc(-c2ccc3ncnc(Nc4ccc(OCc5cccc(F)c5)c(Cl)c4)c3c2)o1,77.2,1,1
CHEMBL3344211,CCNC(CS(C)(=O)=O)c1ccc(-c2ccc3ncnc(Nc4ccc(OCc5cccc(F)c5)c(Cl)c4)c3c2)o1,14.7,1,1
CHEMBL3344208,CN(C)C(CS(C)(=O)=O)c1ccc(-c2ccc3ncnc(Nc4ccc(OCc5cccc(F)c5)c(Cl)c4)c3c2)o1,6.8,1,1
CHEMBL3344210,CNC(CS(C)(=O)=O)c1ccc(-c2ccc3ncnc(Nc4ccc(OCc5cccc(F)c5)c(Cl)c4)c3c2)o1,34.8,1,1
CHEMBL3344209,CS(=O)(=O)CC(N)c1ccc(-c2ccc3ncnc(Nc4ccc(OCc5cccc(F)c5)c(Cl)c4)c3c2)o1,17.6,1,1
CHEMBL1230609,COc1cc2c(Oc3ccc(NC(=O)C4(C(=O)Nc5ccc(F)cc5)CC4)cc3F)ccnc2cc1OCCCN1CCOCC1,3000.0,0,6
CHEMBL3393072,O=C(Cc1c[nH]c2ccccc12)NNC(=S)Nc1ncccc1Br,8490.0,0,1
CHEMBL1365395,Cc1ccc2c(C)nc(Nc3nc(O)cc(CSc4nnnn4-c4ccccc4)n3)nc2c1,3920.0,0,1
CHEMBL3397275,Clc1cc(Nc2ncnc3ccc(NC4=NC[C@H](COc5ccccc5)O4)cc23)ccc1OCc1nccs1,1210.0,0,1
CHEMBL3397276,Clc1cc(Nc2ncnc3ccc(NC4=NC[C@@H](COc5ccccc5)O4)cc23)ccc1OCc1nccs1,950.0,1,1
CHEMBL3403513,Cc1nc(N(C)c2ccc3c(c2)CCO3)c2cc(C)oc2n1,226.4,1,1
CHEMBL3403512,Cc1nc(N(C)c2ccc3c(c2)OCO3)c2cc(C)oc2n1,298.1,1,2
CHEMBL3403510,COc1ccc(N(C)c2nc(C)nc3oc(C)cc23)cc1OC,90.3,1,2
CHEMBL3403509,COc1ccc(N(C)c2nc(C)nc3oc(C)cc23)c(OC)c1,162.15,1,2
CHEMBL3403514,Cc1nc(N(C)c2ccc3occc3c2)c2cc(C)oc2n1,306.6,1,1
CHEMBL3403515,COc1ccc2c(c1)CCN2c1nc(C)nc2oc(C)cc12,103.2,1,1
CHEMBL3403517,COc1ccc2c(c1)CCCN2c1nc(C)nc2oc(C)cc12,3.4,1,2
CHEMBL3403518,Cc1nc(N(C)c2ccc(OC(C)C)cc2)c2cc(C)oc2n1,102.1,1,2
CHEMBL3409484,CS(=O)(=O)CCNCc1ccc(-c2cc3c(Nc4ccc(OCc5ccccc5)cc4)ncnc3cn2)o1,25.0,1,1
CHEMBL3409483,[O-][S+]1CCN(Cc2ccc(-c3cc4c(Nc5ccc(OCc6cccc(F)c6)cc5)ncnc4cn3)o2)CC1,23.0,1,1
CHEMBL3409482,CN(CCO)c1cc2c(Nc3ccc4c(cnn4Cc4ccccc4)c3)ncnc2cn1,36.0,1,1
CHEMBL3416636,Nc1cnc(C#Cc2cc3c(Nc4ccc(OCc5cccc(F)c5)c(Cl)c4)ncnc3s2)cn1,372.0,1,1
CHEMBL3416635,Fc1cccc(COc2ccc(Nc3ncnc4sc(C#CC5CCCN5)cc34)cc2Cl)c1,109.0,1,1
CHEMBL3416634,C#Cc1cc2c(Nc3ccc(OCc4cccc(F)c4)c(Cl)c3)ncnc2s1,71.0,1,1
CHEMBL3416633,C[C@H](N)C#Cc1cc2c(Nc3ccc(OCc4cccc(F)c4)c(Cl)c3)ncnc2s1,69.0,1,1
CHEMBL3416631,OCCN1CCN(Cc2ccc(-c3cc4c(N[C@H](CO)c5ccccc5)ncnc4s3)cc2)CC1,600.0,1,1
CHEMBL3416630,OC[C@@H](Nc1ncnc2sc(-c3ccc(CN4CCNCC4)cc3)cc12)c1ccccc1,600.0,1,1
CHEMBL3416629,C#Cc1cccc(N2C(=O)Nc3c(C(=O)Nc4ccc(CN5CCCC5)cc4)sc4ncnc2c34)c1,26.0,1,1
CHEMBL3416628,O=C(Nc1ccc(CN2CCCC2)cc1)c1sc2ncnc3c2c1NC(=O)N3c1ccc(F)c(Cl)c1,7.0,1,1
CHEMBL3416627,COc1ccccc1-c1cc2c(Nc3ccc(OCc4cccc(F)c4)c(Cl)c3)ncnc2s1,220.0,1,1
CHEMBL3416626,C#Cc1cccc(Nc2ncnc3sc(-c4ccccc4OC)cc23)c1,18.0,1,1
CHEMBL3416625,COc1ccccc1-c1cc2c(Nc3ccc(F)c(Cl)c3)ncnc2s1,5.0,1,1
CHEMBL3416624,COc1ccccc1-c1cc2c(Nc3ccccc3)ncnc2s1,173.0,1,1
CHEMBL3416623,COc1ccccc1-c1cc2c(N[C@H](C)c3cccs3)ncnc2s1,55.0,1,1
CHEMBL3416622,COc1ccccc1-c1cc2c(NCc3cccs3)ncnc2s1,170.0,1,1
CHEMBL3416437,COc1ccccc1-c1cc2c(N[C@H](C)c3ccccn3)ncnc2s1,153.0,1,1
CHEMBL3414594,COc1ccccc1-c1cc2c(NCc3ccccn3)ncnc2s1,183.0,1,1
CHEMBL3416598,COc1ccccc1-c1cc2c(NCc3cccnc3)ncnc2s1,275.0,1,1
CHEMBL3416597,COc1ccccc1-c1cc2c(NCc3ccncc3)ncnc2s1,108.0,1,1
CHEMBL3416596,COc1ccccc1-c1cc2c(N[C@H](C)c3ccc(F)cc3)ncnc2s1,27.0,1,1
CHEMBL3416595,COC[C@@H](Nc1ncnc2sc(-c3ccccc3OC)cc12)c1ccccc1,23.0,1,1
CHEMBL3416594,COc1ccccc1-c1cc2c(NC(CO)c3ccccc3)ncnc2s1,8.0,1,1
CHEMBL3416593,COc1ccccc1-c1cc2c(N[C@@H](CO)c3ccccc3)ncnc2s1,629.0,1,1
CHEMBL3416592,COc1ccccc1-c1cc2c(N[C@H](CO)c3ccccc3)ncnc2s1,1.0,1,1
CHEMBL3416591,COc1ccccc1-c1cc2c(NC(C)c3ccccc3)ncnc2s1,19.0,1,1
CHEMBL3416590,COc1ccccc1-c1cc2c(N[C@@H](C)c3ccccc3)ncnc2s1,1860.0,0,1
CHEMBL3416447,COc1ccccc1-c1cc2c(N[C@H](C)c3ccccc3)ncnc2s1,9.0,1,1
CHEMBL3416446,COc1ccccc1-c1cc2c(NCc3ccccc3)ncnc2s1,17.0,1,1
CHEMBL3416441,Fc1cccc(COc2ccc(Nc3ncnc4sc(Br)cc34)cc2Cl)c1,257.0,1,1
CHEMBL3416439,C#Cc1cccc(Nc2ncnc3sc(Br)cc23)c1,23.0,1,1
CHEMBL3416438,Fc1ccc(Nc2ncnc3sc(Br)cc23)cc1Cl,53.0,1,1
CHEMBL3416621,Brc1cc2c(Nc3ccccc3)ncnc2s1,80.0,1,1
CHEMBL3416620,C[C@@H](Nc1ncnc2sc(Br)cc12)c1cccs1,415.0,1,1
CHEMBL3416619,Brc1cc2c(NCc3cccs3)ncnc2s1,1374.0,0,1
CHEMBL3416617,C[C@@H](Nc1ncnc2sc(Br)cc12)c1ccccn1,2079.0,0,1
CHEMBL3416616,Brc1cc2c(NCc3ccccn3)ncnc2s1,7904.0,0,1
CHEMBL3416614,Brc1cc2c(NCc3ccncc3)ncnc2s1,3883.0,0,1
CHEMBL3416612,C[C@@H](Nc1ncnc2sc(Br)cc12)c1ccc(F)cc1,150.0,1,1
CHEMBL3416608,CC[C@@H](Nc1ncnc2sc(Br)cc12)c1ccccc1,183.0,1,1
CHEMBL3416606,COC[C@@H](Nc1ncnc2sc(Br)cc12)c1ccccc1,262.0,1,1
CHEMBL3416605,OCC(Nc1ncnc2sc(Br)cc12)c1ccccc1,83.0,1,1
CHEMBL3416603,OC[C@@H](Nc1ncnc2sc(Br)cc12)c1ccccc1,36.0,1,1
CHEMBL3416602,CC(Nc1ncnc2sc(Br)cc12)c1ccccc1,156.0,1,1
CHEMBL3416600,C[C@@H](Nc1ncnc2sc(Br)cc12)c1ccccc1,38.0,1,1
CHEMBL3416599,Brc1cc2c(NCc3ccccc3)ncnc2s1,241.0,1,1
CHEMBL3426225,CCn1nc(C#Cc2cc(C(=O)Nc3ccc(CN4CCN(C)CC4)c(C(F)(F)F)c3)ccc2C)c2c(N)ncnc21,3518.0,0,2
CHEMBL3425655,COc1cc(N2CCN(C)CC2)ccc1Nc1ncc(Cl)c(Oc2cccc(NC(=O)/C(C#N)=C/c3ccc(F)cc3)c2)n1,540.0,1,3
CHEMBL3425656,COc1cc(N2CCN(C)CC2)ccc1Nc1ncc(Cl)c(Oc2cccc(NC(=O)/C(C#N)=C/c3ccc(SC)cc3)c2)n1,830.0,1,3
CHEMBL3425661,COc1cc(N2CCN(C)CC2)ccc1Nc1ncc(Cl)c(Oc2cccc(NC(=O)/C(C#N)=C/c3ccncc3)c2)n1,150.0,1,3
CHEMBL3425664,COc1cc(N2CCN(C)CC2)ccc1Nc1ncc(Cl)c(Oc2cccc(NC(=O)/C(C#N)=C/C3CC3)c2)n1,350.0,1,3
CHEMBL3425672,COc1cc(N2CCN(C)CC2)ccc1Nc1ncc(Cl)c(Oc2cccc(NC(=O)/C=C/C3CC3)c2)n1,2800.0,0,3
CHEMBL3425657,COc1cc(N2CCN(C)CC2)ccc1Nc1ncc(Cl)c(Oc2cccc(NC(=O)/C(C#N)=C/c3ccc([N+](=O)[O-])cc3)c2)n1,1750.0,0,2
CHEMBL3425658,COc1cc(N2CCN(C)CC2)ccc1Nc1ncc(Cl)c(Oc2cccc(NC(=O)/C(C#N)=C/c3cccc([N+](=O)[O-])c3)c2)n1,1260.0,0,2
CHEMBL3425660,COc1cc(N2CCN(C)CC2)ccc1Nc1ncc(Cl)c(Oc2cccc(NC(=O)/C(C#N)=C/c3ccc(C#N)cc3)c2)n1,1370.0,0,2
CHEMBL3425662,COc1cc(N2CCN(C)CC2)ccc1Nc1ncc(Cl)c(Oc2cccc(NC(=O)/C(C#N)=C/c3ccco3)c2)n1,815.0,1,2
CHEMBL3425663,COc1cc(N2CCN(C)CC2)ccc1Nc1ncc(Cl)c(Oc2cccc(NC(=O)/C(C#N)=C/c3cnc[nH]3)c2)n1,215.5,1,2
CHEMBL3425665,COc1cc(N2CCN(C)CC2)ccc1Nc1ncc(Cl)c(Oc2cccc(NC(=O)/C(C#N)=C/C(C)C)c2)n1,1000.0,1,2
CHEMBL3425666,COc1cc(N2CCN(C)CC2)ccc1Nc1ncc(Cl)c(Oc2cccc(NC(=O)/C(C#N)=C/C(C)(C)C)c2)n1,850.0,1,2
CHEMBL3425667,COc1cc(N2CCN(C)CC2)ccc1Nc1ncc(Cl)c(Oc2cccc(NC(=O)/C(C#N)=C/C3CCCC3)c2)n1,1700.0,0,2
CHEMBL3425669,COc1cc(N2CCN(C)CC2)ccc1Nc1ncc(Cl)c(Oc2cccc(NC(=O)/C(=C/c3ccc(N(C)C)cc3)C(F)(F)F)c2)n1,4250.0,0,2
CHEMBL3425671,COc1cc(N2CCN(C)CC2)ccc1Nc1ncc(Cl)c(Oc2cccc(NC(C)=O)c2)n1,3270.0,0,5
CHEMBL3425673,COc1cc(N2CCN(C)CC2)ccc1Nc1ncc(Cl)c(Oc2cccc(NC(=O)CCC3CC3)c2)n1,1385.0,0,2
CHEMBL3425668,COc1cc(N2CCN(C)CC2)ccc1Nc1ncc(Cl)c(Oc2cccc(NC(=O)/C(=C/c3ccc(F)cc3)C(F)(F)F)c2)n1,6300.0,0,1
CHEMBL3425670,COc1ccc(/C=C(/C(=O)Nc2cccc(Oc3nc(Nc4ccc(N5CCN(C)CC5)cc4OC)ncc3Cl)c2)C(F)(F)F)cc1,8900.0,0,1
CHEMBL3586189,O=C1N=C(N2CCC[C@H]2C(=O)Nc2ccc3ncnc(Nc4cccc(Cl)c4)c3c2)S/C1=C/c1ccc(-c2ccccc2)cc1,13200.0,0,1
CHEMBL3586185,O=C1N=C(N2CCC[C@H]2C(=O)Nc2ccc3ncnc(Nc4cccc(Cl)c4)c3c2)S/C1=C/c1ccc(Cl)cc1,7600.0,0,1
CHEMBL3586179,O=C1N=C(N2CCC[C@H]2C(=O)Nc2ccc3ncnc(Nc4cccc(Cl)c4)c3c2)S/C1=C/c1cccnc1,9800.0,0,1
CHEMBL3586178,O=C1N=C(N2CCC[C@H]2C(=O)Nc2ccc3ncnc(Nc4cccc(Cl)c4)c3c2)S/C1=C/c1cccnc1Cl,7400.0,0,1
CHEMBL3586177,O=C1N=C(N2CCC[C@H]2C(=O)Nc2ccc3ncnc(Nc4cccc(Cl)c4)c3c2)S/C1=C/c1cccc(Br)n1,3100.0,0,1
CHEMBL3586176,Cc1cccc(/C=C2/SC(N3CCC[C@H]3C(=O)Nc3ccc4ncnc(Nc5cccc(Cl)c5)c4c3)=NC2=O)n1,6500.0,0,1
CHEMBL3586175,O=C1N=C(N2CCC[C@H]2C(=O)Nc2ccc3ncnc(Nc4cccc(Cl)c4)c3c2)S/C1=C/c1ccc(Br)s1,31400.0,0,1
CHEMBL3586174,O=C1N=C(N2CCC[C@H]2C(=O)Nc2ccc3ncnc(Nc4cccc(Cl)c4)c3c2)S/C1=C/c1cccs1,8100.0,0,1
CHEMBL3601223,C=CC(=O)Nc1cccc(CNc2nc(Nc3ccc(N4CCN(C)CC4)cc3OC)ncc2Cl)c1,409.0,1,1
CHEMBL3604927,Cc1cc(Nc2cc(N3CCN(C)CC3)nc(Oc3cccc([N+](=O)[O-])c3)n2)n[nH]1,2300.0,0,3
CHEMBL3604935,Cc1cc(Nc2cc(N3CCN(C)CC3)nc(Oc3ccc(NC(=O)/C=C/CN(C)C)cc3)n2)n[nH]1,1750.0,0,2
CHEMBL3604936,Cc1cc(Nc2cc(N3CCN(C)CC3)nc(Oc3ccc(NC(=O)/C=C/C(F)(F)F)cc3)n2)n[nH]1,2000.0,0,3
CHEMBL3604937,C=CC(=O)Nc1cccc(Oc2nc(Nc3n[nH]c4ccccc34)cc(N3CCN(C)CC3)n2)c1,500.0,1,3
CHEMBL3604939,CN(C)C/C=C/C(=O)Nc1cccc(Oc2nc(Nc3n[nH]c4ccccc34)cc(N3CCN(C)CC3)n2)c1,3600.0,0,3
CHEMBL3604940,C=CC(=O)Nc1cccc(Oc2nc(Nc3n[nH]c4ccc(Br)cc34)cc(N3CCN(C)CC3)n2)c1,400.0,1,3
CHEMBL3604941,C=CC(=O)Nc1cccc(Oc2nc(Nc3n[nH]c4ccccc34)cc(N3CCN(C(C)=O)CC3)n2)c1,600.0,1,3
CHEMBL3604943,C=CC(=O)Nc1cc(Nc2nccc(-c3cn(C)c4ccccc34)n2)c(OC)cc1N1CCN(C)CC1,1.5,1,2
CHEMBL3545308,C=CC(=O)Nc1cccc(Nc2nc(Nc3ccc(N4CCN(C(C)=O)CC4)cc3OC)ncc2C(F)(F)F)c1,20.0,1,55
CHEMBL3604917,C=CC(=O)Nc1cc(Nc2cc[nH]n2)nc(-c2ccccc2)n1,800.0,1,3
CHEMBL3604920,C=CC(=O)Nc1ccccc1Oc1nc(Nc2cc(C)[nH]n2)cc(N2CCN(C)CC2)n1,900.0,1,3
CHEMBL3604922,C=CC(=O)Nc1ccc(Oc2nc(Nc3cc(C)[nH]n3)cc(N3CCN(C)CC3)n2)cc1,2400.0,0,3
CHEMBL3604915,CCC(=O)Nc1cccc(-c2nc(Nc3cc[nH]n3)c3ccccc3n2)c1,1900.0,0,3
CHEMBL3604912,C=CC(=O)Nc1cccc(-c2nc(Nc3cc[nH]n3)c3ccccc3n2)c1,500.0,1,3
CHEMBL3604919,C=CC(=O)Nc1cccc(-c2nccc(Nc3cc(C)[nH]n3)n2)c1,2650.0,0,2
CHEMBL3604942,C=CC(=O)Nc1cccc(-c2nc(Nc3n[nH]c4ccccc34)cc(N3CCN(C)CC3)n2)c1,4950.0,0,2
CHEMBL1232944,C=CC(=O)Nc1ccc2c(Nc3cc[nH]n3)nc(-c3ccccc3)nc2c1,2050.0,0,2
CHEMBL3604910,CCC(=O)Nc1ccc2c(Nc3cc[nH]n3)nc(-c3ccccc3)nc2c1,2150.0,0,2
CHEMBL3604911,C=CC(=O)Nc1ccccc1-c1nc(Nc2cc[nH]n2)c2ccccc2n1,1900.0,0,2
CHEMBL3604918,CCC(=O)Nc1cc(Nc2cc[nH]n2)nc(-c2ccccc2)n1,3400.0,0,1
CHEMBL3604921,C=CC(=O)Nc1cccc(Oc2nc(Nc3cc(C)[nH]n3)cc(N3CCN(C)CC3)n2)c1,265.0,1,2
CHEMBL3604924,CCC(=O)Nc1cccc(Oc2nc(Nc3cc(C)[nH]n3)cc(N3CCN(C)CC3)n2)c1,1900.0,0,1
CHEMBL3604925,CCC(=O)Nc1ccc(Oc2nc(Nc3cc(C)[nH]n3)cc(N3CCN(C)CC3)n2)cc1,1300.0,0,2
CHEMBL3604926,Cc1cc(Nc2cc(N3CCN(C)CC3)nc(Oc3ccccc3[N+](=O)[O-])n2)n[nH]1,1750.0,0,2
CHEMBL3604928,Cc1cc(Nc2cc(N3CCN(C)CC3)nc(Oc3ccc([N+](=O)[O-])cc3)n2)n[nH]1,1350.0,0,2
CHEMBL3604930,Cc1cc(Nc2cc(N3CCN(C)CC3)nc(Oc3ccc(N)cc3)n2)n[nH]1,1750.0,0,2
CHEMBL3604931,C=CC(=O)Nc1cccc(Oc2nccc(Nc3cc(C)[nH]n3)n2)c1,1350.0,0,2
CHEMBL3604933,C=CC(=O)Nc1cccc(Oc2nc(Nc3cc[nH]n3)cc(N3CCN(C)CC3)n2)c1,1950.0,0,2
CHEMBL3604929,Cc1cc(Nc2cc(N3CCN(C)CC3)nc(Oc3cccc(N)c3)n2)n[nH]1,4900.0,0,1
CHEMBL3604938,CCC(=O)Nc1cccc(Oc2nc(Nc3n[nH]c4ccccc34)cc(N3CCN(C)CC3)n2)c1,8600.0,0,1
CHEMBL3608432,C=CC(=O)N[C@@H]1CN(c2nc(Nc3cn(C)nc3C)c3ncn(C(C)C)c3n2)C[C@H]1F,2127.0,0,7
CHEMBL3608431,C=CC(=O)N[C@H]1CCN(c2nc(Nc3ccc(N4CCN(C)CC4)cc3)c3ncn(CCO)c3n2)C1,209.0,1,4
CHEMBL3608430,C=CC(=O)N1C[C@@H]2CN(c3nc(Nc4ccc(N5CCN(C)CC5)cc4)c4ncn(C(C)C)c4n3)C[C@@H]2C1,14.0,1,5
CHEMBL3608429,C=CC(=O)N[C@@H]1CN(c2nc(Nc3cnn(C)c3)c3ncn(C(C)C)c3n2)C[C@H]1F,7.0,1,8
CHEMBL3608434,C=CC(=O)N[C@@H]1CN(c2nc(Nc3cn(CC)nc3OC)c3ncn(C)c3n2)C[C@H]1F,6.0,1,5
CHEMBL3608433,C=CC(=O)N[C@@H]1CN(c2nc(Nc3cn(C4CCN(C)C4)nc3OC)c3ncn(C(C)C)c3n2)C[C@H]1F,5.0,1,5
CHEMBL3612585,CCOC(=O)CCCn1c(=O)oc2cc3ncnc(Nc4ccc(OCc5nccc(OCC(F)(F)F)c5C)cc4)c3cc21,780.0,1,1
CHEMBL3612587,CCOC(=O)CCCn1c(=O)oc2cc3ncnc(Nc4cc(C(=O)OCC)ccc4O)c3cc21,7.3,1,1
CHEMBL3612590,CCOC(=O)CCCn1c(=O)oc2cc3ncnc(Nc4ccc5[nH]ncc5c4)c3cc21,130.0,1,1
CHEMBL3612591,CCOC(=O)CCCn1c(=O)oc2cc3ncnc(Nc4ccc(OCc5ccccn5)cc4)c3cc21,2300.0,0,1
CHEMBL3612592,CCOC(=O)CCCn1c(=O)oc2cc3ncnc(Nc4ccc(F)c(F)c4)c3cc21,140.0,1,1
CHEMBL3612593,CCOC(=O)CCCn1c(=O)oc2cc3ncnc(Nc4ccc(OCc5ccc(Cl)cc5)c(Cl)c4)c3cc21,53.0,1,1
CHEMBL3612594,CCOC(=O)CCCn1c(=O)oc2cc3ncnc(Nc4ccc(O)cc4)c3cc21,20.0,1,1
CHEMBL3612595,CCOC(=O)CCCn1c(=O)oc2cc3ncnc(Nc4cccc(O)c4)c3cc21,8.7,1,1
CHEMBL3612596,CCOC(=O)CCCn1c(=O)oc2cc3ncnc(Nc4ccc(OC(C)C)cc4)c3cc21,160.0,1,1
CHEMBL3612598,CCOC(=O)CCCn1c(=O)oc2cc3ncnc(Nc4ccc(C(=O)OCc5ccc(Cl)cc5)cc4)c3cc21,660.0,1,1
CHEMBL3612599,CCOC(=O)CCCn1c(=O)oc2cc3ncnc(Nc4cc(C)cc(C)c4)c3cc21,1500.0,0,1
CHEMBL3613691,CN(C)c1ccc(/C=C/C(=O)c2ccc3ncc(C(N)=O)c(Nc4ccc(Cl)cc4)c3c2)cc1,5283.0,0,2
CHEMBL3613695,NC(=O)c1cnc2ccc(C(=O)/C=C/c3ccc(Cl)cc3)cc2c1Nc1ccc(Br)cc1,4824.0,0,1
CHEMBL3613702,C=CC(=O)Nc1ccc2ncnc(Nc3cc(F)c(Cl)c(Cl)c3)c2c1,0.037,1,1
CHEMBL3612561,COCCn1c(=O)oc2cc3ncnc(Nc4ccc(F)c(Cl)c4)c3cc21,470.0,1,1
CHEMBL3612562,C#Cc1cccc(Nc2ncnc3cc4oc(=O)n(CCOC)c4cc23)c1,190.0,1,1
CHEMBL3612563,COCCn1c(=O)oc2cc3ncnc(Nc4ccc(F)c(F)c4)c3cc21,26.0,1,1
CHEMBL3612564,COCCn1c(=O)oc2cc3ncnc(Nc4ccc(OC)cc4)c3cc21,5100.0,0,1
CHEMBL3612567,COCCn1c(=O)oc2cc3ncnc(Nc4ccc(OCc5nccc(OCC(F)(F)F)c5C)cc4)c3cc21,340.0,1,1
CHEMBL3612570,COCCn1c(=O)oc2cc3ncnc(Nc4cccc(C(C)=O)c4)c3cc21,560.0,1,1
CHEMBL3612571,COCCn1c(=O)oc2cc3ncnc(Nc4ccc(OCc5ccc(Cl)cc5)c(Cl)c4)c3cc21,1300.0,0,1
CHEMBL3612572,COCCn1c(=O)oc2cc3ncnc(Nc4ccc(OC)c(OC)c4)c3cc21,5500.0,0,1
CHEMBL3612573,CCOC(=O)c1ccc(O)c(Nc2ncnc3cc4oc(=O)n(CCOC)c4cc23)c1,440.0,1,1
CHEMBL3612574,CCOC(=O)CCCn1c(=O)oc2cc3ncnc(Nc4ccc(F)c(Cl)c4)c3cc21,7800.0,0,1
CHEMBL3612575,C#Cc1cccc(Nc2ncnc3cc4oc(=O)n(CCCC(=O)OCC)c4cc23)c1,5700.0,0,1
CHEMBL3612578,CCOC(=O)CCCn1c(=O)oc2cc3ncnc(Nc4ccc(Cl)cc4)c3cc21,1200.0,0,1
CHEMBL3612580,CCOC(=O)CCCn1c(=O)oc2cc3ncnc(Nc4ccc(OC)cc4)c3cc21,7500.0,0,1
CHEMBL3621220,C=CC(=O)Nc1cc2c(Nc3ccc(OCc4cccc(F)c4)c(Cl)c3)ncnc2cc1OCCOC,102.2,1,1
CHEMBL3622617,C#Cc1cccc(Nc2ncnc3cc(OCCOC)c(NC(=O)C=C)cc23)c1,1.8,1,1
CHEMBL3622619,C=CC(=O)Nc1cc2c(Nc3ccc(NC(=O)C=C)c(C(F)(F)F)c3)ncnc2cc1OCCOC,115.1,1,1
CHEMBL3622620,C=CC(=O)Nc1cc2c(Nc3ccc(F)c(C#N)c3)ncnc2cc1OCCOC,195.8,1,1
CHEMBL3622621,C=CC(=O)Nc1cc2c(Nc3ccc(OCc4cccc(F)c4)c(Cl)c3)ncnc2cc1O[C@H]1CCOC1,560.4,1,1
CHEMBL3622622,C=CC(=O)Nc1cc2c(Nc3ccc(OCc4cccc(F)c4)cc3)ncnc2cc1O[C@H]1CCOC1,72.2,1,1
CHEMBL3622679,C#Cc1cccc(Nc2ncnc3cc(O[C@H]4CCOC4)c(NC(=O)/C=C/CNC(C)C)cc23)c1,6.4,1,1
CHEMBL3622678,C#Cc1cccc(Nc2ncnc3cc(OCC)c(NC(=O)/C=C/CNC4CC4)cc23)c1,4.2,1,1
CHEMBL3622677,C#Cc1cccc(Nc2ncnc3cc(OC)c(NC(=O)/C=C/CNC4CC4)cc23)c1,7.9,1,1
CHEMBL3622676,C#Cc1cccc(Nc2ncnc3cc(O[C@H]4CCOC4)c(NC(=O)/C=C/CNC4CC4)cc23)c1,5.6,1,1
CHEMBL3622675,C#Cc1cccc(Nc2ncnc3cc(OCC)c(NC(=O)/C=C/CN(C)C4CC4)cc23)c1,2.4,1,1
CHEMBL3622674,C#Cc1cccc(Nc2ncnc3cc(OC)c(NC(=O)/C=C/CN(C)C4CC4)cc23)c1,3.3,1,1
CHEMBL3622673,C#Cc1cccc(Nc2ncnc3cc(OCC)c(NC(=O)/C=C/CN4CCCCC4)cc23)c1,6.1,1,1
CHEMBL3622672,C#Cc1cccc(Nc2ncnc3cc(OC)c(NC(=O)/C=C/CN4CCCCC4)cc23)c1,12.35,1,2
CHEMBL3622671,C#Cc1cccc(Nc2ncnc3cc(O[C@H]4CCOC4)c(NC(=O)/C=C/CN4CCCCC4)cc23)c1,5.3,1,1
CHEMBL3622670,CC(C)NC/C=C/C(=O)Nc1cc2c(Nc3ccc(F)c(Cl)c3)ncnc2cc1O[C@H]1CCOC1,7.0,1,1
CHEMBL3622669,COc1cc2ncnc(Nc3ccc(F)c(Cl)c3)c2cc1NC(=O)/C=C/CNC1CC(F)(F)C1,141.0,1,1
CHEMBL3622668,O=C(/C=C/CNC1CC1)Nc1cc2c(Nc3ccc(F)c(Cl)c3)ncnc2cc1OCC(F)(F)F,6.9,1,1
CHEMBL3622667,O=C(/C=C/CNC1CC1)Nc1cc2c(Nc3ccc(F)c(Cl)c3)ncnc2cc1OC(F)F,9.6,1,1
CHEMBL3622666,O=C(/C=C/CNC1CC1)Nc1cc2c(Nc3ccc(F)c(Cl)c3)ncnc2cc1O[C@H]1CCOC1,6.5,1,1
CHEMBL3622665,COc1cc2ncnc(Nc3ccc(F)c(Cl)c3)c2cc1NC(=O)/C=C/CNC1CC1,2.1,1,1
CHEMBL3622664,CCOc1cc2ncnc(Nc3ccc(F)c(Cl)c3)c2cc1NC(=O)/C=C/CNC1CC1,0.9,1,1
CHEMBL3622659,COCCOc1cc2ncnc(Nc3ccc(F)c(Cl)c3)c2cc1NC(=O)/C=C/CN1CC[S+]([O-])CC1,356.6,1,1
CHEMBL3622658,O=C(/C=C/CN1CC[S+]([O-])CC1)Nc1cc2c(Nc3ccc(F)c(Cl)c3)ncnc2cc1O[C@H]1CCOC1,109.4,1,1
CHEMBL3622655,CCOc1cc2ncnc(Nc3ccc(F)c(Cl)c3)c2cc1NC(=O)/C=C/CN(C)C1CC1,5.5,1,1
CHEMBL3622654,COCCOc1cc2ncnc(Nc3ccc(F)c(Cl)c3)c2cc1NC(=O)/C=C/CN(C)C1CC1,8.9,1,1
CHEMBL3622653,COc1cc2ncnc(Nc3ccc(F)c(Cl)c3)c2cc1NC(=O)/C=C/CN(C)C1CC1,26.9,1,1
CHEMBL3622652,O=C1CCN(C/C=C/C(=O)Nc2cc3c(Nc4ccc(F)c(Cl)c4)ncnc3cc2O[C@H]2CCOC2)CC1,520.2,1,1
CHEMBL3622651,COCCOc1cc2ncnc(Nc3ccc(F)c(Cl)c3)c2cc1NC(=O)/C=C/CN1CCCCC1,2.1,1,1
CHEMBL3622650,O=C(/C=C/CN1CCCCC1)Nc1cc2c(Nc3ccc(F)c(Cl)c3)ncnc2cc1O[C@H]1CCOC1,5.3,1,1
CHEMBL3622649,C#Cc1cccc(Nc2ncnc3cc(OC4CCN(C)CC4)c(NC(=O)/C=C/CN(C)C)cc23)c1,8.1,1,1
CHEMBL3622648,C#Cc1cccc(Nc2ncnc3cc(OC4CCOCC4)c(NC(=O)/C=C/CN(C)C)cc23)c1,6.0,1,1
CHEMBL3622647,CN(C)C/C=C/C(=O)Nc1cc2c(Nc3ccc(F)c(C#N)c3)ncnc2cc1O[C@H]1CCOC1,147.4,1,1
CHEMBL3622645,C#Cc1cccc(Nc2ncnc3cc(O[C@H]4CCOC4)c(NC(=O)/C=C/CN(C)C)cc23)c1,57.0,1,3
CHEMBL3622644,CN(C)C/C=C/C(=O)Nc1cc2c(Nc3ccc(OCc4ccccn4)cc3)ncnc2cc1O[C@H]1CCOC1,9.0,1,1
CHEMBL3622643,CN(C)C/C=C/C(=O)Nc1cc2c(Nc3ccc(OCc4ccccn4)c(Cl)c3)ncnc2cc1O[C@H]1CCOC1,8.1,1,1
CHEMBL3622642,CN(C)C/C=C/C(=O)Nc1cc2c(Nc3ccc(OCc4cccc(F)c4)cc3)ncnc2cc1O[C@H]1CCOC1,133.9,1,1
CHEMBL3622641,CN(C)C/C=C/C(=O)Nc1cc2c(Nc3ccc(OCc4cccc(F)c4)c(Cl)c3)ncnc2cc1O[C@H]1CCOC1,510.2,1,1
CHEMBL3622640,COCCOc1cc2ncnc(Nc3ccc(Br)cc3F)c2cc1NC(=O)/C=C/CN(C)C,3.0,1,1
CHEMBL3622639,COCCOc1cc2ncnc(Nc3ccc(F)c(Cl)c3)c2cc1NC(=O)/C=C/CN(C)C,1.2,1,1
CHEMBL3622638,COCCOc1cc2ncnc(Nc3ccc(OCc4ccccn4)cc3)c2cc1NC(=O)/C=C/CN(C)C,10.0,1,1
CHEMBL3622637,COCCOc1cc2ncnc(Nc3ccc(OCc4ccccn4)c(Cl)c3)c2cc1NC(=O)/C=C/CN(C)C,5.4,1,1
CHEMBL3622636,COCCOc1cc2ncnc(Nc3ccc(OCc4cccc(F)c4)cc3)c2cc1NC(=O)/C=C/CN(C)C,91.0,1,1
CHEMBL3622634,COCCOc1cc2ncnc(Nc3ccc(NC(=O)/C=C/CN(C)C)c(C(F)(F)F)c3)c2cc1NC(=O)/C=C/CN(C)C,102.3,1,1
CHEMBL3622633,COCCOc1cc2ncnc(Nc3ccc(Cl)c(C(F)(F)F)c3)c2cc1NC(=O)/C=C/CN(C)C,573.6,1,1
CHEMBL3622632,C#Cc1cccc(Nc2ncnc3cc(OCCOC)c(NC(=O)/C=C/CN(C)C)cc23)c1,1.2,1,1
CHEMBL3622630,C=CC(=O)Nc1cc2c(Nc3ccc(Br)cc3F)ncnc2cc1O[C@H]1CCOC1,121.1,1,1
CHEMBL3622629,C=CC(=O)Nc1cc2c(Nc3ccc(F)c(Cl)c3)ncnc2cc1O[C@H]1CCOC1,5.8,1,1
CHEMBL3622628,C=CC(=O)Nc1cc2c(Nc3ccc(F)c(C#N)c3)ncnc2cc1O[C@H]1CCOC1,167.3,1,1
CHEMBL3622626,C=CC(=O)Nc1cc2c(Nc3ccc(Cl)c(C(F)(F)F)c3)ncnc2cc1O[C@H]1CCOC1,104.7,1,1
CHEMBL3622625,C#Cc1cccc(Nc2ncnc3cc(O[C@H]4CCOC4)c(NC(=O)C=C)cc23)c1,32.2,1,1
CHEMBL3622624,C=CC(=O)Nc1cc2c(Nc3ccc(OCc4ccccn4)cc3)ncnc2cc1O[C@H]1CCOC1,100.1,1,1
CHEMBL3622623,C=CC(=O)Nc1cc2c(Nc3ccc(OCc4ccccn4)c(Cl)c3)ncnc2cc1O[C@H]1CCOC1,134.9,1,1
CHEMBL3623278,COc1cc2ncnc(Nc3cccc(Cl)c3F)c2cc1CN1CCOCC1,5.199999999999999,1,2
CHEMBL3623279,COc1cc2ncnc(Nc3cccc(Cl)c3F)c2cc1N1CCOCC1,1.5,1,1
CHEMBL3623280,COc1cc2ncnc(Nc3cccc(Cl)c3F)c2cc1C(=O)N1CCOCC1,166.0,1,1
CHEMBL3623281,COc1cc2ncnc(Nc3cccc(Cl)c3F)c2cc1OC(=O)N1CCOCC1,4.1,1,1
CHEMBL3623282,COc1cc2ncnc(Nc3cccc(Cl)c3F)c2cc1OC(=O)N1CCN(C)CC1,5.0,1,1
CHEMBL3623283,COc1cc2ncnc(Nc3ccc(F)c(Cl)c3)c2cc1N1CCOCC1,1.5,1,1
CHEMBL3623284,COc1cc2ncnc(Nc3cccc(Cl)c3F)c2cc1OC(=O)N1CC[C@@H](N(C)C)C1,1.1,1,1
CHEMBL3623285,COc1cc2ncnc(Nc3cccc(Cl)c3F)c2cc1OC(=O)N1CC[C@H](N(C)C)C1,2.7,1,1
CHEMBL3623286,COc1cc2ncnc(Nc3cccc(Cl)c3F)c2cc1OC(=O)N1C[C@@H]2C[C@H]1CN2C,2.3,1,1
CHEMBL3623287,COc1cc2ncnc(Nc3cccc(Cl)c3F)c2cc1OC(=O)N1CCN(C)C2CC21,8.600000000000001,1,2
CHEMBL3623288,COc1cc2ncnc(Nc3cccc(Cl)c3F)c2cc1OC(=O)N1CCN(C)[C@@H](C)C1,16.9,1,1
CHEMBL3623289,COc1cc2ncnc(Nc3cccc(Cl)c3F)c2cc1OC(=O)N1CCN(C)[C@H](C)C1,21.5,1,1
CHEMBL3623290,COc1cc2ncnc(Nc3cccc(Cl)c3F)c2cc1OC(=O)N1CCN(C)C[C@H]1C,7.2,1,9
CHEMBL3623291,COc1cc2ncnc(Nc3cccc(Cl)c3F)c2cc1OC(=O)N1CCN(C)C[C@@H]1C,6.9,1,1
CHEMBL3628817,COc1ccc(Nc2ncc3c(n2)-c2ccc(Cl)cc2SC3)cc1,21560.0,0,1
CHEMBL481789,COc1ccc2c(c1)SCc1cnc(-c3ccccc3)nc1-2,4720.0,0,1
CHEMBL3628818,Clc1ccc(Nc2ncc3c(n2)-c2ccc(Cl)cc2SC3)cc1,45700.0,0,1
CHEMBL3628816,Clc1ccc2c(c1)SCc1cnc(Nc3ccccc3)nc1-2,21180.0,0,1
CHEMBL1688539,Fc1ccc(Nc2ncnc3ccccc23)cc1Cl,30.0,1,1
CHEMBL3628791,Fc1ccc(Nc2ncnc3sccc23)cc1Cl,2980.0,0,1
CHEMBL3628792,Fc1ccc(Nc2ncnc3sc4c(c23)CCCC4)cc1Cl,1330.0,0,1
CHEMBL3628796,COc1cc2ncnc(Nc3ccc(NC(=O)Nc4cccc(Br)c4)cc3)c2cc1OC,7710.0,0,1
CHEMBL3628799,O=C(Nc1ccc(Nc2ncnc3sc4c(c23)CCCC4)cc1)Nc1cccc(Br)c1,3950.0,0,1
CHEMBL3628800,Fc1ccc(Oc2ncnc3ccccc23)cc1Cl,590.0,1,1
CHEMBL3628907,O=C(Nc1cccc(Br)c1)Nc1ccc(Oc2ncnc3sc4c(c23)CCCC4)cc1Cl,1260.0,0,1
CHEMBL3628906,Cc1cc(Oc2ncnc3sc4c(c23)CCCC4)ccc1NC(=O)Nc1cccc(Br)c1,3290.0,0,1
CHEMBL3633141,C=CC(=O)Nc1cc(Nc2cncc(-c3cn(C)c4ccccc34)n2)c(OC)cc1N(C)CCN(C)C,10.5,1,2
CHEMBL3633142,C=CC(=O)Nc1cccc(-n2c(=O)ccc3cnc(Nc4ccc(N5CCN(C)CC5)cc4OC)nc32)c1,3.0,1,3
CHEMBL3633143,C=CC(=O)Nc1cccc(-n2c(=O)cc(C)c3cnc(Nc4ccc(N5CCN(C)CC5)cc4OC)nc32)c1,4.0,1,5
CHEMBL3633151,C=CC(=O)Nc1cccc(-n2c(=O)cc(C)c3cnc(Nc4ccc(N(C)CCN(C)C)cc4OC)nc32)c1,9.0,1,2
CHEMBL3633152,C=CC(=O)Nc1cccc(-n2c(=O)cc(C)c3cnc(Nc4ccc(OCCN(C)C)cc4OC)nc32)c1,6.5,1,2
CHEMBL3633942,CCOC(=O)C(=CNC(=O)Nc1ccc(C(=O)Nc2ccc3ncnc(Nc4ccc(F)c(Cl)c4)c3c2)cc1)C(=O)OCC,1460.0,0,1
CHEMBL3633941,CCNC(=O)Nc1ccc(C(=O)Nc2ccc3ncnc(Nc4ccc(F)c(Cl)c4)c3c2)cc1,31.0,1,1
CHEMBL3633940,NC(=O)Nc1ccc(C(=O)Nc2ccc3ncnc(Nc4ccc(F)c(Cl)c4)c3c2)cc1,9.0,1,1
CHEMBL3633939,N#CC(C#N)=CNc1ccc2ncnc(Nc3ccc(OCc4ccccn4)c(Cl)c3)c2c1,3050.0,0,1
CHEMBL3633938,N#CC(C#N)=CNc1ccc2ncnc(Nc3ccc(OCc4cccc(F)c4)c(Cl)c3)c2c1,445.0,1,1
CHEMBL3632637,CCOC(=O)C(=CNc1ccc2ncnc(Nc3ccc(OCc4ccccn4)c(Cl)c3)c2c1)C(=O)OCC,1020.0,0,1
CHEMBL3633936,CCOC(=O)C(=CNc1ccc2ncnc(Nc3ccc(OCc4cccc(F)c4)c(Cl)c3)c2c1)C(=O)OCC,812.0,1,1
CHEMBL3633934,CCOC(=O)C(=CNc1ccc2ncnc(Nc3ccc(Oc4cccc(C(F)(F)F)c4)c(Cl)c3)c2c1)C(=O)OCC,23.0,1,1
CHEMBL3633933,CCNC(=O)Nc1ccc2ncnc(Nc3ccc(OCc4ccccn4)c(Cl)c3)c2c1,227.0,1,1
CHEMBL3633932,CCNC(=O)Nc1ccc2ncnc(Nc3ccc(OCc4cccc(F)c4)c(Cl)c3)c2c1,35.0,1,1
CHEMBL3633930,CCNC(=O)Nc1ccc2ncnc(Nc3ccc(Oc4cccc(C(F)(F)F)c4)c(Cl)c3)c2c1,29.0,1,1
CHEMBL3633929,CC(=O)Nc1ccc2ncnc(Nc3ccc(OCc4ccccn4)c(Cl)c3)c2c1,3.0,1,1
CHEMBL3633928,NC(=O)Nc1ccc2ncnc(Nc3ccc(OCc4cccc(F)c4)c(Cl)c3)c2c1,142.5,1,4
CHEMBL3633775,NC(=O)Nc1ccc2ncnc(Nc3ccc(Oc4ccc(Cl)c(Cl)c4)c(Cl)c3)c2c1,543.0,1,1
CHEMBL3633774,NC(=O)Nc1ccc2ncnc(Nc3ccc(Oc4cccc(C(F)(F)F)c4)c(Cl)c3)c2c1,4.0,1,1
CHEMBL4113919,CC(C)n1c(Nc2ccccc2)nc2cnc(Nc3ccc(C(=O)N[N+]4=CCN(C)CC4)cc3)nc21,8.0,1,3
CHEMBL3699581,C=CC(=O)Nc1cccc(Oc2nc(Nc3ccc(N4CCOCC4)cc3OC)ncc2C(F)(F)F)c1,35.25,1,6
CHEMBL3699588,C=CC(=O)Nc1cccc(Oc2nc(Nc3ccc(N4CCN(C(C)=O)CC4)cc3OC)ncc2C(F)(F)F)c1,6.25,1,12
CHEMBL3699595,C=CC(=O)Nc1cccc(Nc2nc(Nc3ccc(N4CCCN(C(=O)C(F)(F)F)CC4)cc3OC)ncc2C(F)(F)F)c1,102.75,1,6
CHEMBL3699611,C=CC(=O)Nc1cccc(Oc2nc(Nc3ccc(N4CCCOCC4)cc3OC)ncc2Cl)c1,35.25,1,6
CHEMBL3699615,C=CC(=O)Nc1cccc(Nc2nc(Nc3ccc(N4CCN(S(C)(=O)=O)CC4)cc3OC)ncc2Cl)c1,35.25,1,6
CHEMBL3674151,CC(C)n1c(Nc2ccc(F)c(Cl)c2)nc2cnc(Nc3ccc(C(=O)NN4CCN(C)CC4)cc3F)nc21,5.0,1,3
CHEMBL3699609,C=CC(=O)Nc1cccc(Nc2nc(Nc3ccc(N4CCN(C(=O)CC)CC4)cc3OC)ncc2C(F)(F)F)c1,5.5,1,3
CHEMBL3699590,C=CC(=O)Nc1cccc(Nc2nc(Nc3ccc(N4CCN(C(=O)CO)CC4)cc3OC)ncc2Cl)c1,20.0,1,3
CHEMBL3680375,O=C(/C=C/CN1CCCCC1)Nc1cc2c(Nc3ccc(F)c(Cl)c3)ncnc2cc1OCCCN1CCOCC1,11.35,1,2
CHEMBL3699616,C=CC(=O)Nc1cccc(Oc2nc(Nc3ccc(N4CCN(C(=O)CC(C)(C)C)CC4)cc3OC)ncc2C(F)(F)F)c1,650.0,1,6
CHEMBL3678949,CC(C)n1c(Nc2ccc(F)c(Cl)c2)nc2cnc(Nc3ccc(N4CCN(C)CC4)cc3)nc21,4.0,1,3
CHEMBL3678960,C=CC(=O)Nc1cccc(Nc2ncc3nc(Nc4ccccc4)n(C(C)C)c3n2)c1,2.0,1,3
CHEMBL3699601,C=CC(=O)Nc1cccc(Oc2nc(Nc3ccc(N4CCN(S(C)(=O)=O)CC4)cc3OC)ncc2Cl)c1,20.0,1,3
CHEMBL1643971,C=CC(=O)Nc1cccc(Oc2nc(Nc3ccc(N4CCOCC4)cc3OC)ncc2Cl)c1,12.75,1,8
CHEMBL3680374,O=C(/C=C/CN1CCCCC1)Nc1cc2c(Nc3ccc(F)c(Cl)c3)ncnc2cc1OCC(F)F,9.87,1,2
CHEMBL3680377,COc1cc2ncnc(Nc3ccc(F)c(Cl)c3)c2cc1NC(=O)/C=C/CN1CCC(F)CC1,18.08,1,2
CHEMBL3678953,COc1ccc(Nc2nc3cnc(Nc4ccc(N5CCN(C)CC5)cc4)nc3n2C(C)C)cc1,30.0,1,3
CHEMBL3699619,C=CC(=O)Nc1cccc(Oc2nc(Nc3ccc(N4CCN(C(=O)OC(C)(C)C)CC4)cc3OC)ncc2Cl)c1,200.0,1,3
CHEMBL3699599,C=CC(=O)Nc1cccc(Oc2nc(Nc3ccc(N4CCN(C(=O)CC(C)(C)C)CC4)cc3OC)ncc2Cl)c1,102.75,1,6
CHEMBL3699608,C=CC(=O)Nc1cccc(Nc2nc(Nc3ccc(N4CCN(C(=O)C(C)(C)C)CC4)cc3OC)ncc2C(F)(F)F)c1,65.0,1,3
CHEMBL3699600,C=CC(=O)Nc1cccc(Oc2nc(Nc3ccc(N4CCN(C(=O)C(F)(F)F)CC4)cc3OC)ncc2Cl)c1,35.25,1,6
CHEMBL3699618,C=CC(=O)Nc1cccc(Nc2nc(Nc3ccc(N4CCN(C(=O)CC(C)(C)C)CC4)cc3OC)ncc2C(F)(F)F)c1,35.25,1,6
CHEMBL3699614,C=CC(=O)Nc1cccc(Nc2nc(Nc3ccc(N4CCN(C(C)=O)CC4)cc3OC)ncc2Br)c1,12.75,1,6
CHEMBL3699589,C=CC(=O)Nc1cccc(Oc2nc(Nc3ccc(N4CCN(C(=O)CO)CC4)cc3OC)ncc2C(F)(F)F)c1,20.0,1,3
CHEMBL3678957,CC(C)n1c(Nc2ccc(C(F)(F)F)cc2)nc2cnc(Nc3ccc(N4CCN(C)CC4)cc3)nc21,34.0,1,3
CHEMBL3699584,C=CC(=O)Nc1cccc(Nc2nc(Nc3ccc(N4CCN(C(=O)CO)CC4)cc3OC)ncc2C(F)(F)F)c1,5.5,1,3
CHEMBL3699607,C=CC(=O)Nc1cccc(Nc2nc(Nc3ccc(N4CCN(C(C)=O)CC4)cc3OC(F)(F)F)ncc2C(F)(F)F)c1,5.5,1,3
CHEMBL3680376,COc1cc2ncnc(Nc3ccc(F)c(Cl)c3)c2cc1NC(=O)/C=C/CN1CCCC(F)C1,45.34,1,2
CHEMBL3699617,C=CC(=O)Nc1cccc(Oc2nc(Nc3ccc(N4CCCN(C(=O)OC(C)(C)C)CC4)cc3OC)ncc2Cl)c1,327.75,1,6
CHEMBL3699593,C=CC(=O)Nc1cccc(Nc2nc(Nc3ccc(N4CCN(S(C)(=O)=O)CC4)cc3OC)ncc2C(F)(F)F)c1,20.0,1,3
CHEMBL3699582,C=CC(=O)Nc1cccc(Nc2nc(Nc3ccc(N4CCOCC4)cc3OC)ncc2C(F)(F)F)c1,20.0,1,3
CHEMBL3699596,C=CC(=O)Nc1cccc(Oc2nc(Nc3ccc(N4CCN(C(=O)OC)CC4)cc3OC)ncc2C(F)(F)F)c1,12.75,1,6
CHEMBL3674152,COc1cc(C(=O)NN2CCN(C)CC2)ccc1Nc1ncc2nc(Nc3ccccc3)n(C(C)C)c2n1,7.0,1,3
CHEMBL3680373,O=C(/C=C/CN1CCCCC1)Nc1cc2c(Nc3ccc(F)c(Cl)c3)ncnc2cc1OCCF,6.44,1,2
CHEMBL3699586,C=CC(=O)Nc1cccc(Nc2nc(Nc3ccc(N4CCN(C(C)=O)CC4)cc3OC)ncc2Cl)c1,20.0,1,7
CHEMBL3678950,CC(C)n1c(Nc2ccc(Br)cc2)nc2cnc(Nc3ccc(N4CCN(C)CC4)cc3)nc21,3.0,1,3
CHEMBL3699587,C=CC(=O)Nc1cccc(Oc2nc(Nc3ccc(N4CCN(C(C)=O)CC4)cc3OC)ncc2Cl)c1,5.5,1,3
CHEMBL3699602,C=CC(=O)Nc1cccc(Oc2nc(Nc3ccc(N4CCN(S(N)(=O)=O)CC4)cc3OC)ncc2C(F)(F)F)c1,5.5,1,6
CHEMBL3639984,C=CC(=O)Nc1cccc(Nc2nc(Nc3ccc(N4CCN(C(=O)CO)CC4)cc3OC(F)(F)F)ncc2C(F)(F)F)c1,65.0,1,3
CHEMBL3699591,C=CC(=O)Nc1cccc(Oc2nc(Nc3ccc(N4CCOCC4)cc3OC(F)F)ncc2C(F)(F)F)c1,65.0,1,3
CHEMBL3699610,C=CC(=O)Nc1cccc(Oc2nc(Nc3ccc(N4CCOCC4)cc3OC(F)F)ncc2Cl)c1,20.0,1,3
CHEMBL3699598,C=CC(=O)Nc1cccc(Oc2nc(Nc3ccc(N4CCN(S(C)(=O)=O)CC4)cc3OC)ncc2C(F)(F)F)c1,65.0,1,3
CHEMBL3699585,C=CC(=O)Nc1cccc(Nc2nc(Nc3ccc(N4CCCN(C(C)=O)CC4)cc3OC)ncc2C(F)(F)F)c1,20.0,1,3
CHEMBL3699613,C=CC(=O)Nc1cccc(Nc2nc(Nc3ccc(N4CCCN(C(=O)OC(C)(C)C)CC4)cc3OC)ncc2C(F)(F)F)c1,20.0,1,7
CHEMBL3678959,CC(C)n1c(NC2CCCCC2)nc2cnc(Nc3ccc(N4CCN(C)CC4)cc3)nc21,15.0,1,3
CHEMBL3699594,C=CC(=O)Nc1cccc(Oc2nc(Nc3ccc(N4CCN(C(=O)OC(C)(C)C)CC4)cc3OCC)ncc2Cl)c1,20.0,1,3
CHEMBL3699621,C=CC(=O)Nc1cccc(Nc2nc(Nc3ccc(N4CCN(C(C)=O)[C@H](C(=O)OC)C4)cc3OC)ncc2C(F)(F)F)c1,20.0,1,3
CHEMBL3674150,CC(C)n1c(Nc2ccccc2)nc2cnc(Nc3ccc(C(=O)NN4CCN(C)CC4)cc3F)nc21,18.0,1,6
CHEMBL2178351,CC(C)n1c(Nc2ccccc2)nc2cnc(Nc3ccc(N4CCN(C)CC4)cc3)nc21,5.0,1,3
CHEMBL3678958,CC(C)n1c(Nc2cccnc2)nc2cnc(Nc3ccc(N4CCN(C)CC4)cc3)nc21,31.0,1,3
CHEMBL3699620,C=CC(=O)Nc1cccc(Oc2nc(Nc3ccc(N4CCN(C(=O)OC(C)(C)C)CC4)cc3OC(F)(F)F)ncc2Cl)c1,20.0,1,3
CHEMBL3680378,COc1cc2ncnc(Nc3ccc(F)c(Cl)c3)c2cc1NC(=O)/C=C/CN1CCCCCC1,12.13,1,2
CHEMBL3678954,CC(C)n1c(Nc2ccc(OCc3cccc(F)c3)c(Cl)c2)nc2cnc(Nc3ccc(N4CCN(C)CC4)cc3)nc21,4.0,1,3
CHEMBL4111809,CC(=O)Nc1cccc(Nc2nc3cnc(Nc4ccc(C(=O)N[N+]5=CCN(C)CC5)cc4F)nc3n2C(C)C)c1,60.0,1,3
CHEMBL3699612,C=CC(=O)Nc1cccc(Nc2nc(Nc3ccc(N4CCCOCC4)cc3OC)ncc2C(F)(F)F)c1,20.0,1,3
CHEMBL3678955,CC(C)n1c(Nc2ccc(NC(=O)Nc3ccc(F)c(Cl)c3)cc2)nc2cnc(Nc3ccc(N4CCN(C)CC4)cc3)nc21,5.0,1,3
CHEMBL3678952,COc1cccc(Nc2nc3cnc(Nc4ccc(N5CCN(C)CC5)cc4)nc3n2C(C)C)c1,4.0,1,3
CHEMBL3699622,C=CC(=O)Nc1cccc(Nc2nc(Nc3ccc(N4CCS(=O)(=O)CC4)cc3OC)ncc2C(F)(F)F)c1,5.5,1,3
CHEMBL3699592,C=CC(=O)Nc1cccc(Nc2nc(Nc3ccc(N4CCOCC4)cc3OC(F)F)ncc2C(F)(F)F)c1,20.0,1,3
CHEMBL3678951,CC(C)n1c(Nc2cccc(C(F)(F)F)c2)nc2cnc(Nc3ccc(N4CCN(C)CC4)cc3)nc21,3.0,1,3
CHEMBL3699597,C=CC(=O)Nc1cccc(Oc2nc(Nc3ccc(N4CCN(C(=O)NC)CC4)cc3OC)ncc2C(F)(F)F)c1,20.0,1,3
CHEMBL2178350,CN1CCN(c2ccc(Nc3ncc4nc(Nc5ccccc5)n(C5CC5)c4n3)cc2)CC1,7.0,1,3
CHEMBL3699603,C=CC(=O)Nc1cccc(Nc2nc(Nc3ccc(N4CCN(C(=O)NC)CC4)cc3OC)ncc2C(F)(F)F)c1,5.5,1,3
CHEMBL3678956,CC(C)n1c(Nc2ccc(C(=O)Nc3cccc(F)c3)cc2)nc2cnc(Nc3ccc(N4CCN(C)CC4)cc3)nc21,87.0,1,3
CHEMBL3678948,C#Cc1cccc(Nc2nc3cnc(Nc4ccc(N5CCN(C)CC5)cc4)nc3n2C(C)C)c1,3.0,1,3
CHEMBL2178349,CN1CCN(c2ccc(Nc3ncc4nc(Nc5ccccc5)n(C)c4n3)cc2)CC1,12.0,1,3
CHEMBL3674148,CC(C)n1c(Nc2ccc(F)c(Cl)c2)nc2cnc(Nc3ccc(C(=O)NN4CCN(C)CC4)cc3)nc21,1.0,1,3
CHEMBL3678946,CC(C)n1c(Nc2ccccc2)nc2cnc(Nc3ccc(C(=O)NC4CCN(C)CC4)cc3)nc21,1.0,1,3
CHEMBL3699604,C=CC(=O)Nc1cccc(Nc2nc(Nc3ccc(N4CCN(C(=O)OC)CC4)cc3OC)ncc2C(F)(F)F)c1,20.0,1,3
CHEMBL3699583,C=CC(=O)Nc1cccc(Oc2nc(Nc3ccc(N4CCN(C(=O)CO)CC4)cc3OC)ncc2Cl)c1,5.5,1,3
CHEMBL3678947,CC(C)n1c(Nc2cccc(Br)c2)nc2cnc(Nc3ccc(N4CCN(C)CC4)cc3)nc21,5.0,1,3
CHEMBL3735952,COC1CCN(c2nccc(Nc3cc4[nH]cnc4cn3)n2)CC1,880.0,1,1
CHEMBL3736508,COC1CCN(c2nccc(Nc3cc4c(cn3)nc(C)n4C(C)C)n2)CC1,882.0,1,1
CHEMBL3734877,COC1CCN(c2nccc(Nc3cc4c(cn3)nc(CO)n4C(C)C)n2)CC1,2360.0,0,1
CHEMBL3736183,CO[C@H]1CCN(c2nccc(Nc3cc4c(cn3)nc(C)n4C(C)C)n2)C[C@H]1F,250.0,1,1
CHEMBL3734933,CO[C@H]1CCN(c2nccc(Nc3cc4c(cn3)nc(CO)n4C(C)C)n2)C[C@H]1F,290.0,1,1
CHEMBL3735958,Cc1nc2cnc(Nc3ccnc(N4CC[C@H](O)[C@H](F)C4)n3)cc2n1C(C)C,1000.0,1,1
CHEMBL3734934,CC(C)n1c(CO)nc2cnc(Nc3ccnc(N4CC[C@H](O)[C@H](F)C4)n3)cc21,2530.0,0,1
CHEMBL3735474,CO[C@H]1CCN(c2nccc(Nc3cc4c(cn3)nc(CO)n4C(C)C)n2)CC1(F)F,1000.0,1,1
CHEMBL3734786,Cc1nc2cnc(Nc3ccnc(N4CC[C@H](O)C(F)(F)C4)n3)cc2n1C(C)C,1040.0,0,1
CHEMBL3736121,CO[C@H]1CCN(c2nccc(Nc3cc4c(cn3)nc([C@@H](C)O)n4[C@H](C)C(F)(F)F)n2)C[C@H]1F,10513.5,0,2
CHEMBL3734988,C[C@@H](O)c1nc2cnc(Nc3ccnc(N4CC[C@H](O)[C@H](F)C4)n3)cc2n1[C@H](C)C(F)(F)F,130540.5,0,2
CHEMBL3740144,CN1CCN(Cc2ccc(NC(=O)Nc3ccc4ncnc(Nc5ccc(OCc6cccc(F)c6)c(Cl)c5)c4c3)cc2)CC1,8.4,1,1
CHEMBL3741473,O=C(Nc1ccc(CN2CCCCC2)cc1)Nc1ccc2ncnc(Nc3cccc(C(F)(F)F)c3)c2c1,7.75,1,2
CHEMBL3740910,O=C(Nc1ccc(CN2CCCC2)cc1)Nc1ccc2ncnc(Nc3cccc(C(F)(F)F)c3)c2c1,7.8,1,2
CHEMBL3739750,CC(=O)c1nn(-c2ccccc2)cc1C(=O)c1c(C)[nH]c(-c2ccccc2)c1-c1ccccc1,4670.0,0,1
CHEMBL3740247,CC(=O)c1nn(-c2ccc(C)cc2)cc1C(=O)c1c(C)[nH]c(-c2ccccc2)c1-c1ccccc1,9190.0,0,1
CHEMBL3739587,CC(=O)c1nn(-c2ccc(Cl)cc2)cc1C(=O)c1c(C)[nH]c(-c2ccccc2)c1-c1ccccc1,4480.0,0,1
CHEMBL3740131,CCOC(=O)c1nn(-c2ccccc2)cc1C(=O)c1c(C)[nH]c(-c2ccccc2)c1-c1ccccc1,3220.0,0,1
CHEMBL3742349,CCOC(=O)c1nn(-c2ccc(C)cc2)cc1C(=O)c1c(C)[nH]c(-c2ccccc2)c1-c1ccccc1,7880.0,0,1
CHEMBL3741526,CCOC(=O)c1nn(-c2ccc(Cl)cc2)cc1C(=O)c1c(C)[nH]c(-c2ccccc2)c1-c1ccccc1,3200.0,0,1
CHEMBL3740930,Cc1[nH]c(-c2ccccc2)c(-c2ccccc2)c1C(=O)c1cn(-c2ccccc2)nc1C(=O)Nc1ccccc1,3560.0,0,1
CHEMBL3740713,Cc1ccc(-n2cc(C(=O)c3c(C)[nH]c(-c4ccccc4)c3-c3ccccc3)c(C(=O)Nc3ccccc3)n2)cc1,4490.0,0,1
CHEMBL3740385,Cc1[nH]c(-c2ccccc2)c(-c2ccccc2)c1C(=O)c1cn(-c2ccc(Cl)cc2)nc1C(=O)Nc1ccccc1,3780.0,0,1
CHEMBL3741069,Cc1[nH]c(-c2ccccc2)c(-c2ccccc2)c1C(=O)c1cn(-c2ccccc2)nc1-c1ccccc1,2560.0,0,1
CHEMBL3740582,Cc1[nH]c(-c2ccccc2)c(-c2ccccc2)c1-c1nnc(C)c2nn(-c3ccccc3)cc12,3890.0,0,1
CHEMBL3742060,Cc1ccc(-n2cc3c(-c4c(C)[nH]c(-c5ccccc5)c4-c4ccccc4)nnc(C)c3n2)cc1,5430.0,0,1
CHEMBL3741655,Cc1[nH]c(-c2ccccc2)c(-c2ccccc2)c1-c1nnc(C)c2nn(-c3ccc(Cl)cc3)cc12,2550.0,0,1
CHEMBL3740923,Oc1nnc(-c2c[nH]c(-c3ccccc3)c2-c2ccccc2)c2cn(-c3ccccc3)nc12,3600.0,0,1
CHEMBL3739586,Cc1ccc(-n2cc3c(-c4c[nH]c(-c5ccccc5)c4-c4ccccc4)nnc(O)c3n2)cc1,3450.0,0,1
CHEMBL3742200,Oc1nnc(-c2c[nH]c(-c3ccccc3)c2-c2ccccc2)c2cn(-c3ccc(Cl)cc3)nc12,4390.0,0,1
CHEMBL3740003,Cc1[nH]c(-c2ccccc2)c(-c2ccccc2)c1-c1ccc(NC(=O)c2ccccc2)c(=O)o1,2890.0,0,1
CHEMBL3741960,Cc1c(C(=O)c2coc3ccc(O)cc23)[nH]c(-c2ccccc2)c1-c1ccccc1,3670.0,0,1
CHEMBL3740492,Cc1c(C(=O)c2coc3c2cc(O)c2ccccc23)[nH]c(-c2ccccc2)c1-c1ccccc1,5100.0,0,1
CHEMBL3740577,C=CC(=O)Nc1cccc(Nc2nc(N/N=C/c3ccc(F)cc3)ncc2Cl)c1,860.0,1,3
CHEMBL3739812,C=CC(=O)Nc1cccc(Nc2nc(N/N=C/c3ccccc3F)ncc2Cl)c1,1910.0,0,3
CHEMBL3740614,C=CC(=O)Nc1cccc(Nc2nc(N/N=C/c3ccc(F)cc3F)ncc2Cl)c1,11570.0,0,1
CHEMBL3741245,C=CC(=O)Nc1cccc(Nc2nc(N/N=C(\C)c3ccc(F)cc3)ncc2Cl)c1,1680.0,0,3
CHEMBL3740257,C=CC(=O)Nc1cccc(Nc2nc(N/N=C(\C)c3ccc(F)cc3F)ncc2Cl)c1,7010.0,0,2
CHEMBL3741796,C=CC(=O)Nc1cccc(Nc2nc(N/N=C(\C)c3ccc(C)cc3)ncc2Cl)c1,5670.0,0,1
CHEMBL3741436,CN(C)C/C=C/C(=O)Nc1cccc(Nc2nc(N/N=C/c3ccccc3F)ncc2Cl)c1,1560.0,0,3
CHEMBL3741762,CN(C)C/C=C/C(=O)Nc1cccc(Nc2nc(N/N=C/c3ccc(F)cc3)ncc2Cl)c1,1860.0,0,4
CHEMBL3742128,CN(C)C/C=C/C(=O)Nc1cccc(Nc2nc(N/N=C/c3ccc(F)cc3F)ncc2Cl)c1,2520.0,0,3
CHEMBL3741219,CN(C)C/C=C/C(=O)Nc1cccc(Nc2nc(N/N=C/c3cn(Cc4ccccc4)c4ccccc34)ncc2Cl)c1,790.0,1,3
CHEMBL3740102,C/C(=N\Nc1ncc(Cl)c(Nc2cccc(NC(=O)/C=C/CN(C)C)c2)n1)c1ccc(F)cc1,8835.0,0,2
CHEMBL3740907,C/C(=N\Nc1ncc(Cl)c(Nc2cccc(NC(=O)/C=C/CN(C)C)c2)n1)c1ccc(F)cc1F,820.0,1,3
CHEMBL3741324,C/C(=N\Nc1ncc(Cl)c(Nc2cccc(NC(=O)/C=C/CN(C)C)c2)n1)c1ccccn1,2380.0,0,1
CHEMBL3742146,C/C(=N\Nc1ncc(Cl)c(Nc2cccc(NC(=O)/C=C/CN(C)C)c2)n1)c1cccnc1,4320.0,0,1
CHEMBL3741490,C#Cc1cccc(Nc2ncnc3cc(OCCO)c(OCCOC)cc23)c1,1.0,1,1
CHEMBL3740105,C#Cc1cccc(Nc2ncnc3cc(OCCOC(=O)c4ccc(C(=O)Nc5ccc6c(c5)C(C)(C)CCC6(C)C)cc4)c(OCCOC(=O)c4ccc(C(=O)Nc5ccc6c(c5)C(C)(C)CCC6(C)C)cc4)cc23)c1,880.0,1,1
CHEMBL3739771,C#Cc1cccc(Nc2ncnc3cc(OCCOC(=O)Cc4c(C)n(C(=O)c5ccc(Cl)cc5)c5ccc(OC)cc45)c(OCCOC(=O)Cc4c(C)n(C(=O)c5ccc(Cl)cc5)c5ccc(OC)cc45)cc23)c1,33.0,1,1
CHEMBL3741768,C#Cc1cccc(Nc2ncnc3cc(OCCOC(=O)C(C)c4ccc5cc(OC)ccc5c4)c(OCCOC(=O)C(C)c4ccc5cc(OC)ccc5c4)cc23)c1,390.0,1,1
CHEMBL3739527,C#Cc1cccc(Nc2ncnc3cc(OCCOC(=O)CC4=C(C)/C(=C/c5ccc([S+](C)[O-])cc5)c5ccc(F)cc54)c(OCCOC(=O)CC4=C(C)/C(=C/c5ccc([S+](C)[O-])cc5)c5ccc(F)cc54)cc23)c1,27.0,1,1
CHEMBL3741399,C#Cc1cccc(Nc2ncnc3cc(OCCOC(=O)c4ccccc4OC(C)=O)c(OCCOC(=O)c4ccccc4OC(C)=O)cc23)c1,34.0,1,1
CHEMBL3741304,C#Cc1cccc(Nc2ncnc3cc(OCCOC(=O)c4ccc(C(=O)Nc5ccc6c(c5)C(C)(C)CCC6(C)C)cc4)c(OCCOC)cc23)c1,32.0,1,1
CHEMBL3740595,C#Cc1cccc(Nc2ncnc3cc(OCCOC(=O)Cc4c(C)n(C(=O)c5ccc(Cl)cc5)c5ccc(OC)cc45)c(OCCOC)cc23)c1,27.0,1,1
CHEMBL3740850,C#Cc1cccc(Nc2ncnc3cc(OCCOC(=O)C(C)c4ccc5cc(OC)ccc5c4)c(OCCOC)cc23)c1,72.0,1,1
CHEMBL3742059,C#Cc1cccc(Nc2ncnc3cc(OCCOC(=O)CC4=C(C)/C(=C\c5ccc([S+](C)[O-])cc5)c5ccc(F)cc54)c(OCCOC)cc23)c1,31.0,1,1
CHEMBL3741026,C#Cc1cccc(Nc2ncnc3cc(OCCOC(=O)C(C)c4ccc(CC(C)C)cc4)c(OCCOC)cc23)c1,9.0,1,1
CHEMBL3741424,C#Cc1cccc(Nc2ncnc3cc(OCCOC(=O)c4ccccc4OC(C)=O)c(OCCOC)cc23)c1,5.0,1,1
CHEMBL3746473,CC(=O)N1N=C(c2ccc([N+](=O)[O-])cc2)CC1c1ccc(C(=O)OCCn2c([N+](=O)[O-])cnc2C)cc1,600.585,1,2
CHEMBL3746557,CC(=O)N1N=C(c2ccc(C(F)(F)F)cc2)CC1c1ccc(C(=O)OCCn2c([N+](=O)[O-])cnc2C)cc1,280.65,1,2
CHEMBL3746642,CC(=O)N1N=C(c2ccc([N+](=O)[O-])cc2)CC1c1ccc(C(=O)OC(C)Cn2c([N+](=O)[O-])cnc2C)cc1,1451.0549999999998,0,2
CHEMBL3746421,CC(=O)N1N=C(c2ccc(C(F)(F)F)cc2)CC1c1ccc(C(=O)OC(C)Cn2c([N+](=O)[O-])cnc2C)cc1,6676.719999999999,0,2
CHEMBL3746711,CC(=O)N1N=C(c2ccc(I)cc2)CC1c1ccc(C(=O)OCCn2c([N+](=O)[O-])cnc2C)cc1,1260.915,0,2
CHEMBL3746212,CC(=O)N1N=C(c2ccc(Br)cc2)CC1c1ccc(C(=O)OCCn2c([N+](=O)[O-])cnc2C)cc1,4130.24,0,2
CHEMBL3747079,CC(=O)N1N=C(c2ccccc2)CC1c1ccc(C(=O)OCCn2c([N+](=O)[O-])cnc2C)cc1,9587.005000000001,0,2
CHEMBL3747281,CC(=O)N1N=C(c2ccc(F)cc2)CC1c1ccc(C(=O)OCCn2c([N+](=O)[O-])cnc2C)cc1,5021.715,0,2
CHEMBL3746387,COc1ccc(C2=NN(C(C)=O)C(c3ccc(C(=O)OC(C)Cn4c([N+](=O)[O-])cnc4C)cc3)C2)cc1,21320.225,0,2
CHEMBL3747055,COc1ccc(C2=NN(C(C)=O)C(c3ccc(C(=O)OCCn4c([N+](=O)[O-])cnc4C)cc3)C2)cc1,8545.335,0,2
CHEMBL3747277,CC(=O)N1N=C(c2ccc(Cl)cc2)CC1c1ccc(C(=O)OCCn2c([N+](=O)[O-])cnc2C)cc1,7374.52,0,2
CHEMBL3746168,CC(=O)N1N=C(c2ccc(Cl)cc2)CC1c1ccc(C(=O)OC(C)Cn2c([N+](=O)[O-])cnc2C)cc1,9264.15,0,2
CHEMBL3747152,CC(=O)N1N=C(c2ccc(F)cc2)CC1c1ccc(C(=O)OC(C)Cn2c([N+](=O)[O-])cnc2C)cc1,6585.87,0,2
CHEMBL3747776,CC(=O)N1N=C(c2ccc(Br)cc2)CC1c1ccc(C(=O)OC(C)Cn2c([N+](=O)[O-])cnc2C)cc1,5965.175,0,2
CHEMBL3746564,CC(=O)N1N=C(c2ccc(I)cc2)CC1c1ccc(C(=O)OC(C)Cn2c([N+](=O)[O-])cnc2C)cc1,10690.275,0,2
CHEMBL3746980,CC(=O)N1N=C(c2ccc(C)cc2)CC1c1ccc(C(=O)OC(C)Cn2c([N+](=O)[O-])cnc2C)cc1,25582.93,0,2
CHEMBL3746268,CC(=O)N1N=C(c2ccc(C)cc2)CC1c1ccc(C(=O)OCCn2c([N+](=O)[O-])cnc2C)cc1,10929.779999999999,0,2
CHEMBL3747570,CC(=O)N1N=C(c2ccccc2)CC1c1ccc(C(=O)OC(C)Cn2c([N+](=O)[O-])cnc2C)cc1,12243.08,0,2
CHEMBL3745929,CCOc1ccc(C2=NN(C(C)=O)C(c3ccc(C(=O)OC(C)Cn4c([N+](=O)[O-])cnc4C)cc3)C2)cc1,26948.695,0,2
CHEMBL3747407,CCOc1ccc(C2=NN(C(C)=O)C(c3ccc(C(=O)OCCn4c([N+](=O)[O-])cnc4C)cc3)C2)cc1,15165.25,0,2
CHEMBL3754722,COc1cc(NC(=O)Nc2ccncc2)cc(-c2cncnc2)c1OC,290.46,1,1
CHEMBL3752404,O=C(Nc1ccncc1)Nc1cc(-c2cccnc2)cc(C(F)(F)F)c1,189.49,1,1
CHEMBL3752008,O=C(Nc1ccncc1)Nc1cc(-c2cncnc2)cc(C(F)(F)F)c1,14.83,1,1
CHEMBL3753886,O=C(Nc1ccncc1)Nc1cc(-c2cccnc2)ccc1OC(F)(F)F,97.22,1,1
CHEMBL3753623,COc1ccc(-c2ccc(OC(F)(F)F)c(NC(=O)Nc3ccncc3)c2)cn1,102.93,1,1
CHEMBL3752370,O=C(Nc1ccncc1)Nc1cc(-c2cncnc2)ccc1OC(F)(F)F,18.04,1,1
CHEMBL3754709,COc1cc(NC(=O)Nc2nccs2)cc(-c2cccnc2)c1OC,317.12,1,1
CHEMBL3753142,O=C(Nc1cc(-c2cccnc2)cc(C(F)(F)F)c1)Nc1nccs1,78.17,1,1
CHEMBL3751967,COc1ccc(-c2cc(NC(=O)Nc3nccs3)cc(C(F)(F)F)c2)cn1,476.66,1,1
CHEMBL3754556,O=C(Nc1cc(-c2cncnc2)cc(C(F)(F)F)c1)Nc1nccs1,71.82,1,1
CHEMBL3753811,O=C(Nc1nccs1)Nc1cc(-c2cccnc2)ccc1OC(F)(F)F,121.09,1,1
CHEMBL3753157,COc1ccc(-c2ccc(OC(F)(F)F)c(NC(=O)Nc3nccs3)c2)cn1,495.3,1,1
CHEMBL3752248,O=C(Nc1nccs1)Nc1cc(-c2cncnc2)ccc1OC(F)(F)F,71.71,1,1
CHEMBL3753532,COc1cc(NC(=O)Nc2ccccn2)cc(-c2c[nH]cn2)c1OC,24.81,1,1
CHEMBL3754301,Cn1cnc(-c2cc(NC(=O)Nc3ccncc3)cc(C(F)(F)F)c2)c1,165.6,1,1
CHEMBL3752825,Cn1cnc(-c2ccc(OC(F)(F)F)c(NC(=O)Nc3ccncc3)c2)c1,94.82,1,1
CHEMBL3752129,COc1cc(NC(=O)Nc2nccs2)cc(-c2cn(C)cn2)c1OC,362.0,1,1
CHEMBL3752916,Cn1cnc(-c2cc(NC(=O)Nc3nccs3)cc(C(F)(F)F)c2)c1,310.76,1,1
CHEMBL1336,CNC(=O)c1cc(Oc2ccc(NC(=O)Nc3ccc(Cl)c(C(F)(F)F)c3)cc2)ccn1,95.0,1,14
CHEMBL3753444,COc1ccc(-c2cc(NC(=O)Nc3ccncc3)cc(OC)c2OC)cn1,455.17,1,1
CHEMBL3753836,COc1cc(NC(=O)Nc2ccncc2)cc(-c2cccnc2)c1OC,131.09,1,1
CHEMBL3754057,O=C(Nc1ccccn1)Nc1cc(-c2cncnc2)ccc1OC(F)(F)F,26.56,1,1
CHEMBL3753208,O=C(Nc1ccccn1)Nc1cc(-c2cccnc2)ccc1OC(F)(F)F,90.57,1,1
CHEMBL3754785,COc1ccc(-c2cc(NC(=O)Nc3ccccn3)cc(OC)c2OC)cn1,66.59,1,1
CHEMBL3752074,COc1cc(NC(=O)Nc2ccccn2)cc(-c2cccnc2)c1OC,48.81,1,1
CHEMBL3752365,C=CC(=O)Nc1cccc(-n2c(=O)cc(C)c3cnc(Nc4ccc(N5CCN(C)CC5)cc4OC(C)C)nc32)c1,78.0,1,1
CHEMBL3752204,CN(C)/C=C/C(=O)Nc1cc2c(Nc3ccc(F)c(Cl)c3)ncnc2cc1O[C@H]1CCOC1,9.5,1,1
CHEMBL3754213,C=CC(=O)Nc1cccc(-n2c(=O)cc(C)c3cnc(Nc4ccc(N5CCN(C)CC5)cc4OCCC)nc32)c1,19.0,1,1
CHEMBL3754564,C=CC(=O)Nc1cccc(-n2c(=O)cc(C)c3cnc(Nc4ccc(N5CCN(C)CC5)cc4OCC)nc32)c1,11.0,1,1
CHEMBL3754803,C=CC(=O)Nc1cccc(-n2c(=O)cc(C)c3cnc(Nc4ccc(N5CCN(C)CC5)cc4C)nc32)c1,23.5,1,1
CHEMBL3633146,C=CC(=O)Nc1cccc(-n2c(=O)cc(C)c3cnc(Nc4ccc(N5CCN(C)CC5)cc4)nc32)c1,2.9,1,1
CHEMBL3753461,C=CC(=O)Nc1cccc(-n2c(=O)cc(C)c3c(C)nc(Nc4ccc(N5CCN(C)CC5)cc4OC)nc32)c1,280.0,1,1
CHEMBL3753305,C=CC(=O)Nc1cccc(-n2c(=O)cc(-c3ccccc3)c3cnc(Nc4ccc(N5CCN(C)CC5)cc4OC)nc32)c1,21.0,1,1
CHEMBL3752139,C=CC(=O)Nc1cccc(-n2c(=O)cc(N(C)C)c3cnc(Nc4ccc(N5CCN(C)CC5)cc4OC)nc32)c1,95.0,1,1
CHEMBL3753228,C=CC(=O)Nc1cccc(-n2c(=O)cc(C(F)(F)F)c3cnc(Nc4ccc(N5CCN(C)CC5)cc4OC)nc32)c1,39.0,1,1
CHEMBL3754040,C=CC(=O)Nc1cccc(-n2c(=O)cc(C(C)C)c3cnc(Nc4ccc(N5CCN(C)CC5)cc4OC)nc32)c1,94.0,1,1
CHEMBL3752448,C=CC(=O)Nc1cccc(-n2c(=O)cc(C3CC3)c3cnc(Nc4ccc(N5CCN(C)CC5)cc4OC)nc32)c1,10.0,1,1
CHEMBL3753874,C=CC(=O)Nc1cccc(-n2c(=O)cc(CCC)c3cnc(Nc4ccc(N5CCN(C)CC5)cc4OC)nc32)c1,17.8,1,1
CHEMBL3751976,C=CC(=O)Nc1cccc(-n2c(=O)cc(CC)c3cnc(Nc4ccc(N5CCN(C)CC5)cc4OC)nc32)c1,6.7,1,1
CHEMBL3753011,C=CC(=O)Nc1cccc(-n2c(=O)c(-c3ccccc3)c(C)c3cnc(Nc4ccc(N5CCN(C)CC5)cc4OC)nc32)c1,1.6,1,1
CHEMBL3633145,C=CC(=O)Nc1cccc(-n2c(=O)c(Cc3ccccc3)cc3cnc(Nc4ccc(N5CCN(C)CC5)cc4OC)nc32)c1,0.5,1,1
CHEMBL3753235,C=CC(=O)Nc1cccc(-n2c(=O)c(-c3ccccc3)cc3cnc(Nc4ccc(N5CCN(C)CC5)cc4OC)nc32)c1,0.2,1,1
CHEMBL3752363,C=CC(=O)Nc1cccc(-n2c(=O)c(C)cc3cnc(Nc4ccc(N5CCN(C)CC5)cc4OC)nc32)c1,1.3,1,1
CHEMBL3758502,CC1(C)OCc2c(Nc3n[nH]c4ccccc34)nc(-c3cn[nH]c3)nc21,600.0,1,1
CHEMBL3759096,Cn1nccc1-c1nc(Nc2n[nH]c3ccccc23)c2c(n1)C(C)(C)OC2,3000.0,0,1
CHEMBL3758739,CC1(C)OCc2c(Nc3n[nH]c4c(Cl)cccc34)nc(-c3cn[nH]c3C(F)F)nc21,370.0,1,1
CHEMBL3759815,C[C@@H](Nc1ncnc2sc(-c3ccc(CO)cc3F)cc12)c1ccccc1,13.0,1,1
CHEMBL3759649,C[C@@H](Nc1ncnc2sc(-c3ccc(C=O)cc3F)cc12)c1ccccc1,59.0,1,1
CHEMBL3759356,C[C@@H](Nc1ncnc2sc(-c3cccc(C(=O)O)c3)cc12)c1ccccc1,8.0,1,1
CHEMBL3758939,C[C@@H](Nc1ncnc2sc(-c3cccc(C(N)=O)c3)cc12)c1ccccc1,5.0,1,1
CHEMBL3760023,C[C@@H](Nc1ncnc2sc(-c3cccc(S(C)(=O)=O)c3)cc12)c1ccccc1,26.0,1,1
CHEMBL3758471,C[C@@H](Nc1ncnc2sc(-c3cccc(C=O)c3)cc12)c1ccccc1,6.0,1,1
CHEMBL3758951,C[C@@H](Nc1ncnc2sc(-c3ccc(F)c(C=O)c3)cc12)c1ccccc1,8.0,1,1
CHEMBL3759085,C[C@@H](Nc1ncnc2sc(-c3ccccc3C(N)=O)cc12)c1ccccc1,276.0,1,1
CHEMBL3759963,COc1cccc(-c2cc3c(N[C@H](C)c4ccccc4)ncnc3s2)c1OC,13.0,1,1
CHEMBL3759780,COc1cc(F)ccc1-c1cc2c(N[C@H](C)c3ccccc3)ncnc2s1,6.0,1,1
CHEMBL3758868,COc1ccc(-c2cc3c(N[C@H](C)c4ccccc4)ncnc3s2)c(OC)c1,5.0,1,1
CHEMBL3759961,COc1cccc(OC)c1-c1cc2c(N[C@H](C)c3ccccc3)ncnc2s1,2.0,1,1
CHEMBL3759199,COc1cccc(OC)c1-c1cc2c(N[C@H](CO)c3ccccc3)ncnc2s1,0.9,1,1
CHEMBL3758800,C[C@@H](Nc1ncnc2sc(-c3ccc(C(=O)NCCN(C)C)cc3)cc12)c1ccccc1,2.0,1,1
CHEMBL3758376,CN(C)CCNC(=O)c1ccc(-c2cc3c(N[C@H](CO)c4ccccc4)ncnc3s2)cc1,2.0,1,1
CHEMBL3759369,C[C@@H](Nc1ncnc2sc(-c3cccc(C(=O)NCCN(C)C)c3)cc12)c1ccccc1,0.9,1,1
CHEMBL3758278,COc1cc(C(N)=O)ccc1-c1cc2c(N[C@H](C)c3ccccc3)ncnc2s1,2.0,1,1
CHEMBL3759480,COc1cc(C(N)=O)ccc1-c1cc2c(N[C@H](CO)c3ccccc3)ncnc2s1,1.5,1,1
CHEMBL3759478,OC[C@@H](Nc1ncnc2sc(-c3ccccc3)cc12)c1ccccc1,9.0,1,1
CHEMBL3758761,COc1c(C=O)cccc1-c1cc2c(N[C@H](C)c3ccccc3)ncnc2s1,21.0,1,1
CHEMBL3759359,COc1c(CO)cccc1-c1cc2c(N[C@H](C)c3ccccc3)ncnc2s1,1.5,1,1
CHEMBL3758990,COC(=O)c1cccc(-c2cc3c(N[C@H](C)c4ccccc4)ncnc3s2)c1OC,9.0,1,1
CHEMBL3759725,COc1c(C(=O)NCCN(C)C)cccc1-c1cc2c(N[C@H](C)c3ccccc3)ncnc2s1,3.0,1,1
CHEMBL3758946,OCc1ccc(-c2cc3c(NCc4ccccc4)ncnc3s2)cc1,48.0,1,1
CHEMBL3759257,OCc1ccc(-c2cc3c(Nc4ccccc4)ncnc3s2)cc1,21.0,1,1
CHEMBL3759459,COC(=O)c1ccc(-c2cc3c(N[C@H](C)c4ccccc4)ncnc3s2)c(OC)c1,20.0,1,1
CHEMBL3758770,COc1cc(C(=O)NCCN(C)C)ccc1-c1cc2c(N[C@H](C)c3ccccc3)ncnc2s1,0.5,1,1
CHEMBL3760082,COc1ccc(C=O)cc1-c1cc2c(N[C@H](C)c3ccccc3)ncnc2s1,3.0,1,1
CHEMBL3759929,COc1ccc(CO)cc1-c1cc2c(N[C@H](C)c3ccccc3)ncnc2s1,5.0,1,1
CHEMBL3758758,COC(=O)c1ccc(OC)c(-c2cc3c(N[C@H](C)c4ccccc4)ncnc3s2)c1,7.0,1,1
CHEMBL3758582,COc1ccc(C(=O)NCCN(C)C)cc1-c1cc2c(N[C@H](C)c3ccccc3)ncnc2s1,0.5,1,1
CHEMBL3760071,COC(=O)c1cc(OC)c(-c2cc3c(N[C@H](C)c4ccccc4)ncnc3s2)c(OC)c1,4.0,1,1
CHEMBL3759317,COc1cc(C(=O)NCCN(C)C)cc(OC)c1-c1cc2c(N[C@H](C)c3ccccc3)ncnc2s1,0.4,1,1
CHEMBL3759022,COc1cc(CO)ccc1-c1cc2c(NCc3ccccc3)ncnc2s1,5.0,1,1
CHEMBL3758768,COc1cc(CO)ccc1-c1cc2c(Nc3ccccc3)ncnc2s1,14.0,1,1
CHEMBL3758802,C#Cc1cccc(Nc2ncnc3sc(-c4ccc(CO)cc4OC)cc23)c1,5.0,1,1
CHEMBL3758351,COc1cc(CO)ccc1-c1cc2c(Nc3ccc(F)c(Cl)c3)ncnc2s1,2.0,1,1
CHEMBL3759900,COc1cc(C=O)ccc1-c1cc2c(NCc3ccccc3)ncnc2s1,6.0,1,1
CHEMBL3759733,COc1cc(C=O)ccc1-c1cc2c(Nc3ccccc3)ncnc2s1,20.0,1,1
CHEMBL3759280,COc1cc(C=O)ccc1-c1cc2c(Nc3ccc(F)c(Cl)c3)ncnc2s1,5.0,1,1
CHEMBL3759986,OCc1cccc(-c2cc3c(N[C@H](CO)c4ccccc4)ncnc3s2)c1,3.0,1,1
CHEMBL3759980,C[C@@H](Nc1ncnc2sc(-c3ccc(C(=O)O)cc3)cc12)c1ccccc1,19.0,1,1
CHEMBL3758762,C[C@@H](Nc1ncnc2sc(-c3ccc(C(N)=O)cc3)cc12)c1ccccc1,7.0,1,1
CHEMBL3758889,C[C@@H](Nc1ncnc2sc(-c3ccc(S(C)(=O)=O)cc3)cc12)c1ccccc1,41.0,1,1
CHEMBL3759848,COc1cc2c(Nc3ccc(NC(=O)c4cccc(Cl)c4)cc3)ncnc2cc1OCCN1CCCCC1,300.0,1,1
CHEMBL3759015,COc1cc2c(Nc3ccc(NC(=O)c4cccc(Cl)c4)cc3)ncnc2cc1OCCCN1CCOCC1,230.0,1,1
CHEMBL3758875,COc1cc2c(Nc3ccc(NC(=O)c4ccc(C)cc4)cc3)ncnc2cc1OCCCN1CCOCC1,760.0,1,1
CHEMBL3759754,COc1cc2c(Nc3ccc(NC(=O)c4ccc(Cl)cc4)cc3)ncnc2cc1OCCCN1CCOCC1,1350.0,0,1
CHEMBL3759155,COc1cc2c(Nc3ccc(NC(=O)c4ccccc4)cc3)ncnc2cc1OCCN1CCCCC1,4610.0,0,1
CHEMBL3759830,COc1ccc(C(=O)Nc2ccc(Nc3ncnc4cc(OCCCN5CCN(C)CC5)c(OC)cc34)cc2)cc1,1110.0,0,1
CHEMBL3758585,COc1cc2c(Nc3ccc(NC(=O)c4ccc(C)cc4)cc3)ncnc2cc1OCCCN1CCN(C)CC1,690.0,1,1
CHEMBL3760090,COc1cc2c(Nc3ccc(NC(=O)c4ccc(Cl)cc4)cc3)ncnc2cc1OCCCN1CCN(C)CC1,1330.0,0,1
CHEMBL3759190,COc1cc2c(Nc3ccc(NC(=O)c4ccccc4Cl)cc3)ncnc2cc1OCCCN1CCN(C)CC1,20.0,1,1
CHEMBL3758749,COc1cc2c(Nc3ccc(NC(=O)c4cccc(Cl)c4)cc3)ncnc2cc1OCCCN1CCN(C)CC1,150.0,1,1
CHEMBL3759127,COc1cc2c(Nc3ccc(NC(=O)c4ccccc4)cc3)ncnc2cc1OCCCN1CCN(C)CC1,130.0,1,1
CHEMBL3759203,COc1cc2c(Nc3ccc(NC(=O)c4ccccc4Cl)cc3)ncnc2cc1OCc1ccccc1,730.0,1,1
CHEMBL3763796,COCCOc1cc2ncnc(Nc3ccc(NC(=O)C45CC6CC(CC(C6)C4)C5)c(C#N)c3)c2cc1OCCOC,7.705,1,2
CHEMBL3763757,COCCOc1cc2ncnc(Nc3ccc(NC(=O)C45CC6CC(CC(C6)C4)C5)c(OC)c3)c2cc1OCCOC,8.370000000000001,1,2
CHEMBL3764589,COCCOc1cc2ncnc(Nc3ccc(NC(=O)C45CC6CC(CC(C6)C4)C5)c(C)c3)c2cc1OCCOC,34.61,1,2
CHEMBL3764312,COCCOc1cc2ncnc(Nc3ccc(NC(=O)C45CC6CC(CC(C6)C4)C5)cc3C)c2cc1OCCOC,10.51,1,2
CHEMBL3765789,COc1cc2ncnc(Nc3cccc(NC(=O)C45CC6CC(CC(C6)C4)C5)c3)c2cc1OCCCN1CCOCC1,81.055,1,2
CHEMBL3764603,COCCOc1cc2ncnc(Nc3cccc(NC(=O)C45CC6CC(CC(C6)C4)C5)c3)c2cc1OCCOC,8.065,1,2
CHEMBL3765815,COCCOc1cc2ncnc(Nc3ccc(C(=O)NC45CC6CC(CC(C6)C4)C5)cc3)c2cc1OCCOC,7.8149999999999995,1,2
CHEMBL3765425,COc1cc2ncnc(Nc3ccc(C(=O)NC45CC6CC(CC(C6)C4)C5)c(C#N)c3)c2cc1OCCCN1CCOCC1,5.21,1,2
CHEMBL3763405,COc1cc2ncnc(Nc3ccc(C(=O)NC45CC6CC(CC(C6)C4)C5)c(Cl)c3)c2cc1OCCCN1CCOCC1,5.52,1,2
CHEMBL3763627,COc1cc2ncnc(Nc3ccc(C(=O)NC45CC6CC(CC(C6)C4)C5)cc3)c2cc1OCCCN1CCOCC1,3.705,1,2
CHEMBL3763701,COc1cc2ncnc(Nc3cc(C(=O)NC45CC6CC(CC(C6)C4)C5)ccc3C)c2cc1OCCCN1CCOCC1,24.05,1,2
CHEMBL3765263,COc1cc2ncnc(Nc3cccc(C(=O)NC45CC6CC(CC(C6)C4)C5)c3)c2cc1OCCCN1CCOCC1,6.3100000000000005,1,2
CHEMBL3763360,COc1ccc(/C=C/C(=O)Nc2cc3c(Nc4ccc(F)c(Cl)c4)ncnc3cc2O[C@H]2CCOC2)cc1,9.1,1,1
CHEMBL3763790,COc1ccc(/C=C/C(=O)Nc2cc3c(Nc4ccc(F)c(Cl)c4)ncnc3cc2O[C@H]2CCOC2)c(OC)c1OC,3.6,1,1
CHEMBL3774451,O=C(Nc1ccc(Oc2ccnc3[nH]ccc23)c(F)c1)c1nnn(-c2ccc(F)cc2)c1C(F)(F)F,582.17,1,1
CHEMBL3775664,O=C1COc2cc3ncnc(Nc4ccc(F)c(Cl)c4)c3cc2N1CCCN1CCOCC1,194.55,1,2
CHEMBL3774926,C#Cc1cccc(Nc2ncnc3cc4c(cc23)N(CCCN2CCOCC2)C(=O)CO4)c1,509.5,1,2
CHEMBL3775046,O=C1COc2cc3ncnc(Nc4ccc(F)c(Cl)c4)c3cc2N1CCCN1CCCCC1,137.9,1,1
CHEMBL3774396,C#Cc1cccc(Nc2ncnc3cc4c(cc23)N(CCCN2CCCCC2)C(=O)CO4)c1,211.4,1,1
CHEMBL3775897,Cc1cccc(Nc2ncnc3cc4c(cc23)N(CCCN2CCCCC2)C(=O)CO4)c1,456.2,1,1
CHEMBL3775112,O=C1COc2cc3ncnc(Nc4cccc(Br)c4)c3cc2N1CCCN1CCCCC1,99.0,1,1
CHEMBL3775536,O=C1COc2cc3ncnc(Nc4cccc(Cl)c4)c3cc2N1CCCN1CCCCC1,115.9,1,1
CHEMBL3774808,O=C1COc2cc3ncnc(Nc4cccc(F)c4)c3cc2N1CCCN1CCCCC1,460.0,1,1
CHEMBL3774578,Cc1ccc(Nc2ncnc3cc4c(cc23)N(CCCN2CCOCC2)C(=O)CO4)cc1Cl,162.7,1,1
CHEMBL3775148,O=C1COc2cc3ncnc(Nc4ccccc4)c3cc2N1CCCN1CCOCC1,518.6,1,1
CHEMBL3774712,Cc1ccc(Nc2ncnc3cc4c(cc23)N(CCCN2CCOCC2)C(=O)CO4)cc1,594.5,1,1
CHEMBL3774609,O=C1COc2cc3ncnc(Nc4ccc(Br)cc4)c3cc2N1CCCN1CCOCC1,823.9,1,1
CHEMBL3775911,O=C1COc2cc3ncnc(Nc4ccc(Cl)cc4)c3cc2N1CCCN1CCOCC1,353.7,1,1
CHEMBL3774471,O=C1COc2cc3ncnc(Nc4ccc(F)cc4)c3cc2N1CCCN1CCOCC1,434.1,1,1
CHEMBL3774982,O=C1COc2cc3ncnc(Nc4cccc(C(F)(F)F)c4)c3cc2N1CCCN1CCOCC1,829.2,1,1
CHEMBL3775459,Cc1cccc(Nc2ncnc3cc4c(cc23)N(CCCN2CCOCC2)C(=O)CO4)c1,186.9,1,1
CHEMBL3774906,O=C1COc2cc3ncnc(Nc4cccc(Br)c4)c3cc2N1CCCN1CCOCC1,89.6,1,1
CHEMBL3774947,O=C1COc2cc3ncnc(Nc4cccc(Cl)c4)c3cc2N1CCCN1CCOCC1,63.1,1,1
CHEMBL3775285,O=C1COc2cc3ncnc(Nc4cccc(F)c4)c3cc2N1CCCN1CCOCC1,245.1,1,1
CHEMBL3787344,Cc1cc(C(=O)Nc2nc3cccc(Cl)c3n2[C@@H]2CCCCN(C(=O)/C=C/CN(C)C)C2)ccn1,10.0,1,6
CHEMBL3663929,C=CC(=O)N1CC[C@@H](Oc2nc(Nc3ccc(N4CCC(N5CCN(C)CC5)CC4)cc3)c(C(N)=O)nc2CC)C1,8.0,1,7
CHEMBL3786343,C=CC(=O)Nc1cccc(Oc2nc(Nc3ccc(N4CCN(C)CC4)cc3)nc3ccsc23)c1,10.0,1,9
CHEMBL3787112,Nc1ncnc2c1c(-c1cccc(O)c1)cn2[C@H]1C[C@@H](CN2CCC2)C1,2300.0,0,2
CHEMBL3787662,C=CC(=O)Nc1cccc(Oc2nc(Nc3ccc(N4CCN(C)CC4)cc3)nc3[nH]ccc23)c1,4.0,1,1
CHEMBL3786453,C=CC(=O)Nc1cccc(Oc2nc(Nc3ccn(C)n3)nc3[nH]ccc23)c1,27.0,1,1
CHEMBL3786962,C=CC(=O)Nc1cccc(Oc2nc(Nc3cnn(C)c3)nc3[nH]ccc23)c1,13.0,1,1
CHEMBL3785393,C=CC(=O)N1C[C@H](COc2nc(Nc3cnn(C)c3)nc3[nH]ccc23)[C@@H](C(F)(F)F)C1,47.0,1,1
CHEMBL3786858,C=CC(=O)N1CC[C@@H](COc2nc(Nc3cnn(C)c3)nc3[nH]cc(Cl)c23)C1,45.0,1,1
CHEMBL3786802,C=CC(=O)N1C[C@H](COc2nc(Nc3cnn(C)c3)nc3[nH]cc(Cl)c23)[C@@H](C(F)(F)F)C1,8.0,1,1
CHEMBL3787220,C=CC(=O)N1C[C@H](COc2nc(Nc3cnn(C)c3)nc3[nH]cc(Cl)c23)[C@@H](F)C1,9.0,1,1
CHEMBL3786220,C=CC(=O)N1C[C@H](COc2nc(Nc3cnn(C)c3)nc3[nH]cc(Cl)c23)[C@@H](O)C1,210.0,1,1
CHEMBL3786647,C=CC(=O)N1C[C@H](CO)[C@@H](COc2nc(Nc3cnn(C)c3)nc3[nH]cc(Cl)c23)C1,710.0,1,1
CHEMBL3786523,C=CC(=O)N1C[C@H](COC)[C@@H](COc2nc(Nc3cnn(C)c3)nc3[nH]cc(Cl)c23)C1,8.0,1,1
CHEMBL3787132,C=CC(=O)N1C[C@@H](COc2nc(Nc3cnn(C)c3)nc3[nH]cc(Cl)c23)[C@H](OC)C1,120.0,1,1
CHEMBL3787386,C#CCOc1cc2ncnc(Nc3ccc(F)c(Cl)c3)c2cc1NC(=O)C=C,7.0,1,2
CHEMBL3786812,C#CCCn1cc(Nc2nc(OC[C@H]3CN(C(=O)C=C)C[C@@H]3OC)c3c(Cl)c[nH]c3n2)cn1,16.0,1,1
CHEMBL3786098,C=CC(=O)N1C[C@H](COc2nc(Nc3cnn(C)c3)nc3[nH]cc(Cl)c23)[C@@H](OC)C1,17.0,1,8
CHEMBL1614712,Nc1ncnc2c1c(-c1cccc(OCc3ccccc3)c1)cn2[C@H]1C[C@@H](CN2CCC2)C1,5500.0,0,2
CHEMBL3799585,CCCC(=O)Nc1ccc2c(c1)/C(=C1/Nc3ccccc3/C1=N\O)C(=O)N2,8000.0,0,1
CHEMBL3800262,CC(=O)c1cccc(NC(=O)c2cc3ccccc3[nH]2)c1,57000.0,0,1
CHEMBL3797839,CC(=O)c1ccc(NC(=O)c2cc3ccccc3[nH]2)cc1,50000.0,0,1
CHEMBL3799956,O=C(c1ccccc1)c1cccc(NC(=O)c2cc3ccccc3[nH]2)c1,45000.0,0,1
CHEMBL3799345,O=C(c1ccccc1)c1ccc(NC(=O)c2cc3ccccc3[nH]2)cc1,49000.0,0,1
CHEMBL3800448,CC(O)c1cccc(NC(=O)c2cc3ccccc3[nH]2)c1,34000.0,0,1
CHEMBL3798556,CC(O)c1ccc(NC(=O)c2cc3ccccc3[nH]2)cc1,35000.0,0,1
CHEMBL3798658,O=C(Nc1cccc(C(O)c2ccccc2)c1)c1cc2ccccc2[nH]1,15000.0,0,1
CHEMBL3799332,O=C(Nc1ccc(C(O)c2ccccc2)cc1)c1cc2ccccc2[nH]1,38000.0,0,1
CHEMBL3797606,C=CC(=O)Nc1cccc(Oc2nc(Nc3ccc(N4CCN(C)CC4)cc3OC)ncc2SC)c1,136.0,1,2
CHEMBL3798501,C=CC(=O)Nc1cccc(Oc2nc(Nc3ccc(N4CCN(C(C)=O)CC4)cc3OC)ncc2SC)c1,44.1,1,2
CHEMBL3797963,C=CC(=O)Nc1cccc(Oc2nc(Nc3ccc(N4CCN(S(C)(=O)=O)CC4)cc3OC)ncc2SC)c1,368.9,1,2
CHEMBL3799864,C=CC(=O)Nc1cccc(Oc2nc(Nc3ccc(N4CCCN(C(C)=O)CC4)cc3OC)ncc2SC)c1,195.6,1,2
CHEMBL3798887,C=CC(=O)Nc1cccc(Oc2nc(Nc3ccc(N4CCN(C(=O)C(C)C)CC4)cc3OC)ncc2SC)c1,88.6,1,2
CHEMBL3800597,C=CC(=O)Nc1cccc(Oc2nc(Nc3ccc(N4CCN(C(=O)CC)CC4)cc3OC)ncc2SC)c1,79.75,1,2
CHEMBL3799138,C=CC(=O)Nc1cccc(Oc2nc(Nc3ccc(N4CCN(C(=O)C(C)(C)C)CC4)cc3OC)ncc2SC)c1,209.65,1,2
CHEMBL3799255,C=CC(=O)Nc1cccc(Oc2nc(Nc3ccc(N4CCN(C(=O)C(F)(F)F)CC4)cc3OC)ncc2SC)c1,126.10000000000001,1,2
CHEMBL3798128,C=CC(=O)Nc1cccc(Oc2nc(Nc3ccc(N4CCN(C(C)=O)CC4)cc3OC(F)F)ncc2SC)c1,20.799999999999997,1,2
CHEMBL3799428,C=CC(=O)Nc1cccc(Oc2nc(Nc3ccc(N4CCN(C(=O)CC)CC4)cc3OC(F)F)ncc2SC)c1,25.05,1,2
CHEMBL3805218,Fc1ccc(Nc2ncnc3cc(OCCCN4CCOCC4)c4c(c23)OCCO4)cc1Cl,25.86,1,1
CHEMBL3806145,C#Cc1cccc(Nc2ncnc3cc(OC4CCOCC4)c4c(c23)OCCO4)c1,57.8,1,1
CHEMBL3806222,Fc1ccc(Nc2ncnc3cc(OC4CCOCC4)c4c(c23)OCCO4)cc1Cl,58.8,1,1
CHEMBL3806170,C#Cc1cccc(Nc2ncnc3cc(OC4CCOC4)c4c(c23)OCCO4)c1,170.15,1,2
CHEMBL3805782,Fc1ccc(Nc2ncnc3cc(OC4CCOC4)c4c(c23)OCCO4)cc1Cl,85.7,1,2
CHEMBL3805584,C#Cc1cccc(Nc2ncnc3cc(OC(C)COC)c4c(c23)OCCO4)c1,274.85,1,2
CHEMBL3805775,COCC(C)Oc1cc2ncnc(Nc3ccc(F)c(Cl)c3)c2c2c1OCCO2,168.2,1,2
CHEMBL3805654,CCOC(C)Oc1cc2ncnc(Nc3ccc(F)c(C#N)c3)c2c2c1OCCO2,351.8,1,1
CHEMBL3805260,CCOC(C)Oc1cc2ncnc(Nc3ccc(C)c([N+](=O)[O-])c3)c2c2c1OCCO2,363.3,1,1
CHEMBL3806172,CCOC(C)Oc1cc2ncnc(Nc3ccc(F)c([N+](=O)[O-])c3)c2c2c1OCCO2,251.45000000000002,1,2
CHEMBL3805509,C#Cc1cccc(Nc2ncnc3cc(OC(C)C)c4c(c23)OCCO4)c1,27.549999999999997,1,2
CHEMBL3805283,CC(C)Oc1cc2ncnc(Nc3ccc(F)c(Cl)c3)c2c2c1OCCO2,37.69,1,2
CHEMBL3806321,Cc1ccc(Nc2ncnc3cc(OC(C)C)c4c(c23)OCCO4)cc1C#N,416.1,1,1
CHEMBL3805949,CC(C)Oc1cc2ncnc(Nc3ccc(F)c(C#N)c3)c2c2c1OCCO2,313.6,1,1
CHEMBL3805177,CC(C)Oc1cc2ncnc(Nc3ccc(Cl)c([N+](=O)[O-])c3)c2c2c1OCCO2,702.9,1,2
CHEMBL3805089,Cc1ccc(Nc2ncnc3cc(OC(C)C)c4c(c23)OCCO4)cc1[N+](=O)[O-],184.5,1,1
CHEMBL3805383,CC(C)Oc1cc2ncnc(Nc3ccc(F)c([N+](=O)[O-])c3)c2c2c1OCCO2,82.5,1,1
CHEMBL3805325,C#Cc1cccc(Nc2ncnc3cc(OCC4CCCO4)c4c(c23)OCCO4)c1,74.15,1,2
CHEMBL3806213,Fc1ccc(Nc2ncnc3cc(OCC4CCCO4)c4c(c23)OCCO4)cc1Cl,24.1,1,1
CHEMBL3805280,COCCOc1cc2ncnc(Nc3ccc(F)c(C#N)c3)c2c2c1OCCO2,387.8,1,1
CHEMBL3806200,COCCOc1cc2ncnc(Nc3ccc(Cl)c([N+](=O)[O-])c3)c2c2c1OCCO2,36.2,1,1
CHEMBL3805299,COCCOc1cc2ncnc(Nc3ccc(C)c([N+](=O)[O-])c3)c2c2c1OCCO2,74.6,1,1
CHEMBL3805333,COCCOc1cc2ncnc(Nc3ccc(F)c([N+](=O)[O-])c3)c2c2c1OCCO2,43.8,1,1
CHEMBL3806066,COCCOc1cc2ncnc(Nc3cccc(OC)c3)c2c2c1OCCO2,134.5,1,2
CHEMBL3806005,COCCOc1cc2ncnc(Nc3ccc(F)cc3)c2c2c1OCCO2,200.3,1,1
CHEMBL3805461,C#Cc1cccc(Nc2ncnc3cc(OCCOC)c4c(c23)OCCO4)c1,14.55,1,2
CHEMBL3806110,COCCOc1cc2ncnc(Nc3ccc(F)c(Cl)c3)c2c2c1OCCO2,11.8,1,2
CHEMBL3805859,CCOc1cc2ncnc(Nc3ccc(C)cc3)c2c2c1OCCO2,63.55,1,2
CHEMBL3805238,CCOc1cc2ncnc(Nc3cccc([N+](=O)[O-])c3)c2c2c1OCCO2,40.35,1,2
CHEMBL3804868,CCOc1cc2ncnc(Nc3ccc(C)c(Cl)c3)c2c2c1OCCO2,20.25,1,2
CHEMBL3805774,CCOc1cc2ncnc(Nc3cccc(OC)c3)c2c2c1OCCO2,37.2,1,2
CHEMBL3805039,C#Cc1cccc(Nc2ncnc3cc(OCC)c4c(c23)OCCO4)c1,15.35,1,2
CHEMBL3806248,CCOc1cc2ncnc(Nc3ccc(F)c(Cl)c3)c2c2c1OCCO2,4.45,1,2
CHEMBL3805236,C#Cc1cccc(Nc2ncnc3cc(OC)c4c(c23)OCCO4)c1,10.9,1,1
CHEMBL3806292,COc1cc2ncnc(Nc3ccc(F)c(Cl)c3)c2c2c1OCCO2,511.25,1,2
CHEMBL3806143,Brc1cccc(Nc2ncnc3cc(OCCCN4CCOCC4)c4c(c23)OCCO4)c1,18.48,1,1
CHEMBL3805681,Clc1cccc(Nc2ncnc3cc(OCCCN4CCOCC4)c4c(c23)OCCO4)c1,21.95,1,1
CHEMBL3804886,Fc1cccc(Nc2ncnc3cc(OCCCN4CCOCC4)c4c(c23)OCCO4)c1,83.88,1,1
CHEMBL3805588,FC(F)(F)c1cccc(Nc2ncnc3cc(OCCCN4CCOCC4)c4c(c23)OCCO4)c1,97.18,1,1
CHEMBL3805508,c1ccc(COc2cccc(C3CC(c4ccc5c(c4)OCCO5)=NN3c3ccccc3)c2)cc1,7920.0,0,1
CHEMBL3805409,Clc1cccc(C2CC(c3ccc4c(c3)OCCO4)=NN2c2ccccc2)c1,81200.0,0,1
CHEMBL3805893,c1ccc(COc2ccc(C3CC(c4ccc5c(c4)OCCO5)=NN3c3ccccc3)cc2)cc1,9040.0,0,1
CHEMBL3805849,Clc1ccc(C2CC(c3ccc4c(c3)OCCO4)=NN2c2ccccc2)cc1Cl,192000.0,0,1
CHEMBL3808884,COC(=O)c1cc2cc(NCc3cc(NC(=O)c4cc(-n5cnc(C)c5)cc(C(F)(F)F)c4)ccc3C)cnc2[nH]1,63.5,1,2
CHEMBL48802,C[S+]([O-])CCCCN=C=S,9000.0,0,1
CHEMBL3809045,S=C=Nc1ccc2ncnc(Nc3cccc(Br)c3)c2c1,880.0,1,1
CHEMBL3815045,CCn1c(-c2nc(-c3cnn(C4CCN(C)CC4)c3)cnc2N)nc2ccccc21,50.0,1,1
CHEMBL3813979,CN1CCC(n2cc(-c3cnc(N)c(-c4nc5ccccc5[nH]4)n3)cn2)CC1,290.0,1,1
CHEMBL3814878,C=CC(=O)NCCCn1c(-c2nc(-c3cnn(C4CCN(C)CC4)c3)cnc2N)nc2ccccc21,200.0,1,1
CHEMBL3813746,C=CC(=O)NCCn1c(-c2nc(-c3cnn(C4CCN(C)CC4)c3)cnc2N)nc2ccccc21,2200.0,0,1
CHEMBL3814959,NC(=O)Nc1ccc2ncnc(Nc3ccc(Br)cc3)c2c1,273.0,1,3
CHEMBL2031296,CC(=O)Nc1ccc2ncnc(Nc3cccc(Br)c3)c2c1,32.0,1,3
CHEMBL3814447,C#Cc1cccc(Nc2ncnc3ccc(NC(N)=O)cc23)c1,194.0,1,3
CHEMBL3815074,C#Cc1cccc(Nc2ncnc3ccc(NC(C)=O)cc23)c1,39.0,1,3
CHEMBL3814211,NC(=O)Nc1ccc2ncnc(Nc3ccc(F)c(Cl)c3)c2c1,315.0,1,3
CHEMBL3814257,CC(=O)Nc1ccc2ncnc(Nc3ccc(F)c(Cl)c3)c2c1,264.0,1,3
CHEMBL3814846,CC(=O)Nc1ccc2ncnc(Nc3ccc(OCc4cccc(F)c4)c(Cl)c3)c2c1,1255.0,0,4
CHEMBL3814320,O=C(NCCN1CCOCC1)Nc1ccc2ncnc(Nc3cccc(Br)c3)c2c1,135.215,1,2
CHEMBL3814882,O=C(NCCN1CCCCC1)Nc1ccc2ncnc(Nc3cccc(Br)c3)c2c1,10.886,1,2
CHEMBL3815161,O=C(NCCN1CCOCC1)Nc1ccc2ncnc(Nc3ccc(F)c(Cl)c3)c2c1,53.0,1,3
CHEMBL3814956,O=C(NCCN1CCCCC1)Nc1ccc2ncnc(Nc3ccc(F)c(Cl)c3)c2c1,62.0,1,3
CHEMBL3814445,Fc1ccc(Nc2ncnc3ccc(NC(=S)NCCN4CCOCC4)cc23)cc1Cl,150.0,1,3
CHEMBL3814694,Fc1ccc(Nc2ncnc3ccc(NC(=S)NCCN4CCCCC4)cc23)cc1Cl,80.0,1,3
CHEMBL3815163,S=C(NCCN1CCOCC1)Nc1ccc2ncnc(Nc3cccc(Br)c3)c2c1,39.85,1,4
CHEMBL3813728,Fc1cccc(COc2ccc(Nc3ncnc4ccc(NC(=S)NCCN5CCOCC5)cc34)cc2Cl)c1,267.0,1,3
CHEMBL3814182,S=C(NCCN1CCOCC1)Nc1ccc2ncnc(Nc3ccc(Cl)c(Cl)c3)c2c1,653.0,1,3
CHEMBL3814816,S=C(NCCN1CCOCC1)Nc1ccc2ncnc(Nc3ccc(Cl)cc3)c2c1,65.0,1,3
CHEMBL3814812,Fc1cccc(COc2ccc(Nc3ncnc4ccc(NC(=S)NCCCN5CCOCC5)cc34)cc2Cl)c1,136.25,1,2
CHEMBL3814460,O=C(NCCN1CCOCC1)Nc1ccc2ncnc(Nc3ccc(OCc4cccc(F)c4)c(Cl)c3)c2c1,259.0,1,1
CHEMBL3814940,Fc1cccc(COc2ccc(Nc3ncnc4ccc(NC(=S)NCCN5CCCCC5)cc34)cc2Cl)c1,1760.0,0,3
CHEMBL3815115,S=C(NCCCN1CCOCC1)Nc1ccc2ncnc(Nc3cccc(Br)c3)c2c1,297.0,1,2
CHEMBL3813876,Fc1ccc(Nc2ncnc3ccc(NC(=S)NCCCN4CCOCC4)cc23)cc1Cl,451.5,1,2
CHEMBL3814021,O=C(NCCN1CCCCC1)Nc1ccc2ncnc(Nc3ccc(OCc4cccc(F)c4)c(Cl)c3)c2c1,2205.0,0,2
CHEMBL3818364,CCOc1cc2ncnc(Nc3ccc(OCc4cccc(F)c4)c(Cl)c3)c2cc1NC(=O)[C@H]1COC(=O)N1,5.49,1,3
CHEMBL3818062,COc1cc2ncnc(Nc3ccc(F)c(Cl)c3)c2cc1NC(=O)[C@H]1NC(=O)O[C@@H]1C,1.98,1,3
CHEMBL3819553,CCOc1cc2ncnc(Nc3ccc(OCc4cccc(F)c4)c(Cl)c3)c2cc1NC(=O)[C@H]1NC(=O)O[C@@H]1C,12.0,1,3
CHEMBL3818547,COc1cc2ncnc(Nc3ccc(F)c(Cl)c3)c2cc1NC(=O)[C@@H]1COC(=O)N1,1.06,1,3
CHEMBL3818115,CCOc1cc2ncnc(Nc3ccc(OCc4cccc(F)c4)c(Cl)c3)c2cc1NC(=O)[C@@H]1COC(=O)N1,5.62,1,3
CHEMBL3818015,COc1cc2ncnc(Nc3cccc(Br)c3)c2cc1NC(=O)[C@@H]1COC(=O)N1,0.47,1,3
CHEMBL3818563,CCOc1cc2ncnc(N[C@@H](C)c3ccccc3)c2cc1NC(=O)[C@@H]1COC(=O)N1,3.1149999999999998,1,2
CHEMBL3818970,CCOc1cc2ncnc(Nc3ccc(OCC4CC4)c(Cl)c3)c2cc1NC(=O)[C@@H]1COC(=O)N1,52.08,1,3
CHEMBL3819120,O=C1N[C@H](C(=O)Nc2cc3c(Nc4ccc(F)c(Cl)c4)ncnc3cc2OCCN2CCCCC2)CO1,25.53,1,3
CHEMBL3818289,O=C1N[C@H](C(=O)Nc2cc3c(Nc4ccc(F)c(Cl)c4)ncnc3cc2OCCCN2CCOCC2)CO1,4.54,1,3
CHEMBL3823520,COc1cc2c(Oc3ccc(NC(=O)c4cn(-c5ccccc5Cl)nn4)cc3F)ccnc2cc1OCCCN1CCCCC1,529.4,1,1
CHEMBL3735648,CC1(C)c2cc(C3CCN(CC4CCOCC4)CC3)ccc2C(=O)c2c1[nH]c1cc(C#N)ccc21,350.0,1,1
CHEMBL3828269,Cn1cc(-c2ccc3ncnc(Nc4ccc(F)c(Cl)c4)c3c2)cn1,3.2350000000000003,1,2
CHEMBL3828079,Cn1cc(-c2ccc3ncnc(Nc4ccc5ncccc5c4)c3c2)cn1,76.05,1,2
CHEMBL3828021,C#Cc1cccc(Nc2ncnc3ccc(-c4cnn(C)c4)cc23)c1,3.915,1,2
CHEMBL3828092,Fc1ccc(Nc2ncnc3ccc(-c4cnn(C5CCNCC5)c4)cc23)cc1Cl,35.5,1,2
CHEMBL3827349,c1cnc2ccc(Nc3ncnc4ccc(-c5cnn(C6CCNCC6)c5)cc34)cc2c1,31.6,1,2
CHEMBL3912361,O=C(CCl)OCCn1c(=O)oc2cc3ncnc(Nc4ccc(N5CCCCC5)c(Cl)c4)c3cc21,240.0,1,1
CHEMBL3982289,O=C(CCl)OCCn1c(=O)oc2cc3ncnc(Nc4ccc(N5CCOCC5)c(Cl)c4)c3cc21,19.0,1,1
CHEMBL3921302,CN1CCN(c2ccc(Nc3ncnc4cc5oc(=O)n(CCOC(=O)CCl)c5cc34)cc2Cl)CC1,20.0,1,1
CHEMBL3930270,O=C(CCl)OCCn1c(=O)oc2cc3ncnc(Nc4ccc(Oc5cccc(C(F)(F)F)c5)c(Cl)c4)c3cc21,510.0,1,1
CHEMBL3902295,O=C(CCl)OCCn1c(=O)oc2cc3ncnc(Nc4ccc(F)c(F)c4)c3cc21,4700.0,0,1
CHEMBL3908711,O=C(CBr)OCCn1c(=O)oc2cc3ncnc(Nc4ccc(F)c(Cl)c4)c3cc21,460.0,1,1
CHEMBL3936642,O=C(CBr)OCCn1c(=O)oc2cc3ncnc(Nc4ccc(OCc5cccc(F)c5)c(Cl)c4)c3cc21,77.0,1,1
CHEMBL3917657,CC(C)(C)c1ccc(Nc2ncnc3cc4oc(=O)n(CCOC(=O)CBr)c4cc23)cc1,870.0,1,1
CHEMBL3945555,O=C(CBr)OCCn1c(=O)oc2cc3ncnc(Nc4ccc(Oc5cccc(C(F)(F)F)c5)c(Cl)c4)c3cc21,160.0,1,1
CHEMBL3960786,O=C(CBr)OCCn1c(=O)oc2cc3ncnc(Nc4ccc(NC(=O)N5CCCCC5)cc4)c3cc21,9300.0,0,1
CHEMBL3891774,O=C(Nc1ccc(Nc2ncnc3cc4oc(=O)n(CCOC(=O)CBr)c4cc23)cc1)NC1CCCCC1,8500.0,0,1
CHEMBL3906330,O=C(CBr)OCCn1c(=O)oc2cc3ncnc(Nc4ccc(F)c(F)c4)c3cc21,300.0,1,1
CHEMBL3915306,O=C(CBr)OCCn1c(=O)oc2cc3ncnc(Nc4ccc(OCc5ccc(Cl)cc5)cc4)c3cc21,6400.0,0,1
CHEMBL3910361,C#Cc1cccc(Nc2ncnc3cc4oc(=O)n(CCOC(=O)CBr)c4cc23)c1,5200.0,0,1
CHEMBL3897363,CN1CCN(c2ccc(Nc3ncnc4cc5oc(=O)n(CCOC(=O)CBr)c5cc34)cc2Cl)CC1,8.0,1,1
CHEMBL3965948,O=C(CBr)OCCn1c(=O)oc2cc3ncnc(Nc4ccc(N5CCOCC5)c(Cl)c4)c3cc21,10.0,1,1
CHEMBL3969628,O=C(CBr)OCCn1c(=O)oc2cc3ncnc(Nc4ccc(N5CCCCC5)c(Cl)c4)c3cc21,184.0,1,1
CHEMBL3940060,O=C(CCl)OCCn1c(=O)oc2cc3ncnc(Nc4ccc(F)c(Cl)c4)c3cc21,330.0,1,1
CHEMBL3948084,CCC(=O)Nc1cc2c(Nc3ccc4c(cnn4Cc4ccccc4)c3)ncnc2cc1OC,17.0,1,1
CHEMBL3977326,CCC(=O)Nc1cc2c(Nc3ccc4c(ccn4Cc4ccccc4)c3)ncnc2cc1OC,21.0,1,1
CHEMBL3921347,CCC(=O)Nc1cc2c(Nc3ccc4[nH]ncc4c3)ncnc2cc1OC,79.0,1,1
CHEMBL3963723,CCC(=O)Nc1cc2c(Nc3ccc4[nH]ccc4c3)ncnc2cc1OC,6.0,1,1
CHEMBL3930316,CCC(=O)Nc1cc2c(Nc3ccc(F)c(Cl)c3)ncnc2cc1OC,2.0,1,1
CHEMBL3957801,CCC(=O)Nc1cc2c(Nc3ccc(F)c(Cl)c3)ncnc2cc1OCCCN1CCOCC1,17.0,1,2
CHEMBL3946232,O=C(Nc1cc2c(Nc3ccc(F)c(Cl)c3)ncnc2cc1OCCCN1CCOCC1)C1=CCCC1,16.5,1,2
CHEMBL3918330,C/C=C/C(=O)Nc1cc2c(Nc3ccc(F)c(Cl)c3)ncnc2cc1OCCCN1CCOCC1,48.5,1,2
CHEMBL3974571,C=C(C)C(=O)Nc1cc2c(Nc3ccc(F)c(Cl)c3)ncnc2cc1OCCCN1CCOCC1,44.0,1,2
CHEMBL3968839,CCC(=O)Nc1cc2c(Nc3ccc4c(ccn4Cc4ccccn4)c3)ncnc2cc1OC,61.0,1,1
CHEMBL3939300,CCC(=O)Nc1cc2c(Nc3ccc4c(ccn4Cc4cccnc4)c3)ncnc2cc1OC,714.0,1,1
CHEMBL3919183,CCC(=O)Nc1cc2c(Nc3ccc4c(cnn4Cc4ccccn4)c3)ncnc2cc1OC,94.0,1,1
CHEMBL3981041,CCC(=O)Nc1cc2c(Nc3ccc4c(ccn4S(=O)(=O)c4ccccc4)c3)ncnc2cc1OC,127.0,1,1
CHEMBL3964380,CCC(=O)Nc1cc2c(Nc3ccc4c(ccn4Cc4ccco4)c3)ncnc2cc1OC,86.0,1,1
CHEMBL3904205,CCC(=O)Nc1cc2c(Nc3ccc4c(c3)CCN4Cc3ccccc3)ncnc2cc1OC,175.0,1,1
CHEMBL3960911,CCC(=O)Nc1cc2c(Nc3ccc4c(c3)CCN4Cc3ccccn3)ncnc2cc1OC,519.0,1,1
CHEMBL3962032,CCC(=O)Nc1cc2c(Nc3ccc4c(ccn4CC(C)C)c3)ncnc2cc1OC,421.0,1,1
CHEMBL3934539,CCC(=O)Nc1cc2c(NCc3ccccc3)ncnc2cc1OC,136.0,1,1
CHEMBL3973028,CCC(=O)Nc1cc2c(N[C@H](C)c3ccccc3)ncnc2cc1OC,86.0,1,1
CHEMBL3943512,CCC(=O)Nc1cc2c(Nc3ccc(Oc4ccccc4)cc3)ncnc2cc1OC,65.0,1,1
CHEMBL3944572,CCC(=O)Nc1cc2c(Nc3ccc(Oc4cccc(F)c4)cc3)ncnc2cc1OC,881.0,1,1
CHEMBL3916644,CCC(=O)Nc1cc2c(Nc3ccc(Oc4ccc5c(c4)OCO5)cc3)ncnc2cc1OC,509.0,1,1
CHEMBL3951754,CCC(=O)Nc1cc2c(Nc3ccc(Oc4cccnc4)cc3)ncnc2cc1OC,531.0,1,1
CHEMBL3980622,CCC(=O)Nc1cc2c(Nc3ccc(Cc4ccccn4)cc3)ncnc2cc1OC,205.0,1,1
CHEMBL3942999,CCC(=O)Nc1cc2c(Nc3ccc(Cc4ccncc4)cc3)ncnc2cc1OC,388.0,1,1
CHEMBL3972605,CCC(=O)Nc1cc2c(Nc3ccc(C(O)c4ccccc4)cc3)ncnc2cc1OC,343.0,1,1
CHEMBL3934034,CCC(=O)Nc1cc2c(Nc3ccc(OCc4ccccc4)cc3)ncnc2cc1OC,36.0,1,1
CHEMBL3961532,CCC(=O)Nc1cc2c(Nc3ccc(OCc4cccc(F)c4)c(Cl)c3)ncnc2cc1OC,67.0,1,1
CHEMBL3925158,CCC(=O)Nc1cc2c(Nc3ccc(OCc4ccccn4)cc3)ncnc2cc1OC,116.0,1,1
CHEMBL3916141,CCC(=O)Nc1cc2c(Nc3ccc(CCc4ccccc4)cc3)ncnc2cc1OC,747.0,1,1
CHEMBL3944095,CCC(=O)Nc1cc2c(Nc3ccc(NCc4ccccc4)cc3)ncnc2cc1OC,383.0,1,1
CHEMBL3970738,CCC(=O)Nc1cc2c(Nc3ccc(NS(=O)(=O)c4ccccc4)cc3)ncnc2cc1OC,65.0,1,1
CHEMBL3941175,CCC(=O)Nc1cc2c(Nc3ccc(NS(=O)(=O)c4ccccc4)c(F)c3)ncnc2cc1OC,593.0,1,1
CHEMBL3923650,CCC(=O)Nc1cc2c(Nc3ccc(NS(=O)(=O)c4ccccc4)nc3)ncnc2cc1OC,522.0,1,1
CHEMBL3932176,CCOc1cc2ncnc(Nc3ccc4c(cnn4Cc4ccccc4)c3)c2cc1NC(=O)/C=C/CN(C)C,4.0,1,2
CHEMBL3950966,CCOc1cc2ncnc(Nc3ccc4c(cnn4Cc4ccccc4)c3)c2cc1NC(=O)/C=C/CN(C(C)C)C(C)C,11.0,1,2
CHEMBL3923228,CCOc1cc2ncnc(Nc3ccc4c(cnn4Cc4ccccc4)c3)c2cc1NC(=O)/C=C/CN1CCCC1,5.0,1,2
CHEMBL3942228,CCOc1cc2ncnc(Nc3ccc4c(cnn4Cc4ccccc4)c3)c2cc1NC(=O)/C=C/CN1CCCCC1,5.0,1,2
CHEMBL3914227,CCOc1cc2ncnc(Nc3ccc4c(cnn4Cc4ccccc4)c3)c2cc1NC(=O)/C=C/CN1[C@H](C)CCC[C@@H]1C,52.5,1,2
CHEMBL3907533,CCOc1cc2ncnc(Nc3ccc4c(cnn4Cc4ccccc4)c3)c2cc1NC(=O)/C=C/CN1CCOCC1,15.0,1,2
CHEMBL3921129,CCOc1cc2ncnc(Nc3ccc4c(cnn4Cc4ccccc4)c3)c2cc1NC(=O)/C=C/CN1CCN(C)CC1,15.5,1,2
CHEMBL3941823,CCOc1cc2ncnc(Nc3ccc4c(cnn4Cc4ccccc4)c3)c2cc1NC(=O)/C=C/CN1C[C@@H](C)N[C@@H](C)C1,18.0,1,2
CHEMBL3971413,CCOc1cc2ncnc(Nc3ccc4c(cnn4Cc4ccccc4)c3)c2cc1NC(=O)/C=C/CN1[C@H](C)CNC[C@@H]1C,72.0,1,1
CHEMBL3950549,COc1cc2ncnc(Nc3ccc(F)c(Cl)c3)c2cc1NC(=O)/C=C/CN(C(C)C)C(C)C,5.5,1,2
CHEMBL3959248,COCCOc1cc2ncnc(Nc3ccc4c(cnn4Cc4ccccc4)c3)c2cc1NC(=O)/C=C/CN(C)C,6.0,1,2
CHEMBL3890186,COCCOc1cc2ncnc(Nc3ccc4c(cnn4Cc4ccccc4)c3)c2cc1NC(=O)/C=C/CN1CCCC1,9.0,1,2
CHEMBL3970330,COCCOc1cc2ncnc(Nc3ccc4c(cnn4Cc4ccccc4)c3)c2cc1NC(=O)/C=C/CN1CCN(C)CC1,21.0,1,2
CHEMBL3899132,CCOc1cc2ncnc(Nc3ccc4c(ccn4S(=O)(=O)c4ccccc4)c3)c2cc1NC(=O)/C=C/CN(C)C,27.0,1,2
CHEMBL3890751,CCOc1cc2ncnc(Nc3ccc4c(ccn4S(=O)(=O)c4ccccc4)c3)c2cc1NC(=O)/C=C/CN1CCCC1,44.5,1,2
CHEMBL3933895,CCOc1cc2ncnc(Nc3ccc4c(ccn4S(=O)(=O)c4ccccc4)c3)c2cc1NC(=O)/C=C/CN1CCOCC1,76.0,1,2
CHEMBL3958482,COc1cc2ncnc(Nc3ccc(Oc4ccccc4)cc3)c2cc1NC(=O)/C=C/CN1CCCCC1,74.0,1,2
CHEMBL3930965,COc1cc2ncnc(Nc3ccc(Cc4ccccn4)cc3)c2cc1NC(=O)/C=C/CN1CCCC1,88.5,1,2
CHEMBL3962365,CCOc1cc2ncnc(Nc3ccc(OCc4cccc(F)c4)c(Cl)c3)c2cc1NC(=O)/C=C/CN1CCCC1,41.5,1,2
CHEMBL3939985,CCOc1cc2ncnc(Nc3ccc(OCc4cccc(F)c4)c(Cl)c3)c2cc1NC(=O)/C=C/CN1CCN(C)CC1,16.5,1,2
CHEMBL3977926,CCOc1cc2ncnc(Nc3ccc(OCc4ccccn4)cc3)c2cc1NC(=O)/C=C/CN1CCCC1,55.0,1,2
CHEMBL3922922,CCOc1cc2ncnc(Nc3ccc(OCc4ccccn4)cc3)c2cc1NC(=O)/C=C/CN1CCN(C)CC1,112.5,1,2
CHEMBL3986103,CCOc1cc2ncnc(Nc3ccc(NS(=O)(=O)c4ccccc4)cc3)c2cc1NC(=O)/C=C/CN1CCCC1,41.0,1,2
CHEMBL3957416,CCOc1cc2ncnc(Nc3ccc(NS(=O)(=O)c4ccccc4)cc3)c2cc1NC(=O)/C=C/CN1CCOCC1,41.5,1,2
CHEMBL3936505,CCOc1cc2ncnc(Nc3ccc(NS(=O)(=O)c4ccccc4)cc3)c2cc1NC(=O)/C=C/CN1CCN(C)CC1,236.0,1,2
CHEMBL3968417,CN(C)C/C=C/C(=O)Nc1cc2c(Nc3ccc(F)c(Cl)c3)ncnc2cn1,1.5,1,2
CHEMBL3930506,O=C(/C=C/CN1CCCCC1)Nc1cc2c(Nc3ccc(F)c(Cl)c3)ncnc2cn1,8.0,1,2
CHEMBL3958006,O=C(/C=C/CN1CCOCC1)Nc1cc2c(Nc3ccc(F)c(Cl)c3)ncnc2cn1,7.0,1,2
CHEMBL3921555,CN1CCN(C/C=C/C(=O)Nc2cc3c(Nc4ccc(F)c(Cl)c4)ncnc3cn2)CC1,14.0,1,2
CHEMBL3949347,CN(C)C/C=C/C(=O)Nc1cc2c(Nc3ccc4c(cnn4Cc4ccccc4)c3)ncnc2cn1,22.0,1,2
CHEMBL3948267,O=C(/C=C/CN1CCCC1)Nc1cc2c(Nc3ccc4c(cnn4Cc4ccccc4)c3)ncnc2cn1,30.0,1,2
CHEMBL3977504,CN(C)C/C=C/C(=O)Nc1cc2c(Nc3ccc(Oc4ccccc4)cc3)ncnc2cn1,107.5,1,2
CHEMBL3896779,O=C(/C=C/CN1CCCC1)Nc1cc2c(Nc3ccc(Oc4ccccc4)cc3)ncnc2cn1,94.0,1,2
CHEMBL3969056,CN(C)C/C=C/C(=O)Nc1cc2c(Nc3ccc(Cc4ccccn4)cc3)ncnc2cn1,157.0,1,2
CHEMBL3967962,O=C(/C=C/CN1CCCC1)Nc1cc2c(Nc3ccc(Cc4ccccn4)cc3)ncnc2cn1,207.5,1,2
CHEMBL3921446,CN1CCN(C/C=C/C(=O)Nc2cc3c(Nc4ccc(Cc5ccccn5)cc4)ncnc3cn2)CC1,478.5,1,2
CHEMBL3981551,CN(C)C/C=C/C(=O)Nc1cc2c(Nc3ccc(OCc4cccc(F)c4)c(Cl)c3)ncnc2cn1,18.0,1,2
CHEMBL3904257,O=C(/C=C/CN1CCCC1)Nc1cc2c(Nc3ccc(OCc4cccc(F)c4)c(Cl)c3)ncnc2cn1,26.5,1,2
CHEMBL3952877,COC[C@@H](Nc1ncnc2oc(-c3ccccc3)cc12)c1ccccc1,28.0,1,1
CHEMBL3981621,c1ccc(CNc2ncnc3oc(-c4ccccc4)cc23)cc1,93.0,1,1
CHEMBL3961553,OC[C@@H](Nc1ncnc2oc(-c3ccc(O)cc3)cc12)c1ccccc1,2.0,1,1
CHEMBL3892567,OC[C@@H](Nc1ncnc2oc(-c3ccccc3)cc12)c1ccccc1,3.9,1,1
CHEMBL3973601,COc1ccc(-c2cc3c(N[C@H](C)c4ccc(F)cc4)ncnc3o2)cc1,27.0,1,1
CHEMBL3953210,COc1ccc(-c2cc3c(N[C@H](C)c4cccc(F)c4)ncnc3o2)cc1,24.0,1,1
CHEMBL3925584,COc1ccc(-c2cc3c(N[C@H](C)c4ccccc4F)ncnc3o2)cc1,24.0,1,1
CHEMBL3961961,COc1ccc(-c2cc3c(N[C@H](CCO)c4ccccc4)ncnc3o2)cc1,4.0,1,1
CHEMBL3934461,COc1ccc(-c2cc3c(NC(CC(N)=O)c4ccccc4)ncnc3o2)cc1,22.0,1,1
CHEMBL3972981,CC[C@@H](Nc1ncnc2oc(-c3ccc(OC)cc3)cc12)c1ccccc1,22.0,1,1
CHEMBL3943438,COC[C@@H](Nc1ncnc2oc(-c3ccc(OC)cc3)cc12)c1ccccc1,14.0,1,1
CHEMBL3939429,COc1ccc(-c2cc3c(NCc4ccccc4)ncnc3o2)cc1,74.0,1,1
CHEMBL3952157,COc1ccc(-c2cc3c(N[C@H](CO)c4ccccc4)ncnc3o2)cc1,2.7,1,1
CHEMBL3891846,C[C@@H](Nc1ncnc2oc(-c3ccc(NCCN4CCCCC4)cc3)cc12)c1ccccc1,98.3,1,2
CHEMBL3960853,C[C@@H](Nc1ncnc2oc(-c3ccc(NCCN4CCOCC4)cc3)cc12)c1ccccc1,1.1,1,1
CHEMBL3901622,C[C@@H](Nc1ncnc2oc(-c3ccc(NCCN(C)C)cc3)cc12)c1ccccc1,108.7,1,2
CHEMBL3929584,C=Cc1ccc(-c2cc3c(N[C@H](C)c4ccccc4)ncnc3o2)cc1,29.0,1,1
CHEMBL3928512,C[C@@H](Nc1ncnc2oc(-c3ccccc3O)cc12)c1ccccc1,2.0,1,1
CHEMBL3956112,C[C@@H](Nc1ncnc2oc(-c3cccc(O)c3)cc12)c1ccccc1,4.6,1,1
CHEMBL3919609,C[C@@H](Nc1ncnc2oc(-c3ccc(O)cc3)cc12)c1ccccc1,1.5,1,1
CHEMBL3947406,COc1ccccc1-c1cc2c(N[C@H](C)c3ccccc3)ncnc2o1,4.0,1,1
CHEMBL3946396,COc1cccc(-c2cc3c(N[C@H](C)c4ccccc4)ncnc3o2)c1,7.0,1,1
CHEMBL3975699,C[C@@H](Nc1ncnc2oc(-c3ccc(C#N)cc3)cc12)c1ccccc1,44.0,1,1
CHEMBL3937527,C[C@@H](Nc1ncnc2oc(-c3ccc(Br)cc3)cc12)c1ccccc1,56.0,1,1
CHEMBL3967219,C[C@@H](Nc1ncnc2oc(-c3ccc(F)cc3)cc12)c1ccccc1,13.0,1,1
CHEMBL3908303,C[C@@H](Nc1ncnc2oc(-c3ccccc3)cc12)c1ccccc1,11.0,1,1
CHEMBL3933539,COc1ccc(-c2cc3c(N[C@H](C)c4ccccc4)ncnc3o2)cc1,5.3,1,1
CHEMBL3965075,CCOCc1ccc2c(c1)nc(NC(=O)c1cccc(C(F)(F)F)c1)n2[C@H]1CC[C@H](O)CC1,1275.0,0,2
CHEMBL3954370,O=C(Nc1nc2ccccc2n1[C@H]1CC[C@H](O)CC1)c1cccc(C(F)(F)F)c1,1130.0,0,2
CHEMBL3918367,Cc1cccc2c1nc(NC(=O)c1cccc(C(F)(F)F)c1)n2[C@H]1CC[C@H](O)CC1,6560.0,0,2
CHEMBL3946259,Cc1ccc2c(c1)nc(NC(=O)c1cccc(C(F)(F)F)c1)n2[C@H]1CC[C@H](O)CC1,140.0,1,1
CHEMBL3909438,Cc1ccc2nc(NC(=O)c3cccc(C(F)(F)F)c3)n([C@H]3CC[C@H](O)CC3)c2c1,280.0,1,1
CHEMBL3937373,Cc1cccc2nc(NC(=O)c3cccc(C(F)(F)F)c3)n([C@H]3CC[C@H](O)CC3)c12,385.0,1,2
CHEMBL3972316,C=CC(=O)N1CCCC[C@@H](n2c(NC(=O)c3cccc(C(F)(F)F)c3)nc3cccc(C)c32)C1,8.115,1,2
CHEMBL3951434,Cc1cccc2nc(NC(=O)c3cccc(C(F)(F)F)c3)n([C@@H]3CCCCN(C(=O)/C=C/CN(C)C)C3)c12,24.04,1,2
CHEMBL3939913,Cc1cccc2nc(NC(=O)c3ccnc(C(F)(F)F)c3)n([C@@H]3CCCCN(C(=O)/C=C/CN(C)C)C3)c12,2.08,1,2
CHEMBL3960167,Cc1cc(C(=O)Nc2nc3cccc(C)c3n2[C@@H]2CCCCN(C(=O)/C=C/CN(C)C)C2)ccn1,2.58,1,2
CHEMBL3966111,C=CC(=O)NCCCn1c(NC(=O)c2cccc(C(F)(F)F)c2)nc2cc(C)ccc21,287.5,1,2
CHEMBL3953921,C=CC(=O)N1CCCC(n2c(NC(=O)c3cccc(C(F)(F)F)c3)nc3cc(C)ccc32)C1,24.7,1,3
CHEMBL3982602,C=CC(=O)N1CCC(n2c(NC(=O)c3cccc(C(F)(F)F)c3)nc3cc(C)ccc32)CC1,16460.0,0,1
CHEMBL3901943,C=CC(=O)N1CCCCC(n2c(NC(=O)c3cccc(C(F)(F)F)c3)nc3cc(C)ccc32)C1,74.9,1,3
CHEMBL3892960,C=CC(=O)NC1CCC(n2c(NC(=O)c3cccc(C(F)(F)F)c3)nc3cc(C)ccc32)C1,6810.0,0,1
CHEMBL3953221,C=CC(=O)N[C@H]1CCC[C@@H](n2c(NC(=O)c3cccc(C(F)(F)F)c3)nc3cc(C)ccc32)C1,41.4,1,3
CHEMBL3973973,C=CC(=O)N[C@@H]1CCC[C@@H](n2c(NC(=O)c3cccc(C(F)(F)F)c3)nc3cc(C)ccc32)C1,234.5,1,2
CHEMBL3959632,C=CC(=O)Nc1cccc(-n2c(NC(=O)c3cccc(C(F)(F)F)c3)nc3cc(C)ccc32)c1,134.8,1,3
CHEMBL3961202,C=CC(=O)N(C)c1cccc(-n2c(NC(=O)c3cccc(C(F)(F)F)c3)nc3cc(C)ccc32)c1,420.5,1,4
CHEMBL3947759,C=CC(=O)Nc1cccc(Nc2nc(Nc3ccc(OCCn4ccnc4)cc3)ncc2Cl)c1,106.0,1,1
CHEMBL3977022,C=CC(=O)Nc1cccc(Nc2nc(Nc3ccc(OCCn4cncn4)cc3)ncc2Cl)c1,103.4,1,1
CHEMBL3956430,C=CC(=O)Nc1cccc(Nc2nc(Nc3ccc(OCCn4ccnc4)cc3)ncc2F)c1,9.1,1,1
CHEMBL3985086,C=CC(=O)Nc1cccc(Nc2nc(Nc3ccc(Cn4ccnc4)cc3OC)ncc2Cl)c1,109.0,1,1
CHEMBL3967512,C=CC(=O)Nc1cccc(Nc2nc(Nc3ccc(Cn4ccnc4)cc3)ncc2Cl)c1,3.3,1,1
CHEMBL3930539,C=CC(=O)Nc1cccc(Nc2nc(Nc3ccc(Cn4ccnc4)cc3)ncc2F)c1,9.0,1,1
CHEMBL3903063,C=CC(=O)Nc1cccc(Nc2nc(Nc3ccc(NC(=O)Cn4ccnc4)cc3)ncc2[N+](=O)[O-])c1,118.7,1,1
CHEMBL3931038,C=CC(=O)Nc1cccc(Nc2nc(Nc3ccc(-n4ccnc4)cc3)ncc2[N+](=O)[O-])c1,98.2,1,1
CHEMBL3953593,C=CC(=O)Nc1cccc(Nc2nc(Nc3ccc(OCCCn4ccnc4)cc3)ncc2[N+](=O)[O-])c1,40.6,1,1
CHEMBL3925959,C=CC(=O)Nc1cccc(Nc2nc(Nc3ccc(OCCCn4cnnn4)cc3)ncc2[N+](=O)[O-])c1,100.6,1,1
CHEMBL3921664,CC(C)S(=O)(=O)c1ccccc1Nc1nc(N/N=C/c2ccc(F)cc2)ncc1Cl,570.0,1,1
CHEMBL3893810,CC(C)S(=O)(=O)c1ccccc1Nc1nc(N/N=C/c2ccc(C(F)(F)F)cc2)ncc1Cl,593.0,1,1
CHEMBL3894726,COc1ccc(/C=N/Nc2ncc(Cl)c(Nc3ccccc3S(=O)(=O)C(C)C)n2)cc1,587.0,1,1
CHEMBL3913728,CC(C)S(=O)(=O)c1ccccc1Nc1nc(N/N=C/c2ccc(OC(F)(F)F)cc2)ncc1Cl,898.0,1,1
CHEMBL3905284,COc1cccc(/C=N/Nc2ncc(Cl)c(Nc3ccccc3S(=O)(=O)C(C)C)n2)c1,601.0,1,1
CHEMBL3934594,CC(C)S(=O)(=O)c1ccccc1Nc1nc(N/N=C/c2cccc(C(F)(F)F)c2)ncc1Cl,460.0,1,1
CHEMBL3924500,S=C(NNc1nncc2ccccc12)Nc1ccccc1,65.0,1,1
CHEMBL3905411,CCCCNC(=S)NNc1nncc2ccccc12,52.0,1,1
CHEMBL1380839,CCN=C(S)NNc1nncc2ccccc12,76.0,1,1
CHEMBL3977192,NC(=S)NNc1nncc2ccccc12,77.0,1,1
CHEMBL3906533,CCOC(=O)c1ccc(Nc2nncc3ccccc23)cc1,4.4,1,1
CHEMBL3937949,O=C(O)c1ccc(Nc2nncc3ccccc23)cc1,6.2,1,1
CHEMBL3915508,N#Cc1ccc(Nc2nncc3ccccc23)cc1,4.1,1,1
CHEMBL3979610,Fc1ccc(Nc2nncc3ccccc23)cc1,6.0,1,1
CHEMBL3950630,Cc1cc(C)nc(NS(=O)(=O)c2ccc(Nc3nncc4ccccc34)cc2)n1,6.7,1,1
CHEMBL3908272,O=S(=O)(Nc1ncccn1)c1ccc(Nc2nncc3ccccc23)cc1,86.0,1,1
CHEMBL3978686,O=S(=O)(Nc1ccccn1)c1ccc(Nc2nncc3ccccc23)cc1,84.0,1,1
CHEMBL3899216,Cc1cc(NS(=O)(=O)c2ccc(Nc3nncc4ccccc34)cc2)no1,130.0,1,1
CHEMBL3970399,O=S(=O)(Nc1nccs1)c1ccc(Nc2nncc3ccccc23)cc1,88.0,1,1
CHEMBL3926223,NS(=O)(=O)c1ccc(Nc2nncc3ccccc23)cc1,140.0,1,1
CHEMBL3896476,S=C(NNc1nncc2ccccc12)Nc1ccc(Cl)cc1,64.0,1,1
CHEMBL3927914,COc1ccc(NC(=S)NNc2nncc3ccccc23)cc1,53.0,1,1
CHEMBL3938794,O=C1CS/C(=N/Nc2nncc3ccccc23)N1,51.0,1,1
CHEMBL3893698,CCN1C(=O)CS/C1=N/Nc1nncc2ccccc12,47.0,1,1
CHEMBL3921710,CCCCN1C(=O)CS/C1=N/Nc1nncc2ccccc12,23.0,1,1
CHEMBL3982619,O=C1CS/C(=N/Nc2nncc3ccccc23)N1c1ccccc1,45.0,1,1
CHEMBL3912723,O=C1CS/C(=N/Nc2nncc3ccccc23)N1c1ccc(Cl)cc1,42.0,1,1
CHEMBL3974626,COc1ccc(N2C(=O)CS/C2=N/Nc2nncc3ccccc23)cc1,36.0,1,1
CHEMBL3903713,C(=C/c1ccccc1)\C(=N\Nc1nncc2ccccc12)c1ccccc1,5.6,1,1
CHEMBL3966129,Clc1ccc(C(/C=C/c2ccccc2)=N\Nc2nncc3ccccc23)cc1,6.3,1,1
CHEMBL3963403,Fc1ccc(/C=C/C(=N/Nc2nncc3ccccc23)c2ccccc2)cc1,6.9,1,1
CHEMBL3900264,Clc1ccc(/C=C/C(=N/Nc2nncc3ccccc23)c2ccccc2)cc1,4.6,1,1
CHEMBL3983586,Cc1ccc(C(/C=C/c2ccc(F)cc2)=N\Nc2nncc3ccccc23)cc1,6.5,1,1
CHEMBL3897723,COc1ccc(/C=C/C(=N/Nc2nncc3ccccc23)c2ccc(Cl)cc2)cc1,5.4,1,1
CHEMBL590878,Oc1cc(O)c2cc(O)c(-c3cc(O)c(O)c(O)c3)[o+]c2c1.[Cl-],6.27,1,1
CHEMBL3890526,COc1cc(Nc2ncnc3ccc(-c4ccc(CN5C[C@@H]6[C@@H](CO)[C@@H]6C5)cc4)cc23)ccc1Oc1ccccc1,670.0,1,1
CHEMBL483321,COCC(=O)NC/C=C/c1ccc2ncnc(Nc3ccc(Oc4ccc(C)nc4)c(C)c3)c2c1,6400.0,0,5
CHEMBL2103842,C[C@@H]1COC(Nc2ccc3ncnc(Nc4ccc(OCc5nccs5)c(Cl)c4)c3c2)=N1,7.0,1,2
CHEMBL3982710,COc1cc(Nc2ncnc3ccc(-c4cn(CCCCCCC(=O)NO)nn4)cc23)ccc1Oc1ccccc1,11.6,1,1
CHEMBL3921816,COc1cc(Nc2ncnc3ccc(-c4cn(CCCCCC(=O)NO)nn4)cc23)ccc1Oc1ccccc1,5.8,1,1
CHEMBL3893822,Cc1ccc(Oc2ccc(Nc3ncnc4ccc(-c5cn(CCCCCCC(=O)NO)nn5)cc34)cc2C)cn1,10.0,1,1
CHEMBL3930762,Cc1ccc(Oc2ccc(Nc3ncnc4ccc(-c5cn(CCCCCC(=O)NO)nn5)cc34)cc2C)cn1,6.4,1,1
CHEMBL3902778,O=C(CCCCCCn1cc(-c2ccc3ncnc(Nc4ccc(OCc5nccs5)c(Cl)c4)c3c2)nn1)NO,3.6,1,1
CHEMBL3939771,O=C(CCCCCn1cc(-c2ccc3ncnc(Nc4ccc(OCc5nccs5)c(Cl)c4)c3c2)nn1)NO,6.9,1,1
CHEMBL3911796,O=C(CCCCCCn1cc(-c2ccc3ncnc(Nc4ccc(OCc5cccc(F)c5)c(Cl)c4)c3c2)nn1)NO,4.2,1,1
CHEMBL3964033,O=C(CCCCCn1cc(-c2ccc3ncnc(Nc4ccc(OCc5cccc(F)c5)c(Cl)c4)c3c2)nn1)NO,1.9,1,1
CHEMBL3930620,O=C(CCCCCCn1cc(-c2ccc3ncnc(Nc4cccc(Cl)c4F)c3c2)nn1)NO,0.12,1,1
CHEMBL3929484,O=C(CCCCCn1cc(-c2ccc3ncnc(Nc4cccc(Cl)c4F)c3c2)nn1)NO,0.27,1,1
CHEMBL3957055,O=C(CCCCCCn1cc(-c2ccc3ncnc(Nc4ccc(F)c(Cl)c4)c3c2)nn1)NO,0.69,1,1
CHEMBL3920583,O=C(CCCCCn1cc(-c2ccc3ncnc(Nc4ccc(F)c(Cl)c4)c3c2)nn1)NO,0.65,1,1
CHEMBL3931223,COc1cc2c(Oc3ccc(NC(=O)c4cn(-c5ccccc5OC)cn4)cc3F)ccnc2cc1OCCCN1CCN(C)CC1,690.0,1,1
CHEMBL3883652,Cc1cccc(Nc2ccnc(Nc3ccc(N4CCN(C)CC4)cc3)n2)c1,11000.0,0,1
CHEMBL3884319,CC1(C)C(=O)N([C@H]2CCc3c(O)cccc32)c2nc(Nc3ccccc3)ncc21,10000.0,0,1
CHEMBL3917723,COC(=O)CNC(=O)c1ccc(Nc2ncnc3cc(OCCN4CCCCC4)c(OC)cc23)cc1,9941.0,0,1
CHEMBL3904787,COC(=O)CNC(=O)c1ccc(Nc2ncnc3cc(OCCCN4CCOCC4)c(OC)cc23)cc1,763.0,1,1
CHEMBL3975598,COC(=O)CNC(=O)c1ccc(Nc2ncnc3cc(OCCCN4CCN(C)CC4)c(OC)cc23)cc1,611.0,1,1
CHEMBL3939588,COc1cc2c(Nc3ccc(NC(=O)Nc4ccc(C)c(C)c4)c(Cl)c3)ncnc2cc1OCCN1CCCCC1,817.0,1,1
CHEMBL3948354,COc1cc2c(Nc3ccc(NC(=O)Nc4ccccc4)c(Cl)c3)ncnc2cc1OCCN1CCCCC1,212.0,1,1
CHEMBL3920551,COc1cc2c(Nc3ccc(NC(=O)Nc4ccc(C)c(C)c4)c(Cl)c3)ncnc2cc1OCCCN1CCOCC1,51.0,1,1
CHEMBL3957025,COc1cc2c(Nc3ccc(NC(=O)Nc4ccc(Cl)cc4)c(Cl)c3)ncnc2cc1OCCCN1CCOCC1,17.0,1,1
CHEMBL3929448,COc1cc2c(Nc3ccc(NC(=O)Nc4ccc(F)c(Cl)c4)c(Cl)c3)ncnc2cc1OCCCN1CCN(C)CC1,78.0,1,1
CHEMBL3968039,COc1cc2c(Nc3ccc(NC(=O)Nc4ccc(C)c(C)c4)c(Cl)c3)ncnc2cc1OCCCN1CCN(C)CC1,1.0,1,1
CHEMBL3938494,COc1cc2c(Nc3ccc(NC(=O)Nc4ccccc4C)c(Cl)c3)ncnc2cc1OCCCN1CCN(C)CC1,15.0,1,1
CHEMBL3962233,COc1cc2c(Nc3ccc(NC(=O)Nc4ccc(Cl)cc4)c(Cl)c3)ncnc2cc1OCCCN1CCN(C)CC1,1.0,1,1
CHEMBL3979264,COc1cc2c(Nc3ccc(NC(=O)Nc4ccccc4)c(Cl)c3)ncnc2cc1OCCCN1CCN(C)CC1,14.0,1,1
CHEMBL3905552,COc1cc2c(Nc3ccc(NC(=O)Nc4ccc(C)c(C)c4)cc3)ncnc2cc1OCCCN1CCN(C)CC1,668.0,1,1
CHEMBL3933568,COc1cc2c(Nc3ccc(NC(=O)Nc4ccccc4C)cc3)ncnc2cc1OCCCN1CCN(C)CC1,502.0,1,1
CHEMBL3896615,COc1cc2c(Nc3ccc(NC(=O)Nc4cccc(Cl)c4)cc3)ncnc2cc1OCCCN1CCN(C)CC1,500.0,1,1
CHEMBL3905242,COc1cc2c(Nc3ccc(NC(=O)Nc4ccc(Cl)cc4)cc3)ncnc2cc1OCCCN1CCN(C)CC1,235.0,1,1
CHEMBL3923551,COc1cc2c(Nc3ccc(NC(=O)Nc4ccccc4)cc3)ncnc2cc1OCCCN1CCN(C)CC1,194.0,1,1
CHEMBL3894623,COc1cc2c(Nc3ccc(NC(=O)Nc4cccc(Cl)c4)cc3)ncnc2cc1OCc1ccccc1,4649.0,0,1
CHEMBL3983460,COc1cc2c(Nc3ccc(NC(=O)Nc4ccccc4)cc3)ncnc2cc1OCc1ccccc1,2933.0,0,1
CHEMBL3909214,O=C(CCCOc1ccc2ncnc(Nc3ccc(F)c(Cl)c3)c2c1)NO,100.0,1,1
CHEMBL3979482,C#Cc1cccc(Nc2ncnc3ccc(OCCCC(=O)NO)cc23)c1,100.0,1,1
CHEMBL3912598,C#Cc1cccc(Nc2ncnc3ccc(OCCCCCC(=O)NO)cc23)c1,100.0,1,1
CHEMBL3975990,C#Cc1cccc(Nc2ncnc3ccc(OCCCCCCC(=O)NO)cc23)c1,100.0,1,1
CHEMBL3922068,Nc1cc(Br)ccc1NC(=O)COc1ccc2ncnc(Nc3ccc(F)c(Cl)c3)c2c1,100.0,1,1
CHEMBL3924787,C[C@@H](Nc1ncnc2ccc(OCCCCCC(=O)NO)cc12)c1ccccc1,100.0,1,1
CHEMBL3975710,O=C(/C=C/c1ccc(OCCOc2ccc3ncnc(Nc4ccc(F)c(Cl)c4)c3c2)cc1)NO,1000.0,1,1
CHEMBL3984008,C[C@@H](Nc1ncnc2ccc(OCCCCCCC(=O)NO)cc12)c1ccccc1,100.0,1,1
CHEMBL2309506,COc1cc2ncnc(N[C@H](C)c3ccc(F)cc3)c2cc1OCCCCCCC(=O)NO,100.0,1,1
CHEMBL2309507,COc1cc2ncnc(N[C@H](C)c3ccc(Cl)cc3)c2cc1OCCCCCCC(=O)NO,100.0,1,1
CHEMBL3917951,COc1cc2ncnc(NCCc3ccccc3)c2cc1OCCCCCCC(=O)NO,100.0,1,1
CHEMBL3914607,COc1cc2ncnc(NCc3ccc(F)c(F)c3)c2cc1OCCCCCCC(=O)NO,100.0,1,1
CHEMBL3906200,COc1cc2ncnc(NCc3cccc(Br)c3)c2cc1OCCCCCCC(=O)NO,100.0,1,1
CHEMBL3910297,C[C@@H](Nc1ncnc2[nH]c(-c3ccc(CNCC(=O)NO)cc3)cc12)c1ccccc1,1000.0,1,1
CHEMBL3950023,C[C@@H](Nc1ncnc2[nH]c(-c3ccc(NC(=O)CCNCC(=O)NO)cc3)cc12)c1ccccc1,100.0,1,1
CHEMBL3898480,C[C@@H](Nc1ncnc2[nH]c(-c3ccc(CNCCCCCCCC(=O)NO)cc3)cc12)c1ccccc1,100.0,1,1
CHEMBL3917105,O=C(CCCCCN1CCN(Cc2ccc(-c3cc4c(NCc5ccccc5)ncnc4[nH]3)cc2)CC1)NO,100.0,1,1
CHEMBL3914322,C[C@@H](Nc1ncnc2[nH]c(-c3ccc(OCCCCCCC(=O)NO)cc3)cc12)c1ccc(F)cc1,100.0,1,1
CHEMBL3985004,O=C(CCCCCCOc1ccc(-c2cc3c(NCc4ccccc4)ncnc3[nH]2)cc1)NO,100.0,1,1
CHEMBL3965391,C=CC(=O)N1CC[C@H](Oc2cc3c(Nc4ccc(F)c(Cl)c4F)ncnc3cc2OC)C1,2.15,1,2
CHEMBL3904966,C=CC(=O)N1CC[C@H](Oc2cc3c(Nc4ccc(Br)c(Cl)c4F)ncnc3cc2OC)C1,9.0,1,2
CHEMBL3968784,C=CC(=O)N1CC[C@H](Oc2cc3c(Nc4ccc(Cl)c(Cl)c4F)ncnc3cc2OC)C1,4.15,1,2
CHEMBL3922182,C=CC(=O)N1CC[C@H](Oc2cc3c(Nc4ccc(OCc5ccccn5)c(Cl)c4)ncnc3cc2OC)C1,7.5,1,2
CHEMBL3919447,C=CC(=O)N1CC[C@H](Oc2cc3c(N[C@H](C)c4ccccc4)ncnc3cc2OC)C1,19.5,1,2
CHEMBL3940909,C=CC(=O)N1CC[C@H](Oc2ccc3ncnc(Nc4ccc(F)c(Cl)c4F)c3c2)C1,31.5,1,2
CHEMBL3965087,C=CC(=O)N1CC[C@H](Oc2ccc3ncnc(Nc4ccc(OCc5cccc(F)c5)c(Cl)c4)c3c2)C1,27.5,1,2
CHEMBL3909201,C=CC(=O)N1CC(Oc2cc3c(Nc4ccc(F)c(Cl)c4F)ncnc3cc2OC)C1,0.75,1,2
CHEMBL3970231,C=CC(=O)N1CCC(Oc2cc3c(Nc4ccc(F)c(Cl)c4F)ncnc3cc2OC)CC1,1.5,1,2
CHEMBL3926558,C=CC(=O)N1CC(Oc2cc3c(N[C@H](C)c4ccccc4)ncnc3cc2OC)C1,10.5,1,2
CHEMBL3954587,C=CC(=O)N1CC(Oc2cc3c(Nc4cccc(Cl)c4F)ncnc3cc2OC)C1,5.0,1,2
CHEMBL3914159,C=CC(=O)N1CC(Oc2cc3c(Nc4ccc(Cl)c(Cl)c4F)ncnc3cc2OC)C1,2.0,1,9
CHEMBL3898690,C=CC(=O)N1CC(Oc2cc3c(Nc4cccc(Cl)c4)ncnc3cc2OC)C1,2.45,1,2
CHEMBL3898447,C=CC(=O)N1CCC(Oc2cc3c(Nc4cccc(Cl)c4F)ncnc3cc2OC)CC1,5.5,1,2
CHEMBL3545154,C=CC(=O)N1CCC(Oc2cc3c(Nc4ccc(Cl)c(Cl)c4F)ncnc3cc2OC)CC1,1.105,1,24
CHEMBL3932286,C=CC(=O)N1CCC(Oc2cc3c(Nc4cccc(Cl)c4)ncnc3cc2OC)CC1,5.7,1,2
CHEMBL3940089,C=CC(=O)N1CCC(Oc2cc3c(Nc4ccc(F)c(Cl)c4F)ncnc3cc2OCCC)CC1,1.85,1,2
CHEMBL3929060,C=CC(=O)N1CC[C@H](Oc2cc3c(Nc4ccc(F)c(Cl)c4F)ncnc3cc2OC)C[C@H]1C(N)=O,1.0499999999999998,1,2
CHEMBL3972168,C=CC(=O)N1CC[C@@H](Oc2cc3c(Nc4ccc(F)c(Cl)c4F)ncnc3cc2OC)C[C@@H]1C(=O)OC,3.0500000000000003,1,2
CHEMBL3958624,C=CC(=O)N1CC[C@@H](Oc2cc3c(Nc4ccc(F)c(Cl)c4F)ncnc3cc2OC)C[C@@H]1C(N)=O,2.4,1,2
CHEMBL3900054,COc1cc2ncnc(Nc3cccc(Cl)c3F)c2cc1OC1CCN(C(=O)CO)CC1,204.0,1,1
CHEMBL3916927,C=CC(=O)N1CC(Oc2cc3c(Nc4ccc(F)c(Cl)c4)ncnc3cc2OC)C1,1.3,1,1
CHEMBL3910915,C=CC(=O)N1CCC(Oc2cc3c(Nc4ccc(Br)c(C)c4)ncnc3cc2OC)CC1,7.6,1,1
CHEMBL3971939,C=CC(=O)N1CCC(Oc2cc3c(Nc4cccc(C)c4)ncnc3cc2OC)CC1,9.3,1,1
CHEMBL3935007,C=CC(=O)N1CCC(Oc2cc3c(Nc4cccc(Br)c4)ncnc3cc2OC)CC1,7.1,1,1
CHEMBL3978740,C=CC(=O)N1CCC(Oc2cc3c(Nc4cccc(C(F)(F)F)c4)ncnc3cc2OC)CC1,16.2,1,1
CHEMBL3961848,C=CC(=O)N1CCC(Oc2cc3c(Nc4cccc(C=C)c4)ncnc3cc2OC)CC1,3.0,1,1
CHEMBL3898077,C=C(CN(C)C)C(=O)N1CC(Oc2cc3c(Nc4ccc(F)c(Cl)c4F)ncnc3cc2OC)C1,2.0,1,1
CHEMBL3895411,C=C(CN1CCOCC1)C(=O)N1CC(Oc2cc3c(Nc4ccc(F)c(Cl)c4F)ncnc3cc2OC)C1,4.0,1,1
CHEMBL3985465,C=CC(=O)N1CC[C@H](Oc2cc3c(Nc4ccc(F)c(Cl)c4F)ncnc3cc2OC)C[C@H]1C(=O)NCCO,1.8,1,1
CHEMBL3980793,C=CC(=O)N1CC[C@H](Oc2cc3c(Nc4ccc(F)c(Cl)c4F)ncnc3cc2OC)C[C@H]1C(=O)NCCOC,3.8,1,1
CHEMBL3932784,C=CC(=O)N1CC[C@H](Oc2cc3c(Nc4ccc(F)c(Cl)c4F)ncnc3cc2OC)C[C@H]1C(=O)NCCSC,1.4,1,1
CHEMBL3935492,C=CC(=O)N1CC[C@H](Oc2cc3c(Nc4ccc(F)c(Cl)c4F)ncnc3cc2OC)C[C@H]1C(=O)NCCS(C)(=O)=O,3.0,1,1
CHEMBL3979366,C=CC(=O)N1CC[C@H](Oc2cc3c(Nc4ccc(F)c(Cl)c4F)ncnc3cc2OC)C[C@H]1C(=O)NCCN(C)C,6.6,1,1
CHEMBL3946096,C=CC(=O)N1CC[C@@H](Oc2cc3c(Nc4ccc(F)c(Cl)c4F)ncnc3cc2OC)C[C@@H]1C(=O)NC,0.9,1,1
CHEMBL3940401,COc1ccn2c(-c3ccnc(Nc4ccc(N5CCC(N6CCCCC6)CC5)cc4OC)n3)c(-c3ccc(OC)c(C(=O)Nc4c(F)cccc4F)c3)nc2c1,1000.0,1,1
CHEMBL3897153,Cc1cc(OC2CCN(CCS(C)(=O)=O)CC2)ccc1Nc1nccc(-c2c(-c3cccc(C(=O)Nc4c(F)cccc4F)c3)nc3ccccn23)n1,1000.0,1,1
CHEMBL3985011,CN(C)CCOc1cccc(Nc2nccc(-c3c(-c4cccc(C(=O)Nc5cc(C(F)(F)F)ccc5F)c4)nc4ccccn34)n2)c1,1000.0,1,1
CHEMBL3923275,Cc1ccc(OCCN(C)C)cc1Nc1nccc(-c2c(-c3cccc(C(=O)Nc4c(F)cccc4F)c3)nc3ccccn23)n1,1000.0,1,1
CHEMBL3954571,COc1ccc(N2CCC(N3CCCCC3)CC2)cc1Nc1nccc(-c2c(-c3cccc(C(=O)Nc4c(F)cccc4F)c3)nc3ccccn23)n1,1000.0,1,1
CHEMBL3905921,COc1cc(N2CCC(N3CCCCC3)CC2)ccc1Nc1nccc(-c2c(-c3cccc(C(=O)Nc4ccc(F)cc4Cl)c3)nc3ccccn23)n1,1000.0,1,1
CHEMBL3907756,COc1cc(N2CCC(N3CCCCC3)CC2)ccc1Nc1nccc(-c2c(-c3cccc(C(=O)Nc4ccc(Cl)cc4F)c3)nc3ccccn23)n1,1000.0,1,1
CHEMBL3950296,COc1cc(N2CCC(N3CCN(CCF)CC3)CC2)ccc1Nc1nccc(-c2c(-c3ccc(OC)c(C(=O)Nc4c(F)cccc4F)c3)nc3ccccn23)n1,1000.0,1,1
CHEMBL3955829,COc1cc(N2CCC(N3CCCCC3)CC2)ccc1Nc1nccc(-c2c(-c3cccc(C(=O)Nc4ccc(F)cc4F)c3)nc3ccccn23)n1,1000.0,1,1
CHEMBL3906473,COc1cc(N2CCC(O)CC2)ccc1Nc1nccc(-c2c(-c3cccc(C(=O)Nc4c(F)cccc4F)c3)nc3ccccn23)n1,1000.0,1,1
CHEMBL3937303,CCCN1CCC(c2cc(OC)c(Nc3nccc(-c4c(-c5ccc(OC)c(C(=O)Nc6c(F)cccc6F)c5)nc5ccccn45)n3)cc2C)CC1,1000.0,1,1
CHEMBL3937417,CCOc1cc(N2CCN(C(C)C)CC2)ccc1Nc1nccc(-c2c(-c3ccc(OC)c(C(=O)Nc4c(F)cccc4F)c3)nc3ccccn23)n1,1000.0,1,1
CHEMBL3976571,CCCN1CCN(c2ccc(Nc3nccc(-c4c(-c5ccc(OC)c(C(=O)Nc6c(F)cccc6F)c5)nc5ccccn45)n3)c(OC)c2)CC1,1000.0,1,1
CHEMBL3915202,COc1cc(N2CCN(C(C)C)CC2)ccc1Nc1nccc(-c2c(-c3ccc(OC)c(C(=O)Nc4c(F)cccc4F)c3)nc3ccccn23)n1,1000.0,1,1
CHEMBL3943489,CCOc1cc(N2CCC(CCS(C)(=O)=O)CC2)c(C)cc1Nc1nccc(-c2c(-c3cccc(C(=O)Nc4c(F)cccc4F)c3)nc3ccccn23)n1,1000.0,1,1
CHEMBL3934556,CCOc1cc(N2CCC(N3CCN(S(C)(=O)=O)CC3)CC2)ccc1Nc1nccc(-c2c(-c3cccc(C(=O)Nc4c(F)cccc4F)c3)nc3ccccn23)n1,1000.0,1,1
CHEMBL3969511,COc1cc(N2CCC(CCS(C)(=O)=O)CC2)c(C)cc1Nc1nccc(-c2c(-c3cccc(C(=O)Nc4c(F)cccc4F)c3)nc3ccccn23)n1,1000.0,1,1
CHEMBL3904450,COc1cc(N2CCN(S(C)(=O)=O)CC2)ccc1Nc1nccc(-c2c(-c3cccc(C(=O)Nc4c(F)cccc4F)c3)nc3ccccn23)n1,1000.0,1,1
CHEMBL3983201,COc1cc2c(Nc3ccc(Cl)c(Cl)c3)ncnc2cc1OCc1csc(-c2ccc(C(F)(F)F)cc2)n1,50.0,1,1
CHEMBL3963620,COc1cc2c(Nc3ccc(Cl)c(Cl)c3)ncnc2cc1OCc1csc(-c2ccc(Cl)cc2)n1,50.0,1,1
CHEMBL3929002,COc1cc2c(Nc3ccc(Cl)c(Cl)c3)ncnc2cc1OCc1csc2ccc(Cl)cc12,50.0,1,1
CHEMBL3951099,COc1cc2c(Nc3ccc(Cl)c(Cl)c3)ncnc2cc1OCc1nc(-c2ccc(C(C)(C)C)cc2)no1,50.0,1,1
CHEMBL3893128,COc1cc2c(Nc3ccc(Cl)c(Cl)c3)ncnc2cc1OCc1c(-c2c(Cl)cccc2Cl)noc1C,50.0,1,1
CHEMBL3961982,COc1cc2c(Nc3ccc(Cl)c(Cl)c3)ncnc2cc1OCc1cc(Br)cc(Br)c1,50.0,1,1
CHEMBL3948661,COc1cc2c(Nc3ccc(Cl)c(Cl)c3)ncnc2cc1OCc1ccc2nc(C(F)(F)F)cc(Cl)c2c1,50.0,1,1
CHEMBL3914599,CCCN1CCCOC(COc2cc3ncnc(Nc4ccc(Cl)c(Cl)c4)c3cc2OC)C1,50.0,1,1
CHEMBL3944702,COc1cc(Nc2ncnc3cc(OCC4CN(C)CCO4)c(OC)cc23)c(OC)cc1Cl,50.0,1,1
CHEMBL3676392,C=CC(=O)Nc1cc2c(Nc3ccc(Br)cc3F)ncnc2cc1OCCOCCOC(=O)CC(=O)O,956.0,1,2
CHEMBL3676391,C=CC(=O)Nc1cc2c(Nc3ccc(Br)cc3F)ncnc2cc1OCCOCCOC(=O)CC(=O)OCC,246.0,1,2
CHEMBL3676393,C=CC(=O)Nc1cc2c(Nc3ccc(Br)cc3F)ncnc2cc1OCC(C)NC(=O)CN(C)C,172.0,1,2
CHEMBL3676394,C=CC(=O)Nc1cc2c(Nc3ccc(Br)cc3F)ncnc2cc1OCC(NC(=O)CN(C)C)C(C)C,149.0,1,2
CHEMBL3655336,O=C(/C=C/CN1CCCOCC1)N1CCc2c(sc3ncnc(Nc4ccc(F)c(Cl)c4)c23)C1,1.0,1,2
CHEMBL3655337,O=C(/C=C/CN1C2CCC1CC2)N1CCc2c(sc3ncnc(Nc4ccc(F)c(Cl)c4)c23)C1,1.1,1,2
CHEMBL3655338,CC(C)(CN1CCOCC1)NC/C=C/C(=O)N1CCc2c(sc3ncnc(Nc4ccc(F)c(Cl)c4)c23)C1,1.0,1,2
CHEMBL3655339,O=C(/C=C/[C@@H]1CCCN1)N1CCc2c(sc3ncnc(Nc4ccc(F)c(Cl)c4)c23)C1,2.0,1,2
CHEMBL3655340,CN1CCC[C@H]1/C=C/C(=O)N1CCc2c(sc3ncnc(Nc4ccc(F)c(Cl)c4)c23)C1,1.0,1,2
CHEMBL3655341,COCCN(C/C=C/C(=O)N1CCc2c(sc3ncnc(Nc4ccc(F)c(Cl)c4)c23)C1)CCOC,1.0,1,2
CHEMBL3655342,CN(C)C(=O)N1CCN(C/C=C/C(=O)N2CCc3c(sc4ncnc(Nc5ccc(F)c(Cl)c5)c34)C2)CC1,1.0,1,2
CHEMBL3655343,CN(C)C/C=C/C(=O)N1Cc2sc3ncnc(Nc4ccc(F)c(Cl)c4)c3c2C1,12.0,1,2
CHEMBL3655344,CC(C)N(C)C/C=C/C(=O)N1Cc2sc3ncnc(Nc4ccc(Cl)c(Cl)c4)c3c2C1,1.4,1,2
CHEMBL3655345,CN(C)C/C=C/C(=O)N1Cc2sc3ncnc(Nc4ccc(OCc5cccc(F)c5)c(Cl)c4)c3c2C1,5.0,1,2
CHEMBL3655346,CN(C)C/C=C/C(=O)N1Cc2sc3ncnc(Nc4ccc(OCc5ccccn5)c(Cl)c4)c3c2C1,19.0,1,2
CHEMBL3655347,CC(C)N(C)C/C=C/C(=O)N1CCc2c(oc3ncnc(Nc4ccc(F)c(Cl)c4)c23)C1,1.0,1,2
CHEMBL3655348,CN(C)C/C=C/C(=O)N1CCc2c(sc3ncc(C#N)c(Nc4ccc(F)c(Cl)c4)c23)C1,10.0,1,2
CHEMBL3655349,O=C(/C=C/CNC12CC3CC(CC(C3)C1)C2)N1CCc2c(sc3ncnc(Nc4ccc(Cl)c(Cl)c4)c23)C1,1.0,1,2
CHEMBL3655350,CC(C)C(C)C/C=C/C(=O)N1CCc2c(sc3ncnc(Nc4cc(O)cc(Cl)c4)c23)C1,1.0,1,2
CHEMBL3655351,CN(C/C=C/C(=O)N1CCc2c(sc3ncnc(Nc4cc(O)c(Cl)c(Cl)c4)c23)C1)C(C)(C)C,1.0,1,2
CHEMBL3639542,CC(C)N(C)C/C=C/C(=O)N1CCc2sc3ncnc(Nc4ccc(Cl)c(Cl)c4)c3c2C1,9.2,1,2
CHEMBL3655352,O=C(/C=C/CN1CCCOCC1)N1CCCc2c(sc3ncnc(Nc4ccc(Cl)c(Cl)c4)c23)C1,1.0,1,2
CHEMBL3655353,N#Cc1cnc2sc3c(c2c1Nc1ccc(Cl)c(Cl)c1)CCN(C(=O)/C=C/CN1CCCOCC1)C3,4.3,1,2
CHEMBL3655354,CC(C)N(C)C/C=C/C(=O)N1CCc2c(sc3ncc(C#N)c(Nc4ccc5c(cnn5Cc5cccc(F)c5)c4)c23)C1,6.4,1,2
CHEMBL3671475,C=CC(=O)Nc1cc2c(Nc3ccc(Br)cc3F)ncnc2cc1OCC1CCN(C(C)=O)CC1,3.0,1,2
CHEMBL3671476,C=CC(=O)Nc1cc2c(Nc3ccc(Br)cc3F)ncnc2cc1OCC1CCN(C(=O)C(F)(F)F)CC1,47.0,1,2
CHEMBL3671477,C=CC(=O)Nc1cc2c(Nc3ccc(Br)cc3F)ncnc2cc1OCC1CCN(C(=O)CS(C)(=O)=O)CC1,26.0,1,2
CHEMBL3671478,C=CC(=O)Nc1cc2c(Nc3ccc(Br)cc3F)ncnc2cc1OCC1CCN(C(N)=O)CC1,15.0,1,2
CHEMBL3671479,C=CC(=O)Nc1cc2c(Nc3ccc(Br)cc3F)ncnc2cc1OCC1CCN(C(=O)C=C)CC1,3.0,1,2
CHEMBL3671480,C=CC(=O)Nc1cc2c(Nc3ccc(Br)cc3F)ncnc2cc1OCc1ccncc1,56.0,1,2
CHEMBL3671481,C=CC(=O)Nc1cc2c(Nc3ccc(F)c(F)c3F)ncnc2cc1OCC1CCN(C(C)=O)CC1,26.0,1,2
CHEMBL3671482,C=CC(=O)Nc1cc2c(Nc3c(F)cc(Br)cc3F)ncnc2cc1OCC1CCN(C(C)=O)CC1,13.0,1,2
CHEMBL3671483,C=CC(=O)Nc1cc2c(Nc3ccc(Br)cc3F)ncnc2cc1OCC1CCN(C(=O)NCCC)CC1,36.0,1,2
CHEMBL3671484,C=CC(=O)Nc1cc2c(Nc3ccc(Br)cc3F)ncnc2cc1OCC1CCN(C(=O)CN(C)C)CC1,6.0,1,2
CHEMBL3671485,C=CC(=O)Nc1cc2c(Nc3ccc(Br)cc3F)ncnc2cc1OCC1CCN(C(=O)NC(C)(C)C)CC1,14.0,1,2
CHEMBL3671486,C=CC(=O)Nc1cc2c(Nc3ccc(Br)cc3F)ncnc2cc1OCCCNC(=O)CN(C)C,2.0,1,2
CHEMBL3671487,C=CC(=O)Nc1cc2c(Nc3ccc(Br)cc3F)ncnc2cc1OCCCNC(C)=O,4.0,1,2
CHEMBL3671488,C=CC(=O)Nc1cc2c(Nc3ccc(Br)cc3F)ncnc2cc1OCCCNC(=O)C(F)(F)F,59.0,1,2
CHEMBL3639703,C=CC(=O)Nc1cc2c(Nc3ccc(Br)cc3F)ncnc2cc1OCCCNC(=O)CS(C)(=O)=O,68.0,1,2
CHEMBL3671489,C=CC(=O)Nc1cc2c(Nc3ccc(Br)cc3F)ncnc2cc1OCCCNC(=O)NCC,11.0,1,2
CHEMBL3671490,C=CC(=O)Nc1cc2c(Nc3ccc(Br)cc3F)ncnc2cc1OCCCNC,3.0,1,2
CHEMBL3671491,C=CC(=O)Nc1cc2c(Nc3ccc(Br)cc3F)ncnc2cc1OCCNC(C)=O,2.0,1,2
CHEMBL3671492,C=CC(=O)Nc1cc2c(Nc3ccc(Br)cc3F)ncnc2cc1OCCN(C)C,9.0,1,2
CHEMBL3671493,C=CC(=O)Nc1cc2c(Nc3ccc(Br)cc3F)ncnc2cc1OCCCCNC(C)=O,10.0,1,2
CHEMBL3671494,C=CC(=O)Nc1cc2c(Nc3ccc(Br)cc3F)ncnc2cc1OCCNC(=O)C1CC1,8.0,1,2
CHEMBL3671495,C=CC(=O)Nc1cc2c(Nc3ccc(Br)cc3F)ncnc2cc1OCCNC(=O)C(F)F,5.0,1,2
CHEMBL3671496,C=CC(=O)Nc1cc2c(Nc3ccc(Br)cc3F)ncnc2cc1OCCNC(=O)NCC,2.0,1,2
CHEMBL3671497,C=CC(=O)Nc1cc2c(Nc3ccc(Br)cc3F)ncnc2cc1OCCNC(N)=O,4.0,1,2
CHEMBL3671498,C=CC(=O)Nc1cc2c(Nc3ccc(Br)cc3F)ncnc2cc1OCCNC(=O)CN(C)C,2.0,1,2
CHEMBL3671499,C=CC(=O)NCCOc1cc2ncnc(Nc3ccc(Br)cc3F)c2cc1NC(=O)C=C,5.0,1,2
CHEMBL3671500,C=CC(=O)Nc1cc2c(Nc3ccc(Br)cc3F)ncnc2cc1OCCNCC(C)=O,3.0,1,2
CHEMBL3671501,C=CC(=O)Nc1cc2c(Nc3ccc(Br)cc3F)ncnc2cc1OCCNC(=O)C(F)(F)F,23.0,1,2
CHEMBL3671502,C=CC(=O)Nc1cc2c(Nc3ccc(Br)cc3F)ncnc2cc1OCCN,4.0,1,2
CHEMBL3671503,C=CC(=O)Nc1cc2c(Nc3ccc(Br)cc3F)ncnc2cc1OCCNC,96.0,1,2
CHEMBL3671504,C=CCCOc1cc2ncnc(Nc3ccc(Br)cc3F)c2cc1NC(=O)C=C,90.0,1,2
CHEMBL3671505,C=CC(=O)Nc1cc2c(Nc3ccc(Br)cc3F)ncnc2cc1OCCOC,25.0,1,2
CHEMBL3671506,C=CC(=O)Nc1cc2c(Nc3ccc(Br)cc3F)ncnc2cc1OCCNS(C)(=O)=O,25.0,1,2
CHEMBL3671507,C=CC(=O)Nc1cc2c(Nc3ccc(Br)cc3F)ncnc2cc1OCCNC(=O)NCCC,26.0,1,2
CHEMBL3671508,C=CC(=O)Nc1cc2c(Nc3ccc(Br)cc3F)ncnc2cc1OCCNC(=S)NC,98.0,1,2
CHEMBL3671509,C=CC(=O)Nc1cc2c(Nc3ccc(Br)cc3F)ncnc2cc1OCCNC(=S)NCC,91.0,1,2
CHEMBL3671510,C=CC(=O)Nc1cc2c(Nc3ccc(Br)cc3F)ncnc2cc1OCCNC(=O)NC(C)C,36.0,1,2
CHEMBL3671511,C=CC(=O)Nc1cc2c(Nc3ccc(Br)cc3F)ncnc2cc1OCCNC(=O)NC(C)CC,20.0,1,2
CHEMBL3671512,C=CNC(=O)NCCOc1cc2ncnc(Nc3ccc(Br)cc3F)c2cc1NC(=O)C=C,29.0,1,2
CHEMBL3671513,C=CCNC(=O)NCCOc1cc2ncnc(Nc3ccc(Br)cc3F)c2cc1NC(=O)C=C,19.0,1,2
CHEMBL3671514,C=CC(=O)Nc1cc2c(Nc3ccc(Br)c(Cl)c3F)ncnc2cc1OCCNC(=O)N1CCOCC1,35.0,1,2
CHEMBL3671515,C=CC(=O)Nc1cc2c(Nc3ccc(Br)cc3F)ncnc2cc1OCCN(C)C(C)=O,59.0,1,2
CHEMBL3671516,C=CC(=O)Nc1cc2c(Nc3ccc(Br)cc3F)ncnc2cc1SCCNC(C)=O,109.0,1,2
CHEMBL3671517,C=CC(=O)Nc1cc2c(Nc3ccc(Br)cc3F)ncnc2cc1OCCNC(=O)COC,14.0,1,2
CHEMBL3671518,C=CC(=O)Nc1cc2c(Nc3ccc(Br)cc3F)ncnc2cc1OCCNC(=O)CO,32.0,1,2
CHEMBL3671519,C=CC(=O)Nc1cc2c(Nc3ccc(Br)cc3F)ncnc2cc1OCCNC(=O)CSC,39.0,1,2
CHEMBL3671520,C=CC(=O)Nc1cc2c(Nc3ccc(Br)cc3F)ncnc2cc1OCCNC(=O)CS(C)(=O)=O,24.0,1,2
CHEMBL3671521,C=CC(=O)Nc1cc2c(Nc3ccc(Br)cc3F)ncnc2cc1OCCNC(=O)C(C)C,128.0,1,2
CHEMBL3671522,C=CC(=O)Nc1cc2c(Nc3ccc(Br)cc3F)ncnc2cc1OCCNC(=O)C(=C)C,69.0,1,2
CHEMBL5753909,C=CC(=O)Nc1cc2c(Nc3ccc(Br)cc3F)ncnc2cc1OCCNC(=O)C=CC,19.0,1,2
CHEMBL3671524,C=CC(=O)Nc1cc2c(Nc3ccc(Br)cc3F)ncnc2cc1OCCNC(=O)CCC,32.0,1,2
CHEMBL5985870,C=CC(=O)Nc1cc2c(Nc3ccc(Br)cc3F)ncnc2cc1OCCNC(=O)C=CCC,36.0,1,2
CHEMBL6028594,C=CC(=O)Nc1cc2c(Nc3ccc(Br)cc3F)ncnc2cc1OCCNC(=O)C=CCN(C)C,16.0,1,2
CHEMBL3671527,C=CC(=O)Nc1cc2c(Nc3ccc(Br)c(Cl)c3F)ncnc2cc1OCCNC(=O)NC(C)(C)C,45.0,1,2
CHEMBL3676390,C=CC(=O)Nc1cc2c(Nc3ccc(Br)cc3F)ncnc2cc1OCCNC(=O)CC,589.0,1,2
CHEMBL3671528,C=CC(=O)Nc1cc2c(Nc3ccc(Br)cc3F)ncnc2cc1OCCNC(=O)CN(C)CC,198.0,1,2
CHEMBL3671529,C=CC(=O)Nc1cc2c(Nc3ccc(Br)cc3F)ncnc2cc1OCCNC(=O)CN,89.0,1,2
CHEMBL3671530,C=CC(=O)Nc1cc2c(Nc3ccc(Br)cc3F)ncnc2cc1OCCNC(=O)C(C)N(C)C,125.0,1,2
CHEMBL3671531,C=CC(=O)Nc1cc2c(Nc3ccc(Br)cc3F)ncnc2cc1OCCNC(=O)CCN(CC)CC,44.0,1,2
CHEMBL3671532,C=CC(=O)Nc1cc2c(Nc3ccc(Br)cc3F)ncnc2cc1OCCNC(=O)CNC,136.0,1,2
CHEMBL3671533,C=CC(=O)Nc1cc2c(Nc3ccc(Br)cc3F)ncnc2cc1OCCNC(=O)CCN(C)C,9.0,1,2
CHEMBL3671534,C=CC(=O)Nc1cc2c(Nc3ccc(Br)cc3F)ncnc2cc1OCCNC(=O)CCN,258.0,1,2
CHEMBL3671535,C=CC(=O)Nc1cc2c(Nc3ccc(Br)cc3F)ncnc2cc1OCCNC(=O)OC,158.0,1,2
CHEMBL3671536,C=CC(=O)Nc1cc2c(Nc3ccc(Br)cc3F)ncnc2cc1OCCNC(=O)CCOC,70.0,1,2
CHEMBL3671537,C=CC(=O)Nc1cc2c(Nc3ccc(Br)cc3F)ncnc2cc1OCC(=O)NCCN(CC)CC,652.0,1,2
CHEMBL3671538,C=CC(=O)Nc1cc2c(Nc3ccc(Br)cc3F)ncnc2cc1OCCNC(=O)CCCN(C)C,21.0,1,2
CHEMBL3671539,C=CC(=O)Nc1cc2c(Nc3ccc(Br)cc3F)ncnc2cc1OCCNC(=O)CCO,89.0,1,2
CHEMBL3671540,C=CC(=O)Nc1cc2c(Nc3ccc(F)cc3F)ncnc2cc1OCCNC(=O)CN(C)C,156.0,1,2
CHEMBL3671541,C=CC(=O)Nc1cc2c(Nc3ccc(Br)cc3F)ncnc2cc1OCCNC(=O)C(=O)OCC,98.0,1,2
CHEMBL3671542,C=CC(=O)Nc1cc2c(Nc3ccc(Br)cc3F)ncnc2cc1OCCNC(=O)C(=O)O,102.0,1,2
CHEMBL5750518,C=CC(=O)Nc1cc2c(Nc3ccc(Br)cc3F)ncnc2cc1OCCNC(=O)C=NOC,256.0,1,2
CHEMBL3671544,C=CC(=O)Nc1cc2c(Nc3ccc(Br)cc3F)ncnc2cc1OCCNC(=O)C(C)CN(C)C,251.0,1,2
CHEMBL3671545,C=CC(=O)Nc1cc2c(Nc3ccc(Br)cc3F)ncnc2cc1OCCNC(=O)CC(C)N(C)C,325.0,1,2
CHEMBL3671546,C=C(C)C(=O)Nc1cc2c(Nc3ccc(Br)cc3F)ncnc2cc1OCCNC(C)=O,1020.0,0,2
CHEMBL3671547,CCC(=O)Nc1cc2c(Nc3ccc(Br)cc3F)ncnc2cc1OCCNC(C)=O,866.0,1,2
CHEMBL3671548,C=CC(=O)N(C)c1cc2c(Nc3ccc(Br)cc3F)ncnc2cc1OCCNC(C)=O,389.0,1,2
CHEMBL3671549,C=CC(=O)Nc1cc2c(Nc3ccc(Br)c(F)c3)ncnc2cc1OCCNC(=O)CN(C)C,78.0,1,2
CHEMBL3671550,C=CC(=O)Nc1cc2c(Nc3ccc(Br)cc3F)ncnc2cc1OC(C)CNC(C)=O,36.0,1,2
CHEMBL3671551,C=CC(=O)Nc1cc2c(Nc3ccc(Br)cc3F)ncnc2cc1OCC(C)NC(C)=O,154.0,1,2
CHEMBL3671552,C=CC(=O)Nc1cc2c(Nc3ccc(Br)cc3F)ncnc2cc1OC[C@@H](C)NC(C)=O,29.0,1,2
CHEMBL3671553,C=CC(=O)Nc1cc2c(Nc3ccc(Br)cc3F)ncnc2cc1OC[C@H](C)NC(C)=O,98.0,1,2
CHEMBL3671554,C=CC(=O)Nc1cc2c(Nc3ccc(Br)cc3F)ncnc2cc1OCCCNCC(C)=O,26.0,1,2
CHEMBL3671555,C=CC(=O)Nc1cc2c(Nc3ccc(Br)cc3F)ncnc2cc1OCC(C)NC(=O)NCCC,29.0,1,2
CHEMBL3671556,C=CC(=O)Nc1cc2c(Nc3ccc(Br)cc3F)ncnc2cc1OCC(CC)NC(C)=O,69.0,1,2
CHEMBL3671557,C=CC(=O)Nc1cc2c(Nc3ccc(Br)cc3F)ncnc2cc1OCCCNCCC=O,40.0,1,2
CHEMBL3671558,C=CC(=O)Nc1cc2c(Nc3ccc(Br)cc3F)ncnc2cc1OC1CCN(C(C)=O)C1,94.0,1,2
CHEMBL3671559,C=CC(=O)Nc1cc2c(Nc3ccc(Br)cc3F)ncnc2cc1OC1CCCN(C(C)=O)C1,128.0,1,2
CHEMBL3671560,C=CC(=O)Nc1cc2c(Nc3ccc(Br)cc3F)ncnc2cc1OCCNc1nccs1,295.0,1,2
CHEMBL3671561,C=CC(=O)Nc1cc2c(Nc3ccc(Br)cc3F)ncnc2cc1OCC1CNC(=O)O1,17.0,1,2
CHEMBL3671562,C=CC(=O)Nc1cc2c(Nc3ccc(Br)cc3F)ncnc2cc1OCCNC(=O)c1cccs1,47.0,1,2
CHEMBL3671563,C=CC(=O)Nc1cc2c(Nc3ccc(Br)cc3F)ncnc2cc1OCCNC(=O)N1CCOCC1,36.0,1,2
CHEMBL3671564,C=CC(=O)Nc1cc2c(Nc3ccc(Br)cc3F)ncnc2cc1OCCNC(=O)N1CCNCC1,698.0,1,2
CHEMBL3671565,C=CC(=O)Nc1cc2c(Nc3ccc(Br)cc3F)ncnc2cc1OCCNC(=O)N1CCN(C(C)=O)CC1,76.0,1,2
CHEMBL3671566,C=CC(=O)Nc1cc2c(Nc3ccc(Br)cc3F)ncnc2cc1OCCNC(=O)N1CCN(C)CC1,13.0,1,2
CHEMBL3671567,C=CC(=O)Nc1cc2c(Nc3ccc(Br)cc3F)ncnc2cc1OCCNC(=O)C1CCCN1,1954.0,0,2
CHEMBL3671568,C=CC(=O)Nc1cc2c(Nc3ccc(Br)cc3F)ncnc2cc1OCCNC(=O)C1CCCN1C,46.5,1,4
CHEMBL3671569,C=CC(=O)Nc1cc2c(Nc3ccc(Br)cc3F)ncnc2cc1OCCNC(=O)c1ccc[nH]1,368.0,1,2
CHEMBL3671570,C=CC(=O)Nc1cc2c(Nc3ccc(Br)cc3F)ncnc2cc1OCCNC(=O)CN1CCCCC1,7.0,1,2
CHEMBL3671571,C=CC(=O)Nc1cc2c(Nc3ccc(Br)cc3F)ncnc2cc1OCCNC(=O)CN1CCN(C)CC1,12.0,1,2
CHEMBL3671572,C=CC(=O)Nc1cc2c(Nc3ccc(Br)cc3F)ncnc2cc1OCCNC(=O)CN1CCOCC1,32.0,1,2
CHEMBL3671573,C=CC(=O)Nc1cc2c(Nc3ccc(Br)cc3F)ncnc2cc1OCCNC(=O)CCN1CCCCC1,14.0,1,2
CHEMBL3671574,C=CC(=O)Nc1cc2c(Nc3ccc(Br)cc3F)ncnc2cc1OCCNC(=O)C1CCCN1C(C)=O,25.0,1,2
CHEMBL3671575,C=CC(=O)Nc1cc2c(Nc3ccc(Br)cc3F)ncnc2cc1OCCNC(=O)C1CCCN1C(=O)CC,196.0,1,2
CHEMBL3671576,C=CC(=O)Nc1cc2c(Nc3ccc(Br)cc3F)ncnc2cc1OCCNC(=O)CN1CCCC1,45.0,1,2
CHEMBL3671577,C=CC(=O)Nc1cc2c(Nc3ccc(Br)cc3F)ncnc2cc1OCCNC(=O)CN1CC=CC1,32.0,1,2
CHEMBL3671578,C=CC(=O)Nc1cc2c(Nc3ccc(Br)cc3F)ncnc2cc1OCC1=NCCO1,125.0,1,2
CHEMBL3671579,C=CC(=O)Nc1cc2c(Nc3ccc(Br)cc3F)ncnc2cc1OCCNC(=O)CN1CCC1,987.0,1,2
CHEMBL3671580,C=CC(=O)Nc1cc2c(Nc3ccc(F)c(Cl)c3)ncnc2cc1OCCNC(C)=O,12.0,1,2
CHEMBL3671581,C=CC(=O)Nc1cc2c(Nc3ccc(Cl)cc3F)ncnc2cc1OCCNC(C)=O,18.0,1,2
CHEMBL3671582,C=CC(=O)Nc1cc2c(Nc3ccc(Cl)cc3Cl)ncnc2cc1OCCNC(C)=O,49.0,1,2
CHEMBL3671583,C=CC(=O)Nc1cc2c(Nc3ccc(Br)cc3C(F)(F)F)ncnc2cc1OCCNC(C)=O,456.0,1,2
CHEMBL3671584,C=CC(=O)Nc1cc2c(Nc3ccc(Br)cc3Cl)ncnc2cc1OCCNC(C)=O,42.0,1,2
CHEMBL3671585,C=CC(=O)Nc1cc2c(Nc3ccc(Cl)cc3F)ncnc2cc1OCCNC(=O)CN(C)C,419.0,1,2
CHEMBL3676338,C=CC(=O)Nc1cc2c(Nc3cccc(Cl)c3F)ncnc2cc1OCCNC(=O)CN(C)C,924.0,1,2
CHEMBL3676339,C=CC(=O)Nc1cc2c(Nc3ccc(F)c(F)c3F)ncnc2cc1OCCNC(C)=O,14.0,1,2
CHEMBL3639752,C=CC(=O)Nc1cc2c(Nc3cc(F)c(Br)cc3F)ncnc2cc1OCCNC(C)=O,12.0,1,2
CHEMBL3676340,C=CC(=O)Nc1cc2c(Nc3c(F)cc(Br)cc3F)ncnc2cc1OCCNC(C)=O,22.0,1,2
CHEMBL3676341,C=CC(=O)Nc1cc2c(Nc3cc(Cl)c(Cl)cc3F)ncnc2cc1OCCNC(C)=O,5.0,1,2
CHEMBL3676342,C=CC(=O)Nc1cc2c(Nc3cc(Cl)c(Cl)cc3Cl)ncnc2cc1OCCNC(C)=O,876.0,1,2
CHEMBL3676343,C=CC(=O)Nc1cc2c(Nc3c(F)cc(Br)cc3F)ncnc2cc1OCCNC(=O)CN(C)C,175.0,1,2
CHEMBL3676344,C=CC(=O)Nc1cc2c(Nc3ccc(Br)c(F)c3F)ncnc2cc1OCCNC(=O)CN(C)C,18.0,1,2
CHEMBL3676345,C=CC(=O)Nc1cc2c(Nc3ccc(Br)c(F)c3F)ncnc2cc1OCCNC(=O)CCN(CC)CC,19.0,1,2
CHEMBL3676346,C=CC(=O)Nc1cc2c(Nc3ccc(Br)c(F)c3F)ncnc2cc1OCCNC(=O)CCN1CCCCC1,894.0,1,2
CHEMBL3676347,C=CC(=O)Nc1cc2c(Nc3ccc(Br)c(F)c3F)ncnc2cc1OCCNC(=O)CCCN(C)C,568.0,1,2
CHEMBL3676348,C=CC(=O)Nc1cc2c(Nc3ccc(Cl)nc3)ncnc2cc1OCCNC(C)=O,65.0,1,2
CHEMBL3676349,C=CC(=O)Nc1cc2c(Nc3cc(OC)c(Cl)cc3F)ncnc2cc1OCCNC(C)=O,80.0,1,2
CHEMBL3676350,C=CC(=O)Nc1cc2c(Nc3ccc(OCc4cccnc4)c(Cl)c3)ncnc2cc1OCCNC(C)=O,796.0,1,2
CHEMBL3676351,C=CC(=O)Nc1cc2c(Nc3cc(C(=O)NOC)c(Br)cc3F)ncnc2cc1OCCNC(C)=O,10000.0,0,2
CHEMBL3676352,C=CC(=O)Nc1cc2c(Nc3cc(OC)c(Cl)cc3Cl)ncnc2cc1OCCNC(C)=O,42.0,1,2
CHEMBL3676353,C=CC(=O)Nc1cc2c(Nc3cc(Cl)c(Br)cc3F)ncnc2cc1OCCNC(C)=O,15.0,1,2
CHEMBL3676354,C=CC(=O)Nc1cc2c(Nc3cc(Cl)c(Br)cc3F)ncnc2cc1OCCNCC(C)=O,13.0,1,2
CHEMBL3676355,C=CC(=O)Nc1cc2c(Nc3cc(Cl)c(Br)cc3F)ncnc2cc1OCCNC(=O)CN(C)C,9.0,1,2
CHEMBL3676356,C=CC(=O)Nc1cc2c(Nc3cc(Cl)c(Cl)cc3F)ncnc2cc1OCCN(C)C,321.0,1,2
CHEMBL3676357,C=CC(=O)Nc1cc2c(Nc3cc(Cl)c(Cl)cc3F)ncnc2cc1OCCNCC(C)=O,4.0,1,2
CHEMBL3676358,C=CC(=O)Nc1cc2c(Nc3cc(Cl)c(Cl)cc3F)ncnc2cc1OCCNC(=O)COC,20.0,1,2
CHEMBL3676359,C=CC(=O)Nc1cc2c(Nc3cc(Cl)c(Cl)cc3F)ncnc2cc1OCCNC(=O)CS(C)(=O)=O,40.0,1,2
CHEMBL3676360,C=CC(=O)Nc1cc2c(Nc3cc(Cl)c(Cl)cc3F)ncnc2cc1OCCNC(=O)CN(C)C,9.0,1,2
CHEMBL3676361,C=CC(=O)Nc1cc2c(Nc3ccc(Br)c(Cl)c3F)ncnc2cc1OCCNC(C)=O,13.0,1,2
CHEMBL3676362,C=CC(=O)Nc1cc2c(Nc3ccc(Br)c(Cl)c3F)ncnc2cc1OCCNCC(C)=O,14.0,1,2
CHEMBL3676363,C=CC(=O)Nc1cc2c(Nc3ccc(Br)c(Cl)c3F)ncnc2cc1OCCNC(=O)CN(C)C,19.0,1,2
CHEMBL3676364,C=CC(=O)Nc1cc2c(Nc3ccc(Br)c(Cl)c3F)ncnc2cc1OCCNC(=O)CCN(CC)CC,7.0,1,2
CHEMBL3676365,C=CC(=O)Nc1cc2c(Nc3ccc(Br)c(Cl)c3F)ncnc2cc1OCCNC(=O)CCO,41.0,1,2
CHEMBL3676366,C=CC(=O)Nc1cc2c(Nc3ccc(Br)c(Cl)c3F)ncnc2cc1OCCNC(=O)COC,213.0,1,2
CHEMBL3676367,C=CC(=O)Nc1cc2c(Nc3ccc(Br)c(Cl)c3F)ncnc2cc1OCCNC(=O)CCN1CCCCC1,12.0,1,2
CHEMBL3676368,C=CC(=O)Nc1cc2c(Nc3ccc(Br)c(Cl)c3F)ncnc2cc1OCCNC(=O)CCCN(C)C,28.0,1,2
CHEMBL3676369,C=CC(=O)Nc1cc2c(Nc3ccc(Br)c(Cl)c3F)ncnc2cc1OCCNC(=O)CO,16.0,1,2
CHEMBL3676370,C=CC(=O)Nc1cc2c(Nc3ccc(Br)c(Cl)c3F)ncnc2cc1OCCNC(=O)CCOC,21.0,1,2
CHEMBL3676371,C=CC(=O)Nc1cc2c(Nc3ccc(Br)c(Cl)c3F)ncnc2cc1OCCNC(=O)CN(CC)CC,58.0,1,2
CHEMBL3676372,C=CC(=O)Nc1cc2c(Nc3ccc(Br)c(Cl)c3)ncnc2cc1OCCNC(=O)CN(C)C,75.0,1,2
CHEMBL3676373,C=CC(=O)Nc1cc2c(Nc3ccc(Br)cc3F)ncnc2cc1OCC(C)(C)NC(=O)CN(C)C,222.0,1,2
CHEMBL3676374,C=CC(=O)Nc1cc2c(Nc3ccc(Br)cc3F)ncnc2cc1OCC(C)NC(=O)CCN(CC)CC,24.0,1,2
CHEMBL3676375,C=CC(=O)Nc1cc2c(Nc3ccc(Br)c(Cl)c3F)ncnc2cc1OCC(C)NC(=O)CN(C)C,88.0,1,2
CHEMBL3676376,C=CC(=O)Nc1cc2c(Nc3ccc(Br)c(Cl)c3F)ncnc2cc1OC[C@H](C)NC(=O)CN(C)C,17.55,1,4
CHEMBL3676377,C=CC(=O)Nc1cc2c(Nc3ccc(Br)c(Cl)c3F)ncnc2cc1OC[C@@H](C)NC(=O)CN(C)C,150.0,1,4
CHEMBL3676378,C=CC(=O)Nc1cc2c(Nc3ccc(Br)cc3F)ncnc2cc1OCC(CC)NC(=O)CN(C)C,23.0,1,2
CHEMBL3676379,C=CC(=O)Nc1cc2c(Nc3ccc(Br)cc3F)ncnc2cc1OCCNC(=O)C(COC)N(C)C,57.0,1,2
CHEMBL3676380,C=CC(=O)Nc1cc2c(Nc3ccc(Br)cc3F)ncnc2cc1OCCNC(=O)C(CO)N(C)C,126.0,1,2
CHEMBL3676381,C=CC(=O)Nc1cc2c(Nc3ccc(Br)c(Cl)c3F)ncnc2cc1OCCNC(=O)OC,98.0,1,2
CHEMBL3676382,C=CC(=O)Nc1cc2c(Nc3cc(OC)c(Cl)cc3OC)ncnc2cc1OCCNC(=O)CN(C)C,14.0,1,2
CHEMBL3676383,C=CC(=O)Nc1cc2c(Nc3ccc(Br)cc3F)ncnc2cc1OCCNC(=O)CN(CC)CC,26.0,1,2
CHEMBL3676384,C=CC(=O)Nc1cc2c(Nc3ccc(Br)c(Cl)c3F)ncnc2cc1OCCNC(=O)NCC,8.0,1,2
CHEMBL3676385,C=CC(=O)Nc1cc2c(Nc3ccc(Br)c(Cl)c3F)ncnc2cc1OCCNC(=O)NCCC,26.0,1,2
CHEMBL3676386,C=CC(=O)Nc1cc2c(Nc3ccc(Br)c(Cl)c3F)ncnc2cc1OCCNC(=S)NCC,68.0,1,2
CHEMBL3676387,C=CC(=O)Nc1cc2c(Nc3ccc(Br)cc3F)ncnc2cc1OCC1CCN(C(=O)NCC)CC1,20.0,1,2
CHEMBL3676388,C=CC(=O)Nc1cc2c(Nc3cc(OC)c(Cl)cc3OC)ncnc2cc1OCCNC(C)=O,87.0,1,2
CHEMBL3676389,C=CC(=O)Nc1cc2c(Nc3ccc(Br)cc3F)ncnc2cc1OCCNC(=O)C(C)N,18.0,1,2
CHEMBL3647417,CCOc1cc2ncc(C#N)c(Nc3ccc(OCc4ccccn4)c(Cl)c3)c2cc1NC(=O)/C=C/[C@@H]1CCCN1C,48.0,1,4
CHEMBL3647418,CCOc1cc2ncc(C#N)c(Nc3ccc(OCc4ccccn4)c(Cl)c3)c2cc1NC(=O)/C=C/[C@@H]1CCCN1,6.0,1,4
CHEMBL3647419,CCOc1cc2ncc(C#N)c(Nc3ccc(OCc4ccccn4)c(Cl)c3)c2cc1NC(=O)/C=C/[C@@H]1C[C@@H](O)CN1C,59.0,1,4
CHEMBL3647420,CCOc1cc2ncc(C#N)c(Nc3ccc(OCc4ccccn4)c(Cl)c3)c2cc1NC(=O)/C=C/[C@H]1CCCN1C,13.0,1,8
CHEMBL3647421,CCOc1cc2ncnc(Nc3ccc(F)c(Cl)c3)c2cc1NC(=O)/C=C/[C@@H]1CCCN1C,4.0,1,3
CHEMBL3647422,COCCOc1cc2ncnc(Nc3ccc(F)c(Cl)c3)c2cc1NC(=O)/C=C/[C@H]1CCCN1C,2.0,1,3
CHEMBL3647423,CCOc1cc2ncnc(Nc3ccc(F)c(Cl)c3)c2cc1NC(=O)/C=C/[C@H]1CCCN1C,2.0,1,4
CHEMBL3040566,NS(=O)(=O)CCNCc1ccc(-c2ccc3ncnc(Nc4ccc(OCc5cccc(F)c5)c(Cl)c4)c3c2)o1,2.71,1,2
CHEMBL3040548,C[S+]([O-])CCNCc1ccc(-c2ccc3ncnc(Nc4ccc(OCc5cccc(F)c5)c(Cl)c4)c3c2)o1,52.67,1,2
CHEMBL3040455,CSCCNCc1ccc(-c2ccc3ncnc(Nc4ccc(OCc5cccc(F)c5)c(Cl)c4)c3c2)o1,56.24,1,2
CHEMBL3040597,CS(=O)(=O)NCCNCc1ccc(-c2ccc3ncnc(Nc4ccc(OCc5cccc(F)c5)c(Cl)c4)c3c2)o1,15.54,1,2
CHEMBL3040543,O=S(=O)(CCNCc1ccc(-c2ccc3ncnc(Nc4ccc(OCc5cccc(F)c5)c(Cl)c4)c3c2)o1)CC(F)(F)F,14.61,1,2
CHEMBL3666714,O=S(=O)(NCc1ccc(-c2ccc3ncnc(Nc4ccc(OCc5cccc(F)c5)c(Cl)c4)c3c2)o1)C(F)(F)F,32.4,1,2
CHEMBL3663921,C=CC(=O)Nc1cccc(Oc2nc(Nc3ccc(N4CCN(C)CC4)cc3)c(C(N)=O)nc2CC)c1,1.75,1,2
CHEMBL3663922,CCc1nc(C(N)=O)c(Nc2ccc(N3CCN(C)CC3)cc2)nc1Oc1cccc(NC(=O)/C=C/CN(C)C)c1,9.2,1,2
CHEMBL3663923,C=CC(=O)Nc1cccc(Oc2nc(Nc3ccc(N4CCN(C)CC4)cc3)c(C(N)=O)nc2CC)c1C,1.15,1,2
CHEMBL3663924,C=CC(=O)Nc1cccc(Oc2nc(Nc3ccc(N4CCN(C)CC4)cc3)c(C(N)=O)nc2C(C)C)c1,1.7,1,2
CHEMBL3663925,C=CC(=O)N1CCC(c2nc(Nc3ccc(N4CCC(N5CCN(C)CC5)CC4)c(C)c3)c(C(N)=O)nc2CC)CC1,1.6,1,2
CHEMBL3663926,C=CC(=O)Nc1cccc(Oc2cnc(C(N)=O)c(Nc3ccc(N4CCN(C)CC4)cc3)n2)c1,1.01,1,2
CHEMBL3663927,C=CC(=O)Nc1cccc(Oc2nc(Nc3ccc(OC)c(N4CCN(C)CC4)c3)c(C(N)=O)nc2CC)c1,1.2999999999999998,1,2
CHEMBL3663928,C=CC(=O)Nc1cccc(Oc2nc(Nc3ccc(N4CCN(CC)CC4)cc3)c(C(N)=O)nc2CC)c1,1.03,1,2
CHEMBL3663930,C=CC(=O)Nc1cccc(Oc2nc(Nc3cnn(C4CCN(C)CC4)c3)c(C(N)=O)nc2C(C)C)c1,1.65,1,2
CHEMBL3663931,C=CC(=O)Nc1cccc(Oc2nc(Nc3ccc(N4CCN(C)[C@@H](C)C4)cc3)c(C(N)=O)nc2CC)c1,1.5,1,2
CHEMBL3663932,C=CC(=O)Nc1cccc(Oc2nc(Nc3ccc(N4CCN(C)[C@H](C)C4)cc3)c(C(N)=O)nc2CC)c1,1.13,1,2
CHEMBL3663933,C=CC(=O)N1CCC(c2nc(Nc3ccc(N4CCC(N5CCN(C)CC5)CC4)cc3)c(C(N)=O)nc2CC)CC1,2.65,1,2
CHEMBL3663934,CCC(=O)N1CC[C@@H](Oc2nc(Nc3ccc(N4CCN(C)CC4)cc3)c(C(N)=O)nc2CC)C1,3.4,1,2
CHEMBL3663935,C=CC(=O)N1CCC[C@@H](Oc2nc(Nc3ccc(N4CCC(N5CCN(C)CC5)CC4)cc3)c(C(N)=O)nc2CC)C1,1.3,1,1
CHEMBL3663936,C=CC(=O)N1CCC[C@@H](Oc2nc(Nc3ccc(N4CCC(N5CCN(C)CC5)CC4)c(C)c3)c(C(N)=O)nc2CC)C1,1.2,1,1
CHEMBL3663937,C=CC(=O)Nc1ccc(F)c(Oc2nc(Nc3ccc(N4CCN(C)CC4)cc3)c(C(N)=O)nc2CC)c1,1.5,1,1
CHEMBL3647967,C=CC(=O)N[C@H]1CC[C@@H](n2nc(-c3ccc(Oc4ccccc4)cc3)c3c(N)ncnc32)CC1,20.6,1,4
CHEMBL3647970,CN(C)C/C=C/C(=O)N1CCC[C@@H](n2nc(-c3ccc(Oc4ccccc4)cc3)c3c(N)ncnc32)C1,48.8,1,2
CHEMBL3931858,CN(C/C=C/C(=O)N1CCCC(n2nc(-c3ccc(Oc4ccccc4)cc3)c3c(N)ncnc32)C1)CCO,74.5,1,2
CHEMBL3926657,Nc1ncnc2c1c(-c1ccc(Oc3ccccc3)cc1)nn2C1CCCN(C(=O)/C=C/c2c[nH]cn2)C1,487.6,1,2
CHEMBL3902180,Nc1ncnc2c1c(-c1ccc(Oc3ccccc3)cc1)nn2C1CCCN(C(=O)/C=C/CN2CCOCC2)C1,326.0,1,2
CHEMBL3647973,C=CC(=O)N1CCC(n2nc(-c3ccc(Oc4ccccc4)cc3)c3c(N)ncnc32)CC1,60.9,1,2
CHEMBL3917698,CN(C)C/C=C/C(=O)N1CCC(n2nc(-c3ccc(Oc4ccccc4)cc3)c3c(N)ncnc32)CC1,268.7,1,2
CHEMBL3889694,CN(C)C/C=C/C(=O)N[C@H]1CC[C@@H](n2nc(-c3ccc(Oc4ccccc4)cc3)c3c(N)ncnc32)CC1,83.4,1,2
CHEMBL3912266,C=CC(=O)N[C@H]1CC[C@H](n2nc(-c3ccc(Oc4ccccc4)cc3)c3c(N)ncnc32)CC1,44.5,1,2
CHEMBL3903870,CN(C)C/C=C/C(=O)N1CCCC1Cn1nc(-c2ccc(Oc3ccccc3)cc2)c2c(N)ncnc21,18.85,1,1
CHEMBL3903249,CN(C)C/C=C/C(=O)N1CCC[C@H]1Cn1nc(-c2ccc(Oc3ccccc3)cc2)c2c(N)ncnc21,698.3,1,2
CHEMBL4109796,C=CC(=O)N1CCC[C@@H]1Cn1nc(-c2ccc(Oc3ccccc3)cc2)c2c(N)ncnc21,18.75,1,2
CHEMBL3910496,C=CC(=O)N1CCC[C@H]1Cn1nc(-c2ccc(Oc3ccccc3)cc2)c2c(N)ncnc21,2.298,1,2
CHEMBL4107879,CC#CC(=O)N1CCC[C@@H]1Cn1nc(-c2ccc(Oc3ccccc3)cc2)c2c(N)ncnc21,289.4,1,2
CHEMBL3905432,CC#CC(=O)N1CCC[C@H]1Cn1nc(-c2ccc(Oc3ccccc3)cc2)c2c(N)ncnc21,2807.0,0,2
CHEMBL4106607,CC#CC(=O)N1CCC[C@@H](n2nc(-c3ccc(Oc4ccccc4)cc3)c3c(N)ncnc32)C1,435.3,1,2
CHEMBL3893004,CN(C)C/C=C/C(=O)N[C@H]1CC[C@H](n2nc(-c3ccc(Oc4ccccc4)cc3)c3c(N)ncnc32)CC1,22.53,1,1
CHEMBL3921017,C=CC(=O)N(C)CCn1nc(-c2ccc(Oc3ccccc3)cc2)c2c(N)ncnc21,28.22,1,2
CHEMBL3982014,Nc1ncnc2c1c(-c1ccc(Oc3ccccc3)cc1)nn2C1CCN(C(=O)/C=C/CN2CCOCC2)CC1,303.6,1,2
CHEMBL3915538,Nc1ncnc2c1c(-c1ccc(Oc3ccccc3)cc1)nn2C[C@@H]1CCCN1C(=O)/C=C/CN1CCOCC1,6238.0,0,2
CHEMBL3921655,CC#CC(=O)N[C@H]1CC[C@@H](n2nc(-c3ccc(Oc4ccccc4)cc3)c3c(N)ncnc32)CC1,156.3,1,2
CHEMBL3894938,C=CC(=O)NCCn1nc(-c2ccc(Oc3ccccc3)cc2)c2c(N)ncnc21,70.49,1,2
CHEMBL4110614,Nc1ncnc2c1c(-c1ccc(Oc3ccccc3)cc1)nn2[C@@H]1CCCN(C(=O)/C=C/CN2CCOCC2)C1,383.7,1,2
CHEMBL3894102,Nc1ncnc2c1c(-c1ccc(Oc3ccccc3)cc1)nn2[C@H]1CC[C@@H](NC(=O)/C=C/CN2CCOCC2)CC1,272.9,1,2
CHEMBL4112924,CO[C@@H]1COC2C1OC[C@H]2Oc1cc2ncnc(Nc3ccc(F)c(Cl)c3)c2cc1NC(=O)/C=C/CN(C)C,0.4,1,1
CHEMBL3892310,CN(C)C/C=C/C(=O)Nc1cc2c(Nc3ccc(F)c(Cl)c3)ncnc2cc1OCC1C2COCC21,0.13,1,1
CHEMBL4110258,CN(C)CC/C=C/C(=O)Nc1cc2c(Nc3ccc(F)c(Cl)c3)ncnc2cc1OC[C@]12COC[C@H]1C2,0.54,1,1
CHEMBL3901296,CN(C)C/C=C/C(=O)Nc1cc2c(Nc3ccc(F)c(Cl)c3)ncnc2cc1OC[C@@]12COC[C@@H]1C2,0.51,1,1
CHEMBL3895468,CN(C)C/C=C/C(=O)Nc1cc2c(Nc3ccc(F)c(Cl)c3)ncnc2cc1OCC12COCC1C2,0.37,1,1
CHEMBL3903641,C=CC(=O)Nc1cccc(Nc2nc(Nc3ccccc3OC)ncc2C(F)(F)F)c1,200.0,1,5
CHEMBL3978161,C=CC(=O)Nc1cccc(Oc2nc(Nc3ccccc3OC)ncc2C(F)(F)F)c1,200.0,1,5
CHEMBL3954684,C=CC(=O)Nc1cccc(Nc2nc(Nc3ccc(OC)cc3OC)ncc2C(F)(F)F)c1,20.0,1,3
CHEMBL3986363,C=CC(=O)Nc1cccc(Nc2nc(Nc3ccc(OC)c(OC)c3OC)ncc2Cl)c1,65.0,1,5
CHEMBL3954273,C=CC(=O)Nc1cccc(Nc2nc(Nc3ccc(OC)c(OC)c3OC)ncc2Br)c1,65.0,1,3
CHEMBL3894076,C=CC(=O)Nc1cccc(Oc2nc(Nc3cccc(OC)c3OC)ncc2Br)c1,650.0,1,7
CHEMBL3944027,C=CC(=O)Nc1cccc(Oc2nc(Nc3ccc(OC)c(OC)c3OC)ncc2Cl)c1,20.0,1,5
CHEMBL3973862,C=CC(=O)Nc1cccc(Oc2nc(Nc3ccc(OC)c(OC)c3OC)ncc2Br)c1,65.0,1,3
CHEMBL3947802,C=CC(=O)Nc1cccc(Oc2nc(Nc3ccc(OC)cc3OC)ncc2C(F)(F)F)c1,200.0,1,5
CHEMBL3985134,C=CC(=O)Nc1cccc(Oc2nc(Nc3ccc(OC)c(OC)c3OC)ncc2C(F)(F)F)c1,65.0,1,3
CHEMBL3956465,C=CC(=O)Nc1cccc(Nc2nc(Nc3ccc(OC)c(OC)c3OC)ncc2C(F)(F)F)c1,20.0,1,3
CHEMBL3975588,C=CC(=O)Nc1cccc(Oc2nc(Nc3ccccc3OC)ncc2Cl)c1,650.0,1,3
CHEMBL3904778,C=CC(=O)Nc1cccc(Oc2nc(Nc3ccc(OC)cc3OC)ncc2Br)c1,65.0,1,5
CHEMBL3913778,C=CC(=O)Nc1cccc(Oc2nc(Nc3ccc(OC)cc3OC)ncc2Cl)c1,200.0,1,5
CHEMBL3891187,C=CC(=O)Nc1cccc(Nc2nc(Nc3cccc(OC)c3OC)ncc2C(F)(F)F)c1,200.0,1,5
CHEMBL3919271,C=CC(=O)Nc1cccc(Nc2nc(Nc3cccc(OC)c3OC)ncc2Cl)c1,352.5,1,2
CHEMBL3903707,C=CC(=O)Nc1cccc(Nc2nc(Nc3ccccc3OC)ncc2Cl)c1,650.0,1,5
CHEMBL3928176,C=CC(=O)Nc1cccc(Oc2nc(Nc3ccccc3OC)ncc2F)c1,200.0,1,5
CHEMBL3910422,C=CC(=O)Nc1cccc(Nc2nc(Nc3ccc(OC)cc3OC)ncc2Br)c1,65.0,1,5
CHEMBL3938358,C=CC(=O)Nc1cccc(Nc2nc(Nc3ccc(OC)cc3OC)ncc2Cl)c1,200.0,1,5
CHEMBL3954906,C=CC(=O)Nc1cccc(Nc2nc(Nc3ccccc3OC)ncc2Br)c1,200.0,1,5
CHEMBL3930810,C=CC(=O)Nc1cccc(Oc2nc(Nc3cccc(OC)c3OC)ncc2C(F)(F)F)c1,20.0,1,2
CHEMBL4107818,Cc1ncnc2c1c(-c1ccc(Oc3ccccc3)cc1)nn2C[C@H]1CCCN1C(=O)/C=C/CN(C)C,18.85,1,1
CHEMBL3980550,CN(C)C/C=C/C(=O)NC1CCC(n2nc(-c3ccc(Oc4ccccc4)cc3)c3c(N)ncnc32)CC1,22.53,1,1
CHEMBL3960332,C#Cc1cccc(Nc2ncnc3cc(O[C@H]4CCOC4)c(NC(=O)/C=C/CN(CC)CC)cc23)c1,898.9,1,2
CHEMBL3967836,C=CC(=O)Nc1cccc(Nc2nc(Nc3ccc(NC4CN(C(=O)OC(C)(C)C)C4)cc3OC)ncc2C(F)(F)F)c1,5.0,1,1
CHEMBL3962343,C=CC(=O)Nc1cccc(Nc2nc(Nc3ccc(NC(C)C)cc3OC)ncc2Cl)c1,5.0,1,1
CHEMBL3982407,COc1cc(/C=C2\CCCCC2=O)cc(OC)c1,18670.0,0,1
CHEMBL3970063,Nc1nc(Nc2cccc(Cl)c2)c2c(n1)-c1ccccc1C2,45100.0,0,1
CHEMBL3902576,Nc1nc(Nc2cccc(Br)c2)c2c(n1)-c1ccccc1C2,98800.0,0,1
CHEMBL3948546,CC(C)c1ccccc1Nc1nc(N)nc2c1Cc1ccccc1-2,23000.0,0,1
CHEMBL3985894,Nc1nc(Nc2ccccc2)c2c(n1)-c1ccccc1C2,232700.0,0,1
CHEMBL253969,NC(=O)c1c(OCc2c(F)cc(Br)cc2F)nsc1NC(=O)NCCCCN1CCCC1,5853.4,0,1
CHEMBL4077956,NP(=O)(Oc1ccc2ncnc(Nc3cccc(Br)c3)c2c1)N(CCCl)CCCl,9.2,1,1
CHEMBL4084847,NP(=O)(OCCOc1ccc2ncnc(Nc3cccc(Br)c3)c2c1)N(CCCl)CCCl,4.3,1,1
CHEMBL4069003,NP(=O)(OCCCOc1ccc2ncnc(Nc3cccc(Br)c3)c2c1)N(CCCl)CCCl,3.0,1,1
CHEMBL4090083,NP(=O)(OCCCCOc1ccc2ncnc(Nc3cccc(Br)c3)c2c1)N(CCCl)CCCl,7.4,1,2
CHEMBL4060320,NP(=O)(OCCCCCOc1ccc2ncnc(Nc3cccc(Br)c3)c2c1)N(CCCl)CCCl,2.3,1,1
CHEMBL4091626,C#Cc1cccc(Nc2ncnc3ccc(OCCCCOP(N)(=O)N(CCCl)CCCl)cc23)c1,11.0,1,1
CHEMBL4087646,NP(=O)(OCCCCOc1ccc2ncnc(Nc3ccc(F)c(Cl)c3)c2c1)N(CCCl)CCCl,6.0,1,1
CHEMBL4105530,NP(=O)(OCCCCOc1ccc2ncnc(Nc3ccc(OCc4cccc(F)c4)c(Cl)c3)c2c1)N(CCCl)CCCl,27.0,1,1
CHEMBL4079768,C#Cc1cccc(Nc2ncnc3ccc(OCCCOP(N)(=O)N(CCCl)CCCl)cc23)c1,7.2,1,1
CHEMBL4097795,NP(=O)(OCCCOc1ccc2ncnc(Nc3ccc(F)c(Cl)c3)c2c1)N(CCCl)CCCl,5.7,1,1
CHEMBL4097216,NP(=O)(OCCCOc1ccc2ncnc(Nc3ccc(OCc4cccc(F)c4)c(Cl)c3)c2c1)N(CCCl)CCCl,75.0,1,1
CHEMBL4078431,COc1cc2ncnc(Nc3cccc(Br)c3)c2cc1OCCCOP(N)(=O)N(CCCl)CCCl,0.3,1,1
CHEMBL4080720,COc1cc2ncnc(Nc3ccc(F)c(Cl)c3)c2cc1OCCCOP(N)(=O)N(CCCl)CCCl,0.5,1,1
CHEMBL4104950,COc1cc2ncnc(Nc3ccc(OCc4cccc(F)c4)c(Cl)c3)c2cc1OCCCOP(N)(=O)N(CCCl)CCCl,22.0,1,1
CHEMBL4070053,NP(=O)(OCCCC(=O)Oc1ccc2ncnc(Nc3cccc(Br)c3)c2c1)N(CCCl)CCCl,3.3,1,1
CHEMBL4097245,NP(=O)(OCCCC(=O)Oc1ccc2ncnc(Nc3ccc(F)c(Cl)c3)c2c1)N(CCCl)CCCl,8.7,1,1
CHEMBL4061382,NP(=O)(OCCCC(=O)Oc1ccc2ncnc(Nc3ccc(OCc4cccc(F)c4)c(Cl)c3)c2c1)N(CCCl)CCCl,26.0,1,1
CHEMBL4103370,Clc1ccc(-c2nnc(Cc3nc4ccccc4[nH]3)o2)cc1,80.955,1,2
CHEMBL4079125,Clc1ccc(-c2nnc(Cc3nc4ccccc4[nH]3)o2)c(Cl)c1,3699.1400000000003,0,2
CHEMBL4095623,c1ccc(Cc2nnc(Cc3nc4ccccc4[nH]3)o2)cc1,25001.725,0,2
CHEMBL4068254,c1ccc(-c2nnc(Cc3nc4ccccc4[nH]3)o2)cc1,31784.370000000003,0,2
CHEMBL4087921,c1ccc(OCc2nnc(Cc3nc4ccccc4[nH]3)o2)cc1,46322.345,0,2
CHEMBL4094471,Clc1ccccc1-c1nnc(Cc2nc3ccccc3[nH]2)o1,4498.9,0,2
CHEMBL4074782,Cc1ccccc1-c1nnc(Cc2nc3ccccc3[nH]2)o1,39709.575,0,2
CHEMBL4065301,COc1cccc(-c2nnc(Cc3nc4ccccc4[nH]3)o2)c1OC,60976.845,0,2
CHEMBL4102214,c1ccc(C(c2ccccc2)c2nnc(Cc3nc4ccccc4[nH]3)o2)cc1,44988.994999999995,0,2
CHEMBL4084249,COc1ccc(-c2nnc(Cc3nc4ccccc4[nH]3)o2)cc1,97.975,1,2
CHEMBL4068814,CC(=O)c1ccccc1-c1nnc(Cc2nc3ccccc3[nH]2)o1,65431.81,0,2
CHEMBL4094647,Nc1ccc(O)c(-c2nnc(Cc3nc4ccccc4[nH]3)o2)c1,69992.1,0,2
CHEMBL4066118,c1ccc2c(Cc3nnc(Cc4nc5ccccc5[nH]4)o3)cccc2c1,5700.82,0,2
CHEMBL4087489,C1=CC2=C(Cc3nnc(Cc4nc5ccccc5[nH]4)o3)CNC2C=C1,86248.925,0,2
CHEMBL4074726,c1ccc(-c2nnc(Cc3nc4ccccc4[nH]3)o2)nc1,73475.695,0,2
CHEMBL4095195,Cc1ccccc1Cc1nnc(Cc2nc3ccccc3[nH]2)o1,50001.725,0,2
CHEMBL4084996,Clc1ccc(-c2nnc(Cc3nc4ccc(Cl)cc4[nH]3)o2)cc1,979.745,1,2
CHEMBL4102942,Clc1ccc(-c2nnc(Cc3nc4ccc(Cl)cc4[nH]3)o2)c(Cl)c1,45090.835,0,2
CHEMBL4083493,Clc1ccc2nc(Cc3nnc(-c4ccccc4Cl)o3)[nH]c2c1,33194.725,0,2
CHEMBL4059610,Oc1ccc(-c2nnc(Cc3nc4ccccc4[nH]3)o2)cc1,100000.0,0,1
CHEMBL4086731,Cc1ccc(-c2nnc(Cc3nc4ccccc4[nH]3)o2)cc1,100000.0,0,1
CHEMBL4075892,c1csc(-c2nnc(Cc3nc4ccccc4[nH]3)o2)c1,100000.0,0,1
CHEMBL4061912,c1coc(-c2nnc(Cc3nc4ccccc4[nH]3)o2)c1,100000.0,0,1
CHEMBL4083305,c1cncc(-c2nnc(Cc3nc4ccccc4[nH]3)o2)c1,100000.0,0,1
CHEMBL4067556,N#CCc1nnc(Cc2nc3ccccc3[nH]2)o1,100000.0,0,1
CHEMBL4090323,Fc1ccc(-c2nnc(Cc3nc4ccccc4[nH]3)o2)cc1,100000.0,0,1
CHEMBL4073285,O=C(O)c1ccccc1-c1nnc(Cc2nc3ccccc3[nH]2)o1,100000.0,0,1
CHEMBL4091284,Clc1ccc2nc(Cc3nnc(Cc4ccccc4)o3)[nH]c2c1,100000.0,0,1
CHEMBL4063427,Clc1ccc2nc(Cc3nnc(-c4ccccc4)o3)[nH]c2c1,100000.0,0,1
CHEMBL4098409,COc1ccc2c(c1)CCN2c1nc(C)nc2c(Cc3ccccc3)c[nH]c12.Cl,167.1,1,1
CHEMBL4069672,COc1ccc2c(c1)CCCN2c1nc(C)nc2c(Cc3ccccc3)c[nH]c12.Cl,33.6,1,1
CHEMBL4099682,COc1ccc(Nc2nc(C)nc3c(Cc4ccccc4)cn(C)c23)cc1.Cl,2.6,1,1
CHEMBL4060996,COc1ccc(N(C)c2nc(C)nc3c(Cc4ccccc4)cn(C)c23)cc1.Cl,2.3,1,1
CHEMBL4104515,COc1ccc2c(c1)CCCN2c1nc(C)nc2c(Cc3ccccc3)cn(C)c12.Cl,4.9,1,1
CHEMBL4099329,COc1ccc(N(C)c2nc(N)nc3c(Cc4ccccc4)c[nH]c23)cc1,1.1,1,2
CHEMBL4072383,COc1ccc2c(c1)CCCN2c1nc(N)nc2c(Cc3ccccc3)c[nH]c12,47.1,1,1
CHEMBL4092990,C=CC(=O)Nc1ccc(CN(C(=O)Nc2c(Cl)c(OC)cc(OC)c2Cl)c2cc(Nc3ccc(N4CCN(C)CC4)cc3)ncn2)cc1,29.9,1,2
CHEMBL4100647,CC1(C)OOC2(CCC(C(=O)Nc3ccc4ncnc(Nc5cccc(Cl)c5)c4c3)CC2)OO1,14.285,1,2
CHEMBL4094174,O=C(Nc1ccc2ncnc(Nc3cccc(Cl)c3)c2c1)C1CCC2(CC1)OOC1(CCCCC1)OO2,98.00999999999999,1,2
CHEMBL4067373,O=C(Nc1ccc2ncnc(Nc3cccc(Cl)c3)c2c1)C1CCC2(CC1)OOC1(OO2)C2CC3CC(C2)CC1C3,376.7,1,2
CHEMBL4094823,O=C(Nc1ccc2ncnc(Nc3cccc(Cl)c3)c2c1)C1CCC2(CC1)OOC1(O2)C2CC3CC(C2)CC1C3,40.625,1,2
CHEMBL4082840,O=C(Nc1ccc2ncnc(Nc3cccc(Cl)c3)c2c1)C1CCC2(CC1)OCC1(OO2)C2CC3CC(C2)CC1C3,114.95,1,4
CHEMBL4088200,O=C(Nc1ccc2nccc(Nc3cccc(Cl)c3)c2c1)C1CCC2(CC1)OOC1(O2)C2CC3CC(C2)CC1C3,162.0,1,4
CHEMBL4091166,O=C(Nc1ccc2nccc(Nc3cccc(Cl)c3)c2c1)C1CCC2(CC1)OCC1(OO2)C2CC3CC(C2)CC1C3,150.75,1,2
CHEMBL4063301,O=C(Nc1ccc2ncnc(Nc3cccc(Cl)c3)c2c1)C1CCCCC1,6.5465,1,2
CHEMBL4082515,C=CC(=O)Nc1cccc(-n2c(=O)cc(C)c3cnc(Nc4cnn(CCN(C)C)c4)nc32)c1,4.2,1,1
CHEMBL4064475,C=CC(=O)Nc1cccc(-n2c(=O)cc(C)c3cnc(Nc4cnn(C5CCN(C)CC5)c4)nc32)c1,1.8,1,1
CHEMBL4086000,C=CC(=O)Nc1cccc(-n2c(=O)cc(C)c3cnc(Nc4ccc(N5CCN(C)CC5)nc4)nc32)c1,1.4,1,1
CHEMBL4063421,C=CC(=O)Nc1cccc(-n2c(=O)cc(C)c3cnc(Nc4nc5c(s4)CN(C)CC5)nc32)c1,2.5,1,1
CHEMBL4091276,C=CC(=O)Nc1cccc(-n2c(=O)cc(C)c3cnc(Nc4ccc(N5CCN(C)C(C)C5)cc4OC)nc32)c1,1.2,1,1
CHEMBL4072048,C=CC(=O)Nc1cccc(-n2c(=O)cc(C)c3cnc(Nc4ccc(N5CC(C)N(C)C(C)C5)cc4OC)nc32)c1,3.3,1,1
CHEMBL4099008,C=CC(=O)N1CCC(Cn2c(=O)cc(C)c3cnc(Nc4ccc(N5CCN(C)CC5)cc4OC)nc32)C1,63.8,1,1
CHEMBL4093766,C=CC(=O)N1CC[C@H](n2c(=O)cc(C)c3cnc(Nc4ccc(N5CCN(C)CC5)cc4OC)nc32)C1,91.8,1,1
CHEMBL4073062,C=CC(=O)N1CC[C@@H](n2c(=O)cc(C)c3cnc(Nc4ccc(N5CCN(C)CC5)cc4OC)nc32)C1,436.3,1,1
CHEMBL4083486,C=CC(=O)Nc1cc(-n2c(=O)cc(C)c3cnc(Nc4ccc(N5CCN(C)CC5)cc4OC)nc32)ccc1C,2.3,1,1
CHEMBL4078120,C=CC(=O)Nc1cc(C)cc(-n2c(=O)cc(C)c3cnc(Nc4ccc(N5CCN(C)CC5)cc4OC)nc32)c1,1.8,1,1
CHEMBL4102389,C=CC(=O)Nc1cc(CC)cc(-n2c(=O)cc(C)c3cnc(Nc4ccc(N5CCN(C)CC5)cc4OC)nc32)c1,3.4,1,1
CHEMBL4079861,C=CC(=O)Nc1cc(C(C)C)cc(-n2c(=O)cc(C)c3cnc(Nc4ccc(N5CCN(C)CC5)cc4OC)nc32)c1,2.4,1,1
CHEMBL4097883,C=CC(=O)Nc1cc(-n2c(=O)cc(C)c3cnc(Nc4ccc(N5CCN(C)CC5)cc4OC)nc32)cc(C(C)(C)C)c1,17.7,1,1
CHEMBL4087740,C=CC(=O)Nc1cc(F)cc(-n2c(=O)cc(C)c3cnc(Nc4ccc(N5CCN(C)CC5)cc4OC)nc32)c1,0.8,1,1
CHEMBL4105621,C=CC(=O)Nc1cc(Cl)cc(-n2c(=O)cc(C)c3cnc(Nc4ccc(N5CCN(C)CC5)cc4OC)nc32)c1,0.6,1,1
CHEMBL4095439,C=CC(=O)Nc1cc(Br)cc(-n2c(=O)cc(C)c3cnc(Nc4ccc(N5CCN(C)CC5)cc4OC)nc32)c1,1.8,1,1
CHEMBL4068047,C=CC(=O)Nc1cc(-n2c(=O)cc(C)c3cnc(Nc4ccc(N5CCN(C)CC5)cc4OC)nc32)cc(C(F)(F)F)c1,2.0,1,1
CHEMBL4103194,C=CC(=O)Nc1cc(-n2c(=O)cc(C)c3cnc(Nc4ccc(N5CCN(C)C(C)C5)cc4OC)nc32)cc(C(F)(F)F)c1,1.6,1,1
CHEMBL4078914,C=CC(=O)Nc1cc(-n2c(=O)cc(C)c3cnc(Nc4ccc(N5CC(C)N(C)C(C)C5)cc4OC)nc32)cc(C(F)(F)F)c1,3.3,1,1
CHEMBL4105434,CCCCOC(=O)c1c(-c2ccccc2)nn2ccccc12,23700.0,0,1
CHEMBL4066845,CS(=O)(=O)CCNCc1ccc(-c2ccc3ncnc(Nc4ccc(F)c(Cl)c4)c3c2)o1,23.99,1,1
CHEMBL4088135,C#Cc1cccc(Nc2ncnc3ccc(-c4ccc(CNCCS(C)(=O)=O)o4)cc23)c1,34.16,1,1
CHEMBL3542268,OCc1ccc(-c2ccc3ncnc(Nc4ccc(OCc5cccc(F)c5)c(Cl)c4)c3c2)o1,5.06,1,1
CHEMBL4089347,C#Cc1cccc(Nc2ncnc3ccc(-c4ccc(CO)o4)cc23)c1,15.69,1,1
CHEMBL4060383,Nc1nc(N)c2c(n1)[nH]c1cccc(Sc3ccc4ccccc4c3)c12,20000.0,0,1
CHEMBL4088617,Nc1nc(N)c2c(n1)[nH]c1cccc(Sc3cccc4ccccc34)c12,167300.0,0,1
CHEMBL4069070,COc1ccc(OC)c(Sc2cccc3[nH]c4nc(N)nc(N)c4c23)c1,4300.0,0,1
CHEMBL4096329,COc1ccc(Sc2cccc3[nH]c4nc(N)nc(N)c4c23)cc1,20800.0,0,1
CHEMBL4079829,Nc1nc(N)c2c(n1)[nH]c1cccc(Sc3ccc(Cl)cc3)c12,8300.0,0,1
CHEMBL4087709,COc1cc2cnnc(Nc3ccc(Cl)cc3F)c2cc1OC,200.0,1,1
CHEMBL4079566,C=CC(=O)Nc1cc(Nc2n[nH]c3ccc(-c4cccc5ccccc45)cc23)c(OC)cc1N(C)CCN(C)C,7.35,1,2
CHEMBL4089863,C=CC(=O)Nc1cc(Nc2n[nH]c3ccc(-c4ccc5ccccc5c4)cc23)c(OC)cc1N(C)CCN(C)C,1.6500000000000001,1,2
CHEMBL4082000,C=CC(=O)Nc1cc(Nc2n[nH]c3cc(-c4cccc(C(F)(F)F)c4)ccc23)c(OC)cc1N(C)CCN(C)C,21.25,1,2
CHEMBL4060103,C=CC(=O)Nc1cc(Nc2n[nH]c3cc(-c4ccc(F)cc4)ccc23)c(OC)cc1N(C)CCN(C)C,9.25,1,2
CHEMBL4071463,C=CC(=O)Nc1cc(Nc2n[nH]c3cc(-c4cccc(F)c4)ccc23)c(OC)cc1N(C)CCN(C)C,3.3,1,2
CHEMBL4098500,C=CC(=O)Nc1cc(Nc2n[nH]c3cc(-c4ccc(N(C)C)cc4)ccc23)c(OC)cc1N(C)CCN(C)C,76.0,1,2
CHEMBL4103757,C=CC(=O)Nc1cc(Nc2n[nH]c3cc(-c4cccc(N(C)C)c4)ccc23)c(OC)cc1N(C)CCN(C)C,16.0,1,2
CHEMBL4079501,C=CC(=O)Nc1cc(Nc2n[nH]c3cc(-c4ccncc4)ccc23)c(OC)cc1N(C)CCN(C)C,9.5,1,2
CHEMBL4080424,C=CC(=O)Nc1cc(Nc2n[nH]c3cc(-c4cccnc4)ccc23)c(OC)cc1N(C)CCN(C)C,22.0,1,2
CHEMBL4098444,C=CC(=O)Nc1cc(Nc2n[nH]c3cc(-c4cn(C)c5ccccc45)ccc23)c(OC)cc1N(C)CCN(C)C,3.15,1,2
CHEMBL4088277,C=CC(=O)Nc1cc(Nc2n[nH]c3cc(-c4cncc5ccccc45)ccc23)c(OC)cc1N(C)CCN(C)C,3.55,1,2
CHEMBL4060039,C=CC(=O)Nc1cc(Nc2n[nH]c3cc(-c4cccc5ccccc45)ccc23)c(OC)cc1N(C)CCN(C)C,4.3,1,1
CHEMBL4061043,C=CC(=O)Nc1cc(Nc2n[nH]c3cc(-c4ccc5ccccc5c4)ccc23)c(OC)cc1N(C)CCN(C)C,55.0,1,2
CHEMBL4074766,C=CC(=O)Nc1cc(Nc2n[nH]c3ccccc23)c(OC)cc1N(C)CCN(C)C,1907.0,0,2
CHEMBL4069284,CCC(=O)Nc1cc(Nc2n[nH]c3ccccc23)ccc1N(C)CCN(C)C,9098.0,0,2
CHEMBL4090330,C=CC(=O)Nc1cc(Nc2n[nH]c3ccccc23)ccc1N(C)CCN(C)C,2626.0,0,1
CHEMBL4097594,C=CC(=O)Nc1cc(Nc2n[nH]c3ccc(-c4ccc(F)cc4)cc23)c(OC)cc1N(C)CCN(C)C,2.0,1,1
CHEMBL4088718,S=C(NCc1ccccc1)Nc1ccc2ncnc(Nc3cccc(Br)c3)c2c1,17.2,1,2
CHEMBL4097369,O=C(Nc1ccc2ncnc(Nc3cccc(Br)c3)c2c1)c1ccco1,8.4,1,1
CHEMBL4091921,S=C(NCc1ccccc1)Nc1ccc2ncnc(Nc3cccc(Cl)c3)c2c1,11.4,1,1
CHEMBL4072769,Cc1cccc(Nc2ncnc3ccc(NC(=S)NCc4ccccc4)cc23)c1,36.8,1,1
CHEMBL4080711,Oc1cccc(Nc2ncnc3ccc(NC(=S)NCc4ccccc4)cc23)c1,63.6,1,1
CHEMBL4076434,S=C(Nc1ccccc1)Nc1ccc2ncnc(Nc3cccc(Br)c3)c2c1,15.8,1,1
CHEMBL4102455,S=C(Nc1ccc2ncnc(Nc3cccc(Br)c3)c2c1)Nc1ccccc1Cl,15.8,1,1
CHEMBL4078182,S=C(Nc1cccc(Cl)c1)Nc1ccc2ncnc(Nc3cccc(Br)c3)c2c1,30.8,1,2
CHEMBL4097862,S=C(Nc1ccc(Cl)cc1)Nc1ccc2ncnc(Nc3cccc(Br)c3)c2c1,19.5,1,1
CHEMBL4075530,Oc1ccc(NC(=S)Nc2ccc3ncnc(Nc4cccc(Br)c4)c3c2)cc1,8.9,1,1
CHEMBL4075103,NS(=O)(=O)c1ccc(NC(=S)Nc2ccc3ncnc(Nc4cccc(Br)c4)c3c2)cc1,9.5,1,1
CHEMBL4101774,O=S(=O)(Nc1nccs1)c1ccc(NC(=S)Nc2ccc3ncnc(Nc4cccc(Br)c4)c3c2)cc1,22.0,1,1
CHEMBL4066504,Fc1ccc(NC(=S)Nc2ccc3ncnc(Nc4cccc(Br)c4)c3c2)cc1Cl,25.3,1,1
CHEMBL4093114,Fc1c(NC(=S)Nc2ccc3ncnc(Nc4cccc(Br)c4)c3c2)cccc1C(F)(F)F,112.4,1,1
CHEMBL4085352,FC(F)(F)c1cccc(NC(=S)Nc2ccc3ncnc(Nc4cccc(Br)c4)c3c2)c1,60.7,1,1
CHEMBL4088760,S=C(Nc1ccc(Br)cc1)Nc1ccc2ncnc(Nc3cccc(Br)c3)c2c1,35.4,1,1
CHEMBL4067514,S=C(Nc1ccc2ncnc(Nc3cccc(Br)c3)c2c1)Nc1ccc(Cl)cc1Cl,48.9,1,1
CHEMBL4072928,S=C(Nc1ccc(Cl)c(Cl)c1)Nc1ccc2ncnc(Nc3cccc(Br)c3)c2c1,133.1,1,1
CHEMBL4077419,S=C(Nc1cc(Cl)cc(Cl)c1)Nc1ccc2ncnc(Nc3cccc(Br)c3)c2c1,146.3,1,1
CHEMBL4092951,CNC(=S)Nc1ccc2ncnc(Nc3cccc(Br)c3)c2c1,9.1,1,1
CHEMBL4065288,S=C(Nc1cccnc1)Nc1ccc2ncnc(Nc3cccc(Br)c3)c2c1,10.2,1,1
CHEMBL4071170,S=C(NCc1ccc(Cl)cc1)Nc1ccc2ncnc(Nc3cccc(Br)c3)c2c1,28.3,1,1
CHEMBL4062528,S=C(Nc1ccc2ncnc(Nc3cccc(Br)c3)c2c1)N1CCOCC1,26.9,1,1
CHEMBL4103464,O=C(NCc1ccccc1)Nc1ccc2ncnc(Nc3cccc(Br)c3)c2c1,8.9,1,1
CHEMBL4089588,O=C(Nc1ccc(Cl)cc1)Nc1ccc2ncnc(Nc3cccc(Br)c3)c2c1,19.3,1,1
CHEMBL4065300,Fc1cc(F)cc(NC(=S)Nc2ccc3ncnc(Nc4cccc(Cl)c4)c3c2)c1,60.1,1,2
CHEMBL4092966,S=C(Nc1cncc(Cl)c1)Nc1ccc2ncnc(Nc3cccc(Cl)c3)c2c1,55.5,1,1
CHEMBL4073912,FC(F)(F)c1csc(NC(=S)Nc2ccc3ncnc(Nc4cccc(Cl)c4)c3c2)n1,137.0,1,2
CHEMBL4072986,S=C(Nc1ccc2ncnc(Nc3cccc(Cl)c3)c2c1)Nc1ncc(Cl)s1,120.0,1,1
CHEMBL4065503,Cc1nnc(NC(=S)Nc2ccc3ncnc(Nc4cccc(Cl)c4)c3c2)s1,120.0,1,1
CHEMBL4077608,FC(F)(F)c1nnc(NC(=S)Nc2ccc3ncnc(Nc4cccc(Cl)c4)c3c2)s1,130.0,1,1
CHEMBL4071058,CC(C)(C)OC(=O)NCC(=O)Nc1ccc2ncnc(Nc3cccc(Br)c3)c2c1,3.2,1,1
CHEMBL4091010,CC(C)C[C@@H](NC(=O)OC(C)(C)C)C(=O)Nc1ccc2ncnc(Nc3cccc(Br)c3)c2c1,145.0,1,1
CHEMBL4061283,CC[C@H](C)[C@@H](NC(=O)OC(C)(C)C)C(=O)Nc1ccc2ncnc(Nc3cccc(Br)c3)c2c1,55.5,1,1
CHEMBL202721,COc1cc2c(Nc3ccc(NC(=O)c4ccccc4)cc3)ncnc2cc1OCCCN1CCOCC1,110.0,1,1
CHEMBL4098587,CC(C)(C)OC(=O)NCC(=O)Nc1ccc2ncnc(Nc3ccc(F)c(Cl)c3)c2c1,17.0,1,1
CHEMBL4087241,CC(C)C[C@@H](NC(=O)OC(C)(C)C)C(=O)Nc1ccc2ncnc(Nc3ccc(F)c(Cl)c3)c2c1,140.0,1,1
CHEMBL4092491,CC(C)[C@@H](NC(=O)OC(C)(C)C)C(=O)Nc1ccc2ncnc(Nc3cccc(C(F)(F)F)c3)c2c1,1021.0,0,1
CHEMBL4102577,CCC(=O)Nc1cccc(Nc2cc(-c3[nH]c(SC)nc3-c3ccc(F)cc3)ccn2)c1,93.0,1,3
CHEMBL4089279,C=CC(=O)NCc1cccc(Nc2cc(-c3[nH]c(SC)nc3-c3ccc(F)cc3)ccn2)c1,46.95,1,2
CHEMBL4068092,C=CC(=O)NCc1cn(Cc2cccc(Nc3cc(-c4[nH]c(SC)nc4-c4ccc(F)cc4)ccn3)c2)nn1,321.5,1,2
CHEMBL4076854,C=CC(=O)Nc1ccc(OC)c(Nc2cc(-c3cnc(SC)[nH]3)ccn2)c1,7.1,1,2
CHEMBL4101193,CCC(=O)Nc1ccc(OC)c(Nc2cc(-c3cnc(SC)[nH]3)ccn2)c1,1935.5,0,2
CHEMBL4086878,C=CC(=O)Nc1ccc(OC)c(Nc2cc(-c3[nH]c(SC)nc3C)ccn2)c1,21.5,1,2
CHEMBL4082884,C=CC(=O)Nc1ccc(OC)c(Nc2cc(-c3[nH]c(SC)nc3C(C)(C)C)ccn2)c1,250.5,1,2
CHEMBL4062722,CSc1nc(-c2ccc(F)cc2)c(-c2ccnc(Nc3cc(F)cc([N+](=O)[O-])c3)c2)[nH]1,320.5,1,2
CHEMBL321494,CSc1nc(-c2ccc(F)cc2)c(-c2ccnc(Nc3ccccc3)c2)[nH]1,77.0,1,4
CHEMBL4064942,CN(C)C(=O)CSc1nc(-c2ccc(F)cc2)c(-c2ccnc(Nc3ccccc3)c2)[nH]1,41.0,1,2
CHEMBL4091569,OCCSc1nc(-c2ccc(F)cc2)c(-c2ccnc(Nc3ccccc3)c2)[nH]1,42.05,1,2
CHEMBL4067255,Fc1ccc(-c2nc(SCCN3CCOCC3)[nH]c2-c2ccnc(Nc3ccccc3)c2)cc1,660.5,1,2
CHEMBL4081860,NCCSc1nc(-c2ccc(F)cc2)c(-c2ccnc(Nc3ccccc3)c2)[nH]1,15.8,1,2
CHEMBL4071012,C=CC(=O)NCCSc1nc(-c2ccc(F)cc2)c(-c2ccnc(Nc3ccccc3)c2)[nH]1,20.1,1,2
CHEMBL4102224,CCC(=O)NCCSc1nc(-c2ccc(F)cc2)c(-c2ccnc(Nc3ccccc3)c2)[nH]1,27.6,1,2
CHEMBL4062543,C=CC(=O)NCCSc1nc(-c2ccccc2)c(-c2ccnc(Nc3ccccc3)c2)[nH]1,15.35,1,2
CHEMBL4084248,C=CC(=O)NCCSc1nc(-c2ccc(F)c(C(F)(F)F)c2)c(-c2ccnc(Nc3ccccc3)c2)[nH]1,395.0,1,2
CHEMBL4071180,CN(C)C/C=C/C(=O)NCCSc1nc(-c2ccc(F)cc2)c(-c2ccnc(Nc3ccccc3)c2)[nH]1,9.95,1,2
CHEMBL4092003,CC(=O)CCCSc1nc(-c2ccc(F)cc2)c(-c2ccnc(Nc3ccccc3)c2)[nH]1,702.0,1,2
CHEMBL4086078,C=CC(=O)N1CCC(Sc2nc(-c3ccc(F)cc3)c(-c3ccnc(Nc4ccccc4)c3)[nH]2)C1,221.0,1,2
CHEMBL4100777,C=CC(=O)Nc1cccc(Nc2cc(-c3[nH]c(SC)nc3-c3ccc(F)cc3)ccn2)n1,3.1,1,1
CHEMBL4061473,C=CC(=O)N1CCC[C@@H]1CSc1nc(-c2ccc(F)cc2)c(-c2ccnc(Nc3ccccc3)c2)[nH]1,39.55,1,2
CHEMBL4076363,NCCCSc1nc(-c2ccc(F)cc2)c(-c2ccnc(Nc3ccccc3)c2)[nH]1,126.0,1,2
CHEMBL4105526,C=CC(=O)Nc1ccc(OC)c(Nc2cc(-c3[nH]c(SC)nc3C3CC3)ccn2)c1,7.4,1,1
CHEMBL4096980,C=CC(=O)Nc1ccc(OC)c(Nc2cc(-c3[nH]c(SC)nc3-c3ccc4ccccc4c3)ccn2)c1,1.1,1,1
CHEMBL4087268,C=CC(=O)Nc1cccc(Nc2cc(-c3[nH]c(SC)nc3-c3ccc(F)cc3)ccn2)c1,3.3,1,1
CHEMBL4070707,C=CC(=O)N1CCC[C@H]1CSc1nc(-c2ccc(F)cc2)c(-c2ccnc(Nc3ccccc3)c2)[nH]1,33.95,1,2
CHEMBL4089601,C=CC(=O)NCCCSc1nc(-c2ccc(F)cc2)c(-c2ccnc(Nc3ccccc3)c2)[nH]1,171.5,1,2
CHEMBL4098412,CSc1nc(-c2ccc(F)cc2)c(-c2ccnc(Nc3cc(N4CCN(C)CC4)cc([N+](=O)[O-])c3)c2)[nH]1,12.0,1,1
CHEMBL4082362,C=CC(=O)Nc1ccc(OC)c(Nc2cc(-c3[nH]c(SC)nc3C3CCCC3)ccn2)c1,4.5,1,1
CHEMBL4094927,CCC(=O)Nc1ccc(OC)c(Nc2cc(-c3[nH]c(SC)nc3-c3ccc(F)cc3)ccn2)c1,86.0,1,2
CHEMBL4081732,N#CCCSc1nc(-c2ccc(F)cc2)c(-c2ccnc(Nc3ccccc3)c2)[nH]1,393.0,1,2
CHEMBL4100377,C=CC(=O)Nc1ccc(OC)c(Nc2cc(-c3[nH]c(SC)nc3C3CCC3)ccn2)c1,6.8,1,1
CHEMBL4079393,C=CC(=O)Nc1cccc(Nc2cc(-c3[nH]c(SCCNC(=O)CC)nc3-c3ccccc3)ccn2)c1,2.5,1,1
CHEMBL4098072,C=CC(=O)Nc1ccc(OC)c(Nc2cc(-c3[nH]c(SC)nc3-c3ccc(F)cc3)ccn2)c1,90.0,1,11
CHEMBL4100860,C=CC(=O)Nc1ccc(OC)c(Nc2cc(-c3[nH]c(CCCO)nc3-c3ccc(F)cc3)ccn2)c1,8.0,1,4
CHEMBL4090686,CCC(=O)Nc1ccc(OC)c(Nc2cc(-c3[nH]c(CCCO)nc3-c3ccc(F)cc3)ccn2)c1,7.0,1,2
CHEMBL4071368,C=CC(=O)Nc1cc(Nc2cc(-c3[nH]c(SC)nc3-c3ccc(F)cc3)ccn2)cc(N2CCN(C)CC2)c1,11.0,1,2
CHEMBL4060003,C=CC(=O)Nc1cc(Nc2cc(-c3[nH]c(SC)nc3-c3ccc(F)cc3)ccn2)cc(N2CCOCC2)c1,53.0,1,1
CHEMBL4105329,Cc1n[nH]c2ccc(-c3cc(N[C@@H](CO)c4ccccc4)cnc3-c3cc(Cl)ccc3O)cc12,5.85,1,2
CHEMBL4067871,OC[C@H](Nc1cnc(-c2cc(Cl)ccc2O)c(-c2ccc3cnccc3c2)c1)c1ccccc1,3.05,1,2
CHEMBL4062877,Cc1n[nH]c2ccc(-c3cc(N[C@@H](CO)c4ccccc4)cnc3-c3cc(F)ccc3O)cc12,5.3,1,5
CHEMBL4075917,Cc1n[nH]c2ccc(-c3cc(N[C@@H](CO)c4ccccc4)cnc3-c3ccc(F)cc3O)cc12,4.7,1,2
CHEMBL2105717,COc1cc2nccc(Oc3ccc(NC(=O)C4(C(=O)Nc5ccc(F)cc5)CC4)cc3)c2cc1OC,225.0,1,3
CHEMBL2216827,C=CC(=O)Nc1cccc(Nc2nc(Nc3ccc(Oc4ccnc(C(=O)NC)c4)cc3)ncc2F)c1,550.0,1,3
CHEMBL3301625,C=CC(=O)Nc1cccc(Nc2nc(Nc3ccc(OCCOC)cc3)ncc2F)c1,442.0,1,1
CHEMBL4077064,C=CC(=O)N1CCc2ccc(-n3c(=O)ccc4cnc5ccc(-c6cnn(C)c6)cc5c43)cc21,874.0,1,1
CHEMBL4096207,C=CC(=O)Nc1cc(Nc2cc(-c3cccc(NC(=O)c4cc5c(s4)CCCC5)c3C)cn(C)c2=O)ccc1C(=O)N1CCOCC1,6863.0,0,1
CHEMBL4085868,C=CC(=O)Nc1cc(Nc2cc(-c3cccc(NC(=O)c4ccc(N(C)C)cc4)c3C)cn(C)c2=O)ccc1C(=O)N1CCOCC1,5882.0,0,1
CHEMBL4083815,O=c1c2ccccc2nc(-c2ccccc2)n1-c1nnc(-c2ccccc2Cl)s1,7230.0,0,1
CHEMBL4077349,O=C(Nn1c(-c2ccccc2)nc2ccccc2c1=O)c1ccc(Br)cc1,780.0,1,1
CHEMBL4072392,CC(=O)c1ccccc1-n1c(-c2ccccc2)nc2cc(Cl)ccc2c1=O,720.0,1,1
CHEMBL4083467,Cc1nnc(-n2c(-c3ccccc3)nc3cc(Cl)ccc3c2=O)s1,12120.0,0,1
CHEMBL4060821,O=c1c2ccc(Cl)cc2nc(-c2ccccc2)n1-c1nnc(-c2ccccc2)s1,1120.0,0,1
CHEMBL4079183,O=c1c2ccc(Cl)cc2nc(-c2ccccc2)n1-c1nnc(C2CC2)s1,102.0,1,1
CHEMBL4103440,COc1ccc(-c2nnc(-n3c(-c4ccccc4)nc4cc(Cl)ccc4c3=O)s2)cc1,21.0,1,1
CHEMBL4074248,NCCn1c(-c2ccccc2)nc2cc(Cl)ccc2c1=O,287.0,1,1
CHEMBL4081703,C=CC(=O)Nc1cccc(Oc2nc(Nc3ccc(/C=C/c4cc(C)cc(C)c4)cc3)ncc2Cl)c1,22.4,1,1
CHEMBL4059772,C=CC(=O)Nc1cccc(Nc2nc(Nc3ccc(/C=C/c4cc(Cl)cc(Cl)c4)cc3)ncc2F)c1,14.2,1,1
CHEMBL4093954,C=CC(=O)Nc1cccc(Nc2nc(Nc3ccc(/C=C/c4cc(OC)cc(OC)c4)cc3)ncc2Cl)c1,15.7,1,1
CHEMBL4073278,C=CC(=O)Nc1cccc(Nc2nc(Nc3ccc(/C=C/c4cc(C)cc(C)c4)cc3)ncc2Cl)c1,26.5,1,1
CHEMBL4087570,C=CC(=O)Nc1cccc(Nc2nc(Nc3ccc(/C=C/c4cc(C)cc(C)c4)cc3)ncc2F)c1,11.0,1,1
CHEMBL4105442,C=CC(=O)Nc1cccc(Nc2nc(Nc3ccc(/C=C/c4ccc(C)cc4C)cc3)ncc2Cl)c1,6.8,1,1
CHEMBL4095271,C=CC(=O)Nc1cccc(Nc2nc(Nc3ccc(/C=C/c4ccc(C)cc4C)cc3)ncc2F)c1,8.1,1,1
CHEMBL4067855,C=CC(=O)Nc1cccc(Nc2nc(Nc3ccc(/C=C/c4cc(Cl)cc(Cl)c4)cc3)ncc2Cl)c1,11.3,1,1
CHEMBL4066684,Cc1cc(=O)n(-c2ccc(F)cc2)nc1C(=O)Nc1ccc(Oc2ccnc3[nH]ccc23)c(F)c1,725.3,1,1
CHEMBL4064776,O=C(N/N=C/c1ccc(O)cc1)Nc1cc2c(Nc3ccc(F)c(Cl)c3)ncnc2cc1O[C@H]1CCOC1,56.0,1,1
CHEMBL4100075,Cc1nc(C)c(/C=C2\CC(C)C/C(=C\c3nc(C)c(C)nc3C)C2=O)nc1C,1100.0,0,1
CHEMBL4083642,Cc1nc(C)c(/C=C2\CN(C)C/C(=C\c3nc(C)c(C)nc3C)C2=O)nc1C,40.0,1,1
CHEMBL4104427,Cc1nc(C)c(/C=C2\CN(C(C)C)C/C(=C\c3nc(C)c(C)nc3C)C2=O)nc1C,2500.0,0,1
CHEMBL4081727,COc1cc(Br)c(/C=C2\CC(C)C/C(=C\c3nc(C)c(C)nc3C)C2=O)cc1OC,1900.0,0,1
CHEMBL4063890,COc1cc(Br)c(/C=C2\CN(C)C/C(=C\c3nc(C)c(C)nc3C)C2=O)cc1OC,60.0,1,1
CHEMBL4075241,COc1cc(Cl)c(/C=C2\CN(C(C)C)C/C(=C\c3nc(C)c(C)nc3C)C2=O)cc1OC,3100.0,0,1
CHEMBL4094546,Cc1nc(C)c(/C=C2\CC(C)C/C(=C\c3nc(C)c(C)nc3C)C2=NO)nc1C,2400.0,0,1
CHEMBL4078023,Cc1nc(C)c(/C=C2\CN(C)C/C(=C\c3nc(C)c(C)nc3C)C2=NO)nc1C,20.0,1,1
CHEMBL4102284,Cc1nc(C)c(/C=C2\CN(C(C)C)C/C(=C\c3nc(C)c(C)nc3C)C2=NO)nc1C,3900.0,0,1
CHEMBL4085902,COc1cc(Br)c(/C=C2\CC(C)CC(=C\c3nc(C)c(C)nc3C)/C2=N/O)cc1OC,2900.0,0,1
CHEMBL4064361,COc1cc(Br)c(/C=C2\CN(C)CC(=C\c3nc(C)c(C)nc3C)/C2=N\O)cc1OC,20.0,1,1
CHEMBL4093642,COc1cc(Br)c(/C=C2\CN(C(C)C)CC(=C\c3nc(C)c(C)nc3C)/C2=N/O)cc1OC,4900.0,0,1
CHEMBL4071474,C=CC(=O)N1CC[C@H](N2C(=O)N(c3ccccc3Cl)Cc3cnc(Nc4ccc(N5CCN(C)CC5)c(C)c4)nc32)C1,0.5,1,1
CHEMBL4098507,CCC(=O)N1CC[C@H](N2C(=O)N(c3ccccc3Cl)Cc3cnc(Nc4ccc(N5CCN(C)CC5)c(C)c4)nc32)C1,15.7,1,1
CHEMBL4074601,CC(=O)N1CC[C@H](N2C(=O)N(c3ccccc3Cl)Cc3cnc(Nc4ccc(N5CCN(C)CC5)c(C)c4)nc32)C1,12.1,1,1
CHEMBL4095063,Cc1cc(Nc2ncc3c(n2)N([C@H]2CCN(C(=O)C(C)C)C2)C(=O)N(c2ccccc2Cl)C3)ccc1N1CCN(C)CC1,8.5,1,1
CHEMBL4065970,CCCC(=O)N1CC[C@H](N2C(=O)N(c3ccccc3Cl)Cc3cnc(Nc4ccc(N5CCN(C)CC5)c(C)c4)nc32)C1,28.9,1,1
CHEMBL4087375,Cc1cc(Nc2ncc3c(n2)N([C@H]2CCN(C(=O)CC(C)C)C2)C(=O)N(c2ccccc2Cl)C3)ccc1N1CCN(C)CC1,22.2,1,1
CHEMBL4092632,Cc1cc(Nc2ncc3c(n2)N([C@H]2CCN(C(=O)C(C)(C)C)C2)C(=O)N(c2ccccc2Cl)C3)ccc1N1CCN(C)CC1,29.4,1,1
CHEMBL4064937,Cc1cc(Nc2ncc3c(n2)N([C@H]2CCN(C(=O)C4CC4)C2)C(=O)N(c2ccccc2Cl)C3)ccc1N1CCN(C)CC1,28.7,1,1
CHEMBL4084868,Cc1cc(Nc2ncc3c(n2)N([C@H]2CCN(C(=O)C4CCCC4)C2)C(=O)N(c2ccccc2Cl)C3)ccc1N1CCN(C)CC1,25.5,1,1
CHEMBL4102822,Cc1cc(Nc2ncc3c(n2)N([C@H]2CCN(C(=O)C4CCCCC4)C2)C(=O)N(c2ccccc2Cl)C3)ccc1N1CCN(C)CC1,24.9,1,1
CHEMBL4062178,Cc1cc(Nc2ncc3c(n2)N([C@H]2CCN(C(=O)CO)C2)C(=O)N(c2ccccc2Cl)C3)ccc1N1CCN(C)CC1,7.0,1,1
CHEMBL4083904,Cc1cc(Nc2ncc3c(n2)N([C@H]2CCN(C(=O)CN(C)C)C2)C(=O)N(c2ccccc2Cl)C3)ccc1N1CCN(C)CC1,26.6,1,1
CHEMBL4062830,CCCN1CC[C@H](N2C(=O)N(c3ccccc3Cl)Cc3cnc(Nc4ccc(N5CCN(C)CC5)c(C)c4)nc32)C1,52.8,1,1
CHEMBL4098591,CCC(=O)N1CC[C@@H](N2C(=O)N(c3ccccc3Cl)Cc3cnc(Nc4ccc(N5CCN(C)CC5)c(C)c4)nc32)C1,23.4,1,1
CHEMBL4060198,CCC(=O)N1CC[C@H](N2C(=O)N(c3ccccc3F)Cc3cnc(Nc4ccc(N5CCN(C)CC5)c(C)c4)nc32)C1,17.6,1,1
CHEMBL4089951,CCC(=O)N1CC[C@H](N2C(=O)N(c3ccccc3C)Cc3cnc(Nc4ccc(N5CCN(C)CC5)c(C)c4)nc32)C1,7.6,1,1
CHEMBL4070404,CCC(=O)N1CC[C@H](N2C(=O)N(c3cccc(F)c3)Cc3cnc(Nc4ccc(N5CCN(C)CC5)c(C)c4)nc32)C1,35.8,1,1
CHEMBL4097682,CCC(=O)N1CC[C@H](N2C(=O)N(c3ccc(F)cc3)Cc3cnc(Nc4ccc(N5CCN(C)CC5)c(C)c4)nc32)C1,71.6,1,1
CHEMBL4079649,CCC(=O)N1CC[C@H](N2C(=O)N(c3cccc(Cl)c3)Cc3cnc(Nc4ccc(N5CCN(C)CC5)c(C)c4)nc32)C1,144.0,1,1
CHEMBL4105392,CCC(=O)N1CC[C@H](N2C(=O)N(c3ccc(Cl)cc3)Cc3cnc(Nc4ccc(N5CCN(C)CC5)c(C)c4)nc32)C1,383.0,1,1
CHEMBL4087525,CCC(=O)N1CC[C@H](N2C(=O)N(c3cccc(C)c3)Cc3cnc(Nc4ccc(N5CCN(C)CC5)c(C)c4)nc32)C1,365.0,1,1
CHEMBL4097770,CCC(=O)N1CC[C@H](N2C(=O)N(c3ccc(C)cc3)Cc3cnc(Nc4ccc(N5CCN(C)CC5)c(C)c4)nc32)C1,377.0,1,1
CHEMBL4070640,CCC(=O)N1CC[C@H](N2C(=O)N(c3ccccc3OC)Cc3cnc(Nc4ccc(N5CCN(C)CC5)c(C)c4)nc32)C1,27.4,1,1
CHEMBL4105503,CCC(=O)N1CC[C@H](N2C(=O)N(c3cccc(OC)c3)Cc3cnc(Nc4ccc(N5CCN(C)CC5)c(C)c4)nc32)C1,417.0,1,1
CHEMBL4081252,CCC(=O)N1CC[C@H](N2C(=O)N(c3ccc(OC)cc3)Cc3cnc(Nc4ccc(N5CCN(C)CC5)c(C)c4)nc32)C1,153.0,1,1
CHEMBL4067916,CCC(=O)N1CC[C@H](N2C(=O)N(c3cccc(OC(F)F)c3)Cc3cnc(Nc4ccc(N5CCN(C)CC5)c(C)c4)nc32)C1,257.0,1,1
CHEMBL4089120,CCC(=O)N1CC[C@H](N2C(=O)N(c3cccc(OC(F)(F)F)c3)Cc3cnc(Nc4ccc(N5CCN(C)CC5)c(C)c4)nc32)C1,889.0,1,1
CHEMBL4078801,CCC(=O)N1CC[C@H](N2C(=O)N(c3cccc(OC)c3F)Cc3cnc(Nc4ccc(N5CCN(C)CC5)c(C)c4)nc32)C1,421.0,1,1
CHEMBL4096822,CCC(=O)N1CC[C@H](N2C(=O)N(c3cc(OC)ccc3F)Cc3cnc(Nc4ccc(N5CCN(C)CC5)c(C)c4)nc32)C1,362.0,1,1
CHEMBL4063067,CCC(=O)N1CC[C@H](N2C(=O)N(c3cccc(OC)c3Cl)Cc3cnc(Nc4ccc(N5CCN(C)CC5)c(C)c4)nc32)C1,413.0,1,1
CHEMBL4084726,CCC(=O)N1CC[C@H](N2C(=O)N(c3cc(OC)ccc3Cl)Cc3cnc(Nc4ccc(N5CCN(C)CC5)c(C)c4)nc32)C1,373.0,1,1
CHEMBL4095071,CCC(=O)N1CC[C@H](N2C(=O)N(c3cc(OC)ccc3F)Cc3cnc(Nc4ccc(N5CCN(C)CC5)cc4)nc32)C1,1100.0,0,1
CHEMBL4074615,CCC(=O)N1CC[C@H](N2C(=O)N(c3cc(OC)ccc3F)Cc3cnc(Nc4ccc(N5CCN(C)CC5)cc4C)nc32)C1,2500.0,0,1
CHEMBL4087383,CCC(=O)N1CC[C@H](N2C(=O)N(c3cc(OC)ccc3F)Cc3cnc(Nc4ccc(N5CCN(C)CC5)cc4OC)nc32)C1,1600.0,0,1
CHEMBL4065984,CCC(=O)N1CC[C@H](N2C(=O)N(c3cc(OC)ccc3F)Cc3cnc(Nc4ccc(N5CCN(C)CC5)c(OC)c4)nc32)C1,600.0,1,1
CHEMBL4079506,CCC(=O)N1CC[C@H](N2C(=O)N(c3cc(OC)ccc3F)Cc3cnc(Nc4ccc(N5CCN(C)CC5)c(F)c4)nc32)C1,1300.0,0,1
CHEMBL4103761,CCC(=O)N1CC[C@H](N2C(=O)N(c3cc(OC)ccc3F)Cc3cnc(Nc4ccc(N5CCN(C)CC5)c(Cl)c4)nc32)C1,1200.0,0,1
CHEMBL4068695,CCC(=O)N1CC[C@H](N2C(=O)N(c3cc(OC)ccc3F)Cc3cnc(Nc4ccc(N5CCN(C)CC5)c(C(F)(F)F)c4)nc32)C1,3400.0,0,1
CHEMBL4096014,CCC(=O)N1CC[C@H](N2C(=O)N(c3cc(OC)ccc3F)Cc3cnc(Nc4ccc(N5CCN(C)CC5)c(CC)c4)nc32)C1,518.0,1,1
CHEMBL4083916,CCC(=O)N1CC[C@H](N2C(=O)N(c3cc(OC)ccc3F)Cc3cnc(Nc4ccc(N5CCN(C)CC5)c(C(C)C)c4)nc32)C1,365.0,1,1
CHEMBL4062192,CCC(=O)N1CC[C@H](N2C(=O)N(c3cc(OC)ccc3F)Cc3cnc(Nc4ccc(N5CCCCC5)c(C)c4)nc32)C1,467.0,1,1
CHEMBL4102288,CCC(=O)N1CC[C@H](N2C(=O)N(c3cc(OC)ccc3F)Cc3cnc(Nc4ccc(N5CCOCC5)c(C)c4)nc32)C1,626.0,1,1
CHEMBL4078026,CCC(=O)N1CC[C@H](N2C(=O)N(c3cc(OC)ccc3F)Cc3cnc(Nc4ccc(N5CCN(C(C)=O)CC5)c(C)c4)nc32)C1,148.0,1,1
CHEMBL4083224,CCC(=O)N1CC[C@H](N2C(=O)N(c3cc(OC)ccc3F)Cc3cnc(Nc4ccc(N5CCCN(C)CC5)c(C)c4)nc32)C1,209.0,1,1
CHEMBL4076405,CCC(=O)N1CC[C@H](N2C(=O)N(c3cc(OC)ccc3F)Cc3cnc(Nc4ccc(N5CCC(N(C)C)CC5)c(C)c4)nc32)C1,286.0,1,1
CHEMBL4086821,CCC(=O)N1CC[C@H](N2C(=O)N(c3cc(OC)ccc3F)Cc3cnc(Nc4ccc(N5CCC6(CCN(C)C6)C5)c(C)c4)nc32)C1,295.7,1,1
CHEMBL4104717,CCC(=O)N1CC[C@H](N2C(=O)N(c3cc(OC)ccc3F)Cc3cnc(Nc4ccc(N5CCC6(CCN(C)CC6)CC5)c(C)c4)nc32)C1,224.5,1,1
CHEMBL4078973,CCC(=O)N1CC[C@H](N2C(=O)N(c3cc(OC)ccc3F)Cc3cnc(Nc4ccc(N5CC6(CCN(C)CC6)C5)c(C)c4)nc32)C1,218.0,1,1
CHEMBL4096988,CCC(=O)N1CC[C@H](N2C(=O)N(c3cc(OC)ccc3F)Cc3cnc(Nc4ccc(N5C[C@H]6CN(C)C[C@H]6C5)c(C)c4)nc32)C1,216.0,1,1
CHEMBL4076515,CCC(=O)N1CC[C@H](N2C(=O)N(c3cc(OC)ccc3F)Cc3cnc(Nc4ccc(N(C)CCN(C)C)c(C)c4)nc32)C1,1300.0,0,1
CHEMBL4093535,CCC(=O)N1CC[C@H](N2C(=O)N(c3cc(OC)ccc3F)Cc3cnc(Nc4ccc(N5CCN(C)C(C)C5)c(C)c4)nc32)C1,715.0,1,1
CHEMBL4103893,CCC(=O)N1CC[C@H](N2C(=O)N(c3cc(OC)ccc3F)Cc3cnc(Nc4ccc(N5C[C@@H](C)N(C)[C@@H](C)C5)c(C)c4)nc32)C1,888.2,1,1
CHEMBL4072688,CCC(=O)N1CC[C@H](N2C(=O)N(c3cc(OC)ccc3F)Cc3cnc(Nc4ccc(N5CCN(C6COC6)CC5)c(C)c4)nc32)C1,302.0,1,1
CHEMBL4066141,CCC(=O)N1CC[C@H](N2C(=O)N(c3cc(OC)ccc3Cl)Cc3cnc(Nc4ccc(N5CCN(C6COC6)CC5)c(C)c4)nc32)C1,360.0,1,1
CHEMBL4094527,C=CC(=O)N1CCC[C@@H](n2ncc3c(N)ncnc32)C1,2050.0,0,2
CHEMBL4091966,C=CC(=O)N1CCC[C@@H](n2nc(I)c3c(N)ncnc32)C1,20.0,1,2
CHEMBL4071151,C#Cc1nn([C@@H]2CCCN(C(=O)C=C)C2)c2ncnc(N)c12,826.5,1,4
CHEMBL4099713,C=CC(=O)N1CCC[C@@H](n2nc(-c3ccccc3)c3c(N)ncnc32)C1,125.0,1,2
CHEMBL4081698,CCC(=O)N1CCC[C@@H](n2nc(-c3ccccc3)c3c(N)ncnc32)C1,4700.0,0,1
CHEMBL4073874,CN(C)C/C=C/C(=O)N1CCC[C@@H](n2nc(-c3ccccc3)c3c(N)ncnc32)C1,3410.0,0,2
CHEMBL4100655,C=CC(=O)N1CCC[C@@H](n2nc(-c3cccc(F)c3)c3c(N)ncnc32)C1,120.0,1,2
CHEMBL4084214,CCC(=O)N1CCC[C@@H](n2nc(-c3cccc(F)c3)c3c(N)ncnc32)C1,3400.0,0,1
CHEMBL4062509,C=CC(=O)N1CCC[C@@H](n2nc(-c3ccc(F)cc3)c3c(N)ncnc32)C1,155.0,1,2
CHEMBL4103121,CCC(=O)N1CCC[C@@H](n2nc(-c3ccc(F)cc3)c3c(N)ncnc32)C1,5000.0,0,1
CHEMBL2180204,C=CC(=O)N1CCC[C@@H](n2nc(-c3cccc(C(F)(F)F)c3)c3c(N)ncnc32)C1,125.0,1,2
CHEMBL4101735,CN(C)C/C=C/C(=O)N1CCC[C@@H](n2nc(-c3cccc(C(F)(F)F)c3)c3c(N)ncnc32)C1,3550.0,0,2
CHEMBL2180203,C=CC(=O)N1CCC[C@@H](n2nc(-c3ccc(C(F)(F)F)cc3)c3c(N)ncnc32)C1,165.0,1,2
CHEMBL4063701,CCC(=O)N1CCC[C@@H](n2nc(-c3ccc(C(F)(F)F)cc3)c3c(N)ncnc32)C1,5900.0,0,1
CHEMBL4099254,C=CC(=O)N1CCC[C@@H](n2nc(C3CC3)c3c(N)ncnc32)C1,165.0,1,2
CHEMBL4072299,C=CC(=O)N1CCC[C@@H](n2nc(-c3ccc(O)cc3)c3c(N)ncnc32)C1,21.5,1,2
CHEMBL4060919,C=CC(=O)N1CCC[C@@H](n2nc(Cc3ccccc3)c3c(N)ncnc32)C1,6.5,1,2
CHEMBL4082783,C=CC(=O)N1CCC[C@@H](n2nc(C#CC3CCCC3)c3c(N)ncnc32)C1,730.0,1,2
CHEMBL4069586,C=CC(=O)N1CCC[C@@H](n2nc(C#CCC3CCCC3)c3c(N)ncnc32)C1,520.0,1,2
CHEMBL4090601,C=CC(=O)N1CCC[C@@H](n2nc(-c3ccc4ccccc4c3)c3c(N)ncnc32)C1,52.0,1,6
CHEMBL4095447,C=CC(=O)N1CCC[C@@H](n2nc(-c3cccc4ccccc34)c3c(N)ncnc32)C1,2.0,1,7
CHEMBL4103201,C=CC(=O)N1CCC[C@@H](n2nc(-c3cnc4[nH]ccc4c3)c3c(N)ncnc32)C1,2.5,1,2
CHEMBL4094959,C=CC(=O)N1CCC[C@@H](n2nc(-c3cn(C)c4ccccc34)c3c(N)ncnc32)C1,3.0,1,9
CHEMBL4075015,C=CC(=O)N1CCC[C@@H](n2nc(-c3ccc(N(C)C)c4ccccc34)c3c(N)ncnc32)C1,240.0,1,2
CHEMBL4073960,C=CC(=O)N1CCC[C@@H](n2nc(-c3ccc(F)c4ccccc34)c3c(N)ncnc32)C1,20.0,1,2
CHEMBL4079658,C=CC(=O)Nc1cc(Nc2nccc(-c3cn(C)c4ccccc34)n2)c(OC)cc1N(C)CC[N+](C)(C)[O-],6.4,1,1
CHEMBL4103912,C=CC(=O)Nc1cc(Nc2nccc(-c3cn(C)c4ccc(F)cc34)n2)c(OC)cc1N(C)CCN(C)C,2.4850000000000003,1,2
CHEMBL4087538,C=CC(=O)Nc1cc(Nc2nccc(-c3cn(C)c4c(F)cccc34)n2)c(OC)cc1N(C)CCN(C)C,6.0,1,1
CHEMBL4066170,C=CC(=O)Nc1cc(Nc2nccc(-c3cn(C)c4ccc(F)cc34)n2)c(OC)cc1N(C)CC[N+](C)(C)[O-],10.2,1,1
CHEMBL4072620,C=CC(=O)Nc1cc(Nc2nccc(-c3cn(C)c4c(F)cccc34)n2)c(OC)cc1N(C)CC[N+](C)(C)[O-],17.8,1,1
CHEMBL4073595,COc1cc2c(Nc3ccc(OCc4cccc(F)c4)c(Cl)c3)ncnc2cc1OCCCN1C[C@H](O)[C@@H](O)[C@H](O)[C@H]1CO,4.53,1,1
CHEMBL4102886,C#Cc1cccc(Nc2ncnc3cc(OCCCN4C[C@H](O)[C@@H](O)[C@H](O)[C@H]4CO)c(OC)cc23)c1,4.87,1,1
CHEMBL4079553,COc1cc2ncnc(Nc3ccc(F)c(Cl)c3)c2cc1OCCCN1C[C@H](O)[C@@H](O)[C@H](O)[C@H]1CO,10.71,1,1
CHEMBL4086056,COc1cc2c(Nc3ccc(F)c(Cl)c3)ncnc2cc1OCCCN1C[C@H](O)[C@@H](O)[C@H](O)[C@H]1CO,1.79,1,1
CHEMBL4068839,C=CC(=O)N1CCC[C@@H](n2nc(-c3ccc(OCc4ccccn4)c(Cl)c3)c3c(N)ncnc32)C1,5.3,1,1
CHEMBL4071494,Oc1ccc(-c2nc(-c3ccco3)c(-c3ccnc4[nH]c(-c5ccccc5)cc34)[nH]2)cc1,2305.0,0,2
CHEMBL4070454,Oc1ccc(-c2nc(-c3ccccc3)c(-c3ccnc4[nH]c(-c5ccccc5)cc34)[nH]2)cc1,334.6,1,2
CHEMBL4097627,Oc1cccc(-c2nc(-c3ccc(F)cc3)c(-c3ccnc4[nH]c(-c5ccccc5)cc34)[nH]2)c1,706.0,1,3
CHEMBL4088971,OCCCc1nc(-c2ccc(F)cc2)c(-c2ccnc3[nH]ccc23)[nH]1,893.0,1,3
CHEMBL2179119,Oc1ccc(-c2nc(-c3ccc(F)cc3)c(-c3ccnc4[nH]c(-c5ccccc5)cc34)[nH]2)cc1,916.0,1,3
CHEMBL2179128,Fc1ccc(-c2nc(-c3ccccc3)[nH]c2-c2ccnc3[nH]c(-c4ccccc4)cc23)cc1,1430.0,0,3
CHEMBL2179124,Fc1ccc(-c2nc(-c3ccccc3)[nH]c2-c2ccnc3[nH]ccc23)cc1,631.0,1,1
CHEMBL4100759,C=CC(=O)NCc1cccc(-c2nc(-c3ccc(F)cc3)c(-c3ccnc4[nH]c(-c5ccccc5)cc34)[nH]2)c1,138.0,1,2
CHEMBL4090582,CN(C)C/C=C/C(=O)NCc1cccc(-c2nc(-c3ccc(F)cc3)c(-c3ccnc4[nH]c(-c5ccccc5)cc34)[nH]2)c1,364.0,1,3
CHEMBL4062617,C=CC(=O)NCc1cccc(-c2nc(C3CC3)c(-c3ccnc4[nH]c(-c5ccccc5)cc34)[nH]2)c1,7610.0,0,2
CHEMBL4066951,Nc1cccc(-c2cc3c(-c4[nH]c(-c5ccccc5)nc4-c4ccc(F)cc4)ccnc3[nH]2)c1,333.2,1,2
CHEMBL4094438,C=CC(=O)Nc1cccc(-c2cc3c(-c4[nH]c(-c5ccccc5)nc4-c4ccc(F)cc4)ccnc3[nH]2)c1,470.05,1,2
CHEMBL4077917,CCC(=O)Nc1cccc(-c2cc3c(-c4[nH]c(-c5ccccc5)nc4-c4ccc(F)cc4)ccnc3[nH]2)c1,502.85,1,2
CHEMBL4102179,C=CC(=O)NCc1cccc(-c2cc3c(-c4[nH]c(-c5ccccc5)nc4-c4ccc(F)cc4)ccnc3[nH]2)c1,358.6,1,2
CHEMBL4064224,C=CC(=O)Nc1cccc(-c2c[nH]c3nccc(Cl)c23)c1,263.45,1,2
CHEMBL4077228,CCC(=O)Nc1cccc(-c2c[nH]c3nccc(-c4[nH]c(CCCO)nc4-c4ccc(F)cc4)c23)c1,3089.5,0,2
CHEMBL4078920,C=CC(=O)Nc1cccc(-c2c[nH]c3nccc(-c4[nH]c(CCCO)nc4C4CC4)c23)c1,258.0,1,1
CHEMBL4069229,C=CC(=O)Nc1cccc(-c2c[nH]c3nccc(-c4[nH]c(CCCO)nc4C(F)(F)F)c23)c1,1088.5,0,2
CHEMBL4072874,C=CC(=O)Nc1cccc(-c2c[nH]c3nccc(-c4[nH]c(-c5ccccc5)nc4-c4ccc(F)cc4)c23)c1,59.9,1,2
CHEMBL4061829,OCCc1nc(-c2ccc(F)cc2)c(-c2ccnc3[nH]c(-c4ccccc4)cc23)[nH]1,7.64,1,3
CHEMBL4089892,OCCCCc1nc(-c2ccc(F)cc2)c(-c2ccnc3[nH]c(-c4ccccc4)cc23)[nH]1,8.83,1,3
CHEMBL4071827,C=CC(=O)Nc1cccc(-c2c[nH]c3nccc(-c4[nH]c(CCCO)nc4-c4ccc(F)cc4)c23)c1,1.52,1,1
CHEMBL4082764,NCc1cccc(-c2nc(-c3ccc(F)cc3)c(-c3ccnc4[nH]c(-c5ccccc5)cc34)[nH]2)c1,248.0,1,2
CHEMBL4101719,OCCCc1nc(-c2ccc(F)cc2)c(-c2ccnc3[nH]c(-c4ccccc4)cc23)[nH]1,21.0,1,4
CHEMBL4069277,C=CC(=O)Nc1cc(Nc2nccc(-c3cn4c5c(cccc35)CCC4)n2)c(OC)cc1N(C)CCN(C)C(C)=O,286.85,1,2
CHEMBL4092788,C=CC(=O)Nc1cc(Nc2nccc(-c3cn4c5c(cccc35)CCC4)n2)c(OC)cc1N(C)CC(=O)N(C)C,388.1,1,2
CHEMBL4087243,C=CC(=O)Nc1cc(Nc2nccc(-c3cn4c5c(cccc35)CCC4)n2)c(OC)cc1N(C)CCO,113.55000000000001,1,2
CHEMBL4082763,C=CC(=O)Nc1cc(Nc2cc(-c3cn(C)c4ccccc34)nc(OC)n2)c(OC)cc1N(C)CCN(C)C,67.15,1,2
CHEMBL4066569,C=CC(=O)Nc1cc(Nc2cc(-c3cn(C)c4ccccc34)nc(C)n2)c(OC)cc1N(C)CCN(C)C,53.55,1,2
CHEMBL4086559,C=CC(=O)Nc1cc(Nc2ncnc(-c3cn(C)c4ccccc34)c2OC)c(OC)cc1N(C)CCN(C)C,134.0,1,2
CHEMBL4099377,C=CC(=O)Nc1cc(Nc2ncnc(-c3cn(C)c4ccccc34)c2F)c(OC)cc1N(C)CCN(C)C,52.35,1,2
CHEMBL4077973,C=CC(=O)Nc1cc(Nc2cc(-c3cn4c5c(cccc35)CCC4)nc(OC)n2)c(OC)cc1N(C)CCN(C)C,101.55,1,2
CHEMBL4096021,C=CC(=O)Nc1cc(Nc2cc(-c3cn4c5c(cccc35)CCC4)ncn2)c(OC)cc1N(C)CCN(C)C,1.9,1,2
CHEMBL4085842,C=CC(=O)Nc1cc(Nc2cc(-c3cn(C)c4ccccc34)ncn2)c(OC)cc1N(C)CCN(C)C,1.9000000000000001,1,2
CHEMBL4094086,C=CC(=O)Nc1cc(Nc2nc(OC)cc(-c3cn(C)c4ccccc34)n2)c(OC)cc1N(C)CCN(C)C,83.8,1,2
CHEMBL4104658,C=CC(=O)Nc1cc(Nc2nccc(-c3cn4c5c(cccc35)CCC4)n2)c(OC)cc1N(C)CCN(C)C,5.3,1,3
CHEMBL4067014,C=CC(=O)Nc1cc(Nc2nccc(-n3cc(C)c4ccccc43)n2)c(OC)cc1N(C)CCN(C)C,236.5,1,2
CHEMBL4081429,C=CC(=O)Nc1cc(Nc2nccc(-c3cn4c5c(cccc35)CCC4)n2)c(OC)cc1N1CCNC(=O)C1,828.85,1,2
CHEMBL4099445,C=CC(=O)Nc1cc(Nc2nccc(-c3cn4c5c(cccc35)CCC4)n2)c(OC)cc1N1CCN(C)CC1,59.9,1,2
CHEMBL4098967,C=CC(=O)Nc1cc(Nc2nccc(-c3cn4c5c(cccc35)CCC4)n2)c(OC)cc1N1CCC(CN(C)C)C1,2.95,1,2
CHEMBL4080934,C=CC(=O)Nc1cc(Nc2nccc(-c3cn4c5c(cccc35)CCC4)n2)c(OC)cc1N1CC(CCN(C)C)C1,13.15,1,2
CHEMBL4080008,C=CC(=O)Nc1cc(Nc2nccc(-c3cn4c5c(cccc35)CCC4)n2)c(OC)cc1N1CC(CN(C)C)C1,9.15,1,2
CHEMBL4097141,C=CC(=O)Nc1cc(Nc2nccc(-c3cn4c5c(cccc35)CCC4)n2)c(OC)cc1N1CC(N(C)C)C1,9.25,1,2
CHEMBL4082724,COc1cc2c(Oc3ccc(NC(=O)c4nc5ccccc5n(-c5ccc(F)cc5)c4=O)cc3F)ccnc2cc1OCCCN1CCN(C)CC1,980.83,1,1
CHEMBL4095253,C=CS(=O)(=O)N1CCC[C@@H]1Cn1cc(-c2ccc3c(c2)OCO3)c2c(N)ncnc21,642.7,1,1
CHEMBL4125764,C=CC(=O)N[C@@H]1CCN(c2nc(Nc3ccccc3)nc3cnc(Nc4ccc(N5CCN(C)CC5)cn4)cc23)C1,20.650000000000002,1,2
CHEMBL4127809,C=CC(=O)N[C@H]1CCN(c2nc(Nc3ccccc3)nc3cnc(Nc4ccc(N5CCN(C)CC5)cn4)cc23)C1,26.5,1,3
CHEMBL4129209,C=CC(=O)N[C@@H]1CCCN(c2nc(Nc3ccccc3)nc3cnc(Nc4ccc(N5CCN(C)CC5)cn4)cc23)C1,85.1,1,2
CHEMBL4129287,C=CC(=O)N[C@H]1CCCN(c2nc(Nc3ccccc3)nc3cnc(Nc4ccc(N5CCN(C)CC5)cn4)cc23)C1,187.65,1,2
CHEMBL4127897,C=CC(=O)N1CC[C@@H](Nc2nc(Nc3ccccc3)nc3cnc(Nc4ccc(N5CCN(C)CC5)cn4)cc23)C1,55.5,1,2
CHEMBL4125840,C=CC(=O)N1CC[C@H](Nc2nc(Nc3ccccc3)nc3cnc(Nc4ccc(N5CCN(C)CC5)cn4)cc23)C1,124.45,1,2
CHEMBL4129138,CN1CCN(c2ccc(Nc3cc4c(N[C@@H]5CCCN(C)C5)nc(Nc5ccccc5)nc4cn3)nc2)CC1,67.35,1,2
CHEMBL4126810,CN1CCN(c2ccc(Nc3cc4c(N[C@H]5CCCN(C)C5)nc(Nc5ccccc5)nc4cn3)nc2)CC1,23.3,1,3
CHEMBL4126797,C=CC(=O)Nc1cccc(-n2c(=O)n(C)c(=O)c3cnc(Nc4ccc(N5CCN(C(C)=O)CC5)cc4OC)nc32)c1,46.0,1,1
CHEMBL4126654,C=CC(=O)Nc1cccc(-n2c(=O)n(C)c(=O)c3cnc(Nc4ccc(N5CCOCC5)cc4OC)nc32)c1,70.0,1,1
CHEMBL4125772,C=CC(=O)Nc1cccc(-n2c(=O)n(C)c(=O)c3cnc(Nc4ccc(N5CCSCC5)cc4OC)nc32)c1,91.0,1,1
CHEMBL4129387,C=CC(=O)Nc1cccc(-n2c(=O)n(C)c(=O)c3cnc(Nc4ccc(N5CCC(N(C)C)CC5)cc4OC)nc32)c1,30.0,1,1
CHEMBL4128726,C=CC(=O)Nc1cccc(-n2c(=O)n(C)c(=O)c3cnc(Nc4ccccc4)nc32)c1,68.0,1,1
CHEMBL4126358,C=CC(=O)Nc1cccc(-n2c(=O)n(CC)c(=O)c3cnc(Nc4ccc(N5CCC(N(C)C)CC5)cc4OC)nc32)c1,2.5,1,1
CHEMBL4129646,C=CC(=O)Nc1cccc(-n2c(=O)n(CCC)c(=O)c3cnc(Nc4ccc(N5CCC(N(C)C)CC5)cc4OC)nc32)c1,0.4,1,1
CHEMBL4129781,C=CC(=O)Nc1cccc(-n2c(=O)n(C(C)C)c(=O)c3cnc(Nc4ccc(N5CCC(N(C)C)CC5)cc4OC)nc32)c1,0.8,1,1
CHEMBL4128415,C=CC(=O)Nc1cccc(-n2c(=O)n(Cc3ccccc3)c(=O)c3cnc(Nc4ccc(N5CCC(N(C)C)CC5)cc4OC)nc32)c1,1.9,1,1
CHEMBL4128567,C=CC(=O)Nc1cccc(-n2c(=O)n(CCc3ccccc3)c(=O)c3cnc(Nc4ccc(N5CCC(N(C)C)CC5)cc4OC)nc32)c1,1.0,1,1
CHEMBL4130016,C=CC(=O)Nc1cccc(-n2c(=O)n(CCCc3ccccc3)c(=O)c3cnc(Nc4ccc(N5CCC(N(C)C)CC5)cc4OC)nc32)c1,1.4,1,1
CHEMBL4127317,C=CC(=O)Nc1cccc(-n2c(=O)n(C(C)C)c(=O)c3cnc(Nc4ccc(N5CCN(C)CC5)cc4OC)nc32)c1,0.3,1,1
CHEMBL4125940,C=CC(=O)Nc1cccc(-n2c(=O)n(C(C)C)c(=O)c3cnc(Nc4ccc(N5CCN(C)CC5)c(OC)c4)nc32)c1,6.8,1,1
CHEMBL4126630,C=CC(=O)Nc1cccc(-n2c(=O)n(C(C)C)c(=O)c3cnc(Nc4ccc(N5CCN(C)CC5)c(C)c4)nc32)c1,1.0,1,1
CHEMBL4129902,C=CC(=O)Nc1cccc(-n2c(=O)n(C(C)C)c(=O)c3cnc(Nc4ccc(N(C)CCN(C)C)cc4OC)nc32)c1,16.0,1,1
CHEMBL4126986,C=CC(=O)Nc1cccc(-n2c(=O)n(C(C)C)c(=O)c3cnc(Nc4ccc(OCCN(C)C)cc4OC)nc32)c1,115.0,1,1
CHEMBL4129607,C=CC(=O)Nc1cccc(-n2c(=O)n(C(C)C)c(=O)c3cnc(Nc4ccc(N5CCC(N6CCN(C)CC6)CC5)cc4OC)nc32)c1,14.0,1,1
CHEMBL4168235,COc1cc2c(Nc3ccc(C#N)cc3)ncnc2cc1OCCCN1CCC(c2ccccc2)CC1,3.62,1,1
CHEMBL4171764,Brc1cccc(Nc2ncnc3sc4c(c23)CCCC4)c1,2.61,1,1
CHEMBL4166412,NS(=O)(=O)c1ccc(-n2c(SCC(=O)Nc3cnc4ccccc4c3)nc3cc4ccccc4cc3c2=O)cc1,110.0,1,1
CHEMBL4176629,NS(=O)(=O)c1ccc(-n2c(SCC(=O)Nc3ccc([N+](=O)[O-])cc3[N+](=O)[O-])nc3cc4ccccc4cc3c2=O)cc1,60.0,1,1
CHEMBL4164936,NS(=O)(=O)c1ccc(-n2c(SCC(=O)Nc3cc(Cl)c(Cl)cc3Cl)nc3cc4ccccc4cc3c2=O)cc1,240.0,1,1
CHEMBL4171543,C=CC(=O)Nc1ccc(-c2ccc(NC(=O)Nc3cccc(Cl)c3)cc2)cn1,8.7,1,1
CHEMBL4166436,COc1cc(-n2cc(CN3C[C@@H](C)N[C@@H](C)C3)nn2)ccc1Nc1ncc(Cl)c(Nc2ccccc2S(=O)(=O)C(C)C)n1,865.0,1,1
CHEMBL4166038,COc1cc(-n2cc(CN3CCNCC3)nn2)ccc1Nc1ncc(Cl)c(Nc2ccccc2S(=O)(=O)C(C)C)n1,890.0,1,1
CHEMBL4163321,CN(CCN(C)Cc1ccc(C(=O)Nc2ccc3ncnc(Nc4cccc(Cl)c4)c3c2)cc1)CCn1nc(-c2ccc(Cl)cc2)c2c(N)ncnc21,320.0,1,2
CHEMBL4160854,Nc1n[nH]c2cccc(-c3ccc(NC(=S)Nc4cc(Br)ccc4OC(F)(F)F)cc3)c12,5400.0,0,1
CHEMBL4159909,C=CC(=O)Nc1cc(Nc2ncc(Cl)c(Nc3ccccc3S(=O)(=O)C(C)C)n2)c(OC)cc1N1CCCN(C)CC1,43.2,1,4
CHEMBL4171115,COc1cc2c(Oc3ccc(NC(=O)NN4C(=O)CSC4c4c(F)cccc4F)c(F)c3)ccnc2cc1OCCCN1CCCC1,812.0,1,1
CHEMBL4173696,C/C=C/c1ccc(Nc2ncnc3cc(OCCCN4CCOCC4)c(OCCCN4CCOCC4)cc23)cc1,20.72,1,3
CHEMBL4161938,Fc1cccc(COc2ccc(Nc3ncnc4cc(OCCCN5CCOCC5)c(OCCCN5CCOCC5)cc34)cc2Cl)c1,9.3,1,3
CHEMBL4162767,C=CC(=O)Nc1cc(Nc2nccc(Nc3ccccc3-n3nccn3)n2)c(OC)cc1N(C)CCN(C)C,33.1,1,1
CHEMBL4173470,C=CC(=O)Nc1cc(Nc2nccc(Nc3ccccc3-n3nccn3)n2)c(OC)cc1N1CCC(N(C)C)CC1,202.3,1,1
CHEMBL4173032,C=CC(=O)Nc1cc(Nc2nccc(Nc3ccccc3-n3nccn3)n2)c(OC)cc1N1CCN(C)CC1,174.5,1,1
CHEMBL4165126,C=CC(=O)Nc1cc(Nc2nccc(Nc3ccccc3-n3nccn3)n2)c(OC)cc1N1CCOCC1,838.5,1,1
CHEMBL4175782,C=CC(=O)Nc1cc(Nc2nccc(Nc3ccccc3-c3ncn(C)n3)n2)c(OC)cc1N(C)CCN(C)C,7.7,1,1
CHEMBL4166210,C=CC(=O)Nc1cc(Nc2nccc(Nc3ccccc3-n3cccn3)n2)c(OC)cc1N1CCN(C)CC1,142.7,1,1
CHEMBL4166609,C=CC(=O)Nc1cc(Nc2nccc(Nc3ccccc3-n3cccn3)n2)c(OC)cc1N(C)CCN(C)C,4.1,1,1
CHEMBL4159404,C=CC(=O)Nc1cc(Nc2nccc(Nc3ccccc3-c3ccn(C)n3)n2)c(OC)cc1N1CCC(N(C)C)CC1,38.5,1,1
CHEMBL4164396,C=CC(=O)Nc1cc(Nc2nccc(Nc3ccccc3-c3ccn(C)n3)n2)c(OC)cc1OCCN(C)C,16.4,1,1
CHEMBL4175045,C=CC(=O)Nc1cc(Nc2nccc(Nc3ccccc3-c3ccn(C)n3)n2)c(OC)cc1N(C)CCN(C)C,4.1,1,1
CHEMBL2347958,CN(C)C/C=C/C(=O)Nc1cc2c(Nc3ccc(F)c(Cl)c3)ncnc2cc1O[C@@H]1CCOC1,6.0,1,8
CHEMBL4162882,CC/C=C/C(=O)Nc1cc2c(N3CCc4ccccc43)ncnc2cc1OC,101.5,1,2
CHEMBL4165267,C/C=C/C(=O)Nc1cc2c(N3CCc4ccccc43)ncnc2cc1O[C@@H]1CCOC1,110.5,1,2
CHEMBL4162530,CCC/C=C/C(=O)Nc1cc2c(N3CCCc4ccccc43)ncnc2cc1OC,97.5,1,2
CHEMBL4165894,COc1cc2ncnc(N3CCc4ccccc43)c2cc1NC(=O)/C=C/CN1CCCC1,18.5,1,2
CHEMBL4161396,COc1cc2ncnc(N3CCc4ccccc43)c2cc1NC(=O)/C=C/CN1CCCCC1,80.2,1,2
CHEMBL4172718,COc1cc2ncnc(N3CCc4ccccc43)c2cc1NC(=O)/C=C/CN1CCC(CO)CC1,12.5,1,2
CHEMBL4168254,CN(C)C/C=C/C(=O)Nc1cc2c(N3CCc4ccccc43)ncnc2cc1O[C@@H]1CCOC1,15.5,1,4
CHEMBL4176787,COc1cc2ncnc(N3CCCc4ccccc43)c2cc1NC(=O)/C=C/CN(C)C,89.5,1,2
CHEMBL4167162,O=C(CN1CCCC1)Nc1ccc2ncnc(Nc3ccc(Cl)cc3)c2c1,32.0,1,1
CHEMBL4166069,O=C(CN1CCCCC1)Nc1ccc2ncnc(Nc3cccc(Br)c3)c2c1,37.0,1,1
CHEMBL4177348,O=C(CN1CCOCC1)Nc1ccc2ncnc(Nc3cccc(Br)c3)c2c1,98.0,1,1
CHEMBL4169489,CN1CCN(CC(=O)Nc2ccc3ncnc(Nc4cccc(Br)c4)c3c2)CC1,32.0,1,1
CHEMBL4170916,O=C(CN1CCCC1)Nc1ccc2ncnc(Nc3ccc(OCc4cccc(F)c4)cc3)c2c1,71.0,1,1
CHEMBL4213400,CC(C)C(CO)Nc1nc(Nc2ccc(N3CCNCC3)cc2)c2ncn(C(C)C)c2n1,78.0,1,1
CHEMBL4206312,C=CC(=O)N1CC[C@@H](Nc2nc(Nc3ccc(N4CCN(C)CC4)cc3)c3ncn(C(C)C)c3n2)C1,29.0,1,1
CHEMBL4213741,C=CC(=O)N1CC[C@H](Nc2nc(Nc3ccc(N4CCN(C)CC4)cc3)c3ncn(C(C)C)c3n2)C1,280.0,1,1
CHEMBL4208811,C=CC(=O)N[C@H]1CCN(c2nc(Nc3ccc(N4CCN(C)CC4)cc3)c3ncn(C(C)C)c3n2)C1,19.0,1,1
CHEMBL4212326,C=CC(=O)N[C@H]1CCN(c2nc(Nc3cnn(C)c3)c3ncn(C(C)C)c3n2)C1,52.0,1,1
CHEMBL4207951,C=CC(=O)N1C[C@@H]2CN(c3nc(Nc4cnn(C)c4)c4ncn(C(C)C)c4n3)C[C@@H]2C1,49.0,1,1
CHEMBL4204566,C=CC(=O)N[C@H]1CN(c2nc(Nc3cnn(C)c3)c3ncn(C(C)C)c3n2)C[C@@H]1F,713.0,1,1
CHEMBL4216679,C=CC(=O)N[C@@H]1CN(c2nc(Nc3cn(C)nc3OC)c3ncn(C(C)C)c3n2)C[C@H]1F,2.0,1,3
CHEMBL4218154,C=CC(=O)N[C@@H]1CN(c2nc(Nc3cn(C)nc3CC)c3ncn(C(C)C)c3n2)C[C@H]1F,5.0,1,2
CHEMBL4208829,C=CC(=O)N[C@@H]1CN(c2nc(Nc3cn(C)nc3OC)c3ncn(C(C)(C)C)c3n2)C[C@H]1F,17.0,1,1
CHEMBL4205392,C=CC(=O)N[C@@H]1CN(c2nc(Nc3cn(C)nc3OC)c3ncn(CC)c3n2)C[C@H]1F,8.0,1,1
CHEMBL3989970,C=CC(=O)N[C@@H]1CN(c2nc(Nc3cn(C)nc3OC)c3ncn(C)c3n2)C[C@H]1F,5.0,1,3
CHEMBL4213609,C=CC(=O)N[C@@H]1CN(c2nc(Nc3cn(C)nc3OC)c3nc[nH]c3n2)C[C@H]1F,675.0,1,1
CHEMBL4206501,C=CC(=O)Nc1cc(Nc2ccnc(-c3cn(C)c4ccccc34)n2)c(OC)cc1N(C)CCN(C)C,15.0,1,3
CHEMBL3883534,C=CC(=O)Nc1cc2c(Nc3ccc(F)c(Cl)c3)ncnc2cc1OC,4.0,1,2
CHEMBL4210237,C=CC(=O)Nc1ccccc1Oc1nc(Nc2ccc(N3CCN(C)CC3)cc2OC)ncc1Cl,8420.0,0,3
CHEMBL4211322,COc1cc(N2CCN(C)CC2)ccc1Nc1ncc(Cl)c(Oc2ccccc2[N+](=O)[O-])n1,9350.0,0,3
CHEMBL4216784,COc1cc(N2CCN(C)CC2)ccc1Nc1ncc(Cl)c(Oc2ccccc2N)n1,1800.0,0,3
CHEMBL4216265,COc1cc(N2CCN(C)CC2)ccc1Nc1ncc(Cl)c(Oc2ccccc2NC(C)=O)n1,5640.0,0,3
CHEMBL4204596,COc1cc(N2CCN(C)CC2)ccc1Nc1ncc(Cl)c(Oc2ccccc2N=C=S)n1,3070.0,0,3
CHEMBL4203110,COc1cc(N2CCN(C)CC2)ccc1Nc1ncc(Cl)c(Oc2ccccc2N=[N+]=[N-])n1,520.0,1,3
CHEMBL4202780,COc1cc(N2CCN(C)CC2)ccc1Nc1ncc(Cl)c(Oc2ccccc2NC(=O)/C=C/CN(C)C)n1,7800.0,0,3
CHEMBL4215496,COc1cc(N2CCN(C)CC2)ccc1Nc1ncc(Cl)c(Oc2ccccc2NC(=O)COCc2ccccc2)n1,390.0,1,3
CHEMBL4212450,COc1cc(N2CCN(C)CC2)ccc1Nc1ncc(Cl)c(Oc2ccccc2NC(=O)CO)n1,200.0,1,3
CHEMBL4218320,COc1cc(N2CCN(C)CC2)ccc1Nc1ncc(Cl)c(Oc2ccccc2NC(=O)CCOCc2ccccc2)n1,2140.0,0,3
CHEMBL4208712,COc1cc(N2CCN(C)CC2)ccc1Nc1ncc(Cl)c(Oc2ccccc2NC(=O)CCO)n1,1010.0,0,3
CHEMBL4205869,COc1cc(N2CCN(C)CC2)ccc1Nc1ncc(Cl)c(Oc2cccc([N+](=O)[O-])c2)n1,8870.0,0,3
CHEMBL4210744,COc1cc(N2CCN(C)CC2)ccc1Nc1ncc(Cl)c(Oc2cccc(N)c2)n1,6490.0,0,3
CHEMBL4218052,COc1cc(N2CCN(C)CC2)ccc1Nc1ncc(Cl)c(Oc2cccc(N=C=S)c2)n1,5610.0,0,3
CHEMBL4214620,COc1cc(N2CCN(C)CC2)ccc1Nc1ncc(Cl)c(Oc2cccc(N=[N+]=[N-])c2)n1,6220.0,0,3
CHEMBL4202955,COc1cc(N2CCN(C)CC2)ccc1Nc1ncc(Cl)c(Oc2cccc(NC(=O)/C=C/CN(C)C)c2)n1,5010.0,0,3
CHEMBL4202413,COc1cc(N2CCN(C)CC2)ccc1Nc1ncc(Cl)c(Oc2cccc(NC(=O)COCc3ccccc3)c2)n1,2550.0,0,3
CHEMBL4207305,COc1cc(N2CCN(C)CC2)ccc1Nc1ncc(Cl)c(Oc2cccc(NC(=O)CO)c2)n1,1500.0,0,3
CHEMBL4204937,COc1cc(N2CCN(C)CC2)ccc1Nc1ncc(Cl)c(Oc2cccc(NC(=O)CCOCc3ccccc3)c2)n1,2080.0,0,3
CHEMBL4215164,COc1cc(N2CCN(C)CC2)ccc1Nc1ncc(Cl)c(Oc2cccc(NC(=O)CCO)c2)n1,1590.0,0,3
CHEMBL4213082,C=CC(=O)Nc1ccc(Oc2nc(Nc3ccc(N4CCN(C)CC4)cc3OC)ncc2Cl)cc1,2820.0,0,3
CHEMBL4208167,COc1cc(N2CCN(C)CC2)ccc1Nc1ncc(Cl)c(Oc2ccc([N+](=O)[O-])cc2)n1,9970.0,0,3
CHEMBL4205469,COc1cc(N2CCN(C)CC2)ccc1Nc1ncc(Cl)c(Oc2ccc(N)cc2)n1,7390.0,0,3
CHEMBL4203804,COc1cc(N2CCN(C)CC2)ccc1Nc1ncc(Cl)c(Oc2ccc(NC(C)=O)cc2)n1,3610.0,0,3
CHEMBL4204354,COc1cc(N2CCN(C)CC2)ccc1Nc1ncc(Cl)c(Oc2ccc(N=C=S)cc2)n1,15270.0,0,3
CHEMBL4216025,COc1cc(N2CCN(C)CC2)ccc1Nc1ncc(Cl)c(Oc2ccc(N=[N+]=[N-])cc2)n1,15130.0,0,3
CHEMBL4216551,COc1cc(N2CCN(C)CC2)ccc1Nc1ncc(Cl)c(Oc2ccc(NC(=O)/C=C/CN(C)C)cc2)n1,5800.0,0,3
CHEMBL4211573,COc1cc(N2CCN(C)CC2)ccc1Nc1ncc(Cl)c(Oc2ccc(NC(=O)COCc3ccccc3)cc2)n1,2700.0,0,3
CHEMBL4214040,COc1cc(N2CCN(C)CC2)ccc1Nc1ncc(Cl)c(Oc2ccc(NC(=O)CO)cc2)n1,1060.0,0,3
CHEMBL4209119,COc1cc(N2CCN(C)CC2)ccc1Nc1ncc(Cl)c(Oc2ccc(NC(=O)CCOCc3ccccc3)cc2)n1,1670.0,0,3
CHEMBL4217686,COc1cc(N2CCN(C)CC2)ccc1Nc1ncc(Cl)c(Oc2ccc(NC(=O)CCO)cc2)n1,6120.0,0,3
CHEMBL4215397,COc1ccc(-c2c3c4cc(OC)c(OCCCNC(=N)N)cc4oc(=O)c3n3ccc4cc(O)c(OC)cc4c23)cc1O.O=C(O)C(F)(F)F,39.0,1,1
CHEMBL4211835,COc1ccc(-c2c3c4cc(OCCCN(C)C)c(OCCCN(C)C)cc4oc(=O)c3n3ccc4cc(O)c(OC)cc4c23)cc1O.O=C(O)C(F)(F)F.O=C(O)C(F)(F)F,8.9,1,1
CHEMBL4205688,COc1ccc(-c2c3c4cc(OCCN(C)C)c(OCCN(C)C)cc4oc(=O)c3n3ccc4cc(O)c(OC)cc4c23)cc1O.O=C(O)C(F)(F)F.O=C(O)C(F)(F)F,232.9,1,1
CHEMBL4210550,COc1ccc(-c2c3c4cc(O)c(OCCCN(C)C)cc4oc(=O)c3n3ccc4cc(O)c(OC)cc4c23)cc1O.O=C(O)C(F)(F)F,82.6,1,1
CHEMBL4206193,COc1ccc(-c2c3c4cc(OC)c(OCCCN(C)C)cc4oc(=O)c3n3ccc4cc(O)c(OC)cc4c23)cc1O.O=C(O)C(F)(F)F,188.3,1,1
CHEMBL4213519,COc1ccc(-c2c3c4cc(OC)c(OCCN(C)C)cc4oc(=O)c3n3ccc4cc(O)c(OC)cc4c23)cc1O.O=C(O)C(F)(F)F,559.8,1,1
CHEMBL4218447,COc1ccc(-c2c3c4cc(O)c(OC)cc4oc(=O)c3n3ccc4cc(O)c(OC)cc4c23)cc1O,396.7,1,1
CHEMBL4214567,O=C(Nc1nccs1)C(c1cc(F)ccc1O)N1Cc2ccccc2C1=O,4.0,1,17
CHEMBL1328065,Oc1ccccc1-c1nc(NCc2cccnc2)c2ccccc2n1,12224.5,0,6
CHEMBL4207984,N#Cc1ccc(O)c(-c2nc(NCc3cccnc3)c3ccccc3n2)c1,23.0,1,5
CHEMBL4214588,COC(=O)c1ccc(O)c(-c2nc(NCc3cccnc3)c3ccccc3n2)c1,46.0,1,3
CHEMBL4218431,N#Cc1ccc(O)c(-c2nc(NCc3cnccn3)c3ccccc3n2)c1,28.3,1,6
CHEMBL4215703,Cc1cc(=O)n(-c2ccc(F)cc2)nc1C(=O)Nc1ccc(Oc2ncnc3ccsc23)c(F)c1,6900.0,0,1
CHEMBL3809489,Nc1nc(Nc2ccc3c(c2)CC[C@@H](N2CCCC2)CC3)nn1-c1cc2c(nn1)-c1ccccc1CCC2,3900.0,0,1
CHEMBL4210100,COc1cc2c(cc1OC)Nc1ncnc(Oc3ccc(NC(=O)C4(C(=O)Nc5ccc(F)cc5)CC4)cc3F)c1NC2,267.6,1,1
CHEMBL4214496,O=C(NC(CO)Cc1ccccc1)c1cc2cc(Cl)ccc2[nH]1,800.0,1,1
CHEMBL4209588,Cc1c(C(=O)NC(CO)Cc2ccccc2)[nH]c2ccc(Cl)cc12,500.0,1,1
CHEMBL4207316,CCc1c(C(=O)NC(CO)Cc2ccccc2)[nH]c2ccc(C(F)(F)F)cc12,900.0,1,1
CHEMBL4208745,O=c1[nH]c(Cc2ccccc2)cn2c1cc1cc(Cl)ccc12,2400.0,0,1
CHEMBL4208224,Cc1c2cc(Cl)ccc2n2cc(Cc3ccccc3)[nH]c(=O)c12,1700.0,0,1
CHEMBL4213146,CCc1c2cc(C(F)(F)F)ccc2n2cc(Cc3ccccc3)[nH]c(=O)c12,3900.0,0,1
CHEMBL4207750,CCS(=O)(=O)Nc1cc(-c2ccc3ncnc(Nc4ccc(F)c(Cl)c4)c3c2)cnc1OC,2.4,1,1
CHEMBL4206585,CCS(=O)(=O)Nc1cc(-c2ccc3ncnc(Nc4cccc(C(=O)OC)c4)c3c2)cnc1OC,409.0,1,1
CHEMBL4209801,CN1CCN(c2ccc(Nc3cc4c(N5CCCC5)nc(Nc5ccccc5)nc4cn3)nc2)CC1,43.65,1,2
CHEMBL4212884,CN(C)C1CCN(c2ccc(Nc3cc4c(N5CCCC5)nc(Nc5ccccc5)nc4cn3)nc2)CC1,62.2,1,3
CHEMBL4206716,CN1CCN(c2ccc(Nc3cc4c(N5CCCCC5)nc(Nc5ccccc5)nc4cn3)nc2)CC1,23.0,1,3
CHEMBL4203016,CN(C)C1CCN(c2ccc(Nc3cc4c(N5CCCCC5)nc(Nc5ccccc5)nc4cn3)nc2)CC1,15.0,1,3
CHEMBL4206288,CN1CCN(c2ccc(Nc3cc4c(N5CCOCC5)nc(Nc5ccccc5)nc4cn3)nc2)CC1,53.2,1,3
CHEMBL4217992,CN(C)C1CCN(c2ccc(Nc3cc4c(N5CCOCC5)nc(Nc5ccccc5)nc4cn3)nc2)CC1,54.1,1,3
CHEMBL4215076,CN(C)C1CCN(c2ccc(Nc3cc4c(N5CCOCC5)nc(Nc5ccc(F)cc5)nc4cn3)nc2)CC1,28.0,1,3
CHEMBL4215080,CN(C)C1CCN(c2ccc(Nc3cc4c(N5CCOCC5)nc(Nc5ccc(F)cc5F)nc4cn3)nc2)CC1,30.0,1,3
CHEMBL4206166,CN(C)C1CCN(c2ccc(Nc3cc4c(N5CCC(CO)CC5)nc(Nc5ccccc5)nc4cn3)nc2)CC1,44.1,1,3
CHEMBL4209019,CN(C)C1CCN(c2ccc(Nc3cc4c(N5CCC(CO)CC5)nc(Nc5ccc(F)cc5)nc4cn3)nc2)CC1,7.2,1,6
CHEMBL4208673,CN1CCN(c2nc(Nc3ccc(F)cc3)nc3cnc(Nc4ccc(N5CCC(N(C)C)CC5)cn4)cc23)CC1,34.8,1,1
CHEMBL4204983,CN(C)CCN(C)c1nc(Nc2ccc(F)cc2)nc2cnc(Nc3ccc(N4CCC(N(C)C)CC4)cn3)cc12,24.7,1,1
CHEMBL4203001,CN(CCO)c1nc(Nc2ccccc2)nc2cnc(Nc3ccc(N4CCC(N(C)C)CC4)cn3)cc12,51.3,1,1
CHEMBL4204139,CN(CCCO)c1nc(Nc2ccc(F)cc2)nc2cnc(Nc3ccc(N4CCC(N(C)C)CC4)cn3)cc12,51.9,1,1
CHEMBL4227210,C=CC(=O)Nc1cc(Nc2ncc3ncn(-c4ccc(C(C)C)cc4)c3n2)c(OC)cc1N(C)CCN(C)C,4.2,1,1
CHEMBL4225863,C=CC(=O)Nc1cc(Nc2ncc3ncn(-c4ccc(F)cc4)c3n2)c(OC)cc1N(C)CCN(C)C,4.5,1,2
CHEMBL4228672,C=CC(=O)Nc1cc(Nc2ncc3ncn(-c4ccc(Cl)cc4)c3n2)c(OC)cc1N(C)CCN(C)C,5.15,1,2
CHEMBL4227091,C=CC(=O)Nc1cc(Nc2ncc3ncn(-c4ccc(I)cc4)c3n2)c(OC)cc1N(C)CCN(C)C,4.1,1,2
CHEMBL4225166,C=CC(=O)Nc1cc(Nc2ncc3ncn(-c4ccc(F)c(Br)c4)c3n2)c(OC)cc1N(C)CCN(C)C,2.3,1,1
CHEMBL4227201,C=CC(=O)Nc1cc(Nc2ncc3nc(Nc4ccccc4)n(C)c3n2)c(OC)cc1N(C)CCN(C)C,2.7,1,3
CHEMBL4227701,C=CC(=O)Nc1cc(Nc2ncc3nc(Nc4ccccc4)n(C(C)C)c3n2)c(OC)cc1N(C)CCN(C)C,5.1,1,1
CHEMBL4228120,O=C(N/N=C/c1cc(F)c(F)cc1Cl)N1CCc2ncnc(Nc3ccc(F)c(Cl)c3)c2C1,42.3,1,1
CHEMBL4229213,O=C(N/N=C/c1cccs1)N1CCc2ncnc(Nc3ccc(F)c(Cl)c3)c2C1,62.5,1,1
CHEMBL4226907,O=C(N/N=C/c1ccc(F)cc1Cl)N1CCc2ncnc(Nc3cccc(Br)c3)c2C1,478.85,1,2
CHEMBL4227281,Cc1ccc(/C=N/NC(=O)N2CCc3ncnc(Nc4cccc(C(F)(F)F)c4)c3C2)cc1,1620.6999999999998,0,2
CHEMBL4226965,C=CC(=O)Nc1cccc(NC(=O)Nc2ccnc(Nc3ccc(N4CCN(C)CC4)cc3)n2)c1,143.0,1,3
CHEMBL4227812,C=CC(=O)Nc1cccc(NC(=O)Nc2ccnc(Nc3ccc(OC)cc3OC)n2)c1,348.0,1,3
CHEMBL4228473,C=CC(=O)Nc1cccc(NC(=O)Nc2ccnc(Nc3ccc(N4CCN(C)CC4)cc3OC)n2)c1,17.0,1,3
CHEMBL4226562,C=CC(=O)Nc1cccc(NC(=O)Nc2nc(Nc3ccc(N4CCC(N5CCOCC5)CC4)cc3OC)ncc2Cl)c1,386.0,1,4
CHEMBL4225781,C=CC(=O)Nc1cccc(NC(=O)Nc2ccnc(Nc3ccc(N4CCC(N5CCOCC5)CC4)cc3OC)n2)c1,63.5,1,4
CHEMBL4224932,C=CC(=O)Nc1cccc(NC(=O)Nc2ccnc(Nc3ccc(N4CCC(N5CCN(C)CC5)CC4)cc3OC)n2)c1,92.5,1,4
CHEMBL4228176,C=CC(=O)Nc1cccc(NC(=O)Nc2ccnc(Nc3ccc(N4CCC(N(CC)CC)CC4)cc3OC)n2)c1,45.5,1,4
CHEMBL4225191,C=CC(=O)Nc1cccc(NC(=O)Nc2ccnc(Nc3ccc(N4CCC(N(C)C)CC4)cc3OC)n2)c1,63.5,1,4
CHEMBL4225255,C=CC(=O)Nc1cccc(NC(=O)Nc2ccnc(Nc3ccc(N(C)CCN(C)C)cc3OC)n2)c1,239.5,1,4
CHEMBL4229010,C=CC(=O)Nc1cccc(NC(=O)Nc2ccnc(Nc3ccc(N(CC)CC)cc3OC)n2)c1,112.0,1,3
CHEMBL4225517,C=CC(=O)Nc1cccc(NC(=O)Nc2ccnc(Nc3ccc(N(C)C)cc3)n2)c1,316.0,1,2
CHEMBL4226177,C=CC(=O)Nc1cccc(NC(=O)Nc2ccnc(Nc3ccc(C(=O)N4CCN(C)CC4)cc3OC)n2)c1,593.5,1,2
CHEMBL4226436,C=CC(=O)Nc1cccc(NC(=O)Nc2ccnc(Nc3ccc(C4CCN(C)CC4)cc3OC)n2)c1,201.5,1,4
CHEMBL4227278,C=CC(=O)Nc1cccc(NC(=O)Nc2ccnc(Nc3ccc(N4CCOCC4)cc3)n2)c1,365.5,1,2
CHEMBL4226702,C=CC(=O)Nc1cccc(NC(=O)Nc2ccnc(Nc3ccc(N4CCOCC4)cc3OC)n2)c1,218.0,1,3
CHEMBL4227552,C=CC(=O)Nc1cccc(NC(=O)Nc2ccnc(Nc3ccc(N4CCN(CCF)CC4)cc3OC)n2)c1,158.0,1,3
CHEMBL4227490,C=CC(=O)Nc1cccc(NC(=O)Nc2ccnc(Nc3ccccc3OC)n2)c1,192.0,1,1
CHEMBL4225571,C=CC(=O)Nc1cccc(NC(=O)Nc2ccnc(Nc3ccc(C4CCN(C)CC4)cc3)n2)c1,510.0,1,1
CHEMBL4228848,C=CC(=O)Nc1cccc(NC(=O)Nc2ccnc(Nc3ccc(C(=O)N4CCOCC4)cc3OC)n2)c1,128.0,1,1
CHEMBL4228018,C=CC(=O)Nc1cccc(NC(=O)Nc2ccnc(Nc3ccc(OCCOC)cc3)n2)c1,266.0,1,1
CHEMBL4229266,C=CC(=O)Nc1cccc(NC(=O)Nc2ccnc(Nc3ccc(C(=O)N(CC)CC)cc3OC)n2)c1,101.0,1,1
CHEMBL4226254,C=CC(=O)Nc1cccc(NC(=O)Nc2nc(Nc3ccc(N4CCC(N5CCOCC5)CC4)cc3OC)ncc2C(F)(F)F)c1,270.0,1,1
CHEMBL4228518,CN(C)CCOc1ccc(Nc2ncc3nc(Sc4ccc(F)cc4)n(C4CCOCC4)c3n2)cc1,114.0,1,7
CHEMBL4226937,CN(C)CCOc1ccc(Nc2ncc3nc(Sc4cccc(F)c4)n(C4CCOCC4)c3n2)cc1,805.0,1,1
CHEMBL4226676,CN(C)C1CCN(c2ccc(Nc3ncc4nc(Sc5ccccc5)n(C5CCOCC5)c4n3)cc2)CC1,104.0,1,3
CHEMBL4225777,CN(C)CCOc1ccc(Nc2ncc3nc(Sc4ccccc4)n(C4CCOCC4)c3n2)cc1,556.0,1,1
CHEMBL4225565,CN1CCN(c2ccc(Nc3ncc4nc(Sc5ccccc5)n([C@H]5CC[C@H](O)CC5)c4n3)cc2)CC1,529.0,1,1
CHEMBL4226151,CN1CCN(c2ccc(Nc3ncc4nc(Sc5ccccc5)n(C5CCOCC5)c4n3)cc2)CC1,892.0,1,1
CHEMBL4225828,CNC(=O)c1ccc(Sc2cccc(NC(=S)Nc3ccc(Cl)c(C(F)(F)F)c3)c2)nc1,596.0,1,1
CHEMBL4246256,Oc1cccc(Nc2nnnc3sc4c(c23)CCC4)c1,52110.0,0,1
CHEMBL4251297,Oc1ccc(Nc2nnnc3sc4c(c23)CCC4)cc1,38730.0,0,1
CHEMBL4238771,Clc1ccc(SCc2n[nH]c(-c3ccc(Cl)cc3)n2)cc1,45500.0,0,1
CHEMBL47173,O=C1Nc2ccccc2/C1=C/c1ccc(-c2cccs2)s1,10100.0,0,1
CHEMBL172517,CCOc1cc(O)c2c(=O)cc(-c3ccccc3)oc2c1,31800.0,0,1
CHEMBL4244030,NCCCCCCC(=S)N/N=C1\CC2(CCCCC2)Oc2c1ccc1ccccc21,1400.0,0,1
CHEMBL4241867,O=C(N/N=C1\CC2(CCCC2)Oc2ccccc21)Nc1ccc(Cl)cc1,1900.0,0,1
CHEMBL4241486,O=C(N/N=C1\CC2(CCCCC2)Oc2c1ccc1ccccc21)C1C2CC3CC(C2)CC1C3,1200.0,0,1
CHEMBL4245415,Cc1coc2ncnc(N(C)c3ccc(N(C)C)cc3)c12,3.1,1,1
CHEMBL4250210,CNc1ccc(N(C)c2ncnc3occ(C)c23)cc1,6.4,1,1
CHEMBL4239716,CSc1ccc(N(C)c2ncnc3occ(C)c23)cc1,7.2,1,1
CHEMBL4242522,CCc1ccc(N(C)c2ncnc3occ(C)c23)cc1,4.0,1,1
CHEMBL4237916,CCCN(c1ccc(OC)cc1)c1ncnc2occ(C)c12,7.1,1,1
CHEMBL4250273,COc1ccc(N(c2ncnc3occ(C)c23)C(C)C)cc1,10.1,1,1
CHEMBL4241638,CCN(c1ccc(OC)cc1)c1ncnc2occ(C)c12,92.5,1,1
CHEMBL4245874,COc1ccc(Nc2ncnc3occ(C)c23)cc1,283.1,1,1
CHEMBL4250191,COc1ccc(N(C)c2ncnc3occ(C)c23)cc1,15.5,1,1
CHEMBL4289577,O=C(Nc1ccc(Oc2ccnc3[nH]ccc23)c(F)c1)c1cc2cccnc2n(-c2ccc(F)cc2)c1=O,632.8,1,1
CHEMBL4286031,Fc1cc(F)cc(NC(=S)Nc2ccc3ncnc(Nc4cccc(Br)c4)c3c2)c1,60.0,1,1
CHEMBL4293326,Cc1oc2ncnc(Nc3ccc(OCc4cccc(F)c4)c(Cl)c3)c2c1C(=O)O,951.0,1,1
CHEMBL4290375,Cc1oc2ncnc(Nc3cccc(Cl)c3)c2c1C(=O)O,901.0,1,1
CHEMBL4285894,Cc1oc2ncnc(Nc3cccc(Br)c3)c2c1C(=O)O,752.0,1,1
CHEMBL4292715,Cc1oc2ncnc(Nc3cccc(Cl)c3)c2c1C(=O)NCCO,2700.0,0,1
CHEMBL4279863,O=C(N/N=C/c1cccn1CCCN1CCCC1)Nc1ccc(Oc2ccnc3[nH]ccc23)cc1,45000.0,0,1
CHEMBL4277911,C=C=CC(=O)Nc1cc(Nc2nccc(-c3cn(C)c4ccccc34)n2)c(OC)cc1N(CC)CCN(C)C,13.1,1,2
CHEMBL4288246,C=C=CC(=O)Nc1cc(Nc2nccc(-c3cn(C)c4ccccc34)n2)c(OC)cc1N(C)CCN1CCOCC1,21.6,1,2
CHEMBL4293145,C=C=CC(=O)Nc1cc(Nc2nccc(-c3cn(C)c4ccccc34)n2)c(OC)cc1O[C@H]1CCOC1,14.9,1,2
CHEMBL4282543,C=C=CC(=O)Nc1cc(Nc2nccc(-c3cn(C)c4ccccc34)n2)c(OC)cc1OCCN1CCN(C)CC1,7.15,1,2
CHEMBL4287401,C=C=CC(=O)Nc1cc(Nc2nccc(-c3cn(C)c4ccccc34)n2)c(OC)cc1OCCN1CCOCC1,15.549999999999999,1,2
CHEMBL4293734,C=C=CC(=O)Nc1cc(Nc2nccc(-c3cn(C)c4ccccc34)n2)c(OC)cc1N1CCC(N(C)C)CC1,3.65,1,2
CHEMBL4290812,C=C=CC(=O)Nc1cc(Nc2nccc(-c3cn(C)c4ccccc34)n2)c(OC)cc1N1CCN(C)CC1,3.3,1,2
CHEMBL4282954,C=C=CC(=O)Nc1cc(Nc2nccc(-c3cn(C)c4ccccc34)n2)c(OC)cc1N1CCOCC1,7.05,1,2
CHEMBL4294211,C=C=CC(=O)Nc1cc(Nc2nccc(-c3cn(C)c4ccccc34)n2)c(OC)cc1N1CCC(N2CCOCC2)CC1,4.6499999999999995,1,2
CHEMBL4279016,C=C=CC(=O)Nc1cc(Nc2nccc(-c3cn(C)c4ccccc34)n2)c(OC)cc1N1CCC(N2CCN(C)CC2)CC1,3.25,1,2
CHEMBL4286318,C=C=CC(=O)Nc1cc(Nc2nccc(-c3cn(C)c4ccccc34)n2)c(OC)cc1N(C)CCN(C)C,14.649999999999999,1,2
CHEMBL4278815,C=C=CC(=O)Nc1cc(Nc2nccc(-c3cnn4ccccc34)n2)c(OC)cc1N(C)CCN(C)C,11.85,1,2
CHEMBL4289490,C=C=CC(=O)Nc1cc(Nc2nccc(-c3cn(C)c4cc(Cl)ccc34)n2)c(OC)cc1N(C)CCN(C)C,16.6,1,2
CHEMBL4287141,C=C=CC(=O)Nc1cc(Nc2nccc(-c3cn(C)c4cc(F)ccc34)n2)c(OC)cc1N(C)CCN(C)C,5.75,1,2
CHEMBL4279227,C=C=CC(=O)Nc1cc(Nc2nccc(-c3c[nH]c4ccccc34)n2)c(OC)cc1N(C)CCN(C)C,1.85,1,2
CHEMBL4290568,C=C=CC(=O)Nc1cc(Nc2ncc(C)c(-c3cn(C)c4ccccc34)n2)c(OC)cc1N(C)CCN(C)C,3.1,1,2
CHEMBL4282688,C=C=CC(=O)Nc1cc(Nc2ncc(OC)c(-c3cn(C)c4ccccc34)n2)c(OC)cc1N(C)CCN(C)C,3.5,1,2
CHEMBL4293126,C=C=CC(=O)Nc1cc(Nc2nccc(-c3cn(C)c4ccccc34)n2)c(OCC)cc1N(C)CCN(C)C,7.75,1,2
CHEMBL4282523,C=C=CC(=O)Nc1cc(Nc2nccc(-c3cn(C)c4ccccc34)n2)ccc1N(C)CCN(C)C,12.15,1,2
CHEMBL4280993,C=C=CC(=O)Nc1cc(Nc2nccc(-c3cn(C)c4ccccc34)n2)c(C)cc1N(C)CCN(C)C,16.3,1,2
CHEMBL4279057,C=C=CC(=O)Nc1cc(Nc2nccc(-c3cn(C)c4ccccc34)n2)c(OC)cc1N1CCC(N(C)C)C1,9.799999999999999,1,2
CHEMBL4293051,C=CC(=O)Nc1cccc(-n2c(=O)c(=O)n(C(C)C)c3cnc(Nc4ccc(N5CCN(C)CC5)cc4OC)nc32)c1,2.0,1,3
CHEMBL4276965,COc1ccc(OC)c(Nc2cc(Nc3ccc(S(N)(=O)=O)cc3)ncn2)c1,623.0,1,2
CHEMBL4288300,COc1cccc(Nc2cc(Nc3cc(OC)ccc3OC)ncn2)c1,16.85,1,2
CHEMBL4280395,COc1ccc(OC)c(Nc2cc(Nc3ccc(F)cc3)ncn2)c1,272.0,1,2
CHEMBL4293690,COc1ccc(OC)c(Nc2cc(Nc3ccc(N4CCN(C)CC4)cc3)ncn2)c1,288.0,1,1
CHEMBL4283097,COc1ccc(OC)c(Nc2cc(NCCc3cccs3)ncn2)c1,113.5,1,2
CHEMBL4283517,COc1cc(Nc2cc(Nc3ccc(Cl)cc3)ncn2)cc(OC)c1OC,901.0,1,1
CHEMBL4286871,CCNc1cc(Nc2cccc(Cl)c2)ncn1,170.0,1,1
CHEMBL4288262,Clc1ccc(Nc2cc(Nc3cccc(Cl)n3)ncn2)cc1,276.5,1,2
CHEMBL4283823,COc1ccc(Nc2cc(NC(=O)c3ccccc3)ncn2)cc1,53.5,1,2
CHEMBL1379917,O=C(Nc1cc(N2CCOCC2)ncn1)c1ccc(F)cc1,97.0,1,2
CHEMBL4282460,O=C(O)CCCC(=O)Nc1cc(Nc2cccc(Cl)c2)ncn1,17.0,1,2
CHEMBL4290750,CCOC(=O)c1ccc(Nc2cc(NC(=O)CCCC(=O)O)ncn2)cc1,34.5,1,2
CHEMBL4282879,COc1ccc(OC)c(Nc2cc(NC(=O)CCCC(=O)O)ncn2)c1,68.0,1,1
CHEMBL4294156,COc1cccc(Nc2cc(NC(=O)CCCC(=O)O)ncn2)c1,24.5,1,2
CHEMBL4286263,O=C(O)CCCC(=O)Nc1cc(Nc2cccc(Br)c2)ncn1,70.0,1,1
CHEMBL4283970,O=C(O)CCCC(=O)Nc1cc(N2CCOCC2)ncn1,32.0,1,2
CHEMBL4283061,CCOC(=O)CCCC(=O)Nc1cc(Nc2cccc(Cl)c2)ncn1,27.0,1,1
CHEMBL4292110,CCOC(=O)c1ccc(Nc2cc(Nc3cccc(OC)c3)ncn2)cc1,1188.0,0,1
CHEMBL4284911,COc1cccc(Nc2cc(Nc3ccc(S(N)(=O)=O)cc3)ncn2)c1,1229.0,0,1
CHEMBL4293134,CCOc1ccc(Nc2cc(NC(=O)c3ccccc3)ncn2)cc1,754.0,1,1
CHEMBL4281413,O=C(Nc1cc(Nc2ccc(Cl)cc2)ncn1)c1ccc(F)cc1,1409.0,0,1
CHEMBL4278997,O=C(O)CCCC(=O)Nc1cc(Nc2ccccc2)ncn1,105.0,1,1
CHEMBL4289682,O=C(O)CCCC(=O)Nc1cc(Nc2ccc(Cl)cc2)ncn1,944.0,1,1
CHEMBL4288761,CCOC(=O)CCC(=O)Nc1cc(Nc2cccc(Br)c2)ncn1,933.0,1,1
CHEMBL4278031,COc1cccc(Nc2cc(Nc3cccc(Cl)c3)ncn2)c1,974.0,1,1
CHEMBL4287629,O=C(O)CCC(=O)Nc1cc(Nc2ccc(Cl)cc2)ncn1,792.0,1,1
CHEMBL3545311,COc1cc(N2CCC(N3CCN(C)CC3)CC2)ccc1Nc1ncc(Cl)c(Nc2ccccc2P(C)(C)=O)n1,20.8,1,81
CHEMBL4294743,CCC(=O)N[C@H]1CC[C@H](N2C(=O)N(c3ccccc3Cl)Cc3cnc(Nc4ccc(N5CCN(C)CC5)c(C)c4)nc32)CC1,5.8,1,7
CHEMBL4292351,C=CC(=O)Nc1cccc(Nc2nc(Nc3ccc(CN4CCOCC4)cc3OC)ncc2Cl)c1,17.0,1,1
CHEMBL4291935,C=CC(=O)Nc1cccc(Nc2nc(Nc3ccc(CN4CCOCC4)cc3)ncc2F)c1,80.8,1,1
CHEMBL4284071,C=CC(=O)Nc1cccc(Nc2nc(Nc3ccc(CN4CCOCC4)cc3)ncc2Cl)c1,0.71,1,1
CHEMBL4291900,C=CC(=O)Nc1cccc(Nc2nc(Nc3ccc(OCCN4CCOCC4)cc3)ncc2Cl)c1,94.7,1,1
CHEMBL4288482,C=CC(=O)Nc1cccc(Nc2nc(Nc3ccc(CC(=O)N4CCOCC4)cc3)ncc2Cl)c1,96.6,1,1
CHEMBL4277822,C=CC(=O)Nc1cccc(Oc2nc(Nc3ccc(CC(=O)N4CCOCC4)cc3)ncc2Cl)c1,100.5,1,1
CHEMBL4280174,C=CC(=O)Nc1ccccc1Nc1nc(Nc2ccc(CN3CCOCC3)cc2)ncc1Cl,15.3,1,1
CHEMBL4288080,C=CC(=O)Nc1ccccc1Nc1nc(Nc2ccc(OCCN3CCOCC3)cc2)ncc1Cl,13.4,1,1
CHEMBL4276744,C=CC(=O)Nc1ccccc1Nc1nc(Nc2ccc(OCCCN3CCOCC3)cc2)ncc1Cl,21.5,1,1
CHEMBL4284684,C=CC(=O)Nc1ccccc1Nc1nc(Nc2ccc(OCC(=O)N3CCOCC3)cc2)ncc1Cl,24.8,1,1
CHEMBL4278226,C=CC(=O)Nc1ccccc1Nc1nc(Nc2ccc(NC(=O)CN3CCOCC3)cc2)ncc1Cl,21.7,1,1
CHEMBL4284413,O=C(Nc1nccs1)C(c1ccccc1)N1Cc2ccccc2C1=O,24.0,1,6
CHEMBL4290869,CC(C)(O)CC(=O)NCCc1ccc2ncnc(Nc3ccc(Oc4cccc(C(F)(F)F)c4)c(Cl)c3)c2c1,21.4,1,4
CHEMBL4286374,O=C(Nc1ccc2ncnc(Nc3cccc(Br)c3)c2c1)c1ccc(C(F)(F)F)cc1O,120.0,1,3
CHEMBL4294264,COc1cc2ncnc(Nc3ccc(-c4cc(-c5ccc(Br)cc5)c(C#N)c(=N)[nH]4)cc3)c2cc1OC,1935.0,0,2
CHEMBL2138625,C=CC(=O)Nc1cc2c(Nc3ccc(F)c(Cl)c3)ncnc2cc1C#CC(C)(C)N1CCN(C)CC1,1.095,1,4
CHEMBL4280817,O=C1CSC(N2N=C(c3ccncc3)CC2c2ccc(Br)cc2)=N1,9.0,1,1
CHEMBL4278886,Nc1ccc(-c2cc3c(Nc4ccc(Oc5cccc(C(F)(F)F)c5)c(Cl)c4)ncnc3s2)cc1,21.4,1,1
CHEMBL4291471,CC(=O)Nc1ccc(-c2cc3c(Nc4ccc(Oc5cccc(C(F)(F)F)c5)c(Cl)c4)ncnc3s2)cc1,47.7,1,1
CHEMBL4280835,CS(=O)(=O)Nc1ccc(-c2cc3c(Nc4ccc(Oc5cccc(C(F)(F)F)c5)c(Cl)c4)ncnc3s2)cc1,47.1,1,1
CHEMBL4286733,O=C(Nc1ccc(-c2cc3c(Nc4ccc(Oc5cccc(C(F)(F)F)c5)c(Cl)c4)ncnc3s2)cc1)NC1CC1,112.0,1,1
CHEMBL4288374,O=C(NCCN1CCOCC1)Nc1ccc(-c2cc3c(Nc4ccc(Oc5cccc(C(F)(F)F)c5)c(Cl)c4)ncnc3s2)cc1,91.7,1,1
CHEMBL4286998,c1ccc(-c2nc3sc(-c4ccccc4)cn3n2)cc1,9800.0,0,1
CHEMBL4282482,Clc1ccc(-c2cn3nc(-c4ccccc4)nc3s2)cc1,7200.0,0,1
CHEMBL4290355,COc1ccc(-c2nc3sc(-c4ccccc4)cn3n2)cc1,5600.0,0,1
CHEMBL4279008,COc1ccc(-c2nc3sc(-c4ccc(Cl)cc4)cn3n2)cc1,1500.0,0,1
CHEMBL4286943,COc1cc(-c2nc3sc(-c4ccccc4)cn3n2)cc(OC)c1OC,2800.0,0,1
CHEMBL4289274,COc1cc(-c2nc3sc(-c4ccc(Cl)cc4)cn3n2)cc(OC)c1OC,1700.0,0,1
CHEMBL4288648,O=C1Nc2ccc(S(=O)(=O)N3CCOCC3)cc2/C1=N/c1ccc(O)cc1,751.0,1,1
CHEMBL4280749,O=C1Nc2ccc(S(=O)(=O)N3CCOCC3)cc2/C1=N/c1ccc(/N=C2\C(=O)Nc3ccc(S(=O)(=O)N4CCOCC4)cc32)cc1,1182.0,0,1
CHEMBL4289083,COc1ccc(-c2c(C#N)c(N)n(/N=C3\C(=O)Nc4ccc(S(=O)(=O)N5CCOCC5)cc43)c(=O)c2C#N)cc1,1931.0,0,1
CHEMBL4284841,COc1ccc(C2=C(C#N)C3=NC4=Nc5ccc(S(=O)(=O)N6CCOCC6)cc5C4=NC3C(O)=C2C#N)cc1,108.0,1,1
CHEMBL4281426,O=C1Nc2ccc(S(=O)(=O)N3CCOCC3)cc2/C1=N/Nc1ccccc1,46.0,1,1
CHEMBL4282506,N#CCC(=O)N/N=C1\C(=O)Nc2ccc(S(=O)(=O)N3CCOCC3)cc21,33.8,1,3
CHEMBL4289728,N=c1oc2ccccc2cc1C(=O)N/N=C1\C(=O)Nc2ccc(S(=O)(=O)N3CCOCC3)cc21,205.0,1,1
CHEMBL4448494,Cc1nc2c(F)cc(-c3nc(Nc4ccc5c(n4)CCN(CCN(C)C)C5)ncc3F)cc2n1C(C)C,1970.0,0,1
CHEMBL4578764,Cc1ccc(C2=NN(c3ccccc3)C(c3ccc(OC4CCCC4)cc3)C2)cc1,2160.0,0,1
CHEMBL4520064,FC(F)(F)c1ccc(COc2ccc(Nc3ncnc4cc5c(cc34)OCCOCCOCCOCCO5)cc2)cc1,384.8,1,1
CHEMBL4561572,O=[N+]([O-])c1ccc(/C=N/Nc2nnc(-c3ccncc3)o2)cc1,412.3,1,1
CHEMBL4535881,O=C(Nc1ccccc1)Nc1nnc(-c2cccnc2)o1,275.7,1,1
CHEMBL4569755,Clc1ccc(/C=N/c2nnc(-c3cccnc3)o2)cc1,1128.9,0,1
CHEMBL4552429,C=CC(=O)Nc1cc(Nc2nc3c(c(-c4cn(C)c5ccccc45)n2)CSCC3)c(OC)cc1N(C)CCN(C)C,273.0,1,2
CHEMBL4471845,C=C(Cl)C(=O)Nc1cc(Nc2nc3c(c(-c4cn(C)c5ccccc45)n2)CSCC3)c(OC)cc1N(C)CCN(C)C,300.5,1,2
CHEMBL4583545,C=C(Cl)C(=O)Nc1cc(Nc2nc3c(c(-c4cn(C)c5ccccc45)n2)CS(=O)(=O)CC3)c(OC)cc1N(C)CCN(C)C,547.0,1,2
CHEMBL4475770,COc1cc(N(C)CCN(C)C)c(NC(=O)C=C(C)C)cc1Nc1nc2c(c(-c3cn(C)c4ccc(F)cc34)n1)CS(=O)(=O)CC2,201.0,1,1
CHEMBL4476689,CC/C=C\C(=O)Nc1cc(Nc2nc3c(c(-c4cn(C)c5ccc(F)cc45)n2)CSCC3)c(OC)cc1N(C)CCN(C)C,1128.0,0,1
CHEMBL4454709,COc1cc(N(C)CCN(C)C)c(NC(=O)/C=C\C(C)C)cc1Nc1nc2c(c(-c3cn(C)c4ccc(F)cc34)n1)CSCC2,1689.0,0,1
CHEMBL4446546,CC/C=C\C(=O)Nc1cc(Nc2nc3c(c(-c4cn(C)c5ccccc45)n2)CSCC3)c(OC)cc1N(C)CCN(C)C,1248.0,0,1
CHEMBL4522613,COc1cc(N(C)CCN(C)C)c(NC(=O)/C=C\C(C)C)cc1Nc1nc2c(c(-c3cn(C)c4ccccc34)n1)CSCC2,1621.0,0,1
CHEMBL4472571,COc1cc(N(C)CCN(C)C)c(NC(=O)/C=C\C(C)C)cc1Nc1nc2c(c(-c3cn(C)c4ccccc34)n1)CS(=O)(=O)CC2,1753.0,0,1
CHEMBL4444312,CCC/C=C\C(=O)Nc1cc(Nc2nc3c(c(-c4cn(C)c5ccccc45)n2)CS(=O)(=O)CC3)c(OC)cc1N(C)CCN(C)C,16.0,1,1
CHEMBL4439982,C[N+](C)(C/C=C/C(=O)Nc1ccc2ncnc(Nc3cccc(Br)c3)c2c1)Cc1ccc([N+](=O)[O-])cc1.[Br-],0.22,1,1
CHEMBL4527121,C[N+](C)(C/C=C/C(=O)Nc1ccc2ncnc(Nc3cccc(Br)c3)c2c1)Cc1ccccc1[N+](=O)[O-].[Br-],0.22,1,1
CHEMBL4540138,Cn1c(C[N+](C)(C)C/C=C/C(=O)Nc2ccc3ncnc(Nc4cccc(Br)c4)c3c2)ccc1[N+](=O)[O-].[Br-],0.22,1,1
CHEMBL4560430,Cn1cnc([N+](=O)[O-])c1C[N+](C)(C)C/C=C/C(=O)Nc1ccc2ncnc(Nc3cccc(Br)c3)c2c1.[Br-],0.22,1,1
CHEMBL4473277,Cn1cc([N+](=O)[O-])nc1C[N+](C)(C)C/C=C/C(=O)Nc1ccc2ncnc(Nc3cccc(Br)c3)c2c1.[Br-],0.22,1,1
CHEMBL4516232,Cn1ncc([N+](=O)[O-])c1C[N+](C)(C)C/C=C/C(=O)Nc1ccc2ncnc(Nc3cccc(Br)c3)c2c1.[Br-],0.22,1,1
CHEMBL4444231,CC(C)(O)Cn1/c(=N/C(=O)c2cccc(-c3cccnc3)c2)[nH]c2ccccc21,1400.0,0,3
CHEMBL4449589,CC(C)(O)Cn1/c(=N/C(=O)c2ccnc(-c3cccnc3)c2)[nH]c2ccccc21,57.2,1,7
CHEMBL4519157,O=C1/N=C2\Nc3ccccc3N2CCCCCOc2ccccc2-c2cc1ccn2,3.0,1,1
CHEMBL4591327,CC(C)(O)Cn1/c(=N/C(=O)c2cc(F)cc(-c3cccnc3)c2)[nH]c2ccccc21,790.0,1,3
CHEMBL4532034,COc1ccncc1-c1cc(C(=O)/N=c2\[nH]c3ccccc3n2CC(C)(C)O)ccn1,12.0,1,5
CHEMBL4550104,Cc1cc2cc(n1)-c1cnn(C)c1OCCCCCN1/C(=N/C2=O)Nc2ccccc21,1.0,1,1
CHEMBL4434788,CC(C)(O)Cn1/c(=N/C(=O)c2ccnc(-c3ccccc3)c2)[nH]c2ccccc21,35.0,1,5
CHEMBL4525935,Cn1cc(-c2cc(C(=O)/N=c3\[nH]c4ccccc4n3CC(C)(C)O)ccn2)cn1,72.0,1,7
CHEMBL4562138,Cc1cc2cc(n1)-c1cnn(C)c1OCCC[C@@H](C)CN1/C(=N/C2=O)Nc2ccccc21,0.8,1,1
CHEMBL4537790,Cc1cc2cc(n1)-c1cnn(C)c1OCCC[C@@H](C)CN1/C(=N/C2=O)Nc2ccc(CN3CCN(C)CC3)cc21,0.44999999999999996,1,4
CHEMBL4566193,Cn1ncc2c1OCCCCCN1/C(=N/C(=O)c3cc(F)nc-2c3)Nc2ccccc21,1.2,1,1
CHEMBL4534611,COc1cc2ncnc(Nc3ccc(F)c(Cl)c3)c2cc1OCCCN1CCNCCNCCNCC1,6.6,1,1
CHEMBL4522240,COc1cc2ncnc(Nc3ccc(OCc4cccc(F)c4)c(Cl)c3)c2cc1OCCCN1CCNCCNCCNCC1,8.95,1,4
CHEMBL4586581,COc1cc2ncnc(Nc3ccc(F)c(Cl)c3)c2cc1OCCCN1CCNCCNCC1,8.3,1,1
CHEMBL4435885,COc1cc2ncnc(Nc3ccc(Br)cc3F)c2cc1OCCCN1CCNCCNCC1,28.2,1,1
CHEMBL4563873,COc1cc2ncnc(Nc3ccc(F)c(Br)c3)c2cc1OCCCN1CCNCCNCC1,5.6,1,1
CHEMBL4439338,COc1cc2ncnc(Nc3ccc(OCc4cccc(F)c4)c(Cl)c3)c2cc1OCCCN1CCNCCNCC1,20.45,1,2
CHEMBL4587222,CCN1CCN(CCCOc2cc3nccc(Oc4c(F)cc(NC(=O)NN5C(=O)CSC5c5c(F)cccc5F)cc4F)c3cc2OC)CC1,520.0,1,1
CHEMBL4578561,CCOc1cc2ncc(C#N)c(Nc3ccc(Cl)c(F)c3)c2cc1NC(=O)/C=C/CN(C)C,38.5,1,1
CHEMBL4578466,CCOc1cc2ncc(C#N)c(Nc3ccc(OCc4ccccn4)c(F)c3)c2cc1NC(=O)/C=C/CN(C)C,92.0,1,1
CHEMBL4474073,COCCCOc1cc2ncnc(Nc3ccc(F)c(Cl)c3)c2cc1NC(=O)/C=C/CN(C)C,0.7625,1,2
CHEMBL4577883,COC[C@@H](C)Oc1cc2ncnc(Nc3ccc(F)c(Cl)c3)c2cc1NC(=O)/C=C/CN(C)C,0.945,1,2
CHEMBL4443188,COC[C@H](C)Oc1cc2ncnc(Nc3ccc(F)c(Cl)c3)c2cc1NC(=O)/C=C/CN(C)C,2.73,1,2
CHEMBL4473875,CCOCCOc1cc2ncnc(Nc3ccc(F)c(Cl)c3)c2cc1NC(=O)/C=C/CN(C)C,0.6944999999999999,1,2
CHEMBL4592101,CCCOCCOc1cc2ncnc(Nc3ccc(F)c(Cl)c3)c2cc1NC(=O)/C=C/CN(C)C,2.8449999999999998,1,2
CHEMBL4450824,CC(C)OCCOc1cc2ncnc(Nc3ccc(F)c(Cl)c3)c2cc1NC(=O)/C=C/CN(C)C,1.54,1,2
CHEMBL4447976,CCOCCOc1cc2ncnc(Nc3ccc(OCc4cccc(F)c4)c(Cl)c3)c2cc1NC(=O)/C=C/CN(C)C,153.75,1,2
CHEMBL4591886,CCOCCOc1cc2ncnc(Nc3ccc(F)c(Cl)c3)c2cc1NC(=O)/C=C/CN(CC)CC,1.48,1,1
CHEMBL4446681,CN(CCc1ccc(-c2ccccc2)cc1)Cc1cn(C)c2ccc(C(=O)Nc3ccc(F)cc3)cc12,10000.0,0,1
CHEMBL442938,C[C@H]1[C@H](C)CC[C@]2(C(=O)O)CC[C@]3(COC(=O)/C=C/c4ccc(O)cc4)C(=CC[C@@H]4[C@@]5(C)CC[C@H](O)C(C)(C)[C@@H]5CC[C@]43C)[C@H]12,56.48,1,1
CHEMBL4441392,Cc1cc(=O)n2nc(SCc3ccc(F)cc3)nc2[nH]1,54.0,1,2
CHEMBL4567599,Cc1cc(=O)n2nc(SCc3ccc(C(C)(C)C)cc3)nc2[nH]1,137.0,1,2
CHEMBL4456976,Cc1cc(=O)n2nc(SCc3ccc(C(C)C)cc3)nc2[nH]1,71.0,1,2
CHEMBL4435632,Cc1cc(=O)n2nc(SCc3cccc(C(F)(F)F)c3)nc2[nH]1,82.5,1,2
CHEMBL4539566,Cc1ccc(CSc2nc3[nH]c(C)cc(=O)n3n2)cc1,239.5,1,2
CHEMBL3818535,Cc1cc(=O)n2nc(SCc3ccc(Cl)cc3)nc2[nH]1,118.0,1,2
CHEMBL2178513,Cc1cc(O)n2nc(SCc3cccc(Cl)c3)nc2n1,95.0,1,2
CHEMBL4445265,Cc1cc(=O)n2nc(SCc3ccc([N+](=O)[O-])cc3)nc2[nH]1,91.5,1,2
CHEMBL4565086,Cc1cc(=O)n2nc(SCc3cccc([N+](=O)[O-])c3)nc2[nH]1,117.0,1,2
CHEMBL4570484,Cc1cc(=O)n2nc(SCc3ccc(Cl)cc3Cl)nc2[nH]1,141.0,1,2
CHEMBL4436337,C=CC(=O)Nc1cccc(Nc2ncnc3cc(OC)c(OCCN4CCOCC4)cc23)c1,4.3,1,1
CHEMBL4547332,C=CC(=O)Nc1cc2c(Nc3ccc(Br)cc3F)ncnc2cc1OCCCC(=O)CN(C)C,2.0,1,1
CHEMBL4516586,C=CC(=O)Nc1ccc(Nc2ncnc3cc(OC)c(OCCN4CCOCC4)cc23)cc1,54.65,1,4
CHEMBL4553708,OCCNc1nc(Nc2cccc(F)c2)c2cn[nH]c2n1,66100.0,0,1
CHEMBL4465558,COc1cc(N2CCNC2=O)ccc1Nc1ncc(Cl)c(Nc2ccccc2S(=O)(=O)C(C)C)n1,765.0,1,1
CHEMBL601719,C[C@@H](Oc1cc(-c2cnn(C3CCNCC3)c2)cnc1N)c1c(Cl)ccc(F)c1Cl,681.0,1,1
CHEMBL4519408,COc1cc(N2CCN(CC(=O)N(C)C)C2=O)ccc1Nc1ncc(Cl)c(Nc2ccccc2S(=O)(=O)C(C)C)n1,598.0,1,1
CHEMBL4464404,C=CC(=O)Nc1cccc(Oc2nc(Nc3ccc(N4CCOCC4)cc3)nc3[nH]cc(-c4ccncc4)c23)c1,2.3,1,1
CHEMBL4465231,CNc1cncc(-c2c[nH]c3nc(Nc4ccc(N5CCN(C(C)=O)CC5)cc4)nc(Oc4ccccc4)c23)n1,1048.0,0,1
CHEMBL4520286,CNc1cncc(-c2c[nH]c3nc(Nc4ccc(N5CCN(C(C)=O)CC5)cc4)nc(OC4CCCCC4)c23)n1,654.0,1,1
CHEMBL4562744,CNc1cncc(-c2c[nH]c3nc(Nc4ccc(N5CCN(C(C)=O)CC5)cc4)nc(OC4CCOCC4)c23)n1,937.0,1,1
CHEMBL4543893,C=CC(=O)N1CCC[C@H]1COc1nc(Nc2ccc(N3CCN(C(C)=O)CC3)cc2)nc2[nH]cc(-c3cncc(NC)n3)c12,1975.0,0,1
CHEMBL4593230,C=CC(=O)N1CCC[C@@H]1COc1nc(Nc2ccc(N3CCN(C(C)=O)CC3)cc2)nc2[nH]cc(-c3cncc(NC)n3)c12,150.0,1,1
CHEMBL4469900,C=CC(=O)N1CCC[C@@H](Oc2nc(Nc3ccc(N4CCN(C(C)=O)CC4)cc3)nc3[nH]cc(-c4cncc(NC)n4)c23)C1,499.0,1,1
CHEMBL4457018,C=CC(=O)N1CCC[C@@H](Oc2nc(Nc3ccc(N4CCN(CC)CC4)cc3)nc3[nH]cc(-c4cncc(NC)n4)c23)C1,8.7,1,1
CHEMBL4458344,C=CC(=O)N1CCC[C@@H](Oc2nc(Nc3ccc(N4CCOCC4)cc3)nc3[nH]cc(-c4cncc(NC)n4)c23)C1,138.0,1,1
CHEMBL4463563,C=CC(=O)N1CCC(Oc2nc(Nc3ccc(N4CCN(C(C)=O)CC4)cc3)nc3[nH]cc(-c4cncc(NC)n4)c23)CC1,903.0,1,1
CHEMBL4549626,C=CC(=O)N1CCC(Oc2nc(Nc3ccc(N4CCOCC4)cc3)nc3[nH]cc(-c4ccnc(NC)c4)c23)CC1,38.0,1,1
CHEMBL4443805,C=CC(=O)N1CCC(Oc2nc(Nc3ccc(N4CCOCC4)cc3)nc3[nH]cc(-c4cncc(NC)n4)c23)CC1,1257.0,0,1
CHEMBL4441037,C=CC(=O)Nc1ccc(OC)c(Nc2cc(-c3c(-c4ccc(F)cc4)nc(SC)n3C)ccn2)c1,111.0,1,1
CHEMBL4575583,C=CC(=O)Nc1ccc(OC)c(Nc2cc(-c3nc(SC)n(C)c3-c3ccc(F)cc3)ccn2)c1,1.0,1,1
CHEMBL4531109,O=C1Nc2ccccc2N/C1=C\C(=O)c1cccc2ccccc12,2435.0,0,6
CHEMBL4439680,COc1ccc(/C=C/C(=O)Nc2cc3c(Nc4ccc(F)c(Cl)c4)ncnc3cc2O[C@@H]2CCOC2)cc1,9.0,1,1
CHEMBL4466350,COc1cc(/C=C/C(=O)Nc2cc3c(Nc4ccc(F)c(Cl)c4)ncnc3cc2O[C@@H]2CCOC2)cc(OC)c1OC,9.0,1,1
CHEMBL4463898,COc1cc2c(Nc3ccc(Br)cc3F)ncnc2cc1OCC1CCN(C(=O)Cn2cncc2[N+](=O)[O-])CC1,821.615,1,2
CHEMBL4468893,COc1cc2c(Nc3ccc(F)c(F)c3)ncnc2cc1OCCOCCOCCNC(=O)Cn1cnc([N+](=O)[O-])n1,19.97,1,1
CHEMBL4532084,COc1cc2c(Nc3ccc(C)c(Br)c3)ncnc2cc1OCCOCCOCCNC(=O)Cn1cnc([N+](=O)[O-])n1,6.24,1,1
CHEMBL4531912,COc1cc2c(Nc3ccc(F)cc3Cl)ncnc2cc1OCCOCCOCCNC(=O)Cn1cnc([N+](=O)[O-])n1,12.93,1,1
CHEMBL4435233,COc1cc2c(Nc3ccc(Br)cc3F)ncnc2cc1OCCOCCOCCNC(=O)Cn1cnc([N+](=O)[O-])n1,4.95,1,1
CHEMBL4471491,COc1cc2c(Nc3ccc(Cl)c(Cl)c3F)ncnc2cc1OCCOCCNC(=O)Cn1cnc([N+](=O)[O-])n1,0.69,1,1
CHEMBL4460151,COc1cc2c(Nc3ccc(F)cc3)ncnc2cc1OCCOCCNC(=O)Cn1cnc([N+](=O)[O-])n1,16.43,1,1
CHEMBL4560187,COc1cc2c(Nc3cccc(F)c3)ncnc2cc1OCCOCCNC(=O)Cn1cnc([N+](=O)[O-])n1,3.11,1,1
CHEMBL4576032,COc1cc2c(Nc3ccc(F)c(F)c3)ncnc2cc1OCCOCCNC(=O)Cn1cnc([N+](=O)[O-])n1,3.7,1,1
CHEMBL4540303,COc1cc2c(Nc3ccc(C)c(Br)c3)ncnc2cc1OCCOCCNC(=O)Cn1cnc([N+](=O)[O-])n1,0.37,1,1
CHEMBL4515673,COc1cc2c(Nc3ccc(F)cc3Cl)ncnc2cc1OCCOCCNC(=O)Cn1cnc([N+](=O)[O-])n1,20.83,1,1
CHEMBL4521028,COc1cc2c(Nc3ccc(Br)cc3F)ncnc2cc1OCCOCCNC(=O)Cn1cnc([N+](=O)[O-])n1,5.9,1,1
CHEMBL4463765,COc1cc2c(Nc3ccc(C)c(Br)c3)ncnc2cc1OCCNC(=O)Cn1cnc([N+](=O)[O-])n1,18.54,1,1
CHEMBL4535949,COc1cc2c(Nc3ccc(F)cc3Cl)ncnc2cc1OCCNC(=O)Cn1cnc([N+](=O)[O-])n1,48.07,1,1
CHEMBL4453429,COc1cc2c(Nc3ccc(Br)cc3F)ncnc2cc1OCCNC(=O)Cn1cnc([N+](=O)[O-])n1,43.56,1,1
CHEMBL4546122,COc1ccc(-c2cc3ncnc(Nc4cc(OC)c(OC)c(OC)c4)c3s2)cc1,52.0,1,1
CHEMBL4569885,COc1cc(Nc2ncnc3cc(-c4ccc(C)cc4)sc23)cc(OC)c1OC,15015.0,0,2
CHEMBL4473768,COc1cc(Nc2ncnc3cc(-c4ccc(I)cc4)sc23)cc(OC)c1OC,10.0,1,1
CHEMBL4572443,COc1cc(Nc2ncnc3cc(-c4ccc(Br)cc4)sc23)cc(OC)c1OC,326.0,1,1
CHEMBL4552482,COc1cc(Nc2ncnc3cc(-c4ccc(Cl)cc4)sc23)cc(OC)c1OC,273.0,1,1
CHEMBL4460381,COc1cc(Nc2ncnc3cc(-c4cccs4)sc23)cc(OC)c1OC,2.5,1,1
CHEMBL4541014,COc1cc(Nc2ncnc3cc(-c4ccccc4)sc23)cc(OC)c1OC,23.0,1,1
CHEMBL4585048,COc1cc(/C=C/C(=O)c2ccc(NC(=O)c3cc4cc5ccccc5nc4s3)cc2)cc(OC)c1OC,1200.0,0,1
CHEMBL4568408,COc1cc(/C=C/C(=O)c2ccc(NC(=O)c3cc4cc5cc(C)ccc5nc4s3)cc2)cc(OC)c1OC,3200.0,0,1
CHEMBL4588486,COc1ccc2nc3sc(C(=O)Nc4ccc(C(=O)/C=C/c5cc(OC)c(OC)c(OC)c5)cc4)cc3cc2c1,1400.0,0,1
CHEMBL4464785,COc1ccc(/C=C/C(=O)c2ccc(NC(=O)c3cc4cc5ccccc5nc4s3)cc2)cc1OC,1600.0,0,1
CHEMBL4447196,COc1ccc(/C=C/C(=O)c2ccc(NC(=O)c3cc4cc5cc(C)ccc5nc4s3)cc2)cc1OC,500.0,1,2
CHEMBL4462971,COc1ccc2nc3sc(C(=O)Nc4ccc(C(=O)/C=C/c5ccc(OC)c(OC)c5)cc4)cc3cc2c1,700.0,1,1
CHEMBL4540070,COc1cccc(/C=C/C(=O)c2ccc(NC(=O)c3cc4cc5cc(C)ccc5nc4s3)cc2)c1,2900.0,0,1
CHEMBL4474429,COc1cccc(/C=C/C(=O)c2ccc(NC(=O)c3cc4cc5cc(OC)ccc5nc4s3)cc2)c1,2800.0,0,1
CHEMBL4470236,COc1cc2c(Oc3ccc(NS(=O)(=O)c4ccccc4OC(F)(F)F)cc3F)ccnc2cc1OCCCN1CCN(C)CC1,3081.0,0,1
CHEMBL4587811,COc1cc2c(Oc3ccc(NS(=O)(=O)c4ccccc4C(F)(F)F)cc3F)ccnc2cc1OCCCN1CCN(C)CC1,281.0,1,1
CHEMBL4443828,COc1cc2c(Oc3ccc(NS(=O)(=O)c4cc(F)ccc4F)cc3F)ccnc2cc1OCCCN1CCN(C)CC1,149.0,1,1
CHEMBL4462318,COc1cc2c(Oc3ccc(NS(=O)(=O)c4c(F)cccc4F)cc3F)ccnc2cc1OCCCN1CCN(C)CC1,178.0,1,1
CHEMBL4536115,COc1cc2c(Oc3ccc(NS(=O)(=O)c4ccccc4C(F)(F)F)cc3F)ccnc2cc1OCCCN1CCOCC1,650.0,1,1
CHEMBL4447225,COc1cc2c(Oc3ccc(NS(=O)(=O)c4ccccc4C(F)(F)F)cc3F)ccnc2cc1OCCCN1CCC(C)CC1,592.0,1,1
CHEMBL4457733,COc1cc2c(Oc3ccc(NS(=O)(=O)c4cc(F)ccc4F)cc3F)ccnc2cc1OCCCN1CCCC(C)C1,1128.0,0,1
CHEMBL4468464,C=CC(=O)Nc1cc2c(Nc3ccc(F)c(Cl)c3)ncnc2cc1OCc1cn(Cc2ccccc2F)nn1,12.0,1,1
CHEMBL4454948,C=CC(=O)Nc1cc2c(Nc3ccc(F)c(Cl)c3)ncnc2cc1OCc1cn(Cc2cccc(F)c2)nn1,4.0,1,1
CHEMBL4515526,C=CC(=O)Nc1cc2c(Nc3ccc(F)c(Cl)c3)ncnc2cc1OCc1cn(Cc2ccc(F)cc2)nn1,6.0,1,1
CHEMBL4460706,C=CC(=O)Nc1cc2c(Nc3ccc(F)c(Cl)c3)ncnc2cc1OCc1cn(Cc2ccc(Cl)cc2)nn1,12.0,1,1
CHEMBL4436695,C=CC(=O)Nc1cc2c(Nc3ccc(F)c(Cl)c3)ncnc2cc1OCc1cn(Cc2ccc(OC)cc2)nn1,5.0,1,1
CHEMBL4563683,C=CC(=O)Nc1cc2c(Nc3ccc(F)c(Cl)c3)ncnc2cc1OCc1cn(Cc2ccc(C)cc2)nn1,15.0,1,1
CHEMBL4584413,C=CC(=O)Nc1cc2c(Nc3ccc(F)c(Cl)c3)ncnc2cc1OCc1cn(CCc2ccccc2)nn1,12.0,1,1
CHEMBL4578487,C=CC(=O)Nc1cc2c(Nc3ccc(F)c(Cl)c3)ncnc2cc1OCc1cn(Cc2ccccc2)nn1,8.0,1,1
CHEMBL4575267,C=CC(=O)Nc1cc2c(Nc3ccc(F)c(Cl)c3)ncnc2cc1OCc1cn(-c2ccccc2)nn1,26.0,1,1
CHEMBL4521506,C=CC(=O)Nc1cc2c(Nc3ccc(F)c(Cl)c3)ncnc2cc1OCc1cn(CCCN2CCOCC2)nn1,4.0,1,1
CHEMBL4476544,C=CC(=O)Nc1cc2c(Nc3ccc(F)c(Cl)c3)ncnc2cc1OCc1cn(CCCO)nn1,4.0,1,1
CHEMBL4443413,CCC(=O)N1CC[C@@H](n2c(=O)c(-c3ccccc3Cl)c(C)c3cnc(Nc4ccc(N5CCN(C)CC5)c(C)c4)nc32)C1,81.7,1,1
CHEMBL4529308,CCC(=O)N1CCC[C@@H](n2c(=O)c(-c3ccccc3Br)c(C)c3cnc(Nc4ccc(N5CCN(C)CC5)c(C)c4)nc32)C1,277.1,1,2
CHEMBL4453276,CCC(=O)N1CCC[C@@H](n2c(=O)c(-c3ccccc3C)c(C)c3cnc(Nc4ccc(N5CCN(C)CC5)c(C)c4)nc32)C1,407.75,1,2
CHEMBL4462965,CCC(=O)N1CCC[C@@H](n2c(=O)c(-c3cc(F)ccc3Cl)c(C)c3cnc(Nc4ccc(N5CCN(C)CC5)c(C)c4)nc32)C1,122.05,1,2
CHEMBL4450934,CCC(=O)N1CCC[C@@H](n2c(=O)c(-c3ccc(F)cc3Cl)c(C)c3cnc(Nc4ccc(N5CCN(C)CC5)c(C)c4)nc32)C1,156.35,1,2
CHEMBL4459978,CCC(=O)N[C@H]1CC[C@@H](n2c(=O)c(-c3ccccc3Cl)c(C)c3cnc(Nc4ccc(N5CCN(C)CC5)c(C)c4)nc32)CC1,273.25,1,2
CHEMBL4446258,CCC(=O)N1CCC[C@@H](n2c(=O)c(-c3ccccc3Cl)c(C)c3cnc(Nc4ccc(N5CCN(C)CC5)c(C)c4)nc32)C1,65.1,1,1
CHEMBL4474196,CCC(=O)N1CCC[C@@H](n2c(=O)c(-c3cccc(F)c3Cl)c(C)c3cnc(Nc4ccc(N5CCN(C)CC5)c(C)c4)nc32)C1,27.5,1,2
CHEMBL4443062,O=C(Nc1nccs1)C(c1cc(F)ccc1O)N1Cc2ccc(-c3ccc(N4CCNCC4)cc3)cc2C1=O,11.0,1,11
CHEMBL4464879,C=CC(=O)Nc1cc(Nc2nccc(-c3cn(C)c4ccccc34)n2)c(OC)cc1N(C)CCO,289.0,1,2
CHEMBL4454745,C=CC(=O)Nc1cc(Nc2nccc(-c3cn(C)c4ccccc34)n2)c(OC)cc1N(C)CCCl,271.5,1,2
CHEMBL4566583,C=CC(=O)Nc1cc(Nc2nccc(-c3cn(C)c4ccccc34)n2)c(OC)cc1N(C)CCSC,261.5,1,2
CHEMBL4447982,C=CC(=O)Nc1cc(Nc2nccc(-c3cn(C)c4ccccc34)n2)c(OC)cc1N(C)CC[S+](C)[O-],290.0,1,2
CHEMBL4463766,C=CC(=O)Nc1cc(Nc2nccc(-c3cn(C)c4ccccc34)n2)c(OC)cc1N1CCSCC1,71.5,1,2
CHEMBL4460261,C=CC(=O)Nc1cc(Nc2nccc(-c3cn(C)c4ccccc34)n2)c(OC)cc1N1CC[S+]([O-])CC1,70.0,1,2
CHEMBL4454929,C=CC(=O)Nc1cc(Nc2nccc(-c3cn(C)c4ccccc34)n2)c(OC)cc1N1CCS(=O)(=O)CC1,42.0,1,2
CHEMBL4570333,C=CC(=O)Nc1cc(Nc2nccc(-c3cn(C)c4ccccc34)n2)c(OC)cc1SCCN(C)C,12.5,1,2
CHEMBL4441606,C=CC(=O)Nc1cc(Nc2nccc(-c3cn(C)c4ccccc34)n2)c(OC)cc1[S+]([O-])CCN(C)C,5.0,1,6
CHEMBL4592472,C=CC(=O)Nc1cc(Nc2nccc(-c3cn(C)c4ccccc34)n2)c(OC)cc1S(=O)(=O)CCN(C)C,151.5,1,2
CHEMBL4520341,C=CC(=O)Nc1cc(Nc2ncc(Cl)c(Nc3ccccc3P(C)(C)=O)n2)c(OC)cc1N(C)CCN(C)C,12.0,1,3
CHEMBL4558227,C=CC(=O)Nc1cc(Nc2ncc(F)c(Nc3ccccc3P(C)(C)=O)n2)c(OC)cc1N(C)CCN(C)C,5.0,1,3
CHEMBL4465103,C=CC(=O)Nc1cc(Nc2nccc(Nc3ccccc3P(C)(C)=O)n2)c(OC)cc1N(C)CCN(C)C,35.0,1,3
CHEMBL4531697,C=CC(=O)Nc1cc(Nc2ncc(I)c(Nc3ccccc3S(=O)(=O)C(C)C)n2)c(OC)cc1N(C)CCN(C)C,33.0,1,3
CHEMBL4473365,C=CC(=O)Nc1cc(Nc2ncc(Cl)c(Nc3ccccc3S(=O)(=O)C(C)C)n2)c(OC)cc1N(C)CCN(C)C,4.0,1,3
CHEMBL4448107,C=CC(=O)Nc1cc(Nc2ncc(F)c(Nc3ccccc3S(=O)(=O)C(C)C)n2)c(OC)cc1N(C)CCN(C)C,2.0,1,3
CHEMBL4516287,C=CC(=O)Nc1cc(Nc2nccc(Nc3ccccc3S(=O)(=O)C(C)C)n2)c(OC)cc1N(C)CCN(C)C,86.0,1,3
CHEMBL4467561,C=CC(=O)Nc1cc(Nc2ncc(I)c(Nc3ccccc3S(=O)(=O)N(C)C)n2)c(OC)cc1N(C)CCN(C)C,5.0,1,3
CHEMBL4449391,C=CC(=O)Nc1cc(Nc2ncc(Cl)c(Nc3ccccc3S(=O)(=O)N(C)C)n2)c(OC)cc1N(C)CCN(C)C,4.0,1,3
CHEMBL4565984,C=CC(=O)Nc1cc(Nc2ncc(F)c(Nc3ccccc3S(=O)(=O)N(C)C)n2)c(OC)cc1N(C)CCN(C)C,3.0,1,3
CHEMBL4540442,C=CC(=O)Nc1cc(Nc2nccc(Nc3ccccc3S(=O)(=O)N(C)C)n2)c(OC)cc1N(C)CCN(C)C,12.0,1,3
CHEMBL4581316,C=CC(=O)Nc1cc(Nc2ncc(I)c(Nc3ccccc3P(C)(C)=O)n2)c(OC)cc1N(C)CCN(C)C,8.0,1,3
CHEMBL4545086,C=CC(=O)Nc1cc(Nc2nccc(-c3cn(C)c4cccnc34)n2)c(OC)cc1N(C)CCN(C)C,3800.0,0,2
CHEMBL4536146,C=CC(=O)Nc1cc(Nc2nccc(-c3cn(C)c4cccnc34)n2)c(OC)cc1N(C)CCNC,9300.0,0,2
CHEMBL4575647,C=CC(=O)Nc1cc(Nc2nccc(-c3cn(C)c4cccnc34)n2)c(OC)cc1NCCN(C)C,13500.0,0,2
CHEMBL4456234,C=CC(=O)Nc1cc(Nc2nccc(NC(=O)c3ccccc3)n2)c(OC)cc1N1CCN(C)CC1,120.7,1,1
CHEMBL4575697,C=CC(=O)Nc1cc(Nc2nccc(NC(=O)c3ccccc3)n2)c(OC)cc1N(C)CCN(C)C,142.7,1,1
CHEMBL4454516,C=CC(=O)Nc1cc(Nc2nccc(NC(=O)c3ccccc3)n2)c(OC)cc1N1CCC(C(N)=O)CC1,0.5872,1,1
CHEMBL4476791,C=CC(=O)Nc1cc(Nc2nccc(NC(=O)c3ccccc3)n2)c(OC)cc1N(C)C,2.213,1,1
CHEMBL4451619,C=CC(=O)Nc1cc(Nc2nccc(NC(=O)c3cccc(OC)c3)n2)c(OC)cc1N1CCN(C)CC1,54.99,1,1
CHEMBL4563980,C=CC(=O)Nc1cc(Nc2nccc(NC(=O)c3cccc(OC)c3)n2)c(OC)cc1N(C)CCN(C)C,59.0,1,1
CHEMBL4555707,C=CC(=O)Nc1cc(Nc2nccc(NC(=O)c3cccc(OC)c3)n2)c(OC)cc1N1CCC(C(N)=O)CC1,32.61,1,1
CHEMBL4587847,C=CC(=O)Nc1cc(Nc2nccc(NC(=O)c3ccc(OC)c(OC)c3)n2)c(OC)cc1N1CCN(C)CC1,12.57,1,1
CHEMBL4450061,C=CC(=O)Nc1cc(Nc2nccc(NC(=O)c3ccc(OC)c(OC)c3)n2)c(OC)cc1N(C)CCN(C)C,123.2,1,1
CHEMBL4441745,C=CC(=O)Nc1cc(Nc2nccc(NC(=O)c3ccc(OC)c(OC)c3)n2)c(OC)cc1N1CCC(C(N)=O)CC1,54.69,1,1
CHEMBL4569552,C=CC(=O)Nc1cc(Nc2nccc(NC(=O)c3ccc(OC)c(OC)c3)n2)c(OC)cc1N(C)C,40.19,1,1
CHEMBL4540295,C=CC(=O)Nc1cc(Nc2nccc(NC(=O)c3ccc(C(F)(F)F)cc3)n2)c(OC)cc1N1CCN(C)CC1,27.92,1,1
CHEMBL4438856,C=CC(=O)Nc1cc(Nc2nccc(NC(=O)c3ccc(C(F)(F)F)cc3)n2)c(OC)cc1N(C)CCN(C)C,46.52,1,1
CHEMBL4449898,C=CC(=O)Nc1cc(Nc2nccc(NC(=O)c3ccc(C(F)(F)F)cc3)n2)c(OC)cc1N1CCC(C(N)=O)CC1,65.34,1,1
CHEMBL4570293,C=CC(=O)Nc1cc(Nc2nccc(NC(=O)c3cccc4ccccc34)n2)c(OC)cc1N1CCN(C)CC1,33.31,1,1
CHEMBL4440618,CCOc1cc2ncnc(Nc3ccc(F)c(Cl)c3)c2cc1OC(=O)CCl,3.935,1,2
CHEMBL4435699,C=CC(=O)Oc1cc2c(Nc3ccc(F)c(Cl)c3)ncnc2cc1OCC,15.0,1,1
CHEMBL4521214,CCOc1cc2ncnc(Nc3ccc(F)c(Cl)c3)c2cc1OC(=O)CSc1ccccn1,70.0,1,1
CHEMBL4562352,CCOc1cc2ncnc(Nc3ccc(F)c(Cl)c3)c2cc1OC(=O)CSc1cccnc1,0.6,1,1
CHEMBL4558356,CCOc1cc2ncnc(Nc3ccc(F)c(Cl)c3)c2cc1OC(=O)CSc1ncccn1,27.0,1,1
CHEMBL4530987,CCOc1cc2ncnc(Nc3ccc(F)c(Cl)c3)c2cc1OC(=O)CCc1cccnc1,14.0,1,1
CHEMBL4530170,CCOc1cc2ncnc(Nc3ccc(F)c(Cl)c3)c2cc1OC(=O)CSc1nnnn1C,2.765,1,2
CHEMBL4572315,CCOc1cc2ncnc(Nc3ccc(F)c(Cl)c3)c2cc1OC(=O)CSc1nccn1C,11.0,1,1
CHEMBL4526992,CCOc1cc2ncnc(Nc3ccc(F)c(Cl)c3)c2cc1OC(=O)CSc1ncc[nH]1,13.81,1,2
CHEMBL4556799,CCOc1cc2ncnc(Nc3ccc(F)c(Cl)c3)c2cc1OC(=O)CSc1nc2ccccc2n1C,12.0,1,1
CHEMBL4473375,CCOc1cc2ncnc(Nc3ccc(F)c(Cl)c3)c2cc1OC(=O)CSc1nc2ccccc2s1,83.0,1,1
CHEMBL4559217,CCOc1cc2ncnc(Nc3ccc(F)c(Cl)c3)c2cc1OC(=O)CSc1nc2cc(OC)ccc2s1,197.0,1,1
CHEMBL4439974,CCOc1cc2ncnc(Nc3ccc(F)c(Cl)c3)c2cc1NC(=O)COC(C)=O,17.26,1,2
CHEMBL4437599,CCOc1cc2ncnc(Nc3ccc(F)c(Cl)c3)c2cc1NC(=O)COC(=O)c1ccccc1,25.0,1,1
CHEMBL4538707,CCOc1cc2ncnc(Nc3ccc(F)c(Cl)c3)c2cc1NC(=O)COC(=O)c1c(C)cccc1C,44.0,1,1
CHEMBL4449681,CCOc1cc2ncnc(Nc3ccc(F)c(Cl)c3)c2cc1NC(=O)CO,13.67,1,2
CHEMBL4469866,C=CC(=O)N(c1cccc(Cl)c1F)c1ncnc2cc(OC)c(OC(=O)N3CCN(C)C[C@H]3C)cc12,8.7,1,1
CHEMBL4439066,C=CC(=O)N(c1cc(F)c(F)cc1F)c1ncnc2cc(OC)c(OCCCN3CCOCC3)cc12,500.0,1,1
CHEMBL4579429,C=CC(=O)N(c1ccc(F)cc1F)c1ncnc2cc(OC)c(OCCCN3CCOCC3)cc12,302.0,1,1
CHEMBL4527715,C=CC(=O)N(c1cc(Cl)ccc1F)c1ncnc2cc(OC)c(OCCCN3CCOCC3)cc12,133.0,1,1
CHEMBL4475780,C=CC(=O)N(c1ccc(Cl)cc1F)c1ncnc2cc(OC)c(OCCCN3CCOCC3)cc12,234.0,1,1
CHEMBL4441029,C=CC(=O)N(c1cccc(Cl)c1F)c1ncnc2cc(OC)c(OCCCN3CCOCC3)cc12,52.6,1,1
CHEMBL4471155,C=CC(=O)N(c1ccc(Cl)c(Cl)c1)c1ncnc2cc(OC)c(OCCCN3CCOCC3)cc12,31.7,1,1
CHEMBL4448162,COc1cc2ncnc(Nc3ccc(Cl)c(Cl)c3)c2cc1OCCCN1CCOCC1,1.0,1,1
CHEMBL4555488,C=CC(=O)N(c1ccc(F)c(F)c1)c1ncnc2cc(OC)c(OCCCN3CCOCC3)cc12,368.0,1,1
CHEMBL4441921,C=CC(=O)N(c1cccc(C(F)(F)F)c1)c1ncnc2cc(OC)c(OCCCN3CCOCC3)cc12,844.0,1,1
CHEMBL4448712,C=CC(=O)N(c1ccc(F)c(C)c1)c1ncnc2cc(OC)c(OCCCN3CCOCC3)cc12,499.0,1,1
CHEMBL4453748,C=CC(=O)N(c1ccc(F)c(Cl)c1)c1ncnc2cc(OC)c(OCCCN3CCOCC3)cc12,65.2,1,1
CHEMBL4576626,COc1ccc(-n2cc(NC(=O)c3ccc(NS(=O)(=O)c4ccc(Cl)cc4)cc3)cn2)cc1,16180.0,0,1
CHEMBL4549295,Cc1ccc(-n2cc(NC(=O)c3ccc(NS(=O)(=O)c4ccc(Cl)cc4)cc3)cn2)cc1,12450.0,0,1
CHEMBL4459564,O=C(Nc1cnn(-c2ccccc2)c1)c1ccc(NS(=O)(=O)c2ccc(Cl)cc2)cc1,18690.0,0,1
CHEMBL4442932,COc1cccc(-n2cc(NC(=O)c3ccc(NS(=O)(=O)c4ccccc4)cc3)cn2)c1,24130.0,0,1
CHEMBL4448424,COc1ccc(-n2cc(NC(=O)c3ccc(NS(=O)(=O)c4ccccc4)cc3)cn2)cc1,26150.0,0,1
CHEMBL4470214,Cc1ccc(-n2cc(NC(=O)c3ccc(NS(=O)(=O)c4ccccc4)cc3)cn2)cc1,18260.0,0,1
CHEMBL4445843,O=C(Nc1cnn(-c2ccccc2)c1)c1ccc(NS(=O)(=O)c2ccccc2)cc1,25410.0,0,1
CHEMBL4522594,Cn1cc(NC(=O)c2ccc(NS(=O)(=O)c3ccccc3)cc2)cn1,36840.0,0,1
CHEMBL4554486,COc1cccc(-n2cc(NC(=O)c3cccc(NS(=O)(=O)c4ccc(Cl)cc4)c3)cn2)c1,15630.0,0,1
CHEMBL4471464,COc1ccc(-n2cc(NC(=O)c3cccc(NS(=O)(=O)c4ccc(Cl)cc4)c3)cn2)cc1,15330.0,0,1
CHEMBL4460897,Cc1ccc(-n2cc(NC(=O)c3cccc(NS(=O)(=O)c4ccc(Cl)cc4)c3)cn2)cc1,8770.0,0,1
CHEMBL4439053,O=C(Nc1cnn(-c2ccccc2)c1)c1cccc(NS(=O)(=O)c2ccc(Cl)cc2)c1,10580.0,0,1
CHEMBL4455321,Cn1cc(NC(=O)c2cccc(NS(=O)(=O)c3ccc(Cl)cc3)c2)cn1,30450.0,0,1
CHEMBL4520103,COc1cccc(-n2cc(NC(=O)c3cccc(NS(=O)(=O)c4ccccc4)c3)cn2)c1,22850.0,0,1
CHEMBL4530048,COc1ccc(-n2cc(NC(=O)c3cccc(NS(=O)(=O)c4ccccc4)c3)cn2)cc1,26970.0,0,1
CHEMBL4549604,Cc1ccc(-n2cc(NC(=O)c3cccc(NS(=O)(=O)c4ccccc4)c3)cn2)cc1,9570.0,0,1
CHEMBL4459052,O=C(Nc1cnn(-c2ccccc2)c1)c1cccc(NS(=O)(=O)c2ccccc2)c1,15360.0,0,1
CHEMBL4552065,Cn1cc(NC(=O)c2cccc(NS(=O)(=O)c3ccccc3)c2)cn1,34280.0,0,1
CHEMBL4519305,N#Cc1cnc2cc(OC[C@H](O)CO)c(NC(=O)C3CSSC3)cc2c1Nc1ccc(OCc2cccc(F)c2)c(Cl)c1,300.0,1,6
CHEMBL4457447,CCOc1cc2ncc(C#N)c(Nc3ccc(OCc4cccc(F)c4)c(Cl)c3)c2cc1NC(=O)CC1CCSS1,50.0,1,3
CHEMBL4451538,CCOc1cc2ncc(C#N)c(Nc3ccc(F)c(Cl)c3)c2cc1NC(=O)CC1CCSS1,425.0,1,2
CHEMBL4547475,CCOc1cc2ncc(C#N)c(Nc3ccc(OCc4cccc(F)c4)c(Cl)c3)c2cc1NC(=O)CCCCC1CCSS1,41.5,1,2
CHEMBL4582933,COc1cc2ncnc(Nc3ccc(OCc4cccc(F)c4)c(Cl)c3)c2cc1NC(=O)CC1CCSS1,5.8,1,1
CHEMBL4441244,N#Cc1cnc2ccc(NC(=O)C3CSSC3)cc2c1Nc1ccc(OCc2cccc(F)c2)c(Cl)c1,199.0,1,1
CHEMBL4446124,N#Cc1cnc2ccc(NC(=O)CC3CCSS3)cc2c1Nc1ccc(OCc2cccc(F)c2)c(Cl)c1,50.0,1,3
CHEMBL4517633,N#Cc1cnc2cc(OC[C@@H](O)CO)c(NC(=O)C3CSSC3)cc2c1Nc1ccc(OCc2cccc(F)c2)c(Cl)c1,50.0,1,9
CHEMBL4531250,CCOc1cc2ncc(C#N)c(Nc3ccc(OCc4cccc(F)c4)c(Cl)c3)c2cc1NC(=O)C(CSC(C)=O)CSC(C)=O,50.0,1,3
CHEMBL4456266,CCOc1cc2ncc(C#N)c(Nc3ccc(OCc4cccc(F)c4)c(Cl)c3)c2cc1NC(=O)C1CSSC1,50.0,1,3
CHEMBL4546553,CCOc1cc2ncc(C#N)c(Nc3ccc(F)c(Cl)c3)c2cc1NC(=O)C(CSC(C)=O)CSC(C)=O,522.0,1,2
CHEMBL4576802,CCOc1cc2ncc(C#N)c(Nc3ccc(F)c(Cl)c3)c2cc1NC(=O)C1CSSC1,550.0,1,3
CHEMBL4457885,COc1cc2ncnc(Nc3ccc(OCc4cccc(F)c4)c(Cl)c3)c2cc1NC(=O)C1CSSC1,50.0,1,3
CHEMBL4463005,CCOc1cc2ncc(C#N)c(Nc3ccc(F)c(Cl)c3)c2cc1NC(=O)CCCCC1CCSS1,550.0,1,3
CHEMBL4519470,COc1cc2ncnc(Nc3ccc(Oc4ccc(C)nc4)c(C)c3)c2cc1NC(=O)CC1CCSS1,50.0,1,3
CHEMBL4593016,COc1cc2ncnc(Nc3ccc(Oc4ccc(C)nc4)c(C)c3)c2cc1NC(=O)C1CSSC1,550.0,1,3
CHEMBL4446992,COc1cc2c(Oc3ccc(C4SCC(=O)N4NC(=O)Nc4ccc(F)cc4F)cc3F)ccnc2cc1OCCCN1CCN(C)CC1,400.0,1,1
CHEMBL4442035,COc1cc2c(Oc3ccc(C4SCC(=O)N4NC(=O)Nc4ccccc4)cc3)ccnc2cc1OCCCN1CCOCC1,4520.0,0,1
CHEMBL4160329,COc1cc2c(Oc3ccc(C4SCC(=O)N4NC(=O)Nc4ccc(F)cc4F)cc3)ccnc2cc1OCCCN1CCOCC1,3350.0,0,1
CHEMBL4456494,COc1cc2c(Oc3ccc(C4SCC(=O)N4NC(=O)Nc4ccc(F)cc4)cc3)ccnc2cc1OCCCN1CCOCC1,4300.0,0,1
CHEMBL4445015,COc1cc2c(Oc3ccc(C4SCC(=O)N4NC(=O)Nc4cc(F)cc(F)c4)cc3)ccnc2cc1OCCCN1CCOCC1,4750.0,0,1
CHEMBL4170935,COc1cc2c(Oc3ccc(C4SCC(=O)N4NC(=O)Nc4ccccc4F)cc3)ccnc2cc1OCCCN1CCOCC1,4100.0,0,1
CHEMBL4456688,COc1cc2c(Oc3ccc(C4SCC(=O)N4NC(=O)Nc4ccc(F)c(F)c4F)cc3)ccnc2cc1OCCCN1CCOCC1,4240.0,0,1
CHEMBL3544983,COc1cc2c(Nc3ccc(Cl)c(Cl)c3F)ncnc2cc1OC[C@@H]1C[C@@H]2CN(C)C[C@@H]2C1,0.3,1,1
CHEMBL311959,COc1cc2nccc(Nc3cc(OC)c(OC)c(OC)c3)c2cc1OC,27000.0,0,1
CHEMBL309682,COc1cc2ncnc(Nc3cc(OC)c(OC)c(OC)c3)c2cc1OC,5400.0,0,1
CHEMBL81073,COc1cc2ncc(C#N)c(Nc3cc(OC)c(OC)c(OC)c3)c2cc1OC,7100.0,0,1
CHEMBL4440586,C#Cc1cccc(Nc2c(C#N)cnc3cc(OC)c(OC)cc23)c1,61.0,1,1
CHEMBL4468521,COCCOc1cc2ncnc(Nc3cc(OC)c(OC)c(OC)c3)c2cc1OCCOC,2400.0,0,1
CHEMBL98248,COc1cc2nccc(Nc3cccc(Br)c3)c2cc1OC,170.0,1,1
CHEMBL4447797,COc1cc2nccc(Nc3ccc(OCc4cccc(F)c4)c(Cl)c3)c2cc1OC,1700.0,0,1
CHEMBL4462395,COc1cc(N(C)c2ccnc3ccc(C(F)(F)F)cc23)cc(OC)c1OC,2200.0,0,1
CHEMBL4440012,COc1ccc(/C(CSc2nc3c([nH]2)c(=O)n(C)c(=O)n3C)=N\O)cc1,320.0,1,1
CHEMBL4525168,Cn1c(=O)c2[nH]c(SC/C(=N/O)c3ccc(Cl)cc3)nc2n(C)c1=O,400.0,1,1
CHEMBL4439837,Cn1c(=O)c2[nH]c(SC/C(=N/O)c3ccc(Br)cc3)nc2n(C)c1=O,450.0,1,1
CHEMBL4441404,COc1ccc(/C(CSc2nc3[nH]c(=O)n(C)c(=O)c3[nH]2)=N\O)cc1,710.0,1,1
CHEMBL4529183,Cn1c(=O)[nH]c2nc(SC/C(=N/O)c3ccc(Cl)cc3)[nH]c2c1=O,820.0,1,1
CHEMBL4586164,Cn1c(=O)[nH]c2nc(SC/C(=N/O)c3ccc(Br)cc3)[nH]c2c1=O,2880.0,0,1
CHEMBL4516635,COc1cc2c(Nc3ccc(NC(=O)C(c4ccccc4)N4Cc5ccccc5C4=O)cc3F)ncnc2cc1OCC1CCN(C)CC1,9.3,1,1
CHEMBL4538066,COc1cc2c(Nc3ccc(NC(=O)C(C4CCCCC4)N4Cc5ccccc5C4=O)cc3F)ncnc2cc1OCC1CCN(C)CC1,179.6,1,1
CHEMBL4471235,COc1cc2c(Nc3cc(NC(=O)C(c4ccccc4)N4Cc5ccccc5C4=O)ccc3F)ncnc2cc1OCC1CCN(C)CC1,37.1,1,1
CHEMBL4465497,COc1cc2c(Nc3ccc(NC(=O)[C@H](c4ccccc4)N4Cc5ccccc5C4=O)cc3F)ncnc2cc1OCC1CCN(C)CC1,7.9,1,1
CHEMBL4593609,COc1cc2c(Nc3ccc(NC(=O)[C@@H](c4ccccc4)N4Cc5ccccc5C4=O)cc3F)ncnc2cc1OCC1CCN(C)CC1,19.2,1,1
CHEMBL4443483,COc1cc2c(Nc3ccc(NC(=O)C(c4cc(F)ccc4F)N4Cc5ccccc5C4=O)cc3F)ncnc2cc1OCC1CCN(C)CC1,23.0,1,5
CHEMBL4456370,OC(c1cccs1)c1cc2ccccc2nc1Cl,6300.0,0,1
CHEMBL4469453,Fc1ccc(COC(c2cccs2)c2cc3ccccc3nc2Cl)cc1,2750.0,0,1
CHEMBL4470431,Clc1ccc(COC(c2cccs2)c2cc3ccccc3nc2Cl)cc1,3660.0,0,1
CHEMBL4462528,COc1cc(NC(=O)C2CC2)ccc1Nc1ncc(Cl)c(Nc2ccccc2NC(C)=O)n1,617.0,1,1
CHEMBL4516916,Fc1ccc(-c2csc(N3N=C(c4ccc(N5CCOCC5)cc4)CC3c3ccc(Cl)cc3)n2)cc1,23340.0,0,1
CHEMBL4516736,N#Cc1ccc(-c2csc(N3N=C(c4ccc(N5CCOCC5)cc4)CC3c3ccc(Cl)cc3)n2)cc1,4340.0,0,1
CHEMBL4557318,N#Cc1ccc(-c2csc(N3N=C(c4ccc(N5CCCCC5)cc4)CC3c3ccc(Cl)cc3)n2)cc1,4710.0,0,1
CHEMBL4557993,CC(C)=CC[C@@H](OC(=O)/C=C\C(=O)c1ccc(C)cc1)C1=CC(=O)c2c(O)ccc(O)c2C1=O,45.2,1,1
CHEMBL4575374,CC(C)=CC[C@@H](OC(=O)/C=C\C(=O)c1ccc(C)c(C)c1)C1=CC(=O)c2c(O)ccc(O)c2C1=O,118.6,1,1
CHEMBL4514393,CC(C)=CC[C@@H](OC(=O)/C=C\C(=O)c1ccc(C)cc1Cl)C1=CC(=O)c2c(O)ccc(O)c2C1=O,105.3,1,1
CHEMBL4529521,CCc1ccc(C(=O)/C=C\C(=O)O[C@H](CC=C(C)C)C2=CC(=O)c3c(O)ccc(O)c3C2=O)cc1,50.8,1,1
CHEMBL4448428,CC(C)=CC[C@@H](OC(=O)/C=C\C(=O)c1ccc(Cl)cc1)C1=CC(=O)c2c(O)ccc(O)c2C1=O,32.5,1,1
CHEMBL4463094,CC(C)=CC[C@@H](OC(=O)/C=C\C(=O)c1ccc(F)cc1)C1=CC(=O)c2c(O)ccc(O)c2C1=O,22.7,1,1
CHEMBL4571687,CC(C)=CC[C@@H](OC(=O)/C=C\C(=O)c1ccc(C)c(F)c1)C1=CC(=O)c2c(O)ccc(O)c2C1=O,107.2,1,1
CHEMBL4584651,CC(C)=CC[C@@H](OC(=O)/C=C\C(=O)c1cc(Cl)ccc1C)C1=CC(=O)c2c(O)ccc(O)c2C1=O,146.2,1,1
CHEMBL4553504,CC(C)=CC[C@@H](OC(=O)/C=C\C(=O)c1ccc(C)cc1F)C1=CC(=O)c2c(O)ccc(O)c2C1=O,120.2,1,1
CHEMBL4452957,CC(C)=CC[C@@H](OC(=O)/C=C\C(=O)c1cc(F)ccc1C)C1=CC(=O)c2c(O)ccc(O)c2C1=O,23.4,1,1
CHEMBL4519860,CC(C)=CC[C@@H](OC(=O)/C=C\C(=O)c1ccc(Br)cc1)C1=CC(=O)c2c(O)ccc(O)c2C1=O,119.7,1,1
CHEMBL9470,CC(C)=CC[C@@H](O)C1=CC(=O)c2c(O)ccc(O)c2C1=O,139.2,1,1
CHEMBL4558528,CN1CCN(c2ccc(Oc3ccc4c(c3)C(=O)N(Cc3ccccc3)c3cc(F)ccc3N4)cc2)CC1,177.0,1,8
CHEMBL4530686,O=C1c2cc(Oc3ccc(N4CCNCC4)cc3)ccc2Nc2ccc(F)cc2N1Cc1ccccc1,240.0,1,8
CHEMBL4533337,O=C1c2cc(-c3ccc(N4CCNCC4)cc3)ccc2Nc2ccc(F)cc2N1Cc1ccccc1,460.0,1,8
CHEMBL4520903,O=C1c2ccccc2Nc2ccc(F)cc2N1Cc1ccccc1,690.0,1,7
CHEMBL4452106,O=C(Nc1nccs1)[C@@H](c1cc(F)ccc1O)N1Cc2ccccc2C1=O,129.4,1,6
CHEMBL4472983,CC/C=C\C(=O)Nc1cc(Nc2nccc(-c3cn(C)c4ccc(F)cc34)n2)c(OC)cc1N(C)CCN(C)C,388.0,1,1
CHEMBL4548960,CCC/C=C\C(=O)Nc1cc(Nc2nc(C)cc(-c3cn(C)c4ccccc34)n2)c(OC)cc1N(C)CCN(C)C,8.0,1,1
CHEMBL4434924,COc1cc(N(C)CCN(C)C)c(NC(=O)/C=C\C(C)C)cc1Nc1nc(C)cc(-c2cn(C)c3ccccc23)n1,38.0,1,1
CHEMBL4460320,CC/C=C\C(=O)Nc1cc(Nc2nc(C)cc(-c3cn(C)c4ccccc34)n2)c(OC)cc1N(C)CCN(C)C,18.0,1,1
CHEMBL4439632,C=C(Cl)C(=O)Nc1cc(Nc2nc(C)cc(-c3cn(C)c4ccccc34)n2)c(OC)cc1N(C)CCN(C)C,10.0,1,1
CHEMBL4557005,C=CC(=O)Nc1cc(Nc2nc(C)cc(-c3cn(C)c4ccccc34)n2)c(OC)cc1N(C)CCN(C)C,93.0,1,1
CHEMBL4553685,CCC/C=C\C(=O)Nc1cc(Nc2ncc(C#N)c(-c3cn(C)c4ccccc34)n2)c(OC)cc1N(C)CCN(C)C,37.0,1,1
CHEMBL4452628,COc1cc(N(C)CCN(C)C)c(NC(=O)/C=C\C(C)C)cc1Nc1ncc(C#N)c(-c2cn(C)c3ccccc23)n1,219.0,1,1
CHEMBL4445797,CC/C=C\C(=O)Nc1cc(Nc2ncc(C#N)c(-c3cn(C)c4ccccc34)n2)c(OC)cc1N(C)CCN(C)C,16.0,1,1
CHEMBL4463634,C=C(Cl)C(=O)Nc1cc(Nc2ncc(C#N)c(-c3cn(C)c4ccccc34)n2)c(OC)cc1N(C)CCN(C)C,20.0,1,1
CHEMBL4583858,CCC/C=C\C(=O)Nc1cc(Nc2nccc(-c3cn(C)c4ccccc34)n2)c(OC)cc1N(C)CCN(C)C,203.0,1,1
CHEMBL4468034,CC/C=C\C(=O)Nc1cc(Nc2nccc(-c3cn(C)c4ccccc34)n2)c(OC)cc1N(C)CCN(C)C,177.0,1,1
CHEMBL4438905,COc1cc(N(C)CCN(C)C)c(NC(=O)/C=C\C(C)C)cc1Nc1nccc(-c2cn(C)c3ccccc23)n1,397.0,1,1
CHEMBL4527702,COc1cc(N(C)CCN(C)C)c(NC(=O)C=C(C)C)cc1Nc1nccc(-c2cn(C)c3ccccc23)n1,209.0,1,1
CHEMBL4451986,C/C=C\C(=O)Nc1cc(Nc2nccc(-c3cn(C)c4ccccc34)n2)c(OC)cc1N(C)CCN(C)C,52.0,1,1
CHEMBL4441933,C=C(Cl)C(=O)Nc1cc(Nc2nccc(-c3cn(C)c4ccccc34)n2)c(OC)cc1N(C)CCN(C)C,33.0,1,1
CHEMBL4557772,C=C(F)C(=O)Nc1cc(Nc2nccc(-c3cn(C)c4ccccc34)n2)c(OC)cc1N(C)CCN(C)C,6.0,1,1
CHEMBL4464589,CCC/C=C\C(=O)Nc1cc(Nc2nccc(-c3cn(C)c4ccc(F)cc34)n2)c(OC)cc1N(C)CCN(C)C,7.5,1,1
CHEMBL4535047,COc1cc(N(C)CCN(C)C)c(NC(=O)/C=C\C(C)C)cc1Nc1ncc(C#N)c(-c2cn(C)c3ccc(F)cc23)n1,360.0,1,1
CHEMBL4470120,CCC/C=C\C(=O)Nc1cc(Nc2ncc(C#N)c(-c3cn(C)c4ccc(F)cc34)n2)c(OC)cc1N(C)CCN(C)C,201.0,1,1
CHEMBL4551557,C=CC(=O)Nc1cc(Nc2nc(C)cc(-c3cn(C)c4ccc(F)cc34)n2)c(OC)cc1N(C)CCN(C)C,591.0,1,1
CHEMBL4445761,CC/C=C\C(=O)Nc1cc(Nc2nc(C)cc(-c3cn(C)c4ccc(F)cc34)n2)c(OC)cc1N(C)CCN(C)C,998.0,1,1
CHEMBL4553484,COc1cc(N(C)CCN(C)C)c(NC(=O)/C=C\C(C)C)cc1Nc1nc(C)cc(-c2cn(C)c3ccc(F)cc23)n1,892.0,1,1
CHEMBL4579805,CCC/C=C\C(=O)Nc1cc(Nc2nc(C)cc(-c3cn(C)c4ccc(F)cc34)n2)c(OC)cc1N(C)CCN(C)C,923.0,1,1
CHEMBL4447036,C=CS(=O)(=O)Nc1cccc(-c2c(-c3ccccc3)oc3ncnc(N[C@H](CO)c4ccccc4)c23)c1,3067.0,0,2
CHEMBL4456359,CC#CC(=O)Nc1cccc(-c2c(-c3ccccc3)oc3ncnc(N[C@H](CO)c4ccccc4)c23)c1,3217.0,0,2
CHEMBL4447289,C=CC(=O)Nc1cccc(-c2noc3ncnc(N[C@H](CO)c4ccccc4)c23)c1,2521.0,0,2
CHEMBL4534719,C=CC(=O)Nc1cccc(-c2c(-c3ccccc3)sc3ncnc(N[C@H](CO)c4ccccc4)c23)c1,76.9,1,4
CHEMBL4447962,C=CC(=O)Nc1cccc(-c2c(C)sc3ncnc(N[C@H](CO)c4ccccc4)c23)c1,683.0,1,2
CHEMBL4475546,C=CC(=O)Nc1cccc(-c2c(Cl)sc3ncnc(N[C@H](CO)c4ccccc4)c23)c1,580.5,1,2
CHEMBL4556670,C=CC(=O)Nc1cccc(-c2csc3ncnc(N[C@H](CO)c4ccccc4)c23)c1,1199.0,0,2
CHEMBL4559807,C=CC(=O)Nc1cccc(-c2c(-c3ccccc3OC)oc3ncnc(N[C@H](CO)c4ccccc4)c23)c1,12.318,1,4
CHEMBL4448691,C=CC(=O)Nc1cccc(-c2c(C)oc3ncnc(N[C@H](CO)c4ccccc4)c23)c1,692.0,1,2
CHEMBL4514452,C=CC(=O)Nc1cccc(-c2c(-c3ccccc3)oc3ncnc(N[C@H](C)c4ccccc4)c23)c1,59.24,1,4
CHEMBL4450843,CN(C)C/C=C/C(=O)Nc1cccc(-c2c(-c3ccccc3)oc3ncnc(N[C@@H](CO)c4ccccc4)c23)c1,811.5,1,2
CHEMBL2310642,C=CC(=O)Nc1cccc(-c2c(-c3ccccc3)oc3ncnc(N[C@@H](CO)c4ccccc4)c23)c1,192.5,1,2
CHEMBL4583178,O=C(/C=C/CN1CCOCC1)Nc1cccc(-c2c(-c3ccccc3)oc3ncnc(N[C@H](CO)c4ccccc4)c23)c1,151.0,1,2
CHEMBL4458437,CCN(C/C=C/C(=O)Nc1cccc(-c2c(-c3ccccc3)oc3ncnc(N[C@H](CO)c4ccccc4)c23)c1)CCO,65.0,1,2
CHEMBL4463012,CCN(CC)C/C=C/C(=O)Nc1cccc(-c2c(-c3ccccc3)oc3ncnc(N[C@H](CO)c4ccccc4)c23)c1,72.5,1,2
CHEMBL4521381,CN(C)C/C=C/C(=O)Nc1cccc(-c2c(-c3ccccc3)oc3ncnc(N[C@H](CO)c4ccccc4)c23)c1,15.0,1,6
CHEMBL4446953,CCOC(=O)/C=C/C(=O)Nc1cccc(-c2c(-c3ccccc3)oc3ncnc(N[C@H](CO)c4ccccc4)c23)c1,429.0,1,2
CHEMBL4565374,O=C(O)/C=C/C(=O)Nc1cccc(-c2c(-c3ccccc3)oc3ncnc(N[C@H](CO)c4ccccc4)c23)c1,3059.0,0,1
CHEMBL4527132,O=C(/C=C/c1ccccc1)Nc1cccc(-c2c(-c3ccccc3)oc3ncnc(N[C@H](CO)c4ccccc4)c23)c1,5004.0,0,1
CHEMBL4448148,C/C=C/C(=O)Nc1cccc(-c2c(-c3ccccc3)oc3ncnc(N[C@H](CO)c4ccccc4)c23)c1,239.0,1,1
CHEMBL4441440,C=CC(=O)Nc1cccc(-c2coc3ncnc(N[C@H](CO)c4ccccc4)c23)c1,159.0,1,1
CHEMBL4437863,CC1(C)CC[C@]2(C(=O)OCCO[N+](=O)[O-])CC[C@]3(C)C(=CC[C@@H]4[C@@]5(C)CC[C@H](O)C(C)(C)[C@@H]5CC[C@]43C)[C@@H]2C1,70.0,1,2
CHEMBL4452906,CC(=O)O[C@H]1CC[C@]2(C)[C@H]3CC=C4[C@@H]5CC(C)(C)CC[C@]5(C(=O)OCCCCO[N+](=O)[O-])CC[C@@]4(C)[C@]3(C)CC[C@H]2C1(C)C,60.0,1,2
CHEMBL4537422,CC1(C)CC[C@]2(C(=O)OCCCCO[N+](=O)[O-])CC[C@]3(C)C(=CC[C@@H]4[C@@]5(C)CC[C@H](O)[C@@](C)(CO)[C@@H]5CC[C@]43C)[C@@H]2C1,115.0,1,2
CHEMBL4588786,CC(=O)OC[C@@]1(C)[C@@H]2CC[C@]3(C)[C@H](CC=C4[C@@H]5CC(C)(C)CC[C@]5(C(=O)OCCCCO[N+](=O)[O-])CC[C@]43C)[C@@]2(C)CC[C@@H]1OC(C)=O,35.0,1,2
CHEMBL4439933,COc1cc(Nc2cc(NC(=O)Nc3c(Cl)cccc3Cl)ncn2)cc(OC)c1,332.0,1,3
CHEMBL4548481,COc1ccc(OC)c(Nc2cc(NC(=O)Nc3c(Cl)cccc3Cl)ncn2)c1,73.0,1,3
CHEMBL4537004,Cc1cc(F)cc(Nc2cc(NC(=O)Nc3c(Cl)cccc3Cl)ncn2)c1,253.0,1,3
CHEMBL4290785,C=CC(=O)Nc1cccc(-n2c(=O)c(=O)n(C(C)C)c3cnc(Nc4ccc(N5CCC(N6CCN(C)CC6)CC5)cc4OC)nc32)c1,17.9,1,2
CHEMBL4288562,C=CC(=O)Nc1cccc(-n2c(=O)c(=O)n(C(C)C)c3cnc(Nc4ccc(N5CCN(C)CC5)c(C)c4)nc32)c1,1.45,1,2
CHEMBL4277912,C=CC(=O)Nc1cccc(-n2c(=O)c(=O)n(C(C)C)c3cnc(Nc4ccc(N5CCN(C)CC5)c(OC)c4)nc32)c1,4.95,1,2
CHEMBL4527443,C=CC(=O)Nc1cccc(Nc2nc(Nc3ccc(N4CCN(C(C)=O)CC4)c(OC)c3)ncc2C(F)(F)F)c1,146.0,1,2
CHEMBL4286241,C=CC(=O)Nc1cccc(-n2c(=O)c(=O)n(C(C)C)c3cnc(Nc4ccc(OCCN(C)C)cc4OC)nc32)c1,105.5,1,2
CHEMBL4278325,C=CC(=O)Nc1cccc(-n2c(=O)c(=O)n(C(C)C)c3cnc(Nc4ccc(N(C)CCN(C)C)cc4OC)nc32)c1,120.0,1,2
CHEMBL4285217,C=CC(=O)Nc1cccc(-n2c(=O)c(=O)n(CCC)c3cnc(Nc4ccc(N5CCN(C)CC5)cc4OC)nc32)c1,1.4000000000000001,1,2
CHEMBL4284780,C=CC(=O)Nc1cccc(-n2c(=O)c(=O)n(CC)c3cnc(Nc4ccc(N5CCN(C)CC5)cc4OC)nc32)c1,41.1,1,2
CHEMBL4276842,C=CC(=O)Nc1cccc(-n2c(=O)c(=O)n(C)c3cnc(Nc4ccc(N5CCN(C)CC5)cc4OC)nc32)c1,239.35,1,2
CHEMBL4281367,C=CC(=O)Nc1cccc(-n2c(=O)c(=O)[nH]c3cnc(Nc4ccc(N5CCN(C)CC5)cc4OC)nc32)c1,2.65,1,2
CHEMBL4549542,CN1CCN(C/C=C/C(=O)N2CCOc3cc4ncnc(Nc5ccc(F)c(Cl)c5)c4cc32)CC1,46.0,1,2
CHEMBL2441561,O=C(/C=C/CN1CCOCC1)N1CCOc2cc3ncnc(Nc4ccc(F)c(Cl)c4)c3cc21,76.5,1,2
CHEMBL4458843,CC1CCCCN1C/C=C/C(=O)N1CCOc2cc3ncnc(Nc4ccc(F)c(Cl)c4)c3cc21,23.0,1,2
CHEMBL4468924,CC1CCN(C/C=C/C(=O)N2CCOc3cc4ncnc(Nc5ccc(F)c(Cl)c5)c4cc32)CC1,22.5,1,2
CHEMBL4445017,O=C(/C=C/CN1CCCCC1)N1CCOc2cc3ncnc(Nc4ccc(F)c(Cl)c4)c3cc21,13.5,1,2
CHEMBL4476772,CCN(CC)C/C=C/C(=O)N1CCOc2cc3ncnc(Nc4ccc(F)c(Cl)c4)c3cc21,27.0,1,1
CHEMBL4561606,O=C(/C=C/CN1CCCC1)N1CCOc2cc3ncnc(Nc4ccc(F)c(Cl)c4)c3cc21,10.5,1,2
CHEMBL4465727,O=C(/C=C/Cn1ccnc1)N1CCOc2cc3ncnc(Nc4ccc(F)c(Cl)c4)c3cc21,550.0,1,1
CHEMBL4435619,O=C(/C=C/CN1CCCC1)N1CCCOc2cc3ncnc(Nc4ccc(F)c(Cl)c4)c3cc21,890.0,1,1
CHEMBL4527630,CCN(CC)C/C=C/C(=O)N1CCCOc2cc3ncnc(Nc4ccc(F)c(Cl)c4)c3cc21,1010.0,0,1
CHEMBL4541573,CN(C)C/C=C/C(=O)N1CCCOc2cc3ncnc(Nc4ccc(F)c(Cl)c4)c3cc21,360.0,1,1
CHEMBL4437803,O=C(Nc1cccc(NC(=O)c2ccccn2)c1)NC1CCCCC1,147.0,1,1
CHEMBL4582195,O=C(CSC(=S)N1CCCCC1)Nc1cccc(NC(=O)c2ccccn2)c1,84.0,1,1
CHEMBL4437943,O=C(CCSC(=S)N1CCN(c2ccccc2)CC1)Nc1cccc(NC(=O)c2ccccn2)c1,70.0,1,1
CHEMBL4569508,O=C(NCC(F)(F)F)c1cc(-c2cnn3cc(-c4ccc(OCCN5CCCCC5)cc4)cnc23)cs1,1100.0,0,1
CHEMBL4550702,Cn1cc(-c2cnc3c(-c4csc(C(=O)NCC(F)(F)F)c4)cnn3c2)cn1,28000.0,0,1
CHEMBL4568087,Cn1cc(-c2cnc3c(-c4csc(C(=O)N[C@@H]5CCCC[C@@H]5N)c4)cnn3c2)cn1,340.0,1,1
CHEMBL4534592,C=CC(=O)N1CCC[C@@H](n2nc(-c3cn(-c4cc(C(F)(F)F)cnc4C#N)nn3)c3c(N)ncnc32)C1,17.0,1,2
CHEMBL4584630,C=CC(=O)N1CCC[C@@H](n2nc(-c3cn(Cc4nc5ccc(Cl)cn5c4Br)nn3)c3c(N)ncnc32)C1,94.5,1,2
CHEMBL4581088,C=CC(=O)N1CCC[C@@H](n2nc(-c3cn(-c4ccc(C(C)=O)cc4)nn3)c3c(N)ncnc32)C1,8006.0,0,1
CHEMBL4588202,CCC(=O)N1CCC[C@@H](n2nc(-c3cn(-c4ccc(C(C)=O)cc4)nn3)c3c(N)ncnc32)C1,663.0,1,2
CHEMBL4646281,C=CC(=O)NCCOc1cc(Cc2ccccc2)cc2[nH]c(-c3n[nH]c4cc(C(F)F)ccc34)cc12,2360.0,0,1
CHEMBL4639739,C=CC(=O)NCCOc1cc(Cc2ccccc2)cc2[nH]c(-c3n[nH]c4cc(-c5cn[nH]c5)ccc34)cc12,4500.0,0,1
CHEMBL4647257,CN(CCOS(=O)(=O)CCc1cn(CCCC(=O)N2CCN(C(=O)c3cc(Cc4n[nH]c(=O)c5ccccc45)ccc3F)CC2)nn1)c1ccc2ncnc(Nc3cccc(Br)c3)c2c1,326.2,1,1
CHEMBL4646415,CN(CCO)c1ccc2ncnc(Nc3cccc(Br)c3)c2c1,145.0,1,1
CHEMBL4637274,C#Cc1cccc(Nc2cccc3cc(OC)c(OCCCCCCC(=O)NO)cc23)c1,2.4,1,1
CHEMBL4297674,CC#CC(=O)N[C@H]1CCCN(c2c(F)cc(C(N)=O)c3[nH]c(C)c(C)c23)C1,2000.0,0,1
CHEMBL4640482,C=C1CC(CBr)(c2ccc(F)cc2)OC1=O,47000.0,0,2
CHEMBL4642842,C=C1CC(CI)(c2ccccc2)OC1=O,36500.0,0,2
CHEMBL4634317,C=C1CC(CI)(c2ccc(F)cc2)OC1=O,19500.0,0,2
CHEMBL4644209,C=C1CC(c2ccccc2)(C(Br)c2ccccc2)OC1=O,21500.0,0,2
CHEMBL4638857,Clc1nc2ccccc2c2nnc(/N=C/C=C/c3ccccc3)n12,7560.0,0,1
CHEMBL4649213,Clc1nc2ccccc2c2nnc(/N=C/c3ccco3)n12,740.0,1,1
CHEMBL4646644,COc1ccc(/C=N/c2nnc3c4ccccc4nc(Nc4ccc(C)cc4N)n23)cc1O,4280.0,0,1
CHEMBL4645726,N#CC1=C(N)N(c2nnc3c4ccccc4nc(Sc4ccc(Br)cc4)n23)C(=O)C1,1800.0,0,1
CHEMBL4644480,O=C1CSCC(=O)N1c1nnc2c3ccccc3nc(Sc3ccc(Br)cc3)n12,4100.0,0,1
CHEMBL4647325,Nc1nc(Nc2nnc3c4ccccc4nc(Sc4ccc(Br)cc4)n23)cs1,690.0,1,2
CHEMBL4637355,CCN1CCN(CC(=O)Nc2nnc3c4ccccc4nc(Sc4ccc(Br)cc4)n23)CC1,3910.0,0,1
CHEMBL4649833,CCN1CCN(CCCNc2ccc(Oc3nc4ccccc4c4nncn34)cc2)CC1,9510.0,0,1
CHEMBL4635625,C[C@@H]1[C@@H]2CN(c3nc(Nc4cnn(C)c4)ncc3F)C[C@]12NC(=O)[C@@H]1CC1(F)F,4110.0,0,1
CHEMBL4646030,N#Cc1cnc2cc(OC[C@@H](O)CO)c(NC(=O)CC3CSSC3)cc2c1Nc1ccc(OCc2cccc(F)c2)c(Cl)c1,234.5,1,10
CHEMBL4642574,N#Cc1cnc2cc(OC[C@H](O)CO)c(NC(=O)CC3CSSC3)cc2c1Nc1ccc(OCc2cccc(F)c2)c(Cl)c1,468.5,1,8
CHEMBL4642177,CCC(=O)Nc1cc(Nc2nccc(-c3c[nH]c4c(CCO)cccc34)n2)c(OC)cc1F,435.7,1,2
CHEMBL4640686,CCC(=O)Nc1cc(Nc2nccc(-c3cn(CCO)c4ccccc34)n2)c(OC)cc1F,125.3,1,2
CHEMBL4639459,CCC(=O)Nc1cc(Nc2nccc(-c3cn(CCCO)c4ccccc34)n2)c(OC)cc1F,126.8,1,3
CHEMBL4641096,CCC(=O)Nc1cc(Nc2nccc(-c3cn(CCCO)c4ccccc34)n2)c(OC)cc1N(C)CCN(C)C,169.3,1,3
CHEMBL4649261,COc1cc(N(C)CCN(C)C)ccc1Nc1nccc(-c2cn(CCCO)c3ccccc23)n1,156.6,1,7
CHEMBL4647073,CCC(=O)Nc1cc(Nc2nccc(-c3cn(CCCO)c4ccc(F)cc34)n2)c(OC)cc1F,142.0,1,3
CHEMBL4645434,C=CC(=O)Nc1cc(Nc2nccc(-c3cn(CCCO)c4ccccc34)n2)c(OC)cc1F,10.049999999999999,1,2
CHEMBL4643111,CN1CCN(C/C=C/C(=O)N2CCOc3cc4ncnc(Nc5ccc(OCc6cccc(F)c6)c(Cl)c5)c4cc32)CC1,25.5,1,2
CHEMBL2441563,O=C(/C=C/CN1CCOCC1)N1CCOc2cc3ncnc(Nc4ccc(OCc5cccc(F)c5)c(Cl)c4)c3cc21,9.5,1,2
CHEMBL4648924,CC1CCCCN1C/C=C/C(=O)N1CCOc2cc3ncnc(Nc4ccc(OCc5cccc(F)c5)c(Cl)c4)c3cc21,179.0,1,1
CHEMBL4642158,O=C(/C=C/CN1CCCCC1)N1CCOc2cc3ncnc(Nc4ccc(OCc5cccc(F)c5)c(Cl)c4)c3cc21,116.0,1,1
CHEMBL4635100,O=C(/C=C/CN1CCCC1)N1CCOc2cc3ncnc(Nc4ccc(OCc5cccc(F)c5)c(Cl)c4)c3cc21,7.0,1,3
CHEMBL4634127,CC1CCN(C/C=C/C(=O)N2CCOc3cc4ncnc(Nc5ccc(OCc6cccc(F)c6)c(Cl)c5)c4cc32)CC1,569.0,1,1
CHEMBL4634499,O=C(/C=C/Cn1ccnc1)N1CCOc2cc3ncnc(Nc4ccc(OCc5cccc(F)c5)c(Cl)c4)c3cc21,120.0,1,1
CHEMBL4648271,CCN(CC)C/C=C/C(=O)N1CCOc2cc3ncnc(Nc4ccc(OCc5cccc(F)c5)c(Cl)c4)c3cc21,8.0,1,3
CHEMBL4639556,CN1CCN(C/C=C/C(=O)N2CCCOc3cc4ncnc(Nc5ccc(OCc6cccc(F)c6)c(Cl)c5)c4cc32)CC1,4870.0,0,1
CHEMBL4641942,CC1CCN(C/C=C/C(=O)N2CCCOc3cc4ncnc(Nc5ccc(OCc6cccc(F)c6)c(Cl)c5)c4cc32)CC1,4870.0,0,1
CHEMBL4646638,CC1CCCCN1C/C=C/C(=O)N1CCCOc2cc3ncnc(Nc4ccc(OCc5cccc(F)c5)c(Cl)c4)c3cc21,5830.0,0,1
CHEMBL4636996,CCN(CC)C/C=C/C(=O)N1CCCOc2cc3ncnc(Nc4ccc(OCc5cccc(F)c5)c(Cl)c4)c3cc21,80.0,1,1
CHEMBL4638194,O=C(/C=C/CN1CCCCC1)N1CCCOc2cc3ncnc(Nc4ccc(OCc5cccc(F)c5)c(Cl)c4)c3cc21,844.0,1,1
CHEMBL4643903,O=C(/C=C/CN1CCCC1)N1CCCOc2cc3ncnc(Nc4ccc(OCc5cccc(F)c5)c(Cl)c4)c3cc21,578.0,1,1
CHEMBL4634817,CN(C)C/C=C/C(=O)N1CCCOc2cc3ncnc(Nc4ccc(OCc5cccc(F)c5)c(Cl)c4)c3cc21,446.0,1,1
CHEMBL4745877,COc1ncc(-c2ccc3ncnc(Nc4cnn(CCO)c4)c3c2)cc1NS(C)(=O)=O,2520.0,0,1
CHEMBL4787483,C=CC(=O)Nc1cccc(-c2c[nH]c3ncnc(Nc4ccc(OCc5ccccn5)c(Cl)c4)c23)c1,3.9,1,5
CHEMBL4795165,C=CC(=O)Nc1cccc(-c2c[nH]c3ncnc(Nc4ccc(CN5C(=O)c6ccccc6C5=O)cc4)c23)c1,33.0,1,5
CHEMBL4757145,C=CC(=O)Nc1cc(-c2c[nH]c3ncnc(Nc4ccc(OCc5ccccn5)c(Cl)c4)c23)ccc1OCCN(C)C,2.0,1,5
CHEMBL4756368,C=CC(=O)Nc1cc(-c2c[nH]c3ncnc(Nc4ccc5c(cnn5Cc5ccccc5)c4)c23)ccc1OCCO,3.05,1,4
CHEMBL4746030,C#Cc1cccc(Nc2ncnc3cc(OCCOC)c(OCCOC(=O)CCCCC[N+]4=C(/C=C/C=C/C=C/C=C5/N(CCCC)c6ccccc6C5(C)C)C(C)(C)c5cc(C(F)(F)F)ccc54)cc23)c1.[Br-],205.0,1,1
CHEMBL4752492,C#Cc1cccc(Nc2ncnc3cc(OCCOC)c(OCCOC(=O)CCCCC[N+]4=C(/C=C/C=C/C=C/C=C5/N(CCCC)c6ccc(OC)cc6C5(C)C)C(C)(C)c5cc(C(F)(F)F)ccc54)cc23)c1.[Br-],124.0,1,1
CHEMBL1545480,Cc1cc(NC(=O)CCl)no1,106.0,1,1
CHEMBL4776730,CC(C)(C)c1cc(NC(=O)CCl)no1,124.0,1,1
CHEMBL4787698,CC(C)(C)c1cc(NC(=O)CN2CCOCC2)no1,144.0,1,1
CHEMBL1619395,CCN1CCN(CC(=O)Nc2cc(C)on2)CC1,81.0,1,1
CHEMBL4740108,Cc1cc(NC(=O)CN2CCN(c3ccccc3)CC2)no1,64.0,1,1
CHEMBL4755651,CC(C)(C)c1cc(NC(=O)CN2CCN(c3ccccc3)CC2)no1,66.0,1,1
CHEMBL4755988,Cc1cc(NC2=NC(=O)CS2)no1,81.0,1,1
CHEMBL4751085,CC(C)(C)c1cc(NC2=NC(=O)CS2)no1,150.0,1,1
CHEMBL4751362,Cc1cc(NC2=NC(=O)/C(=C\c3c4ccccc4cc4ccccc34)S2)no1,54.0,1,1
CHEMBL4786003,COc1cc(/C=N/NC(=O)COc2nc(C)nc3c2c(C)nn3-c2ccccc2)cc(OC)c1OC,4180.0,0,2
CHEMBL4792279,Cc1nn(-c2ccc(F)cc2)c2ncnc(Nc3ccc(F)c(Cl)c3)c12,186.0,1,2
CHEMBL4778826,COc1ccc(/C=C/C(=O)c2nnn(-c3ccc(Cl)cc3)c2C)cc1OC,36.0,1,1
CHEMBL4757104,ClCCN(CCCl)c1ccc2ncnc(Nc3cccc(Br)c3)c2c1,1257.0,0,1
CHEMBL4765122,CN(CCCl)c1ccc2ncnc(Nc3cccc(Br)c3)c2c1,504.0,1,1
CHEMBL4753700,C=CC(=O)Nc1cccc(-n2c(=O)cc(C)c3cnc(Nc4ccc(N5CCN(CCCCCC(=O)N[C@H](C(=O)N6C[C@H](O)C[C@H]6C(=O)NCc6ccc(-c7scnc7C)cc6)C(C)(C)C)CC5)cc4OC)nc32)c1,19.3,1,1
CHEMBL4793639,COc1ccc(C2N=C(C(N)=O)c3ncn(-c4ccc(F)cc4)c3N2)cc1OC,617.33,1,1
CHEMBL4795888,CC(C)c1ccc(C2N=C(C(N)=O)c3ncn(-c4ccc(F)cc4)c3N2)cc1,710.0,1,1
CHEMBL4750343,COc1ccc(C2N=C(C(N)=O)c3ncn(-c4ccc(N5CCN(C)CC5)c([N+](=O)[O-])c4)c3N2)cc1OC,236.38,1,1
CHEMBL458997,CNC(=O)c1ccccc1Nc1nc(Nc2ccc(N3CCOCC3)cc2OC)ncc1Cl,550.0,1,1
CHEMBL4778502,C=CC(=O)Nc1ccc(OC)c(Nc2cc(-n3c(SC)nnc3-c3ccc(F)cc3)ccn2)c1,162.85000000000002,1,2
CHEMBL4798177,C=CC(=O)Nc1cc(Nc2cc(-n3c(SC)nnc3-c3ccc(F)cc3)ccn2)c(OC)cc1N(C)CCN(C)C,66.2,1,2
CHEMBL4786701,C=CC(=O)Nc1cc(Nc2cc(-n3c(SC)nnc3-c3ccc(F)cc3)ccn2)c(OC)cc1N1CCCN(C)CC1,244.35,1,2
CHEMBL4798480,C=CC(=O)Nc1cc(Nc2cc(-n3c(SC)nnc3-c3ccc(F)cc3)ccn2)ccc1N(C)CCN(C)C,184.55,1,2
CHEMBL4558324,C=CC(=O)Nc1cc(Nc2nccc(-n3cc(CN(C)C)c(-c4ccccc4)n3)n2)c(OC)cc1N1CCOCC1,18.650000000000002,1,2
CHEMBL4788364,C=CC(=O)Nc1cccc(Nc2cc(-n3c(CCCO)nnc3-c3ccc(F)cc3)ccn2)c1,169.60000000000002,1,2
CHEMBL4787536,C=CC(=O)Nc1cccc(Nc2cc(-n3c(SC)nnc3-c3ccc(F)cc3)ccn2)c1,234.4,1,1
CHEMBL4753387,C=CC(=O)Nc1cc(Nc2cc(-n3c(SC)nnc3-c3ccc(F)cc3)ccn2)c(OC)cc1N1CCC(N2CCOCC2)CC1,111.6,1,1
CHEMBL4796010,C=CC(=O)Nc1cc(Nc2nccc(-c3cn(C4CC4)c4ccccc34)n2)c(OC)cc1[S+]([O-])CCN(C)C,0.68,1,2
CHEMBL492399,COc1ccc(N(C)c2nc(C)nc3ccccc23)cc1,2.8,1,1
CHEMBL2420866,COc1ccc2c(c1)CCCN2c1nc(C)nc2ccccc12,5.0,1,1
CHEMBL516047,CSc1ccc(N(C)c2nc(C)nc3ccccc23)cc1,8.7,1,1
CHEMBL4746488,COc1cccc2cc(N(C)c3nc(C)nc4ccccc34)ccc12,10.6,1,1
CHEMBL3604205,COc1ccc2c(c1)CCCN2c1ncnc2ccccc12,48.9,1,1
CHEMBL444724,COc1ccc(N(C)c2nc(Cl)nc3ccccc23)cc1,3.6,1,1
CHEMBL2420867,COc1ccc2c(c1)CCCN2c1nc(Cl)nc2ccccc12,5.4,1,1
CHEMBL4747078,C=CC(=O)Nc1cc(Nc2ncc(C(F)(F)F)c(-c3cn(C4CC4)c4ccccc34)n2)c(OC)cc1N(C)CCN(C)C,12.08,1,1
CHEMBL4792967,C=CC(=O)Nc1cc(Nc2ncc(C(F)(F)F)c(-c3cn(C4COC4)c4ccccc34)n2)c(OC)cc1N(C)CCN(C)C,0.17,1,1
CHEMBL4761468,C=CC(=O)Nc1cc(Nc2nccc(-c3cn(C4CC4)c4ccccc34)n2)c(OC)cc1N(C)CCN(C)C,0.18,1,3
CHEMBL4800367,C=CCn1cc(-c2ccnc(Nc3cc(NC(=O)C=C)c(N(C)CCN(C)C)cc3OC)n2)c2ccccc21,1.51,1,3
CHEMBL4790568,C#CCn1cc(-c2ccnc(Nc3cc(NC(=O)C=C)c(N(C)CCN(C)C)cc3OC)n2)c2ccccc21,1.01,1,3
CHEMBL4745195,C=CC(=O)Nc1cc(Nc2nccc(-c3cn(CCO)c4ccccc34)n2)c(OC)cc1N(C)CCN(C)C,0.86,1,3
CHEMBL4747958,C=CC(=O)Nc1cc(Nc2nccc(-c3cn(S(=O)(=O)N(C)C)c4ccccc34)n2)c(OC)cc1N(C)CCN(C)C,0.2,1,3
CHEMBL4744138,C=CC(=O)Nc1cc(Nc2nccc(-c3cn(C(C)=O)c4ccccc34)n2)c(OC)cc1N(C)CCN(C)C,2.09,1,3
CHEMBL4756020,C=CC(=O)Nc1cc(Nc2nccc(-c3cn(C4COC4)c4ccccc34)n2)c(OC)cc1N(C)CCN(C)C,0.95,1,1
CHEMBL3651854,Cc1cc(Nc2nc(Nc3ccccc3S(=O)(=O)C(C)C)c3c(C)[nH]nc3n2)c(OC(C)C)cc1C1CCN(C)CC1,960.0,1,1
CHEMBL4780286,OC[C@@H](Nc1ncnc2[nH]c(-c3ccccc3)cc12)c1ccccc1,0.6000000000000001,1,2
CHEMBL4783569,COc1ccccc1-c1cc2c(N[C@H](CO)c3ccccc3)ncnc2[nH]1,0.6000000000000001,1,2
CHEMBL4795296,C[C@@H](Nc1ncnc2[nH]c(-c3ccc(S(C)(=O)=O)cc3)cc12)c1ccccc1,0.4,1,1
CHEMBL4751641,C[C@@H](Nc1ncnc2[nH]c(-c3ccc(S(N)(=O)=O)cc3)cc12)c1ccccc1,0.7,1,1
CHEMBL4791195,C[C@@H](Nc1ncnc2[nH]c(-c3ccc(C(N)=O)cc3)cc12)c1ccccc1,0.8,1,1
CHEMBL4743998,C[C@@H](Nc1ncnc2[nH]c(-c3ccc(NS(C)(=O)=O)cc3)cc12)c1ccccc1,0.3,1,1
CHEMBL4744798,CC(=O)Nc1ccc(-c2cc3c(N[C@H](C)c4ccccc4)ncnc3[nH]2)cc1,0.7,1,1
CHEMBL4741922,C[C@@H](Nc1ncnc2[nH]c(-c3ccncc3)cc12)c1ccccc1,0.6,1,1
CHEMBL4779711,C[C@@H](Nc1ncnc2[nH]c(-c3ccc(C(=O)O)cc3)cc12)c1ccccc1,1.1,1,1
CHEMBL4776056,C[C@@H](Nc1ncnc2[nH]c(-c3cccc(C(N)=O)c3)cc12)c1ccccc1,1.4,1,1
CHEMBL4785569,CCOc1ccccc1-c1cc2c(N[C@H](C)c3ccccc3)ncnc2[nH]1,0.3,1,1
CHEMBL4746770,CC(C)Oc1ccccc1-c1cc2c(N[C@H](C)c3ccccc3)ncnc2[nH]1,0.6,1,1
CHEMBL4746697,C[C@@H](Nc1ncnc2[nH]c(-c3ccccc3OC(F)F)cc12)c1ccccc1,0.8,1,1
CHEMBL4800697,C[C@@H](Nc1ncnc2[nH]c(-c3ccccc3OC(F)(F)F)cc12)c1ccccc1,4.3,1,1
CHEMBL4170121,COc1cccc(OC)c1-c1cc2c(N[C@H](C)c3ccccc3)ncnc2[nH]1,0.6,1,1
CHEMBL4757806,COc1cc(C(N)=O)ccc1-c1cc2c(N[C@H](C)c3ccccc3)ncnc2[nH]1,0.4,1,1
CHEMBL4778894,COc1cc(NS(C)(=O)=O)ccc1-c1cc2c(N[C@H](C)c3ccccc3)ncnc2[nH]1,0.7,1,1
CHEMBL4759003,COc1cc(CNCCN(C)C)ccc1-c1cc2c(N[C@H](C)c3ccccc3)ncnc2[nH]1,0.1,1,1
CHEMBL4793053,[2H]C([2H])([2H])Oc1ccccc1-c1cc2c(N[C@H](CO)c3ccccc3)ncnc2[nH]1,0.4,1,1
CHEMBL4776396,CCOc1ccccc1-c1cc2c(N[C@H](CO)c3ccccc3)ncnc2[nH]1,0.2,1,1
CHEMBL4763315,CS(=O)(=O)Nc1ccc(-c2cc3c(N[C@H](CO)c4ccccc4)ncnc3[nH]2)cc1,0.5,1,1
CHEMBL4740295,CS(=O)(=O)c1ccc(-c2cc3c(N[C@H](CO)c4ccccc4)ncnc3[nH]2)cc1,0.8,1,1
CHEMBL4759127,NC(=O)Cc1cccc(-c2cc3c(N[C@H](CO)c4ccccc4)ncnc3[nH]2)c1,0.7,1,1
CHEMBL4776751,COc1cc(C(N)=O)ccc1-c1cc2c(N[C@H](CO)c3ccccc3)ncnc2[nH]1,0.5,1,1
CHEMBL4740573,COc1cc(NS(C)(=O)=O)ccc1-c1cc2c(N[C@H](CO)c3ccccc3)ncnc2[nH]1,0.3,1,1
CHEMBL4764993,COc1cc(NC(C)=O)ccc1-c1cc2c(N[C@H](CO)c3ccccc3)ncnc2[nH]1,0.8,1,1
CHEMBL4780965,OC[C@@H](Nc1ncnc2[nH]c(-c3ccncc3)cc12)c1ccccc1,2.0,1,1
CHEMBL4789312,OC[C@@H](Nc1ncnc2[nH]c(-c3cccnc3)cc12)c1ccccc1,2.2,1,1
CHEMBL4749862,COc1cnccc1-c1cc2c(N[C@H](CO)c3ccccc3)ncnc2[nH]1,0.6,1,1
CHEMBL4748320,CN(C)CCNCc1ccc(-c2cc3c(N[C@H](CO)c4ccccc4)ncnc3[nH]2)cc1,0.3,1,1
CHEMBL4784777,COc1cc(CNCCS(C)(=O)=O)ccc1-c1cc2c(N[C@H](CO)c3ccccc3)ncnc2[nH]1,0.4,1,1
CHEMBL4787816,COc1cc(CNCCN(C)C)ccc1-c1cc2c(N[C@H](CO)c3ccccc3)ncnc2[nH]1,0.3,1,1
CHEMBL4787951,COc1cc(CNCCN2CCOCC2)ccc1-c1cc2c(N[C@H](CO)c3ccccc3)ncnc2[nH]1,0.1,1,1
CHEMBL4778248,COc1cc(CNCCN2CCCCC2)ccc1-c1cc2c(N[C@H](CO)c3ccccc3)ncnc2[nH]1,0.1,1,1
CHEMBL4742081,COc1cc(CNCCN2CCNCC2)ccc1-c1cc2c(N[C@H](CO)c3ccccc3)ncnc2[nH]1,0.1,1,1
CHEMBL4749064,CN(C)CCNCc1cc(-c2cc3c(N[C@H](CO)c4ccccc4)ncnc3[nH]2)ccc1F,1.2,1,1
CHEMBL4748149,OCc1cc(-c2cc3c(N[C@H](CO)c4ccccc4)ncnc3[nH]2)ccc1F,1.6,1,1
CHEMBL4748367,CN(C)CCNCc1ccc(-c2cc3c(N[C@H](CO)c4ccccc4)ncnc3[nH]2)cc1F,0.1,1,1
CHEMBL4789027,OCc1ccc(-c2cc3c(N[C@H](CO)c4ccccc4)ncnc3[nH]2)cc1F,0.6,1,1
CHEMBL4784258,COc1cc(CN(C)CCN(C)C)ccc1-c1cc2c(N[C@H](CO)c3ccccc3)ncnc2[nH]1,0.1,1,1
CHEMBL4792577,COC[C@@H](Nc1ncnc2[nH]c(-c3ccc(CO)cc3OC)cc12)c1ccccc1,0.5,1,1
CHEMBL4794073,COC[C@@H](Nc1ncnc2[nH]c(-c3ccccc3OC(F)F)cc12)c1ccccc1,1.3,1,1
CHEMBL4786776,OCC[C@@H](Nc1ncnc2[nH]c(-c3ccccc3)cc12)c1ccccc1,0.5,1,1
CHEMBL4760328,CCOc1ccccc1-c1cc2c(N[C@H](CCO)c3ccccc3)ncnc2[nH]1,0.1,1,1
CHEMBL4753008,Cn1c(-c2ccccc2)cc2c(N[C@H](CO)c3ccccc3)ncnc21,900.0,1,1
CHEMBL4164805,COc1cc(CO)ccc1-c1cc2c(N[C@H](CO)c3ccccc3)ncnc2[nH]1,0.2,1,1
CHEMBL4175024,OCc1ccc(-c2cc3c(N[C@H](CO)c4ccccc4)ncnc3[nH]2)cc1,0.2,1,1
CHEMBL4750196,O=C(Nc1cc2c(Nc3ccc(F)c(Cl)c3)ncnc2cc1OCCCN1CCOCC1)c1cc([N+](=O)[O-])ccc1F,3.85,1,4
CHEMBL4747893,O=C(Nc1cc2c(Nc3ccc(OCc4ccccn4)c(Cl)c3)ncnc2cc1OCCCN1CCOCC1)c1cc([N+](=O)[O-])ccc1F,125.0,1,3
CHEMBL4757531,N#Cc1cccc(Oc2ccc(Nc3ncnc4cc(OCCCN5CCOCC5)c(NC(=O)c5cc([N+](=O)[O-])ccc5F)cc34)cc2Cl)c1,268.0,1,3
CHEMBL4756049,Cc1ccc(Oc2ccc(Nc3ncnc4cc(OCCCN5CCOCC5)c(NC(=O)c5cc([N+](=O)[O-])ccc5F)cc34)cc2Cl)cn1,419.0,1,3
CHEMBL4755444,CN(C)CCOc1ccc(Nc2ncnc3cc(OCCCN4CCOCC4)c(NC(=O)c4cc([N+](=O)[O-])ccc4F)cc23)cc1Cl,270.0,1,3
CHEMBL4790485,COCCOc1ccc(Nc2ncnc3cc(OCCCN4CCOCC4)c(NC(=O)c4cc([N+](=O)[O-])ccc4F)cc23)cc1Cl,463.0,1,3
CHEMBL4777554,O=C(Nc1cc2c(Nc3ccc(OCC4CC4)c(Cl)c3)ncnc2cc1OCCCN1CCOCC1)c1cc([N+](=O)[O-])ccc1F,172.0,1,3
CHEMBL4784185,N#Cc1ccc(Nc2ncnc3cc(OCCCN4CCOCC4)c(NC(=O)c4cc([N+](=O)[O-])ccc4F)cc23)cc1Cl,2245.0,0,3
CHEMBL4763697,O=C(Nc1cc2c(Nc3ccc(F)cc3)ncnc2cc1OCCCN1CCOCC1)c1cc([N+](=O)[O-])ccc1F,427.0,1,3
CHEMBL4763967,O=C(Nc1cc2c(Nc3ccc(F)c(F)c3)ncnc2cc1OCCCN1CCOCC1)c1cc([N+](=O)[O-])ccc1F,32.0,1,3
CHEMBL4745521,CN(C)CCCOc1cc2ncnc(Nc3ccc(F)c(Cl)c3)c2cc1NC(=O)c1cc([N+](=O)[O-])ccc1F,3.8,1,3
CHEMBL4796407,CN(C)CCOc1cc2ncnc(Nc3ccc(F)c(Cl)c3)c2cc1NC(=O)c1cc([N+](=O)[O-])ccc1F,18.0,1,3
CHEMBL4753193,CN1CCN(CCOc2cc3ncnc(Nc4ccc(F)c(Cl)c4)c3cc2NC(=O)c2cc([N+](=O)[O-])ccc2F)CC1,12.0,1,3
CHEMBL4793852,CC(=O)N1CCN(CCCOc2cc3ncnc(Nc4ccc(F)c(Cl)c4)c3cc2NC(=O)c2cc([N+](=O)[O-])ccc2F)CC1,14.0,1,3
CHEMBL4757724,CN1CCN(CCCOc2cc3ncnc(Nc4ccc(F)c(Cl)c4)c3cc2NC(=O)c2cc([N+](=O)[O-])ccc2F)CC1,3.9,1,3
CHEMBL4792426,O=C(Nc1cc2c(Nc3ccc(F)c(Cl)c3)ncnc2cc1OCCCN1CCNCC1)c1cc([N+](=O)[O-])ccc1F,1.9,1,3
CHEMBL4743173,COc1cc2ncnc(Nc3ccc(F)c(Cl)c3)c2cc1NC(=O)c1cc([N+](=O)[O-])ccc1F,68.0,1,3
CHEMBL4790583,O=C(Nc1cc2c(Nc3ccc(F)c(Cl)c3)ncnc2cc1F)c1cc([N+](=O)[O-])ccc1F,17.0,1,3
CHEMBL4777353,CN(C)CCCCOc1cc2ncnc(Nc3ccc(F)c(Cl)c3)c2cc1NC(=O)c1cc([N+](=O)[O-])ccc1F,5.05,1,2
CHEMBL4749765,O=C(Nc1cc2c(Nc3ccc(OCc4cccc(F)c4)c(Cl)c3)ncnc2cc1OCCCN1CCOCC1)c1cc([N+](=O)[O-])ccc1F,28.0,1,1
CHEMBL4751768,O=[N+]([O-])c1ccc(F)c(CNc2cc3c(Nc4ccc(F)c(Cl)c4)ncnc3cc2OCCCN2CCOCC2)c1,242.4,1,1
CHEMBL4752951,O=C(Nc1cc2c(Nc3ccc(F)c(Cl)c3)ncnc2cc1OCCCN1CCOCC1)c1cccnc1F,4.3,1,1
CHEMBL4759414,O=C(Nc1cc2c(Nc3ccc(F)c(Cl)c3)ncnc2cc1OCCCN1CCOCC1)c1cccc([N+](=O)[O-])c1,50.9,1,1
CHEMBL4790655,O=C(Nc1cc2c(Nc3ccc(F)c(Cl)c3)ncnc2cc1OCCCN1CCOCC1)c1ccccc1F,3.0,1,1
CHEMBL4762998,O=C(Nc1cc2c(Nc3ccc(F)c(Cl)c3)ncnc2cc1OCCCN1CCOCC1)c1cc(F)cc(F)c1F,365.0,1,1
CHEMBL4750608,O=C(Nc1cc2c(Nc3ccc(F)c(Cl)c3)ncnc2cc1OCCCN1CCOCC1)c1cc(F)ccc1[N+](=O)[O-],43.0,1,1
CHEMBL4782025,O=C(Nc1cc2c(Nc3ccc(F)c(Cl)c3)ncnc2cc1OCCCN1CCOCC1)c1cc([N+](=O)[O-])ccc1Cl,8.3,1,1
CHEMBL4760606,CS(=O)(=O)c1ccc(F)c(C(=O)Nc2cc3c(Nc4ccc(F)c(Cl)c4)ncnc3cc2OCCCN2CCOCC2)c1,57.0,1,1
CHEMBL4789811,N#Cc1ccc(F)c(C(=O)Nc2cc3c(Nc4ccc(F)c(Cl)c4)ncnc3cc2OCCCN2CCOCC2)c1,1.3,1,1
CHEMBL4743566,O=C(Nc1cc2c(Nc3ccc(F)c(Cl)c3)ncnc2cc1OCCCN1CCOCC1)c1cccc([N+](=O)[O-])c1Cl,14.0,1,1
CHEMBL4760864,O=C(Nc1cc2c(Nc3ccc(F)c(Cl)c3)ncnc2cc1OCCCN1CCOCC1)c1cccc(C(F)(F)F)c1F,30.0,1,1
CHEMBL4754811,O=C(Nc1cc2c(Nc3ccc(F)c(Cl)c3)ncnc2cc1OCCCN1CCOCC1)c1cccc([N+](=O)[O-])c1F,13.0,1,1
CHEMBL4741678,O=C(Nc1cc2c(Nc3ccc(F)c(Cl)c3)ncnc2cc1OCCCN1CCOCC1)c1cccc(F)c1F,29.0,1,1
CHEMBL4755832,O=C(Nc1cc2c(Nc3ccc(F)c(Cl)c3)ncnc2cc1OCCCN1CCOCC1)c1ccccc1,27.0,1,1
CHEMBL4776057,CS(=O)(=O)c1cccc(C(=O)Nc2cc3c(Nc4ccc(F)c(Cl)c4)ncnc3cc2OCCCN2CCOCC2)c1F,24.0,1,1
CHEMBL4797395,CN1CCN(c2ccc(Nc3ncc4nc(Nc5ccc(F)cc5)n([C@H]5CCCN(C(=O)CO)C5)c4n3)cc2)CC1,41.0,1,1
CHEMBL4752022,CN1CCN(c2ccc(Nc3ncc4nc(Nc5ccc(F)cc5)n([C@@H]5CCN(S(=O)(=O)C6CC6)C5)c4n3)cc2)CC1,22.0,1,1
CHEMBL4786787,CN1CCN(c2ccc(Nc3ncc4nc(Nc5ccccc5)n([C@@H]5CCN(S(=O)(=O)C6CC6)C5)c4n3)cc2)CC1,29.0,1,2
CHEMBL4758107,CNC(=O)CN1CC[C@H](n2c(Nc3ccc(F)cc3)nc3cnc(Nc4ccc(N5CCN(C)CC5)cc4)nc32)C1,561.0,1,1
CHEMBL4795878,CN1CCN(c2ccc(Nc3ncc4nc(Nc5ccccc5)n([C@H]5CCN(S(=O)(=O)C6CC6)C5)c4n3)cc2)CC1,29.0,1,2
CHEMBL4780903,CN1CCN(c2ccc(Nc3ncc4nc(Nc5ccc(F)cc5)n([C@H]5CCN(C(=O)OC(C)(C)C)C5)c4n3)cc2)CC1,122.0,1,1
CHEMBL4741925,COc1ccc(-c2c3c4cc(OC)c(O)cc4[nH]c(=O)c3n3ccc4cc(O)c(OC)cc4c23)cc1O,221.25,1,2
CHEMBL4792673,COc1ccc(-c2c3c4cc(OC)c(OC)cc4[nH]c(=O)c3n3ccc4cc(O)c(OC)cc4c23)cc1O,162.15,1,2
CHEMBL4746895,COc1ccc(-c2c3c4cc(OC)c(OCCCN(C)C)cc4[nH]c(=O)c3n3ccc4cc(O)c(OC)cc4c23)cc1O.O=C(O)C(F)(F)F,10.6,1,2
CHEMBL4782900,COc1ccc(-c2c3c4cc(O)c(OCCCN(C)C)cc4[nH]c(=O)c3n3ccc4cc(O)c(OC)cc4c23)cc1O.O=C(O)C(F)(F)F,17.45,1,2
CHEMBL4750158,COc1ccc(-c2c3c4cc(OCCCN(C)C)c(O)cc4[nH]c(=O)c3n3ccc4cc(O)c(OC)cc4c23)cc1O.O=C(O)C(F)(F)F,20.1,1,2
CHEMBL4791596,COc1ccc(-c2c3c4cc(OCCCN(C)C)c(OCCCN(C)C)cc4[nH]c(=O)c3n3ccc4cc(O)c(OC)cc4c23)cc1O.O=C(O)C(F)(F)F.O=C(O)C(F)(F)F,3.15,1,2
CHEMBL98,O=C(CCCCCCC(=O)Nc1ccccc1)NO,456.0,1,2
CHEMBL4746995,Cn1cc(-c2ccnc(Nc3ccc(C(=O)NCCCCCCC(=O)NO)cc3)n2)c2ccccc21,3200.0,0,3
CHEMBL4780058,Cn1c(-c2csc(NN=C3CCCC3)n2)nc2ccccc21,109.71,1,1
CHEMBL4747759,Cn1c(-c2csc(NN=C3CCCCC3)n2)nc2ccccc21,278.88,1,1
CHEMBL4749342,Cn1c(-c2csc(N/N=C\c3ccccc3)n2)nc2ccccc21,1235.34,0,1
CHEMBL4783948,Cc1ccc(/C=N\Nc2nc(-c3nc4ccccc4n3C)cs2)cc1,150.36,1,1
CHEMBL4794131,COc1ccc(/C=N\Nc2nc(-c3nc4ccccc4n3C)cs2)cc1,311.75,1,1
CHEMBL4740646,COc1ccc(/C=N\Nc2nc(-c3nc4ccccc4n3C)cs2)cc1OC,208.09,1,1
CHEMBL4758204,COc1cc(/C=N\Nc2nc(-c3nc4ccccc4n3C)cs2)cc(OC)c1OC,622.64,1,1
CHEMBL4753631,Cn1c(-c2csc(N/N=C\c3ccc([N+](=O)[O-])cc3)n2)nc2ccccc21,85.03,1,1
CHEMBL4786168,CN(C)c1ccc(/C=N\Nc2nc(-c3nc4ccccc4n3C)cs2)cc1,103.71,1,1
CHEMBL4752843,Cn1c(-c2csc(N/N=C\c3ccc(F)cc3)n2)nc2ccccc21,253.74,1,1
CHEMBL4746321,Cn1c(-c2csc(N/N=C\c3ccc(Br)cc3)n2)nc2ccccc21,406.09,1,1
CHEMBL4762604,Cn1c(-c2csc(N/N=C\c3ccc(Cl)cc3Cl)n2)nc2ccccc21,513.63,1,1
CHEMBL4746023,Cc1ccc(/C=N\Nc2nc(-c3nc4ccccc4n3C)cs2)o1,212.82,1,1
CHEMBL4750734,Cn1c(-c2csc(N/N=C\c3ccc([N+](=O)[O-])o3)n2)nc2ccccc21,71.67,1,1
CHEMBL4763960,Cn1c(-c2csc(N/N=C\c3cccs3)n2)nc2ccccc21,773.24,1,1
CHEMBL4749518,Cn1c(-c2csc(N/N=C\C3CCCN3)n2)nc2ccccc21,342.06,1,1
CHEMBL4796408,Cn1c(-c2csc(N/N=C\c3ccncc3)n2)nc2ccccc21,569.41,1,1
CHEMBL4793105,C=C(Cl)C(=O)Nc1cccc(Nc2nc(Nc3ccc(N4CCN(C(C)=O)CC4)cc3)ncc2Cl)c1,36.95,1,2
CHEMBL4745868,C=C(Cl)C(=O)Nc1cccc(Nc2nc(Nc3ccc(N4CCN(C(C)=O)CC4)c(C)c3)ncc2Cl)c1,26.8,1,2
CHEMBL4746377,C=C(Cl)C(=O)Nc1cccc(Nc2nc(Nc3ccc(N4CCN(C(C)=O)CC4)cc3OC)ncc2C(F)(F)F)c1,136.5,1,2
CHEMBL4776012,C=C(Cl)C(=O)Nc1cccc(Nc2nc(Nc3ccc(N4CCN(C(C)=O)CC4)c(Cl)c3)ncc2Cl)c1,28.1,1,2
CHEMBL4776073,C=C(Cl)C(=O)Nc1cccc(Nc2nc(Nc3ccc(N4CCN(C(C)=O)CC4)cc3Cl)ncc2Cl)c1,174.0,1,2
CHEMBL4740234,C=C(Cl)C(=O)Nc1cccc(Nc2nc(Nc3ccc(N4CCN(C(C)=O)CC4)nc3)ncc2Cl)c1,68.75,1,2
CHEMBL4785849,C=C(Cl)C(=O)Nc1cccc(Oc2nc(Nc3ccc(N4CCN(C(C)=O)CC4)cc3)ncc2Cl)c1,71.5,1,2
CHEMBL4794857,C=C(F)C(=O)Nc1cccc(Nc2nc(Nc3ccc(N4CCN(C(C)=O)CC4)cc3)ncc2Cl)c1,213.0,1,1
CHEMBL4789716,C=C(F)C(=O)Nc1cccc(Nc2nc(Nc3ccc(N4CCN(C(C)=O)CC4)c(C)c3)ncc2Cl)c1,174.0,1,1
CHEMBL4780534,C=CC(=O)Nc1cccc(Oc2nc(Nc3ccc(OC)cc3)nc3c2CSCC3)c1,132.1,1,3
CHEMBL4776833,C=CC(=O)Nc1cccc(Oc2nc(Nc3cccc(OC)c3)nc3c2CSCC3)c1,638.4,1,1
CHEMBL4453068,C#Cc1cccc(Nc2ncnc3cc4c(cc23)OCCO4)c1,54.25,1,2
CHEMBL4750375,C#Cc1cccc(Nc2ncnc3cc4c(cc23)OCCO4)c1F,20.1,1,2
CHEMBL4743464,N#Cc1cccc(Nc2ncnc3cc4c(cc23)OCCO4)c1F,25.1,1,2
CHEMBL4744655,Fc1c(Cl)cccc1Nc1ncnc2cc3c(cc12)OCCO3,4.305,1,2
CHEMBL4743220,Fc1c(Br)cccc1Nc1ncnc2cc3c(cc12)OCCO3,3.22,1,2
CHEMBL4759031,Fc1c(I)cccc1Nc1ncnc2cc3c(cc12)OCCO3,11.75,1,2
CHEMBL4759650,Fc1c(Nc2ncnc3cc4c(cc23)OCCO4)cccc1C(F)(F)F,48.2,1,2
CHEMBL4778159,N#Cc1cccc(Nc2ncnc3cc4c(cc23)OCCO4)c1,34.65,1,2
CHEMBL4740063,Clc1cccc(Nc2ncnc3cc4c(cc23)OCCO4)c1,7.605,1,2
CHEMBL1198370,Brc1cccc(Nc2ncnc3cc4c(cc23)OCCO4)c1,14.55,1,2
CHEMBL4786797,Oc1c(Br)cccc1Nc1ncnc2cc3c(cc12)OCCO3,617.1,1,2
CHEMBL4793453,Fc1ccc(Nc2ncnc3cc4c(cc23)OCCO4)c(F)c1Br,18.75,1,2
CHEMBL4762453,Fc1c(Nc2ncnc3cc4c(cc23)OCCO4)ccc(Cl)c1Br,20.75,1,2
CHEMBL4794223,Fc1c(Nc2ncnc3cc4c(cc23)OCCO4)ccc(Br)c1Br,26.8,1,2
CHEMBL4783428,Fc1cc(Br)c(F)c(Nc2ncnc3cc4c(cc23)OCCO4)c1,6.48,1,2
CHEMBL4793944,Fc1c(Br)cc(Cl)cc1Nc1ncnc2cc3c(cc12)OCCO3,1484.4,0,2
CHEMBL4744207,Fc1c(Nc2ncnc3cc4c(cc23)OCCO4)ccc(Cl)c1Cl,30.85,1,2
CHEMBL4791756,Fc1ccc(Br)cc1Nc1ncnc2cc3c(cc12)OCCO3,9.365,1,2
CHEMBL4786961,Fc1ccc(Br)c(F)c1Nc1ncnc2cc3c(cc12)OCCO3,12.9,1,2
CHEMBL4749501,Fc1cccc(Nc2ncnc3cc4c(cc23)OCCO4)c1F,18.9,1,1
CHEMBL4798627,O=C(Cc1csc2nc3ccccc3n12)Nc1ccccc1O,27500027.5,0,2
CHEMBL4798434,CNc1nc(C)c(C(=O)/C=C/c2nccs2)s1,255.6,1,1
CHEMBL4797515,CNc1nc(C)c(C(=O)/C=C/c2ccsc2)s1,143.63,1,1
CHEMBL4750368,CNc1nc(C)c(C(=O)/C=C/c2ccc(O)cc2)s1,33.66,1,1
CHEMBL4741340,[2H]C([2H])=CC(=O)Nc1cc(Nc2nccc(-c3cn(C([2H])([2H])[2H])c4ccccc34)n2)c(OC)cc1N(C)CCN(C)C,57.75,1,2
CHEMBL4759697,C=CC(=O)Nc1cc2c(Nc3cccc(Cl)c3F)ncnc2cc1OCc1cn(CCC(=O)NO)nn1,1.1,1,3
CHEMBL4794998,C=CC(=O)Nc1cc2c(Nc3cccc(Cl)c3F)ncnc2cc1OCc1cn(CCCC(=O)NO)nn1,1.2,1,3
CHEMBL4783641,C=CC(=O)Nc1cc2c(Nc3cccc(Cl)c3F)ncnc2cc1OCc1cn(CCCCC(=O)NO)nn1,1.2,1,3
CHEMBL4793338,C=CC(=O)Nc1cc2c(Nc3ccc(F)c(Cl)c3)ncnc2cc1OCc1cn(CCC(=O)NO)nn1,1.1,1,3
CHEMBL4759072,C=CC(=O)Nc1cc2c(Nc3ccc(F)c(Cl)c3)ncnc2cc1OCc1cn(CCCC(=O)NO)nn1,1.1,1,3
CHEMBL4744985,C=CC(=O)Nc1cc2c(Nc3ccc(F)c(Cl)c3)ncnc2cc1OCc1cn(CCCCC(=O)NO)nn1,0.88,1,3
CHEMBL4758842,C=CC(=O)Nc1cc2c(Nc3ccc(OCc4cccc(F)c4)c(Cl)c3)ncnc2cc1OCc1cn(CCC(=O)NO)nn1,2.2,1,3
CHEMBL4794670,C=CC(=O)Nc1cc2c(Nc3ccc(OCc4cccc(F)c4)c(Cl)c3)ncnc2cc1OCc1cn(CCCC(=O)NO)nn1,2.9,1,3
CHEMBL4758761,C=CC(=O)Nc1cc2c(Nc3ccc(OCc4cccc(F)c4)c(Cl)c3)ncnc2cc1OCc1cn(CCCCC(=O)NO)nn1,2.6,1,3
CHEMBL4759112,CN(C)C/C=C/C(=O)Nc1cc2ncnc(Nc3ccc(F)c(Cl)c3)c2cc1O[C@@H]1CCOC1,0.88,1,3
CHEMBL4780210,Cc1ccc(C2=N/C(=C\c3ccc(Cl)cc3)C(=O)NN2C(=O)c2nc3c(c(C)nn3-c3ccccc3)c(=O)[nH]2)cc1,1887.2,0,1
CHEMBL4790553,Cc1nn(-c2ccccc2)c2nc(CC(=O)N3NC(=O)/C(=C\c4ccccc4)N=C3c3ccccc3)[nH]c(=O)c12,655.6,1,1
CHEMBL4759405,Cc1ccc(C2=N/C(=C/c3ccc(Cl)cc3)C(=O)NN2C(=O)Cc2nc3c(c(C)nn3-c3ccccc3)c(=O)[nH]2)cc1,422.25,1,1
CHEMBL4753913,COc1ccc(/C=C2/N=C(c3ccc(Cl)cc3)N(C(=O)Cc3nc4c(c(C)nn4-c4ccccc4)c(=O)[nH]3)NC2=O)cc1,226.7,1,1
CHEMBL4798527,Cc1ccc(NC(=O)c2ccc(C)c(C(F)(F)F)c2)cc1C#Cc1nn([C@H]2CC[C@H](O)CC2)c2ncnc(N)c12,19.0,1,5
CHEMBL4799700,O=S(=O)(Nc1nccs1)c1ccc(NC(=S)Nc2ccc3c(c2)OCO3)cc1,1623.0,0,1
CHEMBL4778717,O=S(=O)(Nc1ccccn1)c1ccc(NC(=S)Nc2ccc3c(c2)OCO3)cc1,1885.0,0,1
CHEMBL4779958,Cc1c(NC(=S)Nc2ccc3c(c2)OCO3)c(=O)n(-c2ccccc2)n1C,86020.0,0,3
CHEMBL4782320,S=C(Nc1ccc2c(c1)OCO2)Nc1c2ccccc2nc2ccccc12,102600.0,0,3
CHEMBL4776925,S=C(NNc1ccccc1)Nc1ccc2c(c1)OCO2,8264.0,0,1
CHEMBL4789796,S=C(NN=C(c1ccccc1)c1ccccc1)Nc1ccc2c(c1)OCO2,993.0,1,1
CHEMBL4781497,CN1CCN(c2ccc(Nc3nc(Oc4ccc5ccc(=O)[nH]c5c4)c4sccc4n3)cc2)CC1,250.0,1,1
CHEMBL4800533,COc1cc(N2CCN(C)CC2)ccc1Nc1nc(Oc2ccc3ccc(=O)[nH]c3c2)c2sccc2n1,330.0,1,1
CHEMBL4791108,CCN1CCN(c2ccc(Nc3nc(Oc4ccc5ccc(=O)[nH]c5c4)c4sccc4n3)c(OC)c2)CC1,330.0,1,1
CHEMBL4779681,O=c1ccc2ccc(Oc3nc(Nc4ccc(N5CCC(N6CCCCC6)CC5)c(F)c4)nc4ccsc34)cc2[nH]1,110.0,1,1
CHEMBL4791953,CN1CCN(Cc2ccc(Nc3nc(Oc4ccc5ccc(=O)[nH]c5c4)c4sccc4n3)cc2)CC1,200.0,1,1
CHEMBL4785528,CCN1CCN(Cc2ccc(Nc3nc(Oc4ccc5ccc(=O)[nH]c5c4)c4sccc4n3)cc2)CC1,240.0,1,1
CHEMBL4780855,CN(C)CCNc1ccc(Nc2nc(Oc3ccc4ccc(=O)[nH]c4c3)c3sccc3n2)cc1F,230.0,1,1
CHEMBL4779194,C=CCSSCCC(=O)OCCCOc1cc2ncnc(Nc3cccc(Br)c3)c2cc1OC,7006.0,0,2
CHEMBL4791960,CC(C)(C)c1cc(NC(=O)Cc2ccc(Nc3ncnc4[nH]c(-c5ccc(S(C)(=O)=O)cc5)cc34)cc2)no1,56780.0,0,1
CHEMBL4868909,COc1cccc(-c2cc(-c3c(O)c4ccccc4oc3=O)nc(N)c2C#N)c1,33.0,1,1
CHEMBL4845732,CCS(=O)(=O)NNC(=O)CSc1nc2ccccc2c(=O)n1Cc1ccc2c(c1)OCO2,146.9,1,1
CHEMBL4850856,O=C(CSc1nc2ccccc2c(=O)n1Cc1ccc2c(c1)OCO2)Nc1ccccc1F,207.1,1,1
CHEMBL4851555,O=C(CSc1nc2ccccc2c(=O)n1Cc1ccc2c(c1)OCO2)Nc1ccc(Br)cc1Br,1032.7,0,1
CHEMBL4855312,O=C(CSc1nc2ccccc2c(=O)n1Cc1ccc2c(c1)OCO2)Nc1ccc(I)cc1,754.3,1,1
CHEMBL4877054,COc1cc2ncnc(Nc3ccc(F)c(Cl)c3)c2cc1OCCCCC(=O)Nc1ccc(S(N)(=O)=O)cc1,40.1,1,2
CHEMBL4861346,COc1cc2ncnc(Nc3ccc(Cl)c(C(F)(F)F)c3)c2cc1OCCCCC(=O)Nc1ccc(S(N)(=O)=O)cc1,25.6,1,2
CHEMBL4859542,C#Cc1cccc(Nc2ncnc3cc(OC)c(OCCCCC(=O)Nc4ccc(S(N)(=O)=O)cc4)cc23)c1,48.85,1,2
CHEMBL4855080,COc1cc2ncnc(Nc3cccc(Cl)c3F)c2cc1OCCCCC(=O)Nc1ccc(S(N)(=O)=O)cc1,26.4,1,2
CHEMBL4853833,COc1cc2ncnc(Nc3cccc(C(F)(F)F)c3)c2cc1OCCCCC(=O)Nc1ccc(S(N)(=O)=O)cc1,18.1,1,2
CHEMBL4873098,COc1cc2ncnc(Nc3ccc(OCc4cccc(F)c4)c(Cl)c3)c2cc1OCCCCC(=O)Nc1ccc(S(N)(=O)=O)cc1,19.65,1,2
CHEMBL4846607,NS(=O)(=O)c1ccc(NC(=S)Nc2ccc3ncnc(Nc4cccc(C(F)(F)F)c4)c3c2)cc1,93.1,1,2
CHEMBL4857605,NS(=O)(=O)c1ccc(CCNC(=S)Nc2ccc3ncnc(Nc4cccc(C(F)(F)F)c4)c3c2)cc1,68.0,1,2
CHEMBL4848093,NS(=O)(=O)c1ccc(CCNC(=S)Nc2ccc3ncnc(Nc4ccc(OCc5cccc(F)c5)c(Cl)c4)c3c2)cc1,47.55,1,2
CHEMBL4868797,Cn1cc(-c2cc3ncnc(Nc4ccc(CC(=O)Nc5cc(C(C)(C)C)nn5C)cc4)c3s2)cn1,176090.0,0,1
CHEMBL4863294,O=C(CCCCCCn1cc(-c2ccc3ncnc(Nc4ccc(Br)cc4F)c3c2)nn1)NO,10.3,1,1
CHEMBL4870955,COc1cc(NC(=O)CCCCCCCCCCC(=O)NO)ccc1Nc1nccc(-c2cn(C)c3ccccc23)n1,5700.0,0,1
CHEMBL4860398,C#Cc1cccc(Nc2ncnc3cc(OC)c(OCCCCCCN/C(=N\C#N)Nc4ccncc4)cc23)c1,0.355,1,4
CHEMBL4873506,C#Cc1cccc(Nc2ncnc3cc(OC)c(OCCCCCCN/C(=N\C#N)Nc4cccnc4)cc23)c1,0.38,1,4
CHEMBL4851176,C#Cc1cccc(Nc2ncnc3cc(OC)c(OCCCCCN/C(=N\C#N)Nc4ccncc4)cc23)c1,0.26,1,4
CHEMBL4852664,C#Cc1cccc(Nc2ncnc3cc(OC)c(OCCCCCN/C(=N\C#N)Nc4cccnc4)cc23)c1,0.49,1,4
CHEMBL4868614,C#Cc1cccc(Nc2ncnc3cc(OC)c(OCCCCCCCN/C(=N\C#N)Nc4ccncc4)cc23)c1,0.485,1,6
CHEMBL4859375,C#Cc1cccc(Nc2ncnc3cc(OC)c(OCCCCCCCN/C(=N\C#N)Nc4cccnc4)cc23)c1,0.514,1,4
CHEMBL4858583,CN(/N=N\c1ccc2ncnc(Nc3cccc(Cl)c3)c2c1)C(=O)OCCl,0.39,1,1
CHEMBL4857477,CN(C(=O)NCCCl)c1ccc2ncnc(Nc3cccc(Cl)c3)c2c1,81.0,1,1
CHEMBL4856453,COc1ccc(-c2coc3cc(OCC(=O)N/C=C\c4ccc(O)cc4)ccc3c2=O)cc1,33.1,1,1
CHEMBL4859473,CCc1ccc(NCC(=O)Nn2c(-c3ccccc3)nc3ccccc3c2=O)cc1,143.4,1,1
CHEMBL1988225,O=C(CNc1ccc(Cl)cc1)Nn1c(-c2ccccc2)nc2ccccc2c1=O,81.07,1,1
CHEMBL4849859,COc1ccc(/C=C2/SC(NN3Cc4ccccc4N=C3c3ccccc3)=NC2=O)cc1,136.0,1,1
CHEMBL4877452,O=C1N=C(NN2Cc3ccccc3N=C2c2ccccc2)S/C1=C/c1ccc(O)cc1O,178.1,1,1
CHEMBL4866476,O=C1N=C(NN2Cc3ccccc3N=C2c2ccccc2)S/C1=C/c1ccccc1,65.63,1,1
CHEMBL4871569,Cc1nc2c(Br)cc(Br)cc2c(=O)n1N,72.0,1,1
CHEMBL4858176,COc1cc2ncnc(Nc3ccc(F)c(Cl)c3)c2cc1OCCCN1CC[Se]CC1,25300.0,0,1
CHEMBL4869634,CC(C)Oc1cc(F)ccc1Nc1ncnc2ccc(-c3ccc(C(=O)N4CCNCC4)cc3)nc12,1970.0,0,1
CHEMBL4873767,Oc1cc(Nc2ccnc3cc(-c4ccccc4)ccc23)ccc1Cl,100.0,1,1
CHEMBL4876135,c1ccc(-c2ccc3c(Nc4ccc5scnc5c4)ccnc3c2)cc1,2500.0,0,1
CHEMBL4850239,C=CC(=O)Nc1cccc(Oc2nc(Nc3ccc(N4CCN(C)CC4)c([N+](=O)[O-])c3)nc3[nH]ccc23)c1,8.65,1,6
CHEMBL4847264,C=CC(=O)Nc1cccc(Oc2nc(Nc3ccc(N4CCN(C)CC4)c(N)c3)nc3[nH]ccc23)c1,2.1,1,6
CHEMBL4297865,C=CC(=O)Nc1cccc(Oc2nc(Nc3ccc(N4CCN(C)CC4)c(F)c3)nc3[nH]ccc23)c1,1.9500000000000002,1,6
CHEMBL4855850,C#CCNC(=O)c1cc(Nc2cc(C3CC3)[nH]n2)nc(N2CCN(Cc3ccc(S(=O)(=O)F)cc3)CC2)n1,244.0,1,3
CHEMBL4865792,COc1cc(N2CCN(C(C)=O)CC2)ccc1Nc1ncc(Cl)c(Nc2cccc(NC(=O)CCl)c2)n1,56.8,1,3
CHEMBL4854693,C=CS(=O)(=O)Nc1cccc(Nc2nc(Nc3ccc(N4CCN(C(C)=O)CC4)cc3OC)ncc2Cl)c1,675.0,1,1
CHEMBL4873392,COc1cc(N2CCN(C(C)=O)CC2)ccc1Nc1ncc(Cl)c(Nc2cccc(NCCS(=O)(=O)F)c2)n1,458.0,1,1
CHEMBL4873600,COc1cc(N2CCN(C(C)=O)CC2)ccc1Nc1ncc(Cl)c(Nc2cccc(NC(=O)c3cccc(S(=O)(=O)F)c3)c2)n1,476.0,1,1
CHEMBL4866162,COc1cc(N2CCN(C(C)=O)CC2)ccc1Nc1ncc(Cl)c(Nc2ccc(NCc3ccc(S(=O)(=O)F)cc3)cc2)n1,12.9,1,4
CHEMBL4856343,COc1cc(N2CCN(C(C)=O)CC2)ccc1Nc1ncc(Cl)c(Nc2cccc(NC(C)=O)c2)n1,1105.0,0,1
CHEMBL4848234,O=C(NO)c1ccccc1Nc1nc(Nc2ccc(N3CCOCC3)cc2)ncc1Cl,116.5,1,1
CHEMBL4861707,CN1CCN(c2ccc(Nc3ncc(Cl)c(Nc4ccccc4C(=O)NO)n3)cc2)CC1,68.81,1,1
CHEMBL4858714,O=C(NO)c1ccccc1Nc1nc(Nc2ccc(CN3CCOCC3)cc2)ncc1Cl,98.78,1,1
CHEMBL4875985,O=C(NO)c1ccccc1Nc1nc(Nc2ccc(OCCN3CCOCC3)cc2)ncc1Cl,1.097,1,1
CHEMBL4869024,CN1CCN(CCOc2ccc(Nc3ncc(Cl)c(Nc4ccccc4C(=O)NO)n3)cc2)CC1,6.82,1,1
CHEMBL4870560,O=C(NO)c1ccccc1Nc1nc(Nc2ccc(OCCCN3CCOCC3)cc2)ncc1Cl,64.79,1,1
CHEMBL4858409,O=C(NO)c1ccccc1Nc1nc(Nc2ccc(OCC(=O)N3CCOCC3)cc2)ncc1Cl,16.04,1,1
CHEMBL4849337,O=C(CN1CCOCC1)Nc1ccc(Nc2ncc(Cl)c(Nc3ccccc3C(=O)NO)n2)cc1,113.5,1,1
CHEMBL4871985,CNC(=O)c1ccccc1Nc1nc(Nc2ccc(N3CCC(C(=O)NO)CC3)cc2)ncc1Cl,49.94,1,1
CHEMBL4870265,CNC(=O)c1ccccc1Nc1nc(Nc2ccc(CN3CCC(C(=O)NO)CC3)cc2)ncc1Cl,117.5,1,1
CHEMBL4858535,CNC(=O)c1ccccc1Nc1nc(Nc2ccc(OCCCN3CCC(C(=O)NO)CC3)cc2)ncc1Cl,44.96,1,1
CHEMBL4851795,O=C(COc1ccc(Nc2ncc(Cl)c(Nc3ccccc3C(=O)NO)n2)cc1)NO,65.41,1,1
CHEMBL4873830,O=C(O)c1ccccc1Nc1nc(Nc2ccc(OCC(=O)N3CCOCC3)cc2)ncc1Cl,198.5,1,1
CHEMBL4862351,CCOC(=O)c1ccccc1Nc1nc(Nc2ccc(OCC(=O)N3CCOCC3)cc2)ncc1Cl,0.2446,1,1
CHEMBL4862976,CNC(=O)c1ccccc1Nc1nc(Nc2ccc(NC(=O)CN3CCOCC3)c(C)c2)ncc1Cl,3.89,1,2
CHEMBL4860202,CS(=O)(=O)c1nccc(-c2c(-c3cccc(OCc4ccccc4)c3)nc3sccn23)n1,9920.0,0,1
CHEMBL4866102,c1ccc(COc2cccc(-c3nc4sccn4c3-c3ccncn3)c2)cc1,4354.0,0,3
CHEMBL4868123,COCCOc1cc2ncnc(Sc3nc[nH]n3)c2cc1OCCOC,5210.0,0,1
CHEMBL4872030,COc1ccc(C(Nc2ccccc2)n2c(=O)ccc3cc(O)ccc32)cc1,14260.0,0,1
CHEMBL4868965,COc1ccc(C(Nc2ccc([N+](=O)[O-])cc2)n2c(=O)ccc3cc(O)ccc32)cc1,1350.0,0,1
CHEMBL4861493,COc1ccc(C(Nc2ccc(Cl)cc2)n2c(=O)ccc3cc(O)ccc32)cc1,1130.0,0,1
CHEMBL4861796,COc1ccc(C(Nc2ccc(Br)cc2)n2c(=O)ccc3cc(O)ccc32)cc1,960.0,1,1
CHEMBL4863109,COc1ccc(NC(c2ccc(OC)cc2)n2c(=O)ccc3cc(O)ccc32)cc1,5290.0,0,1
CHEMBL4849721,COc1cc2cccc(Oc3ccc(NC(=O)C4(C(=O)Nc5ccc(F)cc5)CC4)cc3)c2cc1OC,3110.0,0,1
CHEMBL4873202,Oc1ccc(/C=N/Nc2nc3ccccc3c3nncn23)cc1,690.0,1,1
CHEMBL4874550,C=CC(=O)N1CCCC[C@H]1c1nc(-c2ccc(C(=O)Nc3cc(OC)ccn3)cc2)c(C(N)=O)n1N,450.0,1,1
CHEMBL4860527,C=CC(=O)N1CCCC[C@H]1c1nc(-c2ccc(C(=O)Nc3cc(Cl)ccn3)cc2)c(C(N)=O)n1N,176.0,1,1
CHEMBL4878421,C=CC(=O)N1CCCC[C@H]1c1nc(-c2ccc(C(=O)Nc3cc(Br)ccn3)cc2)c(C(N)=O)n1N,578.0,1,1
CHEMBL4864983,C=CC(=O)N1CCCC[C@H]1c1nc(-c2ccc(C(=O)Nc3cc(C(F)(F)F)ccn3)cc2)c(C(N)=O)n1N,433.0,1,1
CHEMBL4863836,C=CC(=O)N1CCCC[C@H]1c1nc(-c2ccc(C(=O)Nc3cc(-c4ccccc4)ccn3)cc2)c(C(N)=O)n1N,79.4,1,1
CHEMBL4863913,C=CC(=O)N1CCCC[C@H]1c1nc(-c2ccc(C(=O)Nc3cc(-c4ccc(F)cc4)ccn3)cc2)c(C(N)=O)n1N,113.0,1,1
CHEMBL4878626,C=CC(=O)N1CCCC[C@H]1c1nc(-c2ccc(C(=O)Nc3cc(-c4ccc(Cl)cc4)ccn3)cc2)c(C(N)=O)n1N,12.6,1,1
CHEMBL4847730,CC#CC(=O)N1CCCC[C@H]1c1nc(-c2ccc(C(=O)Nc3cc(C(F)(F)F)ccn3)cc2)c(C(N)=O)n1N,11802.0,0,1
CHEMBL4849268,CC#CC(=O)N1CCCC[C@H]1c1nc(-c2ccc(C(=O)Nc3cc(-c4ccccc4)ccn3)cc2)c(C(N)=O)n1N,16807.0,0,1
CHEMBL3707348,CC#CC(=O)N1CCC[C@H]1c1nc(-c2ccc(C(=O)Nc3ccccn3)cc2)c2c(N)nccn12,3513.0,0,1
CHEMBL3936761,C=CC(=O)N1CCC([C@@H]2CCNc3c(C(N)=O)c(-c4ccc(Oc5ccccc5)cc4)nn32)CC1,6.0,1,7
CHEMBL3647964,C=CC(=O)N1CCC[C@H](n2nc(-c3ccc(Oc4ccccc4)cc3)c3c(N)ncnc32)C1,1.2,1,1
CHEMBL4863078,C=CC(=O)N1CCC(c2cnn3c(C(N)=O)c(-c4ccc(Oc5ccccc5)cc4)[nH]c23)CC1,109.0,1,1
CHEMBL4878090,CC#CC(=O)N1CCC(c2cnn3c(C(N)=O)c(-c4ccc(Oc5ccccc5)cc4)[nH]c23)CC1,14010.0,0,1
CHEMBL4871192,C#CC(=O)N1CCC(c2cnn3c(C(N)=O)c(-c4ccc(Oc5ccccc5)cc4)[nH]c23)CC1,30.8,1,1
CHEMBL4869409,C#CC(=O)N1CCC(c2cnn3c(C(N)=O)c(-c4ccc(Oc5ccccc5F)cc4)[nH]c23)CC1,16.3,1,1
CHEMBL4857353,C#CC(=O)N1CCC(c2cnn3c(C(N)=O)c(-c4ccc(Oc5ccc(F)cc5F)cc4)[nH]c23)CC1,32.8,1,1
CHEMBL4856592,C#CC(=O)N1CCC(c2cnn3c(C(N)=O)c(-c4ccc(Oc5ccc(OC)cc5)cc4)[nH]c23)CC1,50.8,1,1
CHEMBL4875332,C#CC(=O)N1CCC(c2cnn3c(C(N)=O)c(-c4ccc(Oc5ccccc5)cc4)[nH]c23)C1,29.7,1,1
CHEMBL4852264,C#CC(=O)N1CCC(c2cnn3c(C(N)=O)c(-c4ccc(Oc5ccc(F)cc5)cc4)[nH]c23)C1,38.6,1,1
CHEMBL4873984,C#CC(=O)N1CCC(c2cnn3c(C(N)=O)c(-c4ccc(Oc5ccccc5OC)cc4)[nH]c23)C1,104.0,1,1
CHEMBL4863088,C#CC(=O)N1CC(c2cnn3c(C(N)=O)c(-c4ccc(Oc5ccccc5)cc4)[nH]c23)C1,33.8,1,1
CHEMBL4867893,C#CC(=O)N1CC(c2cnn3c(C(N)=O)c(-c4ccc(Oc5ccc(OC)cc5)cc4)[nH]c23)C1,88.3,1,1
CHEMBL4871593,C=CCn1c(=O)c2cnc(Nc3ccc(N4CCN(C)CC4)cc3)nc2n1-c1ccc2c(n1)C(O)(CC)CC2,60.0,1,1
CHEMBL4878790,O=C(Nc1cncnc1Oc1cccc(C(F)(F)F)c1)c1ccc(F)cc1,2980.0,0,1
CHEMBL4877510,CCn1c(-c2ccccc2)c(-c2ncnc3cc(OC)c(OCCCN4CCOCC4)cc23)c2ccccc21,1.3,1,1
CHEMBL1800685,O=C(O)c1cc(-c2ccc(C3CCNCC3)cc2)c2ccc(-c3ccc(C(F)(F)F)cc3)cc2c1,4590.0,0,1
CHEMBL4088216,CN1C(=O)[C@@H](N2CCc3cn(Cc4ccccc4)nc3C2=O)COc2ccccc21,1000.0,1,1
CHEMBL4549667,CN1C(=O)[C@@H](N2CCc3c(nn(Cc4ccccc4)c3Br)C2=O)COc2ccccc21,1000.0,1,1
CHEMBL4097778,CN1C(=O)[C@@H](N2CCc3cn(CC4CCS(=O)(=O)CC4)nc3C2=O)COc2ccccc21,1000.0,1,1
CHEMBL5085136,C=CC(=O)N1CCC2(CC1)CNC(=O)c1cc(-c3ccnc(-c4ccc5c(c4)OCO5)n3)[nH]c12,24.75,1,2
CHEMBL5082422,CC#CC(=O)Nc1cccc(-c2nccc(-c3cc4c([nH]3)C3(CCNCC3)CNC4=O)n2)c1,499.0,1,1
CHEMBL5083976,C=CC(=O)N1CCC2(CC1)CNC(=O)c1cc(-c3ccnc(-c4cccc(OC)c4)n3)[nH]c12,20.8,1,2
CHEMBL5077776,C=CC(=O)N1CCC2(CC1)CNC(=O)c1cc(-c3ccnc(Nc4ccccc4OC)n3)[nH]c12,0.65,1,2
CHEMBL5088102,COc1ccccc1Nc1nccc(-c2cc3c([nH]2)C2(CCN(C(=O)C#CN(C)C)CC2)CNC3=O)n1,4.05,1,2
CHEMBL5089073,C=CC(=O)N1CCC2(CC1)CNC(=O)c1cc(-c3ccnc(Nc4ccccc4OC)c3)[nH]c12,114.5,1,2
CHEMBL5076067,C=CC(=O)N1CCC2(CC1)CNC(=O)c1cc(-c3nc(Nc4ccccc4OC)ncc3Cl)[nH]c12,0.8500000000000001,1,2
CHEMBL5085118,C=CC(=O)N1CCC2(CC1)CNC(=O)c1cc(-c3nc(Nc4ccccc4OC)ncc3C)[nH]c12,1.2999999999999998,1,2
CHEMBL5079430,C=CC(=O)N1CCC2(CC1)CNC(=O)c1cc(-c3ccnc(Nc4ccccc4OC(C)C)n3)[nH]c12,1.25,1,2
CHEMBL5082149,COc1cc(CC(=O)N2CC(=O)N[C@@H](Cc3ccccc3)C(=O)N(CC(N)=O)C(=O)CCSCc3ccc(cc3)C(=O)N[C@@H](CCCCN)CN(C(=O)CCC3CCCCC3)CC(=O)N[C@@H](Cc3ccccc3)CN(C(=O)CCc3ccccc3)CC(=O)N[C@@H](Cc3ccccc3)C2)cc(OC)c1,17700.0,0,1
CHEMBL5094282,CS(=O)(=O)CCN(Cc1ccc(-c2ccc3ncnc(Nc4ccc(OCc5cccc(F)c5)c(Cl)c4)c3c2)o1)C(=O)CCC(=O)OCCN1CCN(CCCN2c3ccccc3Sc3ccc(Cl)cc32)CC1,10.52,1,1
CHEMBL5079998,CC(OC(=O)CCCC(=O)N(CCS(C)(=O)=O)Cc1ccc(-c2ccc3ncnc(Nc4ccc(OCc5cccc(F)c5)c(Cl)c4)c3c2)o1)c1cc2c(o1)C(=O)c1ccccc1C2=O,7.36,1,1
CHEMBL5073622,C=CC(=O)N1CC[C@H](Oc2nc(-c3n[nH]c(=O)[nH]3)cc3ccccc23)C1,5.012e-09,1,1
CHEMBL5077378,COc1cc(N2CCC(N3CCN(C)CC3)CC2)c(-c2cn[nH]c2)cc1Nc1ncc(Cl)c(Nc2ccccc2P(C)(C)=O)n1,0.8,1,2
CHEMBL5094480,COc1cc(N2CCC(N(C)C)CC2)c(-c2cn[nH]c2)cc1Nc1ncc(Cl)c(Nc2ccccc2P(C)(C)=O)n1,0.7,1,2
CHEMBL5087815,COc1cc(N2CCC(N3CCN(C)CC3)CC2)c(-c2cnn(C)c2)cc1Nc1ncc(Cl)c(Nc2ccccc2P(C)(C)=O)n1,0.62,1,2
CHEMBL5086066,COc1cc(N2CCC(N(C)C)CC2)c(-c2cnn(C)c2)cc1Nc1ncc(Cl)c(Nc2ccccc2P(C)(C)=O)n1,0.945,1,2
CHEMBL5087610,COc1cc(N2CCN(C)CC2)c(-c2cnn(C)c2)cc1Nc1ncc(Cl)c(Nc2ccccc2P(C)(C)=O)n1,3.3,1,1
CHEMBL5087264,COc1cc(N2CCOCC2)c(-c2cnn(C)c2)cc1Nc1ncc(Cl)c(Nc2ccccc2P(C)(C)=O)n1,4.4,1,3
CHEMBL5081299,COc1cc(N2CCOCC2)c(-c2cn[nH]c2)cc1Nc1ncc(Cl)c(Nc2ccccc2P(C)(C)=O)n1,2.905,1,2
CHEMBL5078413,CCP(=O)(CC)c1ccccc1Nc1nc(Nc2cc(-c3cnn(C)c3)c(N3CCOCC3)cc2OC)ncc1Cl,1.3,1,2
CHEMBL5094288,C#CCN1CCN(c2ccc(Nc3ncc4c(C)cc(=O)n(-c5cccc(NC(=O)C=C)c5)c4n3)c(OC)c2)CC1,8.04,1,1
CHEMBL1714813,COc1cc2ncnc(N[C@H](C)c3ccccc3)c2cc1OC,1.0,1,1
CHEMBL5087955,COc1cc2nc(C)nc(N[C@H](C)c3ccccc3)c2cc1OC,2800.0,0,1
CHEMBL5085143,C=CC(=O)Nc1cc(Nc2ncc(Cl)c(N3CCc4sccc4C3)n2)c(OC)cc1N(C)CCN(C)C,6.4,1,1
CHEMBL5082394,CCC(=O)Nc1cc(Nc2ncc(Cl)c(N3CCc4sccc4C3)n2)c(OC)cc1N(C)CCN(C)C,170.0,1,1
CHEMBL5075204,C/C=C/C(=O)Nc1cc(Nc2ncc(Cl)c(N3CCc4sccc4C3)n2)c(OC)cc1N(C)CCN(C)C,352.8,1,1
CHEMBL5079081,C=C(Cl)C(=O)Nc1cc(Nc2ncc(Cl)c(N3CCc4sccc4C3)n2)c(OC)cc1N(C)CCN(C)C,96.3,1,1
CHEMBL5086894,COc1cc(Nc2ncc(Cl)c(Nc3ccccc3P(C)(C)=O)n2)ccc1N1CCC(N2CCN(C)CC2)CC1,26.8,1,2
CHEMBL5084760,Cc1cc(Nc2ncc(Cl)c(Nc3ccccc3P(C)(C)=O)n2)ccc1N1CCC(N2CCN(C)CC2)CC1,0.7,1,3
CHEMBL5077866,CN1CCN(C2CCN(c3ccc(Nc4ncc(Cl)c(Nc5ccccc5P(C)(C)=O)n4)cc3OC(F)(F)F)CC2)CC1,12.9,1,3
CHEMBL5088423,CN1CCN(C2CCN(c3ccc(Nc4ncc(Cl)c(Nc5ccccc5P(C)(C)=O)n4)cc3C(F)(F)F)CC2)CC1,3.5,1,3
CHEMBL5078816,CN1CCN(C2CCN(c3ccc(Nc4ncc(Cl)c(Nc5ccccc5P(C)(C)=O)n4)cc3C(F)F)CC2)CC1,23.1,1,3
CHEMBL5076986,CN1CCN(C2CCN(c3ccc(Nc4ncc(Cl)c(Nc5ccccc5P(C)(C)=O)n4)cc3Cl)CC2)CC1,0.7,1,3
CHEMBL5091683,CN1CCN(C2CCN(c3ccc(Nc4ncc(Br)c(Nc5ccccc5P(C)(C)=O)n4)cc3Cl)CC2)CC1,58.199999999999996,1,2
CHEMBL5087931,Cc1cc(Nc2ncc(Cl)c(Nc3ccccc3P(C)(C)=O)n2)cnc1N1CCC(N2CCN(C)CC2)CC1,169.85000000000002,1,2
CHEMBL5081817,CN1CCN(C2CCN(c3c(Cl)cc(Nc4ncc(Cl)c(Nc5ccccc5P(C)(C)=O)n4)cc3Cl)CC2)CC1,33.5,1,3
CHEMBL5081174,CN1CCN(C2CCN(c3cc(Cl)c(Nc4ncc(Cl)c(Nc5ccccc5P(C)(C)=O)n4)cc3Cl)CC2)CC1,0.7,1,3
CHEMBL5069689,C=CC(=O)Nc1cccc(-n2c(=O)c(-c3ccccc3)nc3cnc(Nc4ccc(OC)cc4)nc32)c1,18.1,1,1
CHEMBL5087214,C=CC(=O)Nc1cccc(-n2c(=O)c(Cc3ccccc3)nc3cnc(Nc4ccc(OC)cc4)nc32)c1,130.3,1,1
CHEMBL5083645,C=CC(=O)Nc1cccc(-n2c(=O)c(Oc3ccccc3)nc3cnc(Nc4ccc(OC)cc4)nc32)c1,9.1,1,1
CHEMBL5087785,C=CC(=O)Nc1cccc(-n2c(=O)c(C)nc3cnc(Nc4ccc(OCCOC)cc4)nc32)c1,335.5,1,1
CHEMBL5076283,C=CC(=O)Nc1cccc(-n2c(=O)c(-c3ccccc3)nc3cnc(Nc4ccc(OCCOC)cc4)nc32)c1,5.1,1,1
CHEMBL5069609,C=CC(=O)Nc1cccc(-n2c(=O)c(-c3ccccc3F)nc3cnc(Nc4ccc(OCCOC)cc4)nc32)c1,1.1,1,1
CHEMBL5075594,C=CC(=O)Nc1cccc(-n2c(=O)c(-c3ccccc3Cl)nc3cnc(Nc4ccc(OCCOC)cc4)nc32)c1,11.0,1,1
CHEMBL5087793,C=CC(=O)Nc1cccc(-n2c(=O)c(C3CCCC3)nc3cnc(Nc4ccc(OCCOC)cc4)nc32)c1,136.9,1,1
CHEMBL5086054,C=CC(=O)Nc1cccc(-n2c(=O)c(C3CC3)nc3cnc(Nc4ccc(OCCOC)cc4)nc32)c1,462.9,1,1
CHEMBL5077901,C=CC(=O)Nc1cccc(-n2c(=O)c(C(C)C)nc3cnc(Nc4ccc(OCCOC)cc4)nc32)c1,379.0,1,1
CHEMBL5077665,C=CC(=O)Nc1cccc(-n2c(=O)c(CC)nc3cnc(Nc4ccc(OCCOC)cc4)nc32)c1,279.2,1,1
CHEMBL5088574,C=CC(=O)Nc1cccc(-n2c(=O)c(C3CCCCC3)nc3cnc(Nc4cccc(N5CCN(C)CC5)c4)nc32)c1,341.6,1,1
CHEMBL5081433,C=CC(=O)Nc1cccc(-n2c(=O)c(C3CCCCC3)nc3cnc(Nc4cccc(OCC(N)=O)c4)nc32)c1,83.2,1,1
CHEMBL5080260,C=CC(=O)Nc1cccc(-n2c(=O)c(C3CCCCC3)nc3cnc(Nc4cccc(OCC(C)=O)c4)nc32)c1,33.8,1,1
CHEMBL5085807,C=CC(=O)Nc1cccc(-n2c(=O)c(C3CCCCC3)nc3cnc(Nc4cccc(OCCOC)c4)nc32)c1,117.6,1,1
CHEMBL5092606,CN(C)C(=O)c1ccc(Nc2ncc(C(F)(F)F)c(N[C@H]3CC[C@@H](N)CC3)n2)cc1,7137.0,0,1
CHEMBL5094406,C=CC(=O)Nc1cc(Nc2nccc(Nc3cnn(CC)c3)n2)c(OC)cc1N(C)CCN(C)C,18.7,1,5
CHEMBL5071181,C=CC(=O)Nc1cc(Nc2nccc(Nc3cnn(C)c3)n2)c(OC)cc1N(C)CCN(C)C,54.35,1,3
CHEMBL5080676,C=CC(=O)Nc1cc(Nc2nccc(Nc3cn(C)nc3C)n2)c(OC)cc1N(C)CCN(C)C,11.61,1,3
CHEMBL5088907,C=CC(=O)Nc1cc(Nc2nccc(Nc3ccn(C)n3)n2)c(OC)cc1N(C)CCN(C)C,12.59,1,5
CHEMBL5083034,C=CC(=O)Nc1cc(Nc2nccc(Nc3cn(C)c4ccccc34)n2)c(OC)cc1N(C)CCN(C)CC(=O)OC,46.36,1,3
CHEMBL5082074,C=CC(=O)Nc1cc(Nc2nccc(Nc3cn(C)c4ccccc34)n2)c(OC)cc1N(C)CCN(C)Cc1ccc(Br)cc1,142.8,1,3
CHEMBL5087139,C=CC(=O)Nc1cc(Nc2nccc(Nc3cn(C)c4ccccc34)n2)c(OC)cc1N(C)CCN(C)C(=O)c1ccc(Br)cc1,156.52,1,2
CHEMBL5094237,C=CC(=O)Nc1cc(Nc2nccc(Nc3cn(C)c4ccccc34)n2)c(OC)cc1N(C)CCN(C)C(=O)/C=C/C,464.87,1,2
CHEMBL5089336,C=CC(=O)Nc1cc(Nc2nccc(Nc3cn(C)c4ccccc34)n2)c(OC)cc1N(C)CCN(C)C(=O)C=C,380.055,1,2
CHEMBL5076881,C=CC(=O)Nc1cc(Nc2nccc(Nc3cn(C)c4ccccc34)n2)c(OC)cc1N(C)CCN(C)C(=O)C#CC,503.385,1,2
CHEMBL5084983,C=CC(=O)Nc1cc(Nc2nccc(Nc3cn(C)c4ccccc34)n2)c(OC)cc1N(C)CCN(C)C(=O)OC,212.7,1,3
CHEMBL5072451,C#CCN(C)CCN(C)c1cc(OC)c(Nc2nccc(Nc3cn(C)c4ccccc34)n2)cc1NC(=O)C=C,6.7940000000000005,1,2
CHEMBL5089161,C=CC(=O)Nc1cc(Nc2nccc(Nc3cn(C)c4ccccc34)n2)c(OC)cc1N(C)CCN(C)Cc1ccccc1,11.23,1,3
CHEMBL5085816,C=CC(=O)Nc1cc(Nc2nccc(Nc3cn(C)c4ccccc34)n2)c(OC)cc1N(C)CCN(C)CC(=C)C,63.98,1,3
CHEMBL5093402,C=CCCN(C)CCN(C)c1cc(OC)c(Nc2nccc(Nc3cn(C)c4ccccc34)n2)cc1NC(=O)C=C,13.11,1,3
CHEMBL5089912,C=CC(=O)Nc1cc(Nc2nccc(Nc3ccn(C)n3)n2)c(OC)cc1N(C)CCN(C)CC(=O)OC,106.2,1,5
CHEMBL5093794,C=CC(=O)Nc1cc(Nc2nccc(Nc3ccn(C)n3)n2)c(OC)cc1N(C)CCN(C)C(=O)OC,501.5,1,3
CHEMBL5087994,C=CC(=O)Nc1cc(Nc2nccc(Nc3ccn(C)n3)n2)c(OC)cc1N(C)CCN(C)CC(=C)C,625.4,1,3
CHEMBL5070579,C#CCN(C)CCN(C)c1cc(OC)c(Nc2nccc(Nc3ccn(C)n3)n2)cc1NC(=O)C=C,22.34,1,5
CHEMBL5093625,C=CCC(=O)N(C)CCN(C)c1cc(OC)c(Nc2nccc(Nc3cn(C)c4ccccc34)n2)cc1NC(=O)C=C,39.62,1,1
CHEMBL5090133,C=CCCN(C)CCN(C)c1cc(OC)c(Nc2nccc(Nc3ccn(C)n3)n2)cc1NC(=O)C=C,7513.0,0,2
CHEMBL5173408,O=C(Cc1csc2nc3ccccc3n12)Nc1cccc2ccccc12,27544.15,0,2
CHEMBL5201387,C=CC(=O)Nc1ccc(Nc2nccc(-c3cn(C)c4ccccc34)n2)cc1,180.0,1,1
CHEMBL5175924,CC#CC(=O)Nc1ccc(Nc2nccc(-c3cn(C)c4ccccc34)n2)cc1,220.0,1,1
CHEMBL5208349,CCC/C=C/C(=O)Nc1cc(Nc2ncc(-c3cc4ccccc4n3C)c(C)n2)c(OC)cc1N(C)CCN(C)C,99650.0,0,2
CHEMBL5196024,C=CC(=O)Nc1cccc(Nc2nc(Nc3ccc(SCCCN4CCOCC4)cc3)ncc2Cl)c1,27.5,1,1
CHEMBL5187169,C=CC(=O)Nc1cccc(Nc2nc(Nc3ccc(SCC(=O)N4CCOCC4)cc3)ncc2Cl)c1,9.1,1,1
CHEMBL5181237,Brc1cccc(Nc2ncnc3[nH]ccc23)c1,3.76,1,8
CHEMBL5207949,Clc1ccc(Nc2ncnc3[nH]ccc23)cc1Br,3.63,1,1
CHEMBL5203640,C=CC(=O)N1CCCC(n2nc(-c3ccc4ccccc4c3)c3c(N)ncnc32)C1,88.0,1,1
CHEMBL5187375,Cc1nn(-c2ccc(F)cc2)c2c(Nc3ccc(F)c(Cl)c3)ncnc12,180.0,1,1
CHEMBL5198368,CC1=NNC2=NC(=O)NC(c3ccccc3Br)C12,90.0,1,1
CHEMBL5196209,Cc1n[nH]c2c1C(c1ccccc1Br)c1c(ncn(N)c1=N)O2,60.0,1,1
CHEMBL5206805,Fc1cccc(COc2ccc(Nc3ncnc4sc5c(c34)CCCC5)cc2Cl)c1,200.0,1,1
CHEMBL5195593,Cc1ccc(/C=N/NC(=O)CNc2nc(-c3ccccc3)c(-c3ccccc3)s2)cc1,200.0,1,1
CHEMBL5198920,C=CC(=O)N1CCC(Oc2nc(Nc3ccc(N(C)CCN(C)C)cc3OC)nc3[nH]ccc23)CC1,7.696,1,1
CHEMBL5205097,C=CC(=O)N1CCC(Oc2nc(Nc3ccc(N4CCN(C)CC4)cc3OC)nc3[nH]ccc23)CC1,12.32,1,1
CHEMBL5192155,C=CC(=O)N1CCC(Oc2nc(Nc3ccc(N4CCN(C)CC4)c(F)c3)nc3[nH]ccc23)CC1,13.42,1,1
CHEMBL5208416,C=CC(=O)N1CCC(Oc2nc(Nc3ccc(N4CCN(C)CC4)cc3)nc3[nH]ccc23)CC1,5.681,1,1
CHEMBL5189711,C=CC(=O)N1CCC(Oc2nc(Nc3ccc(N4CCN(C(C)=O)CC4)cc3OC)nc3[nH]ccc23)CC1,31.35,1,1
CHEMBL5208549,C=CC(=O)N1CCC(Oc2nc(Nc3cnn(C)c3)nc3[nH]ccc23)CC1,203.8,1,1
CHEMBL5199399,C=CC(=O)N1CCC(Oc2nc(Nc3ccc(N4CCN(C)CC4)cc3OC)nc3ccsc23)CC1,14.2,1,1
CHEMBL5191556,C=CC(=O)N1CCC(Oc2nc(Nc3ccc(N4CCN(C)CC4)c(F)c3)nc3ccsc23)CC1,10.32,1,1
CHEMBL5179952,C=CC(=O)N1CCC(Oc2nc(Nc3ccc(N4CCN(C)CC4)cc3)nc3ccsc23)CC1,4.902,1,1
CHEMBL5174995,C=CC(=O)N1CCC(Oc2nc(Nc3ccc(N4CCN(C(C)=O)CC4)cc3OC)nc3ccsc23)CC1,20.23,1,1
CHEMBL5171318,C=CC(=O)N1CCC(Oc2nc(Nc3cnn(C)c3)nc3ccsc23)CC1,135.0,1,1
CHEMBL5184048,C=CC(=O)N1CCC(Oc2nc(Nc3ccn(C)n3)nc3ccsc23)CC1,126.0,1,1
CHEMBL5181848,C=CC(=O)N1CCC(Oc2nc(Nc3ccc(N4CCOCC4)cc3OC)nc3ccsc23)CC1,9.664,1,1
CHEMBL5172236,C=CC(=O)N1CCC(Oc2nc(Nc3ccc(N4CCOCC4)cc3)nc3ccsc23)CC1,6.532,1,1
CHEMBL5203195,C=CC(=O)N1CCC(Oc2nc(Nc3ccc(N4CCN(C)CC4)c(F)c3)ncc2Cl)CC1,9.6,1,1
CHEMBL5183664,C=CC(=O)N1CCC(Oc2nc(Nc3ccc(N4CCN(C)CC4)cc3)ncc2Cl)CC1,20.1,1,1
CHEMBL5199354,C=CC(=O)N1CCC(Oc2nc(Nc3ccc(N4CCN(CCO)CC4)cc3)ncc2Cl)CC1,42.06,1,1
CHEMBL5184813,C=CC(=O)N1CCC(Oc2nc(Nc3ccc(CN4CCC(CO)CC4)cc3)ncc2Cl)CC1,12.3,1,1
CHEMBL5203176,CCC(=O)N1CCC(Oc2nc(Nc3ccc(N4CCN(C)CC4)cc3)nc3ccsc23)CC1,356.26,1,1
CHEMBL5189340,CN(C)c1ccc(/C=N/NC(=O)Cn2nc(Cc3ccc(Cl)cc3)c3ccccc3c2=O)cc1,0.45,1,1
CHEMBL4114766,CC(C)(C)/C=C(\C#N)C(=O)N1CCC[C@@H](n2nc(-c3ccc(Oc4ccccc4)cc3F)c3c(N)ncnc32)C1,368.0,1,1
CHEMBL5189379,CN1CCN(C(C)(C)/C=C(\C#N)C(=O)N2CCC[C@@H](n3nc(-c4ccc(Oc5ccccc5)cc4F)c4c(N)ncnc43)C2)CC1,980.0,1,1
CHEMBL5184084,CC(C)(/C=C(/C#N)C(=O)N1CCC[C@@H]1Cn1nc(-c2ccc(Oc3ccccc3)cc2F)c2c(N)ncnc21)N1CCOCC1,3000.0,0,1
CHEMBL5194543,Cc1ccc(-c2c(CN3CCCCC3)nc3scc(C(=O)O)n23)cc1,180.0,1,1
CHEMBL5176561,CCC(=O)NNC(=O)c1csc2ncc(-c3ccc(C)cc3)n12,450.0,1,1
CHEMBL5204417,CC(=O)NNC(=O)c1csc2ncc(-c3ccc(Br)cc3)n12,153.0,1,1
CHEMBL5170804,Cc1ccc(-c2c(CN3CCOCC3)nc3scc(C(=O)NN)n23)cc1,246.0,1,1
CHEMBL5173449,COc1ccc(-c2c(CN3CCOCC3)nc3scc(C(=O)NN)n23)cc1,122.0,1,1
CHEMBL5204650,NNC(=O)c1csc2nc(CN3CCOCC3)c(-c3ccc(Br)cc3)n12,419.0,1,1
CHEMBL5178922,O=C(CCCCCCN1CC(c2ccc3ncnc(Nc4ccc(Br)cc4F)c3c2)N=N1)NO,10.3,1,1
CHEMBL5192318,NNC(=O)/C=C1/Nc2ccc(Br)cc2NC1=O,817.17,1,2
CHEMBL5208825,COC(=O)CCc1nc2ccc(Br)cc2[nH]c1=O,516.21,1,2
CHEMBL5206400,COC(=O)CCc1nc2ccc(Cl)cc2[nH]c1=O,711.38,1,2
CHEMBL5206715,CCc1cc(Nc2ncc(Br)c(Nc3ccc4nccnc4c3P(C)(C)=O)n2)c(OC)cc1N1CCC(N2CCN(CCS(C)(=O)=O)CC2)CC1,0.3,1,7
CHEMBL5196498,C=CC(=O)Nc1cccc(Nc2nc(Nc3ccc(N4CCN(C(=O)CCCC(=O)Nc5cccc6c5C(=O)N(C5CCC(=O)NC5=O)C6=O)CC4)cc3OC)ncc2C(F)(F)F)c1,1631.515,0,2
CHEMBL5201794,C=CC(=O)Nc1cccc(Nc2nc(Nc3ccc(N4CCN(C(=O)CCCCCC(=O)Nc5cccc6c5C(=O)N(C5CCC(=O)NC5=O)C6=O)CC4)cc3OC)ncc2C(F)(F)F)c1,334.115,1,2
CHEMBL5206775,C=CC(=O)Nc1cccc(Nc2nc(Nc3ccc(N4CCN(CCOCCNc5cccc6c5C(=O)N(C5CCC(=O)NC5=O)C6=O)CC4)cc3OC)ncc2C(F)(F)F)c1,194.16,1,2
CHEMBL5175891,C=CC(=O)Nc1cccc(Nc2nc(Nc3ccc(N4CCN(CC(=O)NCCNc5cccc6c5C(=O)N(C5CCC(=O)NC5=O)C6=O)CC4)cc3OC)ncc2C(F)(F)F)c1,440.86,1,2
CHEMBL5200495,C=CC(=O)Nc1cccc(Nc2nc(Nc3ccc(N4CCN(C(=O)CCCCNc5cccc6c5C(=O)N(C5CCC(=O)NC5=O)C6=O)CC4)cc3OC)ncc2C(F)(F)F)c1,367.84999999999997,1,2
CHEMBL5204954,C=CC(=O)Nc1cccc(Nc2nc(Nc3ccc(N4CCN(CC(=O)NCCNc5cccc6c5C(=O)N(C5CCC(=O)N(C)C5=O)C6=O)CC4)cc3OC)ncc2C(F)(F)F)c1,768.85,1,2
CHEMBL5179538,C=CC(=O)Nc1cccc(Nc2nc(Nc3ccc(N4CCN(CC(=O)NCCNc5cccc6c5CN(C5CCC(=O)NC5=O)C6=O)CC4)cc3OC)ncc2C(F)(F)F)c1,1681.15,0,2
CHEMBL5209094,CCc1cc(Nc2ncc(Br)c(Nc3ccn4ncnc4c3P(C)(C)=O)n2)c(OC)cc1N1CCC(N2CCN(CC)CC2)CC1,0.385,1,2
CHEMBL5195137,CCc1cc(Nc2ncc(Br)c(Nc3ccn4ncnc4c3P(C)(C)=O)n2)c(OC)cc1N1CCC(N2CCOCC2)CC1,0.555,1,2
CHEMBL5199678,CCc1cc(Nc2ncc(Br)c(Nc3ccc4ncnn4c3P(C)(C)=O)n2)c(OC)cc1N1CCC(N2CC(COC)C2)CC1,0.47,1,2
CHEMBL5203041,CCOC1CN(C2CCN(c3cc(OC)c(Nc4ncc(Br)c(Nc5ccc6ncnn6c5P(C)(C)=O)n4)cc3CC)CC2)C1,0.785,1,2
CHEMBL5203220,CCc1cc(Nc2ncc(Br)c(Nc3ccc4c(c3P(C)(C)=O)OCO4)n2)c(OC)cc1N1CCC(N2CC(N(C)C)C2)CC1,0.275,1,4
CHEMBL5180388,CCc1cc(Nc2ncc(Br)c(Nc3ccc4nccnc4c3P(C)(C)=O)n2)c(OC)cc1N1CCC(N2CC(N(C)C)C2)CC1,0.095,1,6
CHEMBL5180894,CCc1cc(Nc2ncc(Br)c(Nc3ccc4nccnc4c3P(C)(C)=O)n2)c(OC)cc1N1CCC(N2CCCN(C)CC2)CC1,0.83,1,3
CHEMBL5186680,COc1cc(N2CCC(N3CC(N(C)C)C3)CC2)c(C)cc1Nc1ncc(Br)c(Nc2ccc3nccnc3c2P(C)(C)=O)n1,0.075,1,6
CHEMBL5179357,CCOC1CN(C2CCN(c3cc(OC)c(Nc4ncc(Br)c(Nc5ccc6nccnc6c5P(C)(C)=O)n4)cc3C)CC2)C1,0.65,1,9
CHEMBL5188373,COCC1CN(C2CCN(c3cc(OC)c(Nc4ncc(Br)c(Nc5ccc6c(c5P(C)(C)=O)OCCO6)n4)cc3C)CC2)C1,0.2,1,2
CHEMBL5206164,COc1cc(N2CCC(N3CC(N(C)C)C3)CC2)c(C)cc1Nc1ncc(Br)c(Nc2ccc3c(c2P(C)(C)=O)OCCO3)n1,0.26,1,2
CHEMBL5195904,CCOC1CN(C2CCN(c3cc(OC)c(Nc4ncc(Br)c(Nc5ccc6c(c5P(C)(C)=O)OCCO6)n4)cc3C)CC2)C1,0.09,1,5
CHEMBL5193123,COc1cc(N2CCC(N3CCCN(C)CC3)CC2)c(C)cc1Nc1ncc(Br)c(Nc2ccc3c(c2P(C)(C)=O)OCCO3)n1,0.07500000000000001,1,2
CHEMBL5192223,COc1cc(N2CCC(N3CCCOCC3)CC2)c(C)cc1Nc1ncc(Br)c(Nc2ccc3c(c2P(C)(C)=O)OCCO3)n1,0.16,1,2
CHEMBL5204749,CCO[C@@H]1CCN(C2CCN(c3cc(OC)c(Nc4ncc(Br)c(Nc5ccc6c(c5P(C)(C)=O)OCCO6)n4)cc3C)CC2)C1,0.345,1,2
CHEMBL5193149,COc1cc(N2CCC(N3CC[C@H](N(C)C)C3)CC2)c(C)cc1Nc1ncc(Br)c(Nc2ccc3c(c2P(C)(C)=O)OCCO3)n1,0.135,1,2
CHEMBL5188940,CCc1cc(Nc2ncc(Br)c(Nc3ccc4c(c3P(C)(C)=O)OCCO4)n2)c(OC)cc1N1CCC(N2CC(N(C)C)C2)CC1,0.08,1,4
CHEMBL5203385,CCc1cc(Nc2ncc(Br)c(Nc3ccc4c(c3P(C)(C)=O)OCCO4)n2)c(OC)cc1N1CCC(N2CC(CC#N)C2)CC1,0.49,1,3
CHEMBL5197545,CCc1cc(Nc2ncc(Br)c(Nc3ccc4c(c3P(C)(C)=O)OCCO4)n2)c(OC)cc1N1CCC(N2CC(COC)C2)CC1,0.135,1,2
CHEMBL5178971,CCN(C)C1CN(C2CCN(c3cc(OC)c(Nc4ncc(Br)c(Nc5ccc6c(c5P(C)(C)=O)OCCO6)n4)cc3C)CC2)C1,0.28,1,1
CHEMBL5208369,O=C(Nc1nccs1)C(c1cc[nH]n1)N1Cc2ccccc2C1=O,938.0,1,1
CHEMBL5195669,O=C(Nc1nccs1)C(c1n[nH]c2c1CCC2)N1Cc2ccccc2C1=O,1611.5,0,2
CHEMBL5203388,O=C(Nc1nccs1)C(c1ncn2c1CCC2)N1Cc2ccccc2C1=O,858.0,1,2
CHEMBL5173979,O=C(Nc1nccs1)C(c1ncn2c1CCC2)N1Cc2c(Cl)cccc2C1=O,93.5,1,2
CHEMBL5173986,O=C(Nc1nccs1)C(c1ncn2c1CCC2)N1Cc2ccc(C#Cc3ccccc3)cc2C1=O,435.0,1,2
CHEMBL5171139,O=C(Nc1nccs1)C(c1ncn2c1CCC2)N1Cc2ccc(C#Cc3cccnc3)cc2C1=O,460.0,1,1
CHEMBL5189114,O=C(Nc1nccs1)C(c1ncn2c1CCC2)N1Cc2c(F)cc(C#Cc3cccnc3)cc2C1=O,68.0,1,2
CHEMBL5170278,Nc1ccc(C#Cc2cc(F)c3c(c2)C(=O)N(C(C(=O)Nc2nccs2)c2ncn4c2CCC4)C3)cn1,608.0,1,2
CHEMBL5198433,O=C(Nc1nccs1)C(c1ncn2c1CCC2)N1Cc2ccc(C#Cc3ccc(CN4CCCCC4)cc3)cc2C1=O,179.0,1,2
CHEMBL5172668,O=C(Nc1nccs1)C(c1ncn2c1CCC2)N1Cc2c(F)cc(C#Cc3ccc(CN4CCCCC4)cc3)cc2C1=O,30.5,1,2
CHEMBL5187250,O=C(Nc1nccs1)C(c1ncn2c1CCC2)N1Cc2ccc(C#Cc3ccc(CN4CCC(O)CC4)cc3)cc2C1=O,152.0,1,2
CHEMBL5207479,O=C(Nc1nccs1)C(c1ncn2c1CCC2)N1Cc2c(F)cc(C#Cc3ccc(CN4CCC(O)CC4)cc3)cc2C1=O,19.0,1,2
CHEMBL5180839,O=C(Nc1nccs1)C(c1ncn2c1CCC2)N1Cc2c(F)cc(C#Cc3ccc(CN4CCC(CO)CC4)cc3)cc2C1=O,5.0,1,3
CHEMBL5189574,O=C(Nc1nccs1)C(c1ncn2c1CCC2)N1Cc2c(cc(C#Cc3ccc(CN4CCC(CO)CC4)cc3)cc2C(F)(F)F)C1=O,14.5,1,2
CHEMBL5184539,O=C(Nc1nccs1)C(c1ncn2c1CCC2)N1Cc2c(cc(C#Cc3ccc(CN4CCC(CO)CC4)cc3)cc2C(F)F)C1=O,8.5,1,2
CHEMBL5183324,CC1(C)CCc2c(C(C(=O)Nc3nccs3)N3Cc4c(cc(C#Cc5ccc(CN6CCC(CO)CC6)cc5)cc4C(F)F)C3=O)ncn21,8.0,1,2
CHEMBL5180289,CCN1CCN(c2ccc(-c3cc(F)c4cn(C(C(=O)Nc5nccs5)c5ncn6c5CCC6)nc4c3)cc2)CC1,49.0,1,2
CHEMBL5203543,CCN1CCN(c2ccc(-c3cc(Cl)c4cn(C(C(=O)Nc5nccs5)c5ncn6c5CCC6)nc4c3Cl)cc2)CC1,16.5,1,2
CHEMBL5202945,CCN1CCN(c2ccc(-c3cc(Cl)c4cn(C(C(=O)Nc5nccs5)c5ncn6c5C[C@@H](F)C6)nc4c3Cl)cc2)CC1,9.5,1,2
CHEMBL5207152,O=C(Nc1nccs1)C(c1ncn2c1C[C@@H](F)C2)n1cc2c(Cl)cc(-c3ccc(N4CCN(C5CC5)CC4)cc3)c(Cl)c2n1,23.5,1,2
CHEMBL5201725,O=C(Nc1nccs1)C(c1ncn2c1CCC2)n1cc2c(Cl)cc(-c3ccc(N4CCOCC4)cc3)c(Cl)c2n1,27.5,1,2
CHEMBL5208056,O=C(Nc1nccs1)C(c1ncn2c1C[C@@H](F)C2)n1cc2c(Cl)cc(-c3ccc(N4CCOCC4)cc3)c(Cl)c2n1,6.0,1,3
CHEMBL5193594,Cc1c(-c2ccc(N3CCOCC3)cc2)cc(C(F)F)c2cn(C(C(=O)Nc3nccs3)c3ncn4c3C[C@@H](F)C4)nc12,7.0,1,3
CHEMBL5170519,Cc1c(-c2ccc(N3CCOCC3)cc2)cc(C(F)F)c2cn(C(C(=O)Nc3nccs3)c3ncn4c3CCC43CC3)nc12,10.0,1,3
CHEMBL5193772,O=C(Nc1nccs1)C(c1ncn2c1CCC2)n1cc2c(F)cc(C#Cc3ccc(CN4CCC(O)CC4)cc3)cc2n1,6.0,1,3
CHEMBL5184760,Cc1c(C#Cc2ccc(CN3CCC(CO)CC3)cc2)cc(C(F)F)c2cn(C(C(=O)Nc3nccs3)c3ncn4c3CCC4)nc12,3.0,1,3
CHEMBL5177023,Cc1c(C#Cc2ccc(CN3CCC(CO)CC3)cc2)cc(C(F)F)c2cn(C(C(=O)Nc3nccs3)c3ncn4c3CCC43CC3)nc12,16.0,1,7
CHEMBL5188568,C=CC(=O)N1CCC(N2C(=O)N(c3ccccc3)Cc3cnc(Nc4ccc(N5CCN(C)CC5)c(C)c4)nc32)C1,9.2,1,1
CHEMBL5174109,CN(C)CCN(C)c1ccc(Nc2ncc3cc(CNc4ccccc4)n(C4CCCC4)c3n2)cc1,304.0,1,1
CHEMBL5188948,CN1CCN(c2ccc(Nc3ncc4cc(CNc5ccccc5)n(C5CCCC5)c4n3)cc2)CC1,13.5,1,2
CHEMBL5179023,COc1cc(N2CCC(N(C)C)CC2)ccc1Nc1ncc2cc(CNc3ccccc3)n(C3CCCC3)c2n1,10.0,1,1
CHEMBL5181487,COc1cc(N2CCC(N3CCN(C)CC3)CC2)ccc1Nc1ncc2cc(CNc3ccccc3)n(C3CCCC3)c2n1,55.0,1,1
CHEMBL5192185,C#Cc1cccc(Oc2ncnc3ccc(OCc4ccc(S(=O)(=O)N(C)C#C)cc4)cc23)c1,5670.0,0,1
CHEMBL5191956,COc1cc(NC(=O)CCCCCCC(=O)NO)ccc1Nc1nccc(-c2cn(C)c3ccccc23)n1,5350.0,0,8
CHEMBL5173070,CN1CCN(c2ccc(Nc3ncc(Br)c(Nc4ccc5cn[nH]c5c4)n3)cc2)CC1,571.55,1,6
CHEMBL5182231,O=C(Cc1ccccc1)Nc1cccc(-c2nc3n(c2-c2ccnc(Nc4ccc(N5CCOCC5)cc4)n2)CCS3)c1,50.75,1,2
CHEMBL5186583,CCc1nnc2c(Nc3ccc(C(=O)/C=C/c4cc(OC)c(OC)c(OC)c4)cc3)nc3ccccc3n12,66.0,1,2
CHEMBL5202119,CCc1ccc(Cn2cc(-c3cc(-c4ccc(Br)cc4)nc(N)n3)c3ccccc32)cc1,97.0,1,1
CHEMBL5193175,CC(C)c1ccc(Cn2cc(-c3cc(-c4ccc(Br)cc4)nc(N)n3)c3ccccc32)cc1,94.0,1,1
CHEMBL5203758,Nc1nc(-c2ccc(Br)cc2)cc(-c2cn(Cc3cccc(Cl)c3)c3ccccc23)n1,195.0,1,1
CHEMBL5193247,C=CC(=O)Nc1cc2c(cc1OCCNC(=O)CN(C)C)NCN=C2Nc1ccc(Br)cc1F,3.0,1,3
CHEMBL5188857,CCOc1cc2ncc(C#N)c(Nc3ccc(OCc4ccccc4)cc3)c2cc1NC(=O)/C=C/c1cccnc1,597.0,1,1
CHEMBL5207327,COc1cc2c(cc1OC)C(Oc1cccc(NC(=S)Nc3ccc(Cl)c(C(F)(F)F)c3)c1)=NCN2,20.0,1,1
CHEMBL5192572,COc1cc2c(cc1OC)C(Sc1cccc(NC(=S)Nc3ccc(Br)c(C(F)(F)F)c3)c1)=NCN2,10.0,1,1
CHEMBL5169900,COc1ccc(CCOc2ccc(C(=O)/C=C/c3ccc(O)c(O)c3)cc2OC)cc1OC,11120.0,0,1
CHEMBL5193128,C=CC(=O)N1CCC([C@@H]2CCNC3C(C(N)=O)C(c4ccc(Oc5ccccc5)cc4)=NN32)CC1,21.0,1,1
CHEMBL5201532,COc1cc(/C=C/S(=O)(=O)c2ccccc2)cc(OC)c1OC,7.85,1,1
CHEMBL5185952,O=C(Cc1csc2nc3ccccc3n12)Nc1cccc(O)c1,55000.0,0,1
CHEMBL1358485,CCN(CC)CC1CCN(c2ncc3ncnc(Nc4ccc(F)c(Cl)c4)c3n2)CC1,3.0,1,1
CHEMBL2093753,O=C(Cc1cccs1)Nc1cccc(-c2ccc3nnc(-c4cccnc4)n3n2)c1,79.0,1,2
CHEMBL185686,O=c1c2cccc(O)c2oc2cccc(O)c12,900.0,1,1
CHEMBL5192793,COc1ccc(-c2cc(=O)cc(-c3ccc(OC)cc3)o2)cc1,0.15,1,1
CHEMBL5185036,CCc1ccc(C2=C(O)C(=O)C(c3ccc(CC)cc3)=C(O)C2=O)cc1,30.18,1,1
CHEMBL5181037,COc1cccc2c1C(=O)C1=C(C2=O)c2c(O)cc(CO)cc2[C@@H](O)[C@@H]1O,6.54,1,1
CHEMBL5192184,COc1cc(-c2nc3ccccc3s2)ccc1OCC(=O)NNC(=O)CN1CCC[C@H]1C(=O)O,342.0,1,1
CHEMBL5203784,COc1cc(-c2nc3ccccc3s2)ccc1OCC(=O)NNC(=O)CN[C@@H](Cc1c[nH]cn1)C(=O)O,305.0,1,1
CHEMBL5171983,COc1cc(-c2nc3ccccc3s2)ccc1OCC(=O)NNC(=O)CN[C@@H](Cc1c[nH]c2ccccc12)C(=O)O,209.0,1,1
CHEMBL5201110,CCOC(=O)[C@@H]1CCCN1CC(=O)NNC(=O)COc1ccc(-c2nc3ccccc3s2)cc1OC,109.0,1,1
CHEMBL5181045,CCOC(=O)[C@H](Cc1c[nH]cn1)NCC(=O)NNC(=O)COc1ccc(-c2nc3ccccc3s2)cc1OC,157.0,1,1
CHEMBL5208397,CCOC(=O)[C@H](Cc1c[nH]c2ccccc12)NCC(=O)NNC(=O)COc1ccc(-c2nc3ccccc3s2)cc1OC,114.0,1,1
CHEMBL5198809,Brc1cccc(Nc2ncnc3c2[nH]c2ccccc23)c1,72.0,1,1
CHEMBL309276,O=C(O)CCC1C(S)=Nc2ccccc21,1620.0,0,1
CHEMBL81664,Cc1cccc2c(CCC(=O)O)c(SSc3[nH]c4c(C)cccc4c3CCC(=O)O)[nH]c12,1500.0,0,1
CHEMBL5194719,COc1ccc(/C=C\C(=O)c2ccc(Br)c3cc(-c4ccc(F)cc4)oc23)cc1,90.0,1,1
CHEMBL5203711,O=C(/C=C\c1ccc(OC(F)(F)F)cc1)c1ccc(Br)c2cc(-c3ccc(F)cc3)oc12,120.0,1,1
CHEMBL5201054,O=C(CCCCn1cc(-c2ccc3ncnc(Nc4ccccc4F)c3c2)nn1)NO,10.3,1,1
CHEMBL4117373,COc1ccc2c(c1)CCCN2c1nc(C)nc2c(Cc3ccccc3)cn(C)c12,4.9,1,1
CHEMBL4116552,COc1ccc(N(C)c2nc(C)nc3c(Cc4ccccc4)cn(C)c23)cc1,2.3,1,1
CHEMBL4077930,COc1cc2ncnc(Oc3ccc(NC(=O)Nc4cccc(C(F)(F)F)c4)c4ccccc34)c2cc1OC,41993.1,0,2
CHEMBL5190121,CCOCCSc1nc(-c2ccccc2Cl)nn1CCOCC,86.7,1,2
CHEMBL5206193,O=C(Nc1ccccc1C(=O)N/N=C/c1ccc(O)cc1O)c1ccco1,58.300000000000004,1,2
CHEMBL1782692,NS(=O)(=O)c1ccc(NC(=O)c2ccccc2NC(=O)c2ccco2)cc1,31.2,1,1
CHEMBL5188618,COc1cc(N(C)CCN(C)C)c(NC(=O)c2cnccn2)cc1Nc1nccc(-c2cn(C)c3ccccc23)n1,224.0,1,3
CHEMBL5201846,COc1cc(N(C)CCN(C)C)c(NC(=O)c2ccncn2)cc1Nc1nccc(-c2cn(C)c3ccccc23)n1,135.5,1,6
CHEMBL5199169,COc1cc(N(C)CCN(C)C)c(NC(=O)c2ncccn2)cc1Nc1nccc(-c2cn(C)c3ccccc23)n1,146.0,1,3
CHEMBL5189183,COc1cc(N(C)CCN(C)C)c(NC(=O)c2ccncn2)cc1Nc1nc(-c2cn(C)c3ccccc23)c2cccnc2n1,360.0,1,1
CHEMBL5173534,COc1cc(N(C)CCN(C)C)c(NC(=O)c2ccnc(Cl)c2)cc1Nc1nccc(-c2cn(CCCO)c3ccccc23)n1,137.0,1,6
CHEMBL5206298,COc1cc(N(C)CCN(C)C)c(NC(=O)c2ccncn2)cc1Nc1nccc(-c2cn(CCCO)c3ccccc23)n1,161.0,1,6
CHEMBL5174232,COc1cc(N(C)CCN(C)C)c(NC(=O)c2ccncc2)cc1Nc1nccc(-c2cn(C)c3ccccc23)n1,391.0,1,1
CHEMBL5191292,COc1cc(N(C)CCN(C)C)c(NC(=O)c2ccncc2OC)cc1Nc1nccc(-c2cn(C)c3ccccc23)n1,100.0,1,1
CHEMBL5203821,COc1cc(N(C)CCN(C)C)c(NC(=O)c2cccnc2)cc1Nc1nccc(-c2cn(C)c3ccccc23)n1,360.0,1,1
CHEMBL5175316,COc1ccc(C(=O)Nc2cc(Nc3nccc(-c4cn(C)c5ccccc45)n3)c(OC)cc2N(C)CCN(C)C)nc1,87.0,1,1
CHEMBL5196254,COc1cc(N(C)CCN(C)C)c(NC(=O)c2nccn2C)cc1Nc1nccc(-c2cn(C)c3ccccc23)n1,110.0,1,1
CHEMBL5185772,COc1cc(N(C)CCN(C)C)c(NC(=O)c2nccn2C)cc1Nc1nc(-c2cn(C)c3ccccc23)c2cccnc2n1,420.0,1,1
CHEMBL5209075,COc1cc(N(C)CCN(C)C)c(NC(=O)c2ccnc(Cl)c2)cc1Nc1nccc(-c2cn(C)c3ccccc23)n1,420.0,1,3
CHEMBL5209276,CNC(=O)c1cnc(Nc2ccnc(N3CCC(O)CC3)n2)cc1NC(C)C,290.0,1,3
CHEMBL5177090,CNC(=O)c1cnc(Nc2ccnc(N3CC[C@@H](O)[C@@H](F)C3)n2)cc1NC(C)C,259.5,1,2
CHEMBL5188960,CNc1ncc(C(C)C)c2cc(Nc3ccnc(N4CC[C@@H](O)[C@@H](F)C4)n3)ncc12,58.5,1,2
CHEMBL5185287,CNc1ncc(C(C)C)c2cc(Nc3ccnc(N4CC[C@@H](O)[C@@](C)(F)C4)n3)ncc12,5010.0,0,4
CHEMBL5208679,CC(C)c1cnc(N2CCC2)c2cnc(Nc3ccnc(N4CC[C@@H](O)[C@@](C)(F)C4)n3)cc12,4344.0,0,4
CHEMBL5195164,CC(C)c1cnc(N2CC[C@H]2C)c2cnc(Nc3ccnc(N4CC[C@@H](O)[C@@](C)(F)C4)n3)cc12,3648.0,0,4
CHEMBL5174629,CC(C)c1cnc(N2CC[C@@H]2C)c2cnc(Nc3ccnc(N4CC[C@@H](O)[C@@](C)(F)C4)n3)cc12,5105.0,0,4
CHEMBL5184941,CC(C)c1nnc(N2CC[C@H]2C)c2cnc(Nc3ccnc(N4CC[C@@H](O)[C@@](C)(F)C4)n3)cc12,4098.0,0,4
CHEMBL5182741,CC(C)c1ncc(N2CC[C@H]2C)c2cnc(Nc3ccnc(N4CC[C@@H](O)[C@@](C)(F)C4)n3)cc12,1721.5,0,4
CHEMBL5203267,CC(C)c1cnc(N2CC(O)C2)c2cnc(Nc3ccnc(N4CC[C@@H](O)[C@@](C)(F)C4)n3)cc12,2781.0,0,4
CHEMBL5207390,CC(C)c1cnc(N2C[C@H](O)[C@H]2C)c2cnc(Nc3ccnc(N4CC[C@@H](O)[C@@](C)(F)C4)n3)cc12,2255.0,0,4
CHEMBL5172587,CC(C)c1ncc(N2C[C@H](O)[C@H]2C)c2cnc(Nc3ccnc(N4CC[C@@H](O)[C@@](C)(F)C4)n3)cc12,2103.5,0,4
CHEMBL5185207,CC(C)c1ccc(N2C[C@H](O)[C@H]2C)c2cnc(Nc3ccnc(N4CC[C@@H](O)[C@@](C)(F)C4)n3)cc12,1120.5,0,4
CHEMBL5205583,COC1CN(c2ncc(C(C)C)c3cc(Nc4ccnc(N5CC[C@@H](O)[C@@](C)(F)C5)n4)ncc23)C1,5012.0,0,4
CHEMBL5198992,COCC1CN(c2ncc(C(C)C)c3cc(Nc4ccnc(N5CC[C@@H](O)[C@@](C)(F)C5)n4)ncc23)C1,5020.0,0,4
CHEMBL5187021,CNC(=O)C1CN(c2ncc(C(C)C)c3cc(Nc4ccnc(N5CC[C@@H](O)[C@@](C)(F)C5)n4)ncc23)C1,5016.0,0,4
CHEMBL5170376,CC(C)c1cnc(N2CC(C(=O)N(C)C)C2)c2cnc(Nc3ccnc(N4CC[C@@H](O)[C@@](C)(F)C4)n3)cc12,2068.0,0,4
CHEMBL5173517,CC(C)c1cnc(N2CC(CS(C)(=O)=O)C2)c2cnc(Nc3ccnc(N4CC[C@@H](O)[C@@](C)(F)C4)n3)cc12,4.8,1,5
CHEMBL5200991,CC(C)c1cnc(N2C[C@H](CS(C)(=O)=O)[C@H]2C)c2cnc(Nc3ccnc(N4CC[C@@H](O)[C@@](C)(F)C4)n3)cc12,135.85,1,4
CHEMBL5206444,CC(C)c1ccc(N2CC(CS(C)(=O)=O)C2)c2cnc(Nc3ccnc(N4CC[C@@H](O)[C@@](C)(F)C4)n3)cc12,2.7,1,5
CHEMBL5196495,CC(C)c1ccc(N2C[C@H](CS(C)(=O)=O)[C@H]2C)c2cnc(Nc3ccnc(N4CC[C@@H](O)[C@@](C)(F)C4)n3)cc12,1.0,1,7
CHEMBL5194722,CC[C@]1(F)CN(c2nccc(Nc3cc4c(C(C)C)ccc(N5C[C@H](CS(C)(=O)=O)[C@H]5C)c4cn3)n2)CC[C@H]1O,355.4,1,4
CHEMBL5208737,CC(C)c1ccc(N2C[C@H](CS(C)(=O)=O)[C@H]2C)c2cnc(Nc3ccnc(N4CC[C@@](C)(O)[C@@H](F)C4)n3)cc12,546.4,1,4
CHEMBL5095169,CO[C@@H]1CCN(c2nccc(Nc3cc4c(C(C)C)ccc(N5C[C@H](CS(C)(=O)=O)[C@H]5C)c4cn3)n2)C[C@@H]1F,5.300000000000001,1,14
CHEMBL5193016,CO[C@@H]1[C@H](O)CN(c2nccc(Nc3cc4c(C(C)C)ccc(N5C[C@H](CS(C)(=O)=O)[C@H]5C)c4cn3)n2)CC1(F)F,96.8,1,4
CHEMBL5189778,CC(C)c1cnc(N2CCCC2)c2cnc(Nc3ccnc(N4CC[C@@H](O)[C@@](C)(F)C4)n3)cc12,5026.0,0,2
CHEMBL5169349,CC(C)c1cnc(N2CC(C#N)C2)c2cnc(Nc3ccnc(N4CC[C@@H](O)[C@@](C)(F)C4)n3)cc12,1709.0,0,2
CHEMBL5206600,CCC(=O)N1CCC[C@@H](N2CC(c3cccc(F)c3Cl)=C(C)c3cnc(Nc4ccc(N5CCN(C)CC5)c(C)c4)nc32)C1,344.75,1,2
CHEMBL5190294,CCC(=O)N[C@H]1CC[C@@H](N2C(=O)N(c3ccccc3Cl)Cc3cnc(Nc4ccc(N5CCN(C)CC5)c(C)c4)nc32)CC1,146.55,1,4
CHEMBL5195321,CC(C)(C)n1cc(-c2cncc3ccccc23)c2c(N)ncnc21,1623.0,0,3
CHEMBL4744973,CN1CCN(c2ccc(Nc3ncc4nc(Nc5ccc(F)cc5)n([C@H]5CCN(S(=O)(=O)C6CC6)C5)c4n3)cc2)CC1,22.0,1,1
CHEMBL5183865,CN1CCN(c2ccc(Nc3ncc4nc(Nc5ccc(F)cc5)n(C5CCN(C(=O)CO)CC5)c4n3)cc2)CC1,41.0,1,1
CHEMBL5205022,C=CC(=O)Nc1cccc(-c2c(-c3ccc(N4CCN(C)CC4)cc3)[nH]c3ncnc(OCCCC)c23)c1,9.4,1,1
CHEMBL5206817,C=CC(=O)Nc1cccc(-c2c(-c3ccc(N4CCN(C)CC4)cc3)[nH]c3ncnc(OC4CCCC4)c23)c1,19.0,1,1
CHEMBL4799276,C=CC(=O)Nc1cccc(-c2c(-c3ccc(N4CCN(C)CC4)cc3)[nH]c3ncnc(OC(C)C)c23)c1,8.6,1,1
CHEMBL4753389,C=CC(=O)Nc1cccc(-c2c(-c3ccc(N4CCN(C)CC4)cc3)[nH]c3ncnc(OCC(C)C)c23)c1,8.5,1,1
CHEMBL5169450,COc1cc(N2CCC(N3CCN(C)CC3)CC2)c(C)cc1Nc1ncc(Br)c(Nc2ccc3nccnc3c2P(C)(C)=O)n1,0.46,1,11
CHEMBL5174418,CCc1cc(Nc2ncc(Br)c(Nc3ccc4nccnc4c3P(C)(C)=O)n2)c(OC)cc1N1CCC(N2CCN(C)CC2)CC1,0.26,1,6
CHEMBL5190204,CCC1CCN(c2ccc(-c3cc(F)c4c(c3)C(=O)N(C(C(=O)Nc3nccs3)c3ncn5c3CCC5)C4)cc2)CC1,4.0,1,1
CHEMBL5180830,O=C1c2cc(F)ccc2Nc2ccccc2N1Cc1ccccc1,52.0,1,1
CHEMBL5200385,CC(=O)N[C@H]1CC[C@H](n2c(=O)c(-c3ccccc3Cl)cc3ccc(Nc4ccc(N5CCN(C)CC5)c(C)c4)cc32)CC1,47.8,1,1
CHEMBL5194245,CCC(=O)N[C@H]1CC[C@H](n2c(=O)c(-c3ccccc3Cl)cc3ccc(Nc4ccc(N5CCN(C)CC5)c(C)c4)cc32)CC1,38.1,1,1
CHEMBL5195167,Cn1cc(-c2cc(C(=O)/N=c3\[nH]c4ccccc4n3[C@H]3CC[C@H](O)CC3)ccn2)cn1,44.150000000000006,1,8
CHEMBL5202381,CSc1nc(-c2ccc(F)cc2)c(-c2ccnc3[nH]c(-c4ccccc4)cc23)[nH]1,287.0,1,1
CHEMBL5172794,COc1cc(N2CCC(N3CCN(C)CC3)CC2)ccc1Nc1ncc(Cl)c(Nc2ccccc2NS(C)(=O)=O)n1,5.0,1,11
CHEMBL5187838,COc1cc(N2CCC(N3CCN(CCO)CC3)CC2)ccc1Nc1ncc(Cl)c(Nc2ccccc2NS(C)(=O)=O)n1,15.9,1,8
CHEMBL5176129,COc1cc(N2CCC(N3CCN(C)CC3)CC2)ccc1Nc1ncc(Cl)c(Nc2ccccc2NS(N)(=O)=O)n1,2.75,1,8
CHEMBL5206476,O=C1c2ccccc2CN1C(c1nc(=O)c2ccccc2[nH]1)c1cc(F)ccc1O,5300.0,0,4
CHEMBL5193027,O=C(Nc1nccs1)C(c1ccccc1)N1Cc2ccc(-c3ccc4[nH]ccc4c3)cc2C1=O,15.0,1,2
CHEMBL5179288,N#Cc1ccc(O)c(-c2nc(NCc3ncccn3)c3ccccc3n2)c1,630.0,1,5
CHEMBL3989868,Cc1cc(Nc2ncnc3ccc(NC4=NC(C)(C)CO4)cc23)ccc1Oc1ccn2ncnc2c1,449.0,1,2
CHEMBL5194482,C=CC(=O)Nc1cccc(Cn2c(=O)ccc3cnc(Nc4ccc(N5CCN(C)CC5)cc4)nc32)c1,238.75,1,2
CHEMBL5186362,C=CC(=O)N1C[C@@H]2C[C@H]1CN2C(=O)Oc1cc2c(Nc3ccc(Cl)c(Cl)c3F)ncnc2cc1OC,0.3,1,2
CHEMBL5181469,C=CC(=O)Oc1cc2c(Nc3ccc(Cl)c(Cl)c3F)ncnc2cc1OC,0.54,1,1
CHEMBL5178898,C=C(C(=O)N1CCN(C(=O)Oc2cc3c(Nc4ccc(Cl)c(Cl)c4F)ncnc3cc2OC)[C@H](C)C1)C(F)(F)F,0.38,1,1
CHEMBL5187762,C#CC(=O)N1CCN(C(=O)Oc2cc3c(Nc4ccc(Cl)c(Cl)c4F)ncnc3cc2OC)[C@H](C)C1,0.32,1,1
CHEMBL5178180,C=CC(=O)N1CCN(C(=O)Oc2cc3c(Nc4cccc(Cl)c4F)ncnc3cc2OC)[C@H](C)C1,0.34,1,2
CHEMBL5191510,CN1CCN(c2ccc(-c3ccc4c(c3)C(=O)N(C(C(=O)Nc3nccs3)c3cc(F)ccc3O)C4)cc2)CC1,0.3,1,1
CHEMBL5201543,CN1CCC(c2ccc(-c3ccc4c(c3)C(=O)N(C(C(=O)Nc3nccs3)c3cc(F)ccc3O)C4)cc2)CC1,0.083,1,3
CHEMBL5182553,CN1CCC(c2ccc(-c3ccc4c(c3)C(=O)N(C(C(=O)Nc3nccs3)c3cccc(F)c3)C4)cc2)CC1,0.2,1,1
CHEMBL5177306,CN1CCN(c2ccc(-c3ccc4c(c3)C(=O)N(C(C(=O)Nc3nccs3)c3ccccc3)C4)cc2)CC1,0.9,1,1
CHEMBL5198812,CN1CCC(c2ccc(-c3ccc4c(c3)C(=O)N(C(C(=O)Nc3nccs3)c3ccccc3)C4)cc2)CC1,0.9,1,1
CHEMBL5176460,CN1CCN(c2ccc(-c3ccc4c(c3)C(=O)N(C(C(=O)Nc3nccs3)c3cccc(F)c3)C4)cc2)CC1,1.8,1,1
CHEMBL5202129,CN1CCN(c2ccc(-c3ccc4c(c3)CCN(C(C(=O)Nc3nccs3)c3cccc(F)c3)C4=O)cc2)CC1,1.1,1,1
CHEMBL5200637,CN1CCC(c2ccc(-c3ccc4c(c3)CCN(C(C(=O)Nc3nccs3)c3cccc(F)c3)C4=O)cc2)CC1,2.2,1,1
CHEMBL5187605,CN1CCN(c2ccc(-c3ccc4c(c3)C(=O)N(C(C(=O)Nc3nccs3)c3cccc(F)c3)CC4)cc2)CC1,6.8,1,1
CHEMBL5195912,CN1CCC(c2ccc(-c3ccc4c(c3)C(=O)N(C(C(=O)Nc3nccs3)c3cccc(F)c3)CC4)cc2)CC1,3.2,1,1
CHEMBL5178865,CN1CCN(c2ccc(-c3ccc4c(=O)n(C(C(=O)Nc5nccs5)c5ccccc5)ccc4c3)cc2)CC1,3.4,1,1
CHEMBL5197154,CN1CCC(c2ccc(-c3ccc4c(=O)n(C(C(=O)Nc5nccs5)c5ccccc5)ccc4c3)cc2)CC1,1.2,1,1
CHEMBL5208065,CN1CCN(c2ccc(-c3ccc4ccn(C(C(=O)Nc5nccs5)c5ccccc5)c(=O)c4c3)cc2)CC1,5.0,1,1
CHEMBL5173701,CN1CCC(c2ccc(-c3ccc4ccn(C(C(=O)Nc5nccs5)c5ccccc5)c(=O)c4c3)cc2)CC1,1.8,1,1
CHEMBL5204970,CN1CCN(c2ccc(-c3ccc4c(=O)n(C(C(=O)Nc5nccs5)c5ccccc5)cnc4c3)cc2)CC1,3.1,1,1
CHEMBL5204270,CN1CCC(c2ccc(-c3ccc4c(=O)n(C(C(=O)Nc5nccs5)c5ccccc5)cnc4c3)cc2)CC1,5.8,1,1
CHEMBL5172573,CN1CCN(c2ccc(-c3ccc4ncn(C(C(=O)Nc5nccs5)c5ccccc5)c(=O)c4c3)cc2)CC1,0.9,1,1
CHEMBL5206902,CN1CCC(c2ccc(-c3ccc4ncn(C(C(=O)Nc5nccs5)c5ccccc5)c(=O)c4c3)cc2)CC1,0.2,1,1
CHEMBL5207462,CN1CCN(c2ccc(-c3ccc4c(=O)n(C(C(=O)Nc5nccs5)c5ccccc5)ncc4c3)cc2)CC1,17.8,1,1
CHEMBL5200988,CN1CCC(c2ccc(-c3ccc4c(=O)n(C(C(=O)Nc5nccs5)c5ccccc5)ncc4c3)cc2)CC1,9.7,1,1
CHEMBL5206436,CN1CCN(c2ccc(-c3ccc4cnn(C(C(=O)Nc5nccs5)c5ccccc5)c(=O)c4c3)cc2)CC1,10.3,1,1
CHEMBL5178754,CN1CCC(c2ccc(-c3ccc4cnn(C(C(=O)Nc5nccs5)c5ccccc5)c(=O)c4c3)cc2)CC1,4.0,1,1
CHEMBL5191674,CN1CCC(c2ccc(-c3ccc4ncn(C(C(=O)Nc5nccs5)c5ccccc5)c(=O)c4n3)cc2)CC1,0.6,1,1
CHEMBL5207108,CN1CCC(c2ccc(-c3cnc4ncn(C(C(=O)Nc5nccs5)c5ccccc5)c(=O)c4c3)cc2)CC1,1.9,1,1
CHEMBL5177272,CN1CCC(c2ccc(-c3cc(F)c4ncn(C(C(=O)Nc5nccs5)c5ccccc5)c(=O)c4c3)cc2)CC1,0.6,1,1
CHEMBL5196360,CN1CCC(c2ccc(-c3ccc4ncn(C(C(=O)Nc5nccs5)c5ccccc5)c(=O)c4c3F)cc2)CC1,0.1,1,1
CHEMBL5178571,CN1CCC(c2ccc(-c3cc4c(=O)n(C(C(=O)Nc5nccs5)c5ccccc5)cnc4cc3F)cc2)CC1,1.4,1,1
CHEMBL5095068,COc1cc(N2CCC3(CCN(C)CC3)CC2)ccc1Nc1ncc(Cl)c(Nc2ccccc2P(C)(C)=O)n1,35.0,1,1
CHEMBL5173862,N#CC1=C(c2ccccc2)Nc2c(c(-c3cccs3)nn2-c2ccccc2)C12C(=O)Nc1ccc(Cl)cc12,120.0,1,1
CHEMBL5209100,N#CC1=C(c2ccccc2)Nc2c(c(-c3cccs3)nn2-c2ccccc2)C12C(=O)Nc1ccc(Br)cc12,150.0,1,1
CHEMBL5203118,C=CC(=O)Nc1cccc(N2C(=O)OCc3cnc(Nc4ccc(N5CCN(C)CC5)cc4OC)nc32)c1,28.8,1,2
CHEMBL5200275,C=CC(=O)Nc1cccc(N2C(=O)OC(C)c3cnc(Nc4ccc(N5CCN(C)CC5)cc4OC)nc32)c1,47.4,1,2
CHEMBL5201128,COc1cc2nccc(Oc3ccc(NC(=O)C4(C(=O)NC5CC5)CC4)c(Cl)c3)c2cc1C(N)=O,6500.0,0,1
CHEMBL5206697,COc1cc2ncnc(Nc3cc(Cl)c(F)cc3O)c2cc1O,313.9,1,4
CHEMBL5190513,Fc1cc2c(cc1Cl)Nc1ncnc3ccc(cc13)OCCOCCO2,851.7,1,2
CHEMBL5185330,COc1cc2ncnc3c2cc1OCCOCCOc1ccccc1N3,685.2,1,3
CHEMBL5205073,COc1cc2ncnc3c2cc1OCCOCCOc1c(Cl)cccc1N3,2250.3,0,2
CHEMBL5186794,COc1cc2ncnc3c2cc1OCCOCCOc1ccc(Cl)cc1N3,127.5,1,3
CHEMBL5182465,COc1cc2ncnc3c2cc1OCCOCCOc1cc(F)c(Cl)cc1N3,469.95,1,2
CHEMBL5176295,COc1cc2ncnc3c2cc1OCCCCCCOc1ccccc1N3,490.6,1,1
CHEMBL5180070,COc1cc2ncnc3c2cc1OCCCCCCOc1c(Cl)cccc1N3,3034.0,0,1
CHEMBL5196064,COc1cc2ncnc3c2cc1OCCCCCCOc1cc(Cl)ccc1N3,63506.7,0,1
CHEMBL5195531,COc1cc2ncnc3c2cc1OCCCCCCOc1ccc(Cl)cc1N3,379.1,1,2
CHEMBL5184313,COc1cc2ncnc3c2cc1OCCCCCCOc1cccc(Cl)c1N3,275.1,1,3
CHEMBL5208312,COc1cc2ncnc3c2cc1OCCCCCCOc1cc(F)c(Cl)cc1N3,655.1,1,3
CHEMBL5204446,COc1cc2ncnc3c2cc1OCCOCCOCCOc1ccccc1N3,1121.0,0,3
CHEMBL5192038,COc1cc2ncnc3c2cc1OCCOCCOCCOc1c(Cl)cccc1N3,448.5,1,3
CHEMBL5169346,COc1cc2ncnc3c2cc1OCCOCCOCCOc1cc(Cl)ccc1N3,38.3,1,3
CHEMBL5206110,COc1cc2ncnc3c2cc1OCCOCCOCCOc1ccc(Cl)cc1N3,0.7,1,3
CHEMBL5194285,COc1cc2ncnc3c2cc1OCCOCCOCCOc1cccc(Cl)c1N3,42.9,1,3
CHEMBL5180914,COc1cc2ncnc3c2cc1OCCOCCOCCOc1cc(F)c(Cl)cc1N3,2.8,1,3
CHEMBL5183329,COc1cc2ncnc3c2cc1OCCOCCOc1cccc(c1)N3,33860.0,0,1
CHEMBL5199106,COc1cc2ncnc3c2cc1OCCOCCOc1cc(ccc1Cl)N3,805.95,1,2
CHEMBL5190227,COc1cc2ncnc3c2cc1OCCOCCOc1cc(Cl)cc(c1)N3,7991.0,0,2
CHEMBL5173596,COc1cc2ncnc3c2cc1OCCOCCOc1ccc(Cl)c(c1)N3,45138.35,0,2
CHEMBL5183286,CSc1nc(-c2cccc(NC(=O)c3c(F)ccc(O)c3CN3C(=O)c4ccccc4C3=O)c2)c(-c2ccnc(NC(C)=O)c2)[nH]1,16.6,1,2
CHEMBL5199122,CSc1nc(-c2cccc(NC(=O)c3c(F)ccc(O)c3CN3Cc4ccccc4C3=O)c2)c(-c2ccnc(NC(C)=O)c2)[nH]1,280.0,1,1
CHEMBL5188250,CSc1nc(-c2cccc(NC(=O)c3cc(O)ccc3F)c2)c(-c2ccnc(NC(C)=O)c2)[nH]1,7.1,1,4
CHEMBL5188399,C=CC(=O)Nc1ccc(OC)c(Nc2cc(-c3[nH]c(SC)nc3-c3cccc(NC(=O)c4c(F)ccc(O)c4CN4C(=O)c5ccccc5C4=O)c3)ccn2)c1,25.95,1,4
CHEMBL5186969,Nc1ccc2ncnc(Nc3ccc4c(c3)CCC4)c2c1,251.3,1,1
CHEMBL5183327,Nc1ccc2ncnc(Nc3cccc4c3CCCC4)c2c1,164.8,1,1
CHEMBL5199341,Nc1ccc2ncnc(Nc3cccc4ccccc34)c2c1,1.6,1,1
CHEMBL5188730,Nc1ccc2ncnc(Nc3ccc4ncccc4c3)c2c1,215.1,1,1
CHEMBL5178707,Nc1ccc2ncnc(Nc3ccc4[nH]ncc4c3)c2c1,2.98,1,1
CHEMBL5180251,Nc1ccc2ncnc(Nc3ccc4[nH]ccc4c3)c2c1,0.65,1,2
CHEMBL5199612,Nc1ccc2ncnc(Nc3ccc4cc[nH]c4c3)c2c1,183.7,1,1
CHEMBL5180325,Nc1ccc2ncnc(Nc3cccc4cc[nH]c34)c2c1,25.17,1,1
CHEMBL5174372,Cn1ccc2cc(Nc3ncnc4ccc(N)cc34)ccc21,4020.0,0,1
CHEMBL5200760,CCCn1ccc2cc(Nc3ncnc4ccc(N)cc34)ccc21,358.3,1,1
CHEMBL5169328,C=CCn1ccc2cc(Nc3ncnc4ccc(N)cc34)ccc21,351.9,1,1
CHEMBL5198424,Nc1ccc2ncnc(Nc3ccc4c(ccn4Cc4cccc(F)c4)c3)c2c1,3.01,1,1
CHEMBL5194966,Nc1ccc2ncnc(Nc3ccc4c(ccn4Cc4cccc(Cl)c4)c3)c2c1,8.38,1,1
CHEMBL5176588,Cc1cc2cc(Nc3ncnc4ccc(N)cc34)ccc2[nH]1,255.0,1,1
CHEMBL5208907,Nc1ccc2ncnc(Nc3ccc4[nH]cc(Br)c4c3)c2c1,0.74,1,2
CHEMBL5169547,C=CC(=O)Nc1ccc2ncnc(Nc3ccc4[nH]ccc4c3)c2c1,13.7,1,2
CHEMBL5177378,O=C(CCCCl)Nc1ccc2ncnc(Nc3ccc4[nH]ccc4c3)c2c1,9.2,1,2
CHEMBL5204535,C=CC(=O)Nc1ccc2ncnc(Nc3ccc4c(ccn4Cc4cccc(F)c4)c3)c2c1,1.25,1,2
CHEMBL5172245,O=C(CCCCl)Nc1ccc2ncnc(Nc3ccc4c(ccn4Cc4cccc(F)c4)c3)c2c1,6.45,1,2
CHEMBL5182567,C=CC(=O)Nc1ccc2ncnc(Nc3ccc4[nH]cc(Br)c4c3)c2c1,1.29,1,4
CHEMBL5208454,O=C(CCCl)Nc1ccc2ncnc(Nc3ccc4[nH]cc(Br)c4c3)c2c1,4.46,1,4
CHEMBL5192750,Cc1cc(Nc2ncnc3cc(O)c(NC(=O)/C=C/[C@H]4CCCN4C)cc23)ccc1Oc1ccn2ccnc2c1,2.31,1,1
CHEMBL5193451,Cc1cc(Nc2ncnc3cc(O)c(NC(=O)/C=C/[C@H]4CCCN4C)cc23)ccc1Oc1ccn2ncnc2c1,2.8,1,1
CHEMBL5201973,Cc1cc(Nc2ncnc3cc(O)c(NC(=O)/C=C/[C@H]4CCCN4C)cc23)ccc1Oc1ccc2nccn2c1,2.32,1,1
CHEMBL5190132,Cc1cc(Nc2ncnc3cc(O)c(NC(=O)/C=C/[C@H]4CCCN4C)cc23)ccc1Oc1cnc2ccnn2c1,1.03,1,1
CHEMBL5176920,Cc1cc(Nc2ncnc3cc(O)c(NC(=O)/C=C/[C@H]4CCCN4C)cc23)ccc1Oc1cc2nccn2cn1,1.11,1,1
CHEMBL5180965,Cc1cc(Nc2ncnc3cc(O)c(NC(=O)/C=C/[C@H]4CCCN4C)cc23)ccc1Oc1ccn2cnnc2c1,22.75,1,1
CHEMBL5170965,CCOc1cc2ncnc(Nc3ccc(Oc4cc5nncn5cn4)c(C)c3)c2cc1NC(=O)/C(F)=C\[C@H]1CCCN1C,86.33,1,1
CHEMBL5202846,Cc1cc(Nc2ncnc3cc(O)c(NC(=O)/C=C/[C@H]4CCCN4C)cc23)ccc1Oc1cnn2cnnc2c1,11.82,1,1
CHEMBL5176854,CCOc1cc2ncnc(Nc3ccc(Oc4cc5nncn5cn4)c(C)c3)c2cc1NC(=O)/C(F)=C/[C@@H]1CCCN1C,32.14,1,1
CHEMBL5181694,CCOc1cc2ncnc(Nc3ccc(Oc4cc5nncn5cn4)c(C)c3)c2cc1NC(=O)/C(F)=C\[C@@H]1CCCN1C,25.92,1,1
CHEMBL5183924,C=C(F)C(=O)Nc1cc2c(Nc3ccc(Oc4cc5nncn5cn4)c(C)c3)ncnc2cc1OCC,9.6,1,1
CHEMBL5178703,CCOc1cc2ncnc(Nc3ccc(Oc4cc5nncn5cn4)c(C)c3)c2cc1NC(=O)/C(F)=C/[C@H]1CCCN1C,8.13,1,1
CHEMBL5184610,CCOc1cc2ncnc(Nc3ccc(Oc4cc5nncn5cn4)c(C)c3)c2cc1NC(=O)/C=C/[C@H]1CCCN1C,1.36,1,1
CHEMBL5175489,C=CC(=O)Nc1cc2c(Nc3ccc(Oc4cc5nncn5cn4)c(C)c3)ncnc2cc1OCC,1.47,1,1
CHEMBL5209046,Cc1cc(Nc2c(C#N)cnc3ccc(NC(=O)/C=C/[C@H]4CCCN4C)cc23)ccc1Oc1cc2nncn2cn1,3.13,1,1
CHEMBL5179954,Cc1cc(Nc2ncnc3ccc(NC(=O)/C=C/[C@H]4CCCN4C)cc23)ccc1Oc1cc2nncn2cn1,1.19,1,1
CHEMBL5180725,Cc1cc(Nc2c(C#N)cnc3ccc(NC(=O)/C=C/CN(C)C)cc23)ccc1Oc1cc2nncn2cn1,20.72,1,1
CHEMBL5175873,Cc1cc(Nc2ncnc3ccc(NC(=O)/C=C/CN(C)C)cc23)ccc1Oc1cc2nncn2cn1,2.13,1,1
CHEMBL5200783,COCC(=O)NC/C=C/c1ccc2ncc(C#N)c(Nc3ccc(Oc4cc5nncn5cn4)c(C)c3)c2c1,1833.8,0,1
CHEMBL5203179,COCC(=O)NC/C=C/c1ccc2ncnc(Nc3ccc(Oc4cc5nncn5cn4)c(C)c3)c2c1,110.32,1,1
CHEMBL5194174,COc1cc(N2CCC(N3CCN(C)CC3)CC2)ccc1Nc1ncc(Cl)c(-c2cn(S(C)(=O)=O)c3ccccc23)n1,5.5,1,6
CHEMBL5172338,COc1cc(N2CCC(N3CCN(C)CC3)CC2)ccc1Nc1ncc(Cl)c(-c2c[nH]c3ccccc23)n1,22.6,1,5
CHEMBL5207083,COc1cc(N2CCC(N3CCN(C)CC3)CC2)ccc1Nc1ncc(Cl)c(-c2cn(C(C)=O)c3ccccc23)n1,12.9,1,3
CHEMBL5198314,CCS(=O)(=O)n1cc(-c2nc(Nc3ccc(N4CCC(N5CCN(C)CC5)CC4)cc3OC)ncc2Cl)c2ccccc21,5.6,1,3
CHEMBL5200598,COc1cc(N2CCC(N3CCN(C)CC3)CC2)ccc1Nc1ncc(Cl)c(-c2cn(S(=O)(=O)C3CC3)c3ccccc23)n1,32.6,1,5
CHEMBL5188281,COc1cc(N2CCC(N3CCN(C)CC3)CC2)ccc1Nc1ncc(Cl)c(-c2cn(S(=O)(=O)C(C)C)c3ccccc23)n1,33.3,1,5
CHEMBL5176897,CCS(=O)(=O)n1cc(-c2nc(Nc3cc(Cl)c(N4CCC(N5CCN(C)CC5)CC4)cc3OC)ncc2Cl)c2ccccc21,24.9,1,6
CHEMBL5185864,CCS(=O)(=O)n1cc(-c2nc(Nc3cc(C)c(N4CCC(N5CCN(C)CC5)CC4)cc3OC)ncc2Cl)c2ccccc21,29.3,1,4
CHEMBL5172251,CCc1cc(Nc2ncc(Cl)c(-c3cn(S(=O)(=O)CC)c4ccccc34)n2)c(OC)cc1N1CCC(N2CCN(C)CC2)CC1,38.3,1,4
CHEMBL5179495,CCS(=O)(=O)n1cc(-c2nc(Nc3cc(C(C)C)c(N4CCC(N5CCN(C)CC5)CC4)cc3OC)ncc2Cl)c2ccccc21,115.9,1,3
CHEMBL5180778,CCS(=O)(=O)n1cc(-c2nc(Nc3cc(Cl)c(N4CCC(N5CCN(C)CC5)CC4)cc3C)ncc2Cl)c2ccccc21,4.7,1,6
CHEMBL5206683,CCOc1cc(N2CCC(N3CCN(C)CC3)CC2)c(Cl)cc1Nc1ncc(Cl)c(-c2cn(S(=O)(=O)CC)c3ccccc23)n1,9.75,1,4
CHEMBL5209545,CCS(=O)(=O)n1cc(-c2nc(Nc3cc(Cl)c(N4CCC(N5CCN(C)CC5)CC4)cc3OC(C)C)ncc2Cl)c2ccccc21,19.45,1,4
CHEMBL5185922,CCS(=O)(=O)n1cc(-c2nc(Nc3ccc(N4CCC(N5CCN(C)CC5)CC4)c(Cl)c3)ncc2Cl)c2ccccc21,9.65,1,6
CHEMBL5188272,CCS(=O)(=O)n1cc2c3ccc(cc31)OCCCCCOc1cc(ccc1N1CCOCC1)Nc1ncc(Cl)c-2n1,80.0,1,2
CHEMBL5205581,CCS(=O)(=O)n1cc2c3ccc(cc31)OCCCCCCOc1cc(ccc1N1CCOCC1)Nc1ncc(Cl)c-2n1,57.0,1,3
CHEMBL5201250,CCS(=O)(=O)n1cc2c3ccc(cc31)OCCCCCCCOc1cc(ccc1N1CCOCC1)Nc1ncc(Cl)c-2n1,89.9,1,1
CHEMBL5181437,CCS(=O)(=O)n1cc2c3ccc(cc31)OCCCCCCCCOc1cc(ccc1N1CCOCC1)Nc1ncc(Cl)c-2n1,141.9,1,1
CHEMBL5197952,CCS(=O)(=O)n1cc2c3ccc(cc31)OCCCCCCOc1cc(c(F)cc1N1CCOCC1)Nc1ncc(Cl)c-2n1,456.6,1,2
CHEMBL5170653,CCS(=O)(=O)n1cc2c3ccc(cc31)OCCCCCCOc1cc(c(Cl)cc1N1CCOCC1)Nc1ncc(Cl)c-2n1,32.0,1,2
CHEMBL5193609,CCS(=O)(=O)n1cc2c3ccc(cc31)OCCCCCCOc1cc(c(C)cc1N1CCOCC1)Nc1ncc(Cl)c-2n1,23.6,1,3
CHEMBL5181684,CCc1cc(N2CCOCC2)c2cc1Nc1ncc(Cl)c(n1)-c1cn(S(=O)(=O)CC)c3cc(ccc13)OCCCCCCO2,32.1,1,1
CHEMBL5179214,CCS(=O)(=O)n1cc2c3ccc(cc31)OCCCCCCOc1cc(c(C3CC3)cc1N1CCOCC1)Nc1ncc(Cl)c-2n1,56.4,1,2
CHEMBL5169943,CCS(=O)(=O)n1cc2c3ccc(cc31)OCCCCCCOc1cc(c(C3CCCC3)cc1N1CCOCC1)Nc1ncc(Cl)c-2n1,164.9,1,1
CHEMBL204232,CC(=O)Nc1c(C(C)=O)c(=O)n(C)c2nc(-c3ccc(Cl)cc3Cl)c(-c3ccc(Cl)cc3)cc12,3260.0,0,1
CHEMBL2105712,CN(C)C/C=C/C(=O)Nc1cc2c(Nc3ccc(F)c(Cl)c3)ncnc2cc1O[C@H]1CCOC1.O=C(O)/C=C\C(=O)O.O=C(O)/C=C\C(=O)O,0.5,1,3
CHEMBL5218998,Cn1cc(-c2ccnc(Nc3ccc(NC(=O)CCCCCCC(=O)NO)cc3)n2)c2ccccc21,2200.0,0,2
CHEMBL5218821,CCC(=O)Nc1cccc(-c2c(-c3ccccc3)[nH]c3ncnc(OC)c23)c1,689.5,1,2
CHEMBL5218797,CCC(=O)Nc1cccc(-c2c(-c3ccc(N4CCN(C)CC4)cc3)[nH]c3ncn(C4CCCCC4)c(=O)c23)c1,0.4,1,3
CHEMBL5220645,CCC(=O)Nc1cccc(-c2c(-c3ccc(N4CCN(C)CC4)cc3)[nH]c3ncnc(OC(C)C)c23)c1,0.1,1,3
CHEMBL5220529,CCC(=O)Nc1cccc(-c2c(-c3ccc(N4CCN(C)CC4)cc3)[nH]c3ncnc(OCC(C)C)c23)c1,4.45,1,4
CHEMBL5220061,OCCc1ccc(-c2nc(-c3ccc(F)cc3)c(-c3ccnc4c3CC(c3ccccc3)N4)[nH]2)cc1,10.07,1,2
CHEMBL5218879,OCCCCc1ccc(-c2nc(-c3ccc(F)cc3)c(-c3ccnc4c3CC(c3ccccc3)N4)[nH]2)cc1,8.61,1,2
CHEMBL5218780,Oc1ccc(-c2nc(-c3ccc(F)cc3)c(-c3ccnc4c3CC(c3ccccc3)N4)[nH]2)cc1,482.6,1,2
CHEMBL5218754,CCCCOc1ncnc2[nH]c(-c3ccc(N4CCN(C)CC4)cc3)c(-c3cccc(NC(=O)CC)c3)c12,9.4,1,1
CHEMBL5219777,CC(=O)N[C@H]1CC[C@@H](N2C(=O)N(c3ccccc3Cl)Cc3cnc(Nc4ccc(N5CCN(C)CC5)c(C)c4)nc32)CC1,3.1,1,1
CHEMBL268501,Cc1ccc2c(-c3ccccc3)nc(=O)n(C(C)C)c2c1,2.0,1,1
CHEMBL5218459,COc1cc2ncnc(Oc3cccc(NC(=S)Nc4ccc(Cl)c(C(F)(F)F)c4)c3)c2cc1OC,20.0,1,1
CHEMBL5218990,COc1cc2ncnc(Sc3cccc(NC(=S)Nc4ccc(Br)c(C(F)(F)F)c4)c3)c2cc1OC,10.0,1,1
CHEMBL5221067,N#Cc1c(NC(=O)CNc2n[nH]c3ncccc23)sc2c1CCCC2,0.47,1,1
CHEMBL941,Cc1ccc(NC(=O)c2ccc(CN3CCN(C)CC3)cc2)cc1Nc1nccc(-c2cccnc2)n1,0.11,1,1
CHEMBL5287438,C=CC(=O)N1CCCCCCn2cc(c3ccccc32)-c2ccnc(n2)Nc2cccc1c2,2.92,1,3
CHEMBL5274514,C=CC(=O)N1CCCCCCCn2cc(c3ccccc32)-c2ccnc(n2)Nc2cccc1c2,3.45,1,3
CHEMBL5286055,C=CC(=O)N1CCCCCCCCn2cc(c3ccccc32)-c2ccnc(n2)Nc2cccc1c2,20.1,1,3
CHEMBL5272747,C=CC(=O)N1CCCCCCCCCn2cc(c3ccccc32)-c2ccnc(n2)Nc2cccc1c2,19.2,1,2
CHEMBL5269317,C=CC(=O)N1CCCCCCn2cc(c3ccccc32)-c2ccnc(n2)Nc2cc1ccc2OC,4.390000000000001,1,2
CHEMBL5289304,C=CC(=O)N1CCCCCCCn2cc(c3ccccc32)-c2ccnc(n2)Nc2cc1ccc2OC,5.325,1,2
CHEMBL5290583,C=CC(=O)N1CCCCCCn2cc(c3ccccc32)-c2ccnc(n2)Nc2cc1ccc2F,3.355,1,2
CHEMBL5286636,C=CC(=O)N1CCCCCCCn2cc(c3ccccc32)-c2ccnc(n2)Nc2cc1ccc2F,5.52,1,2
CHEMBL5273197,C=CC(=O)N1CCCCCCn2cc(c3ccccc32)-c2ccnc(n2)Nc2cc1c(OCCCF)cc2F,6.8999999999999995,1,2
CHEMBL5266919,C=CC(=O)N1CCCCCCCn2cc(c3ccccc32)-c2ccnc(n2)Nc2cc1c(OCCCF)cc2F,14.33,1,2
CHEMBL5272200,COc1cc2ncnc(Nc3ccc(O[C@H]4CO[C@H]5[C@@H]4OC[C@@H]5O)c(Cl)c3)c2cc1OC,5.3,1,1
CHEMBL5282499,COc1ccc(-c2cc(=O)oc3c(O)c(O)ccc23)cc1O,4900.0,0,1
CHEMBL5281486,COc1cc(/C=N/NC(=O)COC2=NC(C)=NC3C2C(C)=NN3c2ccccc2)cc(OC)c1OC,4180.0,0,1
CHEMBL5288191,COc1nc2ccccc2cc1-c1nc2c(cnn2-c2ccc(Br)cc2)c(=O)[nH]1,5827.0,0,1
CHEMBL5283543,Fc1ccc(C2=Nc3ccc(F)cc3CN2/N=C\c2ccccc2)cc1,75.2,1,1
CHEMBL5284528,CCCOCCSc1nc(-c2ccccc2Cl)nn1CCOCCC,867.0,1,1
CHEMBL5276251,O=C(/C=C/c1ccc(F)cc1)c1cc(Br)cc2cc(-c3ccccc3)oc12,90.0,1,1
CHEMBL5272853,Cc1cc(NC2=NC(=O)/C(=C/c3c4ccccc4cc4ccccc34)S2)no1,45.0,1,1
CHEMBL5280359,O=C(CCCCCn1cc(-c2ccc3ncnc(Nc4ccc(Br)cc4F)c3c2)nn1)NO,10.3,1,1
CHEMBL5287477,CC(=O)O[C@H]1CC[C@]2(C)[C@H]3CC=C4[C@@H]5CC(C)(C)CC[C@]5(C(=O)OCCCC[N+](=O)[O-])CC[C@@]4(C)[C@]3(C)CC[C@H]2C1(C)CO,10.0,1,1
CHEMBL4072410,O=[N+]([O-])OCCCOc1ccc(Nc2ncnc3c2cnn3-c2ccc(Br)cc2)cc1,3000.0,0,1
CHEMBL5275784,CSc1nn(-c2ccc(Br)cc2)c2nc(C)nc(Nc3ccc(OCCCC[N+](=O)[O-])cc3)c12,3000.0,0,1
CHEMBL5266387,Cc1ccc2c(=O)n(Cc3ccccc3)c(SCc3cn(-c4ccc(C(=O)O)cc4)nn3)nc2c1,38.8,1,1
CHEMBL5286373,COc1ccc(CNc2nc3ccccc3c(NCc3ccc(OC)cc3)c2[N+](=O)[O-])cc1,220.0,1,1
CHEMBL5272590,C=CC(=O)Nc1ccc2ncc(NC(=O)Nc3ccccc3)nc2c1,25.0,1,3
CHEMBL5277831,Cc1ccc(NC(=O)CSc2nc3cc4ccccc4cc3c(=O)n2-c2ccc(S(N)(=O)=O)cc2)cc1,9.0,1,1
CHEMBL5280584,Cc1ccccc1NC(=O)CSc1nc2cc3ccccc3cc2c(=O)n1-c1ccc(S(N)(=O)=O)cc1,12.0,1,1
CHEMBL5281270,CCc1cccc(NC(=O)CSc2nc3cc4ccccc4cc3c(=O)n2-c2ccc(S(N)(=O)=O)cc2)c1,22.0,1,1
CHEMBL5270336,CN1C(=O)c2ccc(NC(=O)CSc3nc4cc5ccccc5cc4c(=O)n3-c3ccc(S(N)(=O)=O)cc3)cc2C1=O,640.0,1,1
CHEMBL5270419,COc1cc2ncnc(Nc3ccc(OCCn4ccnc4[N+](=O)[O-])c(Cl)c3)c2cc1OCCCN1CCOCC1,120.0,1,1
CHEMBL5199520,NS(=O)(=O)c1ccc(CCn2c(SCC(=O)Nc3ccc(Cl)cc3)nc3ccccc3c2=O)cc1,200.0,1,1
CHEMBL5282557,CCCCCCCCCNc1nc2ccccc2c2c(C(=O)c3ccc(F)cc3)c(N)cn12,157.63,1,1
CHEMBL5283875,C=CC(=O)Nc1ccccc1Nc1ncnc2cc(OC)c(OCCN3CCOCC3)cc12,14.35,1,2
CHEMBL5286575,CCCN(c1ccc(F)c(Cl)c1)c1ncnc2cc(OC)c(OCCCN3CCOCC3)cc12,21.4,1,1
CHEMBL5286730,Cc1ccc(NC(=O)CSc2nc3cc4ccccc4cc3c(=O)n2-c2ccc(S(N)(=O)=O)cc2)cc1C,3900.0,0,1
CHEMBL5271803,CN(C)CCn1cccc1/C=N/NC(=O)Nc1cc2c(Nc3ccc(F)c(Cl)c3)ncnc2cc1O[C@H]1CCOC1,2.8249999999999997,1,2
CHEMBL5289358,O=C(N/N=C/c1cnc(N2CCCC2)nc1)Nc1cc2c(Nc3ccc(F)c(Cl)c3)ncnc2cc1O[C@H]1CCOC1,7.35,1,2
CHEMBL5280092,CCN(CC)CCNCc1ccc(-c2ccc3ncnc(Nc4ccc(OCc5cccc(F)c5)c(Cl)c4)c3c2)o1,15.6,1,1
CHEMBL5281903,C#Cc1cccc(Nc2ncnc3cc(OC)c(OCCCN4CCOCC4)cc23)c1,1.1400000000000001,1,4
CHEMBL5291481,O=c1c2ccc(Cl)cc2nc(-c2ccccc2)n1-c1nnc(-c2ccccc2C2CC2)o1,102.0,1,1
CHEMBL5279539,COc1ccc(-c2nnc(-n3c(-c4ccccc4)nc4cc(Cl)ccc4c3=O)o2)cc1,21.0,1,1
CHEMBL5286675,CN(C)c1ccc(/C=C/c2cc(C(=O)O)c3cc(Br)ccc3n2)cc1,2230.0,0,1
CHEMBL5284920,Cc1ccc2nc(/C=C/c3ccc(N(C)C)cc3)cc(-c3nnc(N)s3)c2c1,1110.0,0,1
CHEMBL5274305,COc1ccc2nc(Cl)c(/C=C/C(=O)c3ccc(C)cc3)cc2c1,37.07,1,1
CHEMBL5273741,COc1ccc2nc(Cl)c(C3CC(c4ccc(C)cc4)=NN3c3nc(-c4ccc(F)cc4)cs3)cc2c1,31.8,1,1
CHEMBL5269307,COc1ccc2nc(Cl)c(C3CC(c4ccc(C)cc4)=NN3c3nc(C)c(C(=O)Nc4ccccc4)s3)cc2c1,42.52,1,1
CHEMBL5291010,C=CC(=O)Nc1cc(Nc2nccc(-c3cn4c5c(cccc35)OCC4)n2)c(OC)cc1N(C)CCN(C)C,210.0,1,1
CHEMBL5266482,C=CC(=O)Nc1cc(Nc2ncc(Cl)c(-c3cn4c5c(cccc35)CCC4)n2)c(OC)cc1N(C)CCN(C)C,71.0,1,1
CHEMBL5284255,C=CC(=O)Nc1cc(Nc2ncc(Cl)c(-c3cn4c5c(cccc35)OCC4)n2)c(OC)cc1N(C)CCN(C)C,36.0,1,1
CHEMBL5266896,C=CC(=O)Nc1cc(Nc2nccc(-c3c4n(c5ccccc35)CCOC4)n2)c(OC)cc1N(C)CCN(C)C,288.0,1,1
CHEMBL5286532,C=CC(=O)Nc1cc(Nc2ncc(Cl)c(-c3c4n(c5ccccc35)CCOC4)n2)c(OC)cc1N(C)CCN(C)C,2969.0,0,1
CHEMBL5283216,C=CC(=O)Nc1cc(Nc2ncc(C#N)c(-c3cn4c5c(cccc35)CCC4)n2)c(OC)cc1N(C)CCN(C)C,35.0,1,1
CHEMBL5279491,C#Cc1cnc(Nc2cc(NC(=O)C=C)c(N(C)CCN(C)C)cc2OC)nc1-c1cn2c3c(cccc13)CCC2,42.0,1,1
CHEMBL5281266,C=CC(=O)Nc1cc(Nc2ncc(C(=O)CC)c(-c3cn4c5c(cccc35)CCC4)n2)c(OC)cc1N(C)CCN(C)C,23.0,1,1
CHEMBL5286091,C=CC(=O)Nc1cc(Nc2ncc(C(=O)OC)c(-c3cn4c5c(cccc35)CCC4)n2)c(OC)cc1N(C)CCN(C)C,40.0,1,1
CHEMBL5275712,C=CC(=O)Nc1cc(Nc2ncc(C(=O)OCC)c(-c3cn4c5c(cccc35)CCC4)n2)c(OC)cc1N(C)CCN(C)C,32.0,1,1
CHEMBL5279794,C=CC(=O)Nc1cc(Nc2ncc(C(=O)OC(C)C)c(-c3cn4c5c(cccc35)CCC4)n2)c(OC)cc1N(C)CCN(C)C,39.0,1,1
CHEMBL5276760,C=CC(=O)Nc1cc(Nc2ncc(C(=O)NC)c(-c3cn4c5c(cccc35)CCC4)n2)c(OC)cc1N(C)CCN(C)C,147.0,1,1
CHEMBL5271640,C=CC(=O)Nc1cc(Nc2ncc(-c3ncco3)c(-c3cn4c5c(cccc35)CCC4)n2)c(OC)cc1N(C)CCN(C)C,45.0,1,1
CHEMBL5270000,C=CC(=O)Nc1cc(Nc2ncc(-c3nnco3)c(-c3cn4c5c(cccc35)CCC4)n2)c(OC)cc1N(C)CCN(C)C,15.0,1,1
CHEMBL5271718,C=CC(=O)Nc1cc(Nc2ncc(-c3nc(C)no3)c(-c3cn4c5c(cccc35)CCC4)n2)c(OC)cc1N(C)CCN(C)C,49.0,1,1
CHEMBL5266834,C=CC(=O)Nc1cc(Nc2ncc(-c3ccnn3C)c(-c3cn4c5c(cccc35)CCC4)n2)c(OC)cc1N(C)CCN(C)C,23.0,1,1
CHEMBL5291353,C=CC(=O)Nc1cc(Nc2ncc(-c3cnn(C)c3)c(-c3cn4c5c(cccc35)CCC4)n2)c(OC)cc1N(C)CCN(C)C,15.0,1,1
CHEMBL5284387,C=CC(=O)Nc1cc(Nc2ncc(-c3cnn(C(C)C)c3)c(-c3cn4c5c(cccc35)CCC4)n2)c(OC)cc1N(C)CCN(C)C,15.0,1,1
CHEMBL5284486,C=CC(=O)Nc1cc(Nc2ncc(C(=O)OC)c(-c3cn(C)c4ccccc34)n2)c(OC)cc1N(C)CCN(C)C,20.0,1,1
CHEMBL5268143,C=CC(=O)Nc1cc(Nc2ncc(C(=O)OCC)c(-c3cn(C)c4ccccc34)n2)c(OC)cc1N(C)CCN(C)C,19.0,1,1
CHEMBL4650319,C=CC(=O)Nc1cc(Nc2ncc(C(=O)OC(C)C)c(-c3cn(C)c4ccccc34)n2)c(OC)cc1N(C)CCN(C)C,25.12,1,17
CHEMBL5273438,C=CC(=O)Nc1cc(Nc2ncc(C(=O)OC3CCC3)c(-c3cn(C)c4ccccc34)n2)c(OC)cc1N(C)CCN(C)C,84.0,1,1
CHEMBL5272345,C=CC(=O)Nc1cc(Nc2ncc(C(=O)OCC(C)C)c(-c3cn(C)c4ccccc34)n2)c(OC)cc1N(C)CCN(C)C,221.0,1,2
CHEMBL5266798,C=CC(=O)Nc1cc(Nc2ncc(C(=O)OC(C)C)c(-c3cn(CC)c4ccccc34)n2)c(OC)cc1N(C)CCN(C)C,24.0,1,1
CHEMBL5281203,C=CC(=O)Nc1cc(Nc2ncc(C(=O)OC(C)C)c(-c3cn(C4CC4)c4ccccc34)n2)c(OC)cc1N(C)CCN(C)C,262.0,1,2
CHEMBL5266100,C=CC(=O)Nc1cc(Nc2ncc(C(=O)OC(C)C)c(-c3cn(C(C)=O)c4ccccc34)n2)c(OC)cc1N(C)CCN(C)C,79.0,1,1
CHEMBL5290929,C=CC(=O)Nc1cc(Nc2ncc(C(=O)OC(C)C)c(-c3cn(C)c4ccccc34)n2)c(OC)cc1N(C)C[C@H]1CCCN1C,43.0,1,1
CHEMBL5270335,C=CC(=O)Nc1cc(Nc2ncc(C(=O)OC(C)C)c(-c3cn(C)c4ccccc34)n2)c(OC)cc1N(C)C[C@@H]1CCCN1C,57.0,1,1
CHEMBL5269391,Fc1ccc(Nc2ncnc3ccc4c(c23)OCCN4)cc1Cl,87.27,1,1
CHEMBL5287505,Brc1cccc(Nc2ncnc3ccc4c(c23)OCCN4)c1,120.5,1,1
CHEMBL5280531,FC(F)(F)c1cccc(Nc2ncnc3ccc4c(c23)OCCN4)c1,937.7,1,1
CHEMBL5269684,CC(=O)N1CCOc2c1ccc1ncnc(Nc3ccc(F)c(Cl)c3)c21,47.22,1,1
CHEMBL5275916,CC(=O)N1CCOc2c1ccc1ncnc(Nc3cccc(Br)c3)c21,45.6,1,1
CHEMBL5267140,CC(=O)N1CCOc2c1ccc1ncnc(Nc3cccc(C(F)(F)F)c3)c21,534.0,1,1
CHEMBL5278452,CCC(=O)N1CCOc2c1ccc1ncnc(Nc3ccc(F)c(Cl)c3)c21,70.61,1,1
CHEMBL5271937,CCC(=O)N1CCOc2c1ccc1ncnc(Nc3cccc(Br)c3)c21,70.28,1,1
CHEMBL5271978,CCC(=O)N1CCOc2c1ccc1ncnc(Nc3cccc(C(F)(F)F)c3)c21,837.8,1,1
CHEMBL5286368,CN1CCN(CCC(=O)N2CCOc3c2ccc2ncnc(Nc4ccc(F)c(Cl)c4)c32)CC1,25.69,1,1
CHEMBL5276304,CN1CCN(CCC(=O)N2CCOc3c2ccc2ncnc(Nc4cccc(Br)c4)c32)CC1,40.7,1,1
CHEMBL5290595,CN1CCN(CCC(=O)N2CCOc3c2ccc2ncnc(Nc4cccc(C(F)(F)F)c4)c32)CC1,148.4,1,1
CHEMBL5284397,COCCOc1cc2ncnc(Nc3cccc(Cl)c3)c2c2c1OC(COC)CO2,10.29,1,1
CHEMBL5275672,Cc1nnc2n1N=C(c1ccccc1OCCNCCCNCCOc1ccccc1C1=Nn3c(C)nnc3SC1)CS2,64.65,1,1
CHEMBL5277101,CN(CCOC(=O)c1ccc(C(=O)Nc2ncnc3c2c(-c2ccc(Cl)cc2)nn3C(C)(C)C)nc1)Cc1ccc(C(=O)Nc2ccc3ncnc(Nc4cccc(Cl)c4)c3c2)cc1,610.0,1,1
CHEMBL5290094,COc1cccc(-c2cc(=O)c3ccccc3o2)c1NC(=O)OCCOC(=O)NCCN(C)CCN/N=N/c1ccc2c(Nc3cccc(Cl)c3)ncnc2c1,102.0,1,1
CHEMBL5289623,C=CC(=O)N1CCc2ccc(N3C(=O)CCc4cnc5ccc(-c6cnn(C)c6)cc5c43)cc21,4310.0,0,1
CHEMBL5273124,CCOc1ccc2nc(NC(=O)CSc3nnc(Cc4c[nH]c5ccccc45)o3)sc2c1,2800.0,0,1
CHEMBL4650281,C=CC(=O)N[C@H]1C=C(C)c2c(-c3cnc4ccccc4c3)c3c(N)ncnc3n2C1,21.0,1,11
CHEMBL5268867,N#C/C(=C/C(=O)N1CCC[C@@H](n2nc(-c3cnc4[nH]ccc4c3)c3c(N)ncnc32)C1)C1CC1,2.7,1,3
CHEMBL5286014,C=CC(=O)N1CCC[C@H](n2nc(C(=O)c3ccc(CC(=O)N(C)C)c(C)c3C)c3c(N)ncnc32)C1,65.0,1,1
CHEMBL475584,COc1cccc(-c2cn(-c3ccc(CCN4CCC(O)CC4)cc3)c3ncnc(N)c23)c1,150.0,1,1
CHEMBL1095259,N=C1N=C(NCCS(=O)(=O)O)/C(=C/C(O)CNC(=O)c2cc(Br)c(Br)[nH]2)N1,44640.0,0,1
CHEMBL4575427,N=C1N=C(NCCS(=O)(=O)O)/C(=C/C(O)CNC(=O)c2cc(Br)c[nH]2)N1,44640.0,0,1
CHEMBL5279914,COc1cc(C(=NC#N)c2csc(-c3ccccc3)n2)cc(OC)c1OC,20.0,1,1
CHEMBL1830231,COc1cc(C(=O)c2csc(-c3ccc4[nH]ccc4c3)n2)cc(OC)c1OC,8.0,1,1
CHEMBL4279709,FC(F)(F)c1ccc(/C=N/Nc2nc(-c3ccc(Cl)cc3Cl)cs2)cc1,5480.0,0,1
CHEMBL3114107,CC(C)=NNc1nc(-c2ccc(Cl)cc2)cs1,2000.0,0,1
CHEMBL5269346,O=C(Nn1c(-c2ccc(Br)cc2)cs/c1=N\c1ccc([N+](=O)[O-])cc1)c1ccc(Cl)cc1,8280.0,0,1
CHEMBL5275471,CCOC(=O)c1csc(NC(=S)Nc2ccc(Cl)cc2)n1,10100.0,0,1
CHEMBL5274657,O=C(NC1=NC2C(=O)NN=C(c3ccc(Br)cc3)C2S1)Nc1ccc(Cl)cc1,80.0,1,1
CHEMBL4216765,COc1ccc(C(=O)n2nc(-c3cccnc3)nc2N)cc1,3600.0,0,1
CHEMBL5287053,COc1ccc(C(=O)n2nc(-c3ccncc3)nc2N)cc1,4600.0,0,1
CHEMBL5288957,COc1cc2c(Nc3ccc(-c4ccccc4)cc3)ncnc2cc1OCC1CCN(C)CC1,609.0,1,1
CHEMBL5274670,COc1cc2c(Nc3ccc(Cc4ccccc4)cc3)ncnc2cc1OCC1CCN(C)CC1,672.0,1,1
CHEMBL5284848,COc1cc2c(Nc3ccc(Oc4ccccc4)cc3)ncnc2cc1OCC1CCN(C)CC1,128.0,1,1
CHEMBL5271568,COc1cc2c(Nc3ccc(Sc4ccccc4)cc3)ncnc2cc1OCC1CCN(C)CC1,142.0,1,1
CHEMBL5281945,COc1cc2c(Nc3ccc([S+]([O-])c4ccccc4)cc3)ncnc2cc1OCC1CCN(C)CC1,679.0,1,1
CHEMBL5289352,COc1cc2c(Nc3ccc(S(=O)(=O)c4ccccc4)cc3)ncnc2cc1OCC1CCN(C)CC1,550.0,1,1
CHEMBL5280288,COc1cc2c(Nc3ccc(Oc4ccccn4)cc3)ncnc2cc1OCC1CCN(C)CC1,712.0,1,1
CHEMBL5268092,COc1cc2c(Nc3ccc(Oc4ccccc4)cc3F)ncnc2cc1OCC1CCN(C)CC1,47.0,1,1
CHEMBL5290503,COc1cc2c(Nc3ccc(Oc4ccccc4)cc3Br)ncnc2cc1OCC1CCN(C)CC1,952.0,1,1
CHEMBL5271155,COc1cc2c(Nc3ccc(Oc4ccccc4)cc3C)ncnc2cc1OCC1CCN(C)CC1,34.0,1,1
CHEMBL5275486,COc1cc2c(Nc3ccc(Oc4ccccc4)c(Cl)c3)ncnc2cc1OCC1CCN(C)CC1,107.0,1,1
CHEMBL5280471,COc1cc2c(Nc3ccc(Oc4ccccc4)c(Br)c3)ncnc2cc1OCC1CCN(C)CC1,7.0,1,1
CHEMBL5284179,COc1cc2c(Nc3ccc(Oc4ccccc4)c(C)c3)ncnc2cc1OCC1CCN(C)CC1,22.0,1,1
CHEMBL5290340,COc1cc2c(Nc3ccc(Oc4ccccc4F)cc3)ncnc2cc1OCC1CCN(C)CC1,20.0,1,1
CHEMBL5279933,COc1cc2c(Nc3ccc(Oc4ccccc4Cl)cc3)ncnc2cc1OCC1CCN(C)CC1,41.0,1,1
CHEMBL5268062,COc1cc2c(Nc3ccc(Oc4ccccc4Br)cc3)ncnc2cc1OCC1CCN(C)CC1,160.0,1,1
CHEMBL5284866,COc1cc2c(Nc3ccc(Oc4ccccc4C)cc3)ncnc2cc1OCC1CCN(C)CC1,32.0,1,1
CHEMBL5273000,COc1cc2c(Nc3ccc(Oc4cccc(F)c4)cc3)ncnc2cc1OCC1CCN(C)CC1,36.0,1,1
CHEMBL5290879,COc1cc2c(Nc3ccc(Oc4cccc(Cl)c4)cc3)ncnc2cc1OCC1CCN(C)CC1,729.0,1,1
CHEMBL5273342,COc1cc2c(Nc3ccc(Oc4cccc(C)c4)cc3)ncnc2cc1OCC1CCN(C)CC1,352.0,1,1
CHEMBL5280575,COc1cc2c(Nc3ccc(Oc4ccc(F)cc4)cc3)ncnc2cc1OCC1CCN(C)CC1,891.0,1,1
CHEMBL5280292,COc1cc2c(Nc3ccc(Oc4ccc(Cl)cc4)cc3)ncnc2cc1OCC1CCN(C)CC1,337.0,1,1
CHEMBL5273994,COc1cc2c(Nc3ccc(Oc4ccc(Br)cc4)cc3)ncnc2cc1OCC1CCN(C)CC1,3754.0,0,1
CHEMBL5265927,COc1cc2c(Nc3ccc(Oc4ccc(C)cc4)cc3)ncnc2cc1OCC1CCN(C)CC1,230.0,1,1
CHEMBL97771,COc1cc2ncnc(Nc3ccc(Oc4ccccc4)cc3)c2cc1OC,373.0,1,1
CHEMBL3973435,C=CC(=O)N1CCC(C2CCNc3c(C(N)=O)c(-c4ccc(Oc5ccccc5)cc4)nn32)CC1,185.6,1,2
CHEMBL3935034,C=CC(=O)N1CCC(C2CCNc3c(C(N)=O)c(-c4ccc(Oc5ccc(F)cc5F)cc4)nn32)CC1,18.0,1,1
CHEMBL3902845,C=CC(=O)N1CCC(C2CCNc3c(C(N)=O)c(-c4ccc(Oc5ccccc5)c(Cl)c4)nn32)CC1,1.7,1,1
CHEMBL5274187,C=CC(=O)N1CCC(C2CCNc3c(C(N)=O)c(-c4ccc(Oc5ccccc5)c(O)c4)nn32)CC1,61.0,1,1
CHEMBL3927293,C=CC(=O)N1CCC(C2CCNc3c(C(N)=O)c(-c4ccc(Oc5ccccc5)c(OC)c4)nn32)CC1,11.0,1,1
CHEMBL5266785,C=CC(=O)N1CCC(C2CCNc3c(C(N)=O)c(-c4cc(OC)c(Oc5ccccc5)c(OC)c4)nn32)CC1,4713.0,0,1
CHEMBL5265797,C=CC(=O)N1CCC(C2CCNc3c(C(N)=O)c(-c4cc(C)c(C)c(C)c4)nn32)CC1,2458.0,0,1
CHEMBL5266477,C=CC(=O)N1CCC(C2CCNc3c(C(N)=O)c(-c4cc(Cl)c(Cl)c(Cl)c4)nn32)CC1,713.0,1,1
CHEMBL5283553,C=CC(=O)N1CCC(C2CCNc3c(C(N)=O)c(-c4cc(Cl)c(Br)c(Cl)c4)nn32)CC1,603.0,1,1
CHEMBL5272121,C=CC(=O)N1CCC(C2CCNc3c(C(N)=O)c(-c4cc(Cl)c(Br)c(OC)c4)nn32)CC1,656.0,1,1
CHEMBL5286702,C=CC(=O)N1CCC(C2CCNc3c(C(N)=O)c(-c4cc(OC)c(Br)c(OC)c4)nn32)CC1,1999.0,0,1
CHEMBL5289250,C=CC(=O)N1CCC(C2CCNc3c(C(N)=O)c(-c4cc(OC)c(Cl)c(OC)c4)nn32)CC1,1760.0,0,1
CHEMBL5266481,C=CC(=O)N1CCC(C2CCNc3c(C(N)=O)c(-c4cc(OC)c(C)c(OC)c4)nn32)CC1,3326.0,0,1
CHEMBL5272694,C=CC(=O)N1CCC(C2CCNc3c(C(N)=O)c(-c4cc(OC)c(C5CCCC5)c(OC)c4)nn32)CC1,4496.0,0,1
CHEMBL5288582,C=CC(=O)N1CCC(C2CCNc3c(C(N)=O)c(-c4cc(OC)c5ccoc5c4)nn32)CC1,271.0,1,1
CHEMBL5273525,C=CC(=O)N1CCC(C2CCNc3c(C(N)=O)c(-c4cc(OC)c5ccsc5c4)nn32)CC1,100.0,1,1
CHEMBL5266823,C=CC(=O)N1CCC(C2CCNc3c(C(N)=O)c(-c4cc(OC)c5c(C)csc5c4)nn32)CC1,23.0,1,1
CHEMBL5268388,C=CC(=O)N1CCC(C2CCNc3c(C(N)=O)c(-c4cc(OC)c5c(c4)OCC5(C)C)nn32)CC1,129.0,1,1
CHEMBL5275348,C=CC(=O)N1CCC([C@@H]2CCNc3c(C(N)=O)c(-c4cc(OC)c(Br)c(OC)c4)nn32)CC1,1092.0,0,1
CHEMBL5276374,C=CC(=O)N1CCC([C@@H]2CCNc3c(C(N)=O)c(-c4cc(OC)c(C)c(OC)c4)nn32)CC1,621.0,1,2
CHEMBL5288751,C=CC(=O)N1CCC([C@@H]2CCNc3c(C(N)=O)c(-c4cc(OC)c(C5CC5)c(OC)c4)nn32)CC1,450.0,1,1
CHEMBL5282956,C=CC(=O)Nc1ccccc1C1CCNc2c(C(N)=O)c(-c3cc(OC)c(C)c(OC)c3)nn21,18.0,1,1
CHEMBL5272404,C=CC(=O)Nc1ccccc1C1CCNc2c(C(N)=O)c(-c3cc(OC)c(C4CC4)c(OC)c3)nn21,64.0,1,1
CHEMBL3932338,CC#CC(=O)N1CCC([C@@H]2CCNc3c(C(N)=O)c(-c4ccc(Oc5ccccc5)cc4)nn32)CC1,2613.0,0,1
CHEMBL4650321,C=CC(=O)N1CCC(c2ccc(C(N)=O)c(-c3ccc(Oc4ccccc4)cc3)n2)CC1,5900.0,0,1
CHEMBL4650323,C=CC(=O)N1CCC[C@@H](n2c(=O)n(-c3ccc(Oc4ccccc4)cc3)c3c(N)nccc32)C1,74.0,1,1
CHEMBL5270270,COc1cc2ncnc(NCCOc3ccccc3F)c2cc1OC,44.0,1,1
CHEMBL5280555,CC(C)n1nc(N)c2cnc(Nc3ccnc(-c4cnn(S(=O)(=O)C5CC5)c4)n3)cc21,72.0,1,4
CHEMBL5273791,CC(C)n1nc(N2CCOCC2)c2cnc(Nc3ccnc(-c4cnn(S(=O)(=O)C5CC5)c4)n3)cc21,75.0,1,4
CHEMBL5276357,CC(C)n1nc(N2CCC(O)CC2)c2cnc(Nc3ccnc(-c4cnn(S(=O)(=O)C5CC5)c4)n3)cc21,69.0,1,4
CHEMBL5285503,CC(C)n1nc(N2CC(CO)C2)c2cnc(Nc3ccnc(-c4cnn(S(=O)(=O)C5CC5)c4)n3)cc21,23.5,1,4
CHEMBL5282716,CC(C)n1nc(N2CC(C(C)(C)O)C2)c2cnc(Nc3ccnc(-c4cnn(S(=O)(=O)C5CC5)c4)n3)cc21,81.0,1,4
CHEMBL5280589,CC[C@@H](C)n1nc(N2CC(C(C)(C)O)C2)c2cnc(Nc3ccnc(-c4cnn(S(=O)(=O)C5CC5)c4)n3)cc21,48.5,1,4
CHEMBL5282118,CC[C@H](C)n1nc(N2CC(C(C)(C)O)C2)c2cnc(Nc3ccnc(-c4cnn(S(=O)(=O)C5CC5)c4)n3)cc21,30.0,1,4
CHEMBL5281446,CC(C)c1nn(C(C)C)c2cc(Nc3ccnc(-c4cnn(S(=O)(=O)C5CC5)c4)n3)ncc12,2400.0,0,3
CHEMBL5282641,C=CC(=O)N1CCC(Oc2cc3c(Nc4ccc(Cl)c(Cl)c4F)ncnc3cc2O[C@H]2CCOC2)CC1,0.097,1,5
CHEMBL5280967,C=CC(=O)N1CCC(Oc2cc3c(Nc4ccc(Cl)c(Cl)c4F)ncnc3cc2O[C@@H]2CCOC2)CC1,0.24,1,1
CHEMBL5281167,C=CC(=O)N1CCC(Oc2cc3c(Nc4ccc(Cl)c(Cl)c4F)ncnc3cc2OCC2CCOC2)CC1,0.551,1,1
CHEMBL5286007,C=CC(=O)N1CCC(Oc2cc3c(Nc4ccc(Cl)c(Cl)c4F)ncnc3cc2OC2CCOCC2)CC1,1.79,1,1
CHEMBL5284701,C=CC(=O)N1CCC(Oc2cc3c(Nc4ccc(Cl)c(Cl)c4F)ncnc3cc2OC[C@@H]2CCCN2C)CC1,18.9,1,1
CHEMBL5273261,C=CC(=O)N1CCC(Oc2cc3c(Nc4ccc(Cl)c(Cl)c4F)ncnc3cc2OC[C@H]2CCCN2C)CC1,83.5,1,1
CHEMBL5281140,C=CC(=O)N1CCC(Oc2cc3c(Nc4ccc(Cl)c(Cl)c4F)ncnc3cc2O[C@@H](C)CC)CC1,1.21,1,1
CHEMBL5266601,C=CC(=O)N1CCC(Oc2cc3c(Nc4ccc(Cl)c(Cl)c4F)ncnc3cc2O[C@H](C)CC)CC1,10.8,1,1
CHEMBL5281205,C=CC(=O)N1CCC(Oc2cc3c(Nc4ccc(Cl)c(Cl)c4F)ncnc3cc2O[C@H]2CCN(C)C2)CC1,1.67,1,1
CHEMBL5280664,C=CC(=O)N1CCC(Oc2cc3c(Nc4ccc(Cl)c(Cl)c4F)ncnc3cc2O[C@@H]2CCN(C)C2)CC1,1.04,1,1
CHEMBL5290095,C=CC(=O)N1CCC(Oc2cc3c(Nc4ccc(Cl)c(Cl)c4F)ncnc3cc2O[C@@H](C)CCCCCC)CC1,227.0,1,1
CHEMBL5270309,C=CC(=O)N1CCC(Oc2cc3c(Nc4ccc(Cl)c(Cl)c4F)ncnc3cc2O[C@H](C)CCCCCC)CC1,272.0,1,1
CHEMBL5272004,C=CC(=O)N1CCC(Oc2cc3c(Nc4ccc(Cl)c(Cl)c4F)ncnc3cc2O[C@@H](C)CC(C)C)CC1,38.9,1,1
CHEMBL5288888,C=CC(=O)N1CCC(Oc2cc3c(Nc4cccc(Cl)c4F)ncnc3cc2O[C@H]2CCOC2)CC1,0.116,1,5
CHEMBL5268781,C=CC(=O)N1CCC(Oc2cc3c(Nc4ccc(Cl)cc4F)ncnc3cc2O[C@H]2CCOC2)CC1,0.34,1,1
CHEMBL5274692,C=CC(=O)N1CCC(Oc2cc3c(Nc4ccc(F)c(Cl)c4)ncnc3cc2O[C@H]2CCOC2)CC1,0.153,1,1
CHEMBL5271930,C=CC(=O)N1CCC(Oc2cc3c(Nc4ccc(F)c(F)c4F)ncnc3cc2O[C@H]2CCOC2)CC1,0.403,1,1
CHEMBL5266649,C#Cc1cccc(Nc2ncnc3cc(O[C@H]4CCOC4)c(OC4CCN(C(=O)C=C)CC4)cc23)c1,1.67,1,1
CHEMBL5288249,C=CC(=O)N1CCC(Oc2cc3c(Nc4cccc(C#N)c4)ncnc3cc2O[C@H]2CCOC2)CC1,10.7,1,1
CHEMBL5270938,C=CC(=O)N1CCC(Oc2cc3c(Nc4ccc(OCc5ccccn5)c(Cl)c4)ncnc3cc2O[C@H]2CCOC2)CC1,1.21,1,1
CHEMBL5290971,C=CC(=O)N1CCC(Oc2cc3c(Nc4ccc(OCc5cccc(F)c5)c(Cl)c4)ncnc3cc2O[C@H]2CCOC2)CC1,227.0,1,1
CHEMBL5281741,O=C(/C=C/C(F)(F)F)N1CCC(Oc2cc3c(Nc4ccc(Cl)c(Cl)c4F)ncnc3cc2O[C@H]2CCOC2)CC1,0.817,1,1
CHEMBL5283507,O=C(/C=C/C(F)(F)F)N1CCC(Oc2cc3c(Nc4ccc(Cl)c(Cl)c4F)ncnc3cc2O[C@@H]2CCOC2)CC1,1.53,1,1
CHEMBL5277739,CN(C)C/C=C/C(=O)N1CCC(Oc2cc3c(Nc4ccc(Cl)c(Cl)c4F)ncnc3cc2O[C@H]2CCOC2)CC1,0.81,1,1
CHEMBL5281748,CN(C)C/C=C/C(=O)N1CCC(Oc2cc3c(Nc4ccc(Cl)c(Cl)c4F)ncnc3cc2O[C@@H]2CCOC2)CC1,12.8,1,1
CHEMBL5265881,C=CC(=O)N1CCC(n2cc(-c3cnc4ccccc4c3)c3c(N)ncnc32)C1,1.2,1,1
CHEMBL5291403,C=CC(=O)N1CC[C@@H](n2cc(-c3cnc4ccccc4c3)c3c(N)ncnc32)C1,0.4,1,1
CHEMBL5289003,C=CC(=O)N1CC[C@H](n2cc(-c3cnc4ccccc4c3)c3c(N)ncnc32)C1,111.0,1,1
CHEMBL5291034,C=CC(=O)N1CC[C@@H](n2nc(-c3cnc4ccccc4c3)c3c(N)ncnc32)C1,5.4,1,1
CHEMBL5272088,C=CC(=O)N1CC[C@H](n2nc(-c3cnc4ccccc4c3)c3c(N)ncnc32)C1,741.0,1,1
CHEMBL5287042,CCc1c(C(=O)NCCc2ccccc2)[nH]c2ccc(C)cc12,134.0,1,1
CHEMBL5287016,CCc1c(C(=O)NCCc2ccc(N3CCCCC3)cc2)[nH]c2ccc(C)cc12,117.0,1,1
CHEMBL5289560,CCc1c(C(=O)NCCc2ccc(N3CCOCC3)cc2)[nH]c2ccc(C(F)(F)F)cc12,94.0,1,1
CHEMBL5280635,CCc1c(C(=O)NCCc2ccc(N3CCOCC3)cc2)[nH]c2ccc(C)cc12,85.0,1,1
CHEMBL5281464,Cc1c(C(=O)NCCc2ccc(N3CCOCC3)cc2)[nH]c2ccc(Cl)cc12,89.0,1,1
CHEMBL5267773,Cc1c(C(=O)NCCc2ccc(N3CCCC3C)cc2)[nH]c2ccc(Cl)cc12,93.0,1,1
CHEMBL5280144,Cc1c(C(=O)NCCc2ccc(F)cc2)[nH]c2cc(F)ccc12,98.0,1,1
CHEMBL5275872,COc1cc(/C=C2\CC(C)C/C(=C\c3cc(OC)c(OC)c(OC)c3Br)C2=NO)c(Br)c(OC)c1OC,500.0,1,1
CHEMBL5279636,COc1cc(/C=C2\CN(C)C/C(=C\c3cc(OC)c(OC)c(OC)c3Br)C2=NO)c(Br)c(OC)c1OC,70.0,1,1
CHEMBL5285192,COc1cc(/C=C2\CC(C)c3ccccc3\C2=N\O)c(Br)c(OC)c1OC,3200.0,0,1
CHEMBL5286853,COc1cc(/C=C2\CCc3c(O)cccc3\C2=N\O)c(Br)c(OC)c1OC,4600.0,0,1
CHEMBL5278115,COc1ccc2c(c1)CCC(=C\c1cc(OC)c(OC)c(OC)c1Br)/C2=N\O,2100.0,0,1
CHEMBL5279992,COc1cc2c(cc1OC)C(=N/O)/C(=C/c1cc(OC)c(OC)c(OC)c1Br)CC2,8400.0,0,1
CHEMBL5287962,COc1ccc(OC)c2c1CCC(=C\c1cc(OC)c(OC)c(OC)c1Br)/C2=N\O,4200.0,0,1
CHEMBL5281589,COc1ccc(/C=C2\CCc3ccc([N+](=O)[O-])cc3\C2=N\O)c(Cl)c1OC,2000.0,0,1
CHEMBL5281118,COc1cc(/C=C2\CCc3ccc([N+](=O)[O-])cc3\C2=N\O)c(Br)c(OC)c1OC,1900.0,0,1
CHEMBL5271106,CCN(CC)CCON=C1/C(=C/c2cc(OC)c(OC)c(OC)c2Br)CN(C)C/C1=C\c1cc(OC)c(OC)c(OC)c1Br,50.0,1,1
CHEMBL5271284,C=CC(=O)N1CCC[C@H](n2nc(-c3ccc(Oc4ccccc4)cc3C)c3c(N)ncnc32)C1,197.0,1,1
CHEMBL5276173,CC(=O)Nc1nc(C(=O)NNC(=O)CCN2CCN(C)CC2)cs1,131.0,1,1
CHEMBL5269071,CC(=O)Nc1nc(C(=O)NNC(=O)CCN2CCOCC2)cs1,143.0,1,1
CHEMBL5282535,CC(=O)Nc1nc(C(=O)NNC(=O)CCN2CCCCC2)cs1,9202.0,0,1
CHEMBL5284780,C=CC(=O)Nc1cc(Nc2ncc(Cl)c(Nc3ccccc3S(=O)(=O)NC3CC3)n2)c(OC)cc1N(C)CCN(C)C,1.08,1,3
CHEMBL5270693,COc1cc(N2CCC(N(C)C)CC2)ccc1Nc1ncc(C(=O)Oc2ccccc2)c(-c2c[nH]c3ccccc23)n1,0.02,1,5
CHEMBL5280082,COc1cc(N2CCC(N(C)C)CC2)ccc1Nc1ncc(C(=O)OC(C)C)c(-c2cn(C)c3ccccc23)n1,0.42,1,3
CHEMBL5285308,COc1cc(N2CCN(C)CC2)ccc1Nc1nccc(-c2cn(C)c3ccccc23)n1,34.0,1,3
CHEMBL5289859,COc1cc(N2CCC(N(C)C)CC2)ccc1Nc1ncc(C(=O)OC(C)C)c(-c2c[nH]c3ccccc23)n1,0.32,1,3
CHEMBL5284924,COc1cc(N2CCN(C)CC2)ccc1Nc1ncc(C(=O)Oc2ccccc2)c(-c2cn(C)c3ccccc23)n1,0.064,1,5
CHEMBL5285052,COc1cc(N2CCN(C)CC2)ccc1Nc1ncc(C(=O)Oc2ccc(F)cc2)c(-c2cn(C)c3ccccc23)n1,0.28,1,3
CHEMBL5288276,COc1cc(N2CCC(N(C)C)CC2)ccc1Nc1ncc(C(=O)OC(C)C)c(-c2cn(C(C)=O)c3ccccc23)n1,3.0,1,3
CHEMBL5287229,COc1cc(N2CCC(N)CC2)ccc1Nc1ncc(C(=O)OC(C)C)c(-c2cn(C)c3ccccc23)n1,0.56,1,5
CHEMBL5275642,COc1cc(N2CCN(C)CC2)ccc1Nc1ncc(C(=O)OC(C)C)c(-c2cn(C)c3ccccc23)n1,1.3,1,6
CHEMBL5278657,CCOC(=O)c1cnc(Nc2ccc(N3CCN(C)CC3)cc2OC)nc1-c1cn(C)c2ccccc12,5.2,1,3
CHEMBL5269375,COC(=O)c1cnc(Nc2ccc(N3CCN(C)CC3)cc2OC)nc1-c1cn(C)c2ccccc12,23.0,1,3
CHEMBL5284972,CN1CCN(c2ccc(Nc3ncc(Cl)c(Nc4ccc5[nH]ccc5c4)n3)cc2)CC1,105.0,1,3
CHEMBL5267338,CN1CCN(c2ccc(Nc3nccc(Nc4ccc5[nH]ccc5c4)n3)cc2)CC1,100.0,1,3
CHEMBL5282227,CN1CCN(c2ccc(Nc3ncc(C(F)(F)F)c(Nc4ccc5[nH]ccc5c4)n3)cc2)CC1,111.5,1,2
CHEMBL5272096,CN1CCN(c2ccc(Nc3ncc([N+](=O)[O-])c(Nc4ccc5[nH]ccc5c4)n3)cc2)CC1,906.0,1,1
CHEMBL5270506,COc1cnc(Nc2ccc(N3CCN(C)CC3)cc2)nc1Nc1ccc2[nH]ccc2c1,189.5,1,2
CHEMBL5198664,Cc1cnc(Nc2ccc(N3CCN(C)CC3)cc2)nc1Nc1ccc2[nH]ccc2c1,184.0,1,2
CHEMBL5271043,CN1CCN(c2ccc(Nc3ncc(F)c(Nc4ccc5[nH]ccc5c4)n3)cc2)CC1,206.5,1,2
CHEMBL5287550,CN1CCN(c2ccc(Nc3ncc(Br)c(Nc4ccc5[nH]ccc5c4)n3)cc2)CC1,44.0,1,2
CHEMBL5267161,CN1CCN(c2ccc(Nc3nc(Nc4ccc5[nH]ccc5c4)c4cn[nH]c4n3)cc2)CC1,127.0,1,3
CHEMBL5287295,CN1CCN(c2ccc(Nc3ncc(Br)c(Nc4ccc5cc[nH]c5c4)n3)cc2)CC1,709.5,1,2
CHEMBL5277940,CN1CCN(c2ccc(Nc3ncc(Br)c(Nc4ccc5[nH]ncc5c4)n3)cc2)CC1,216.0,1,2
CHEMBL5288264,CN1CCN(c2ccc(Nc3ncc(Br)c(Nc4ccc5[nH]c(Cc6cccc(F)c6)cc5c4)n3)cc2)CC1,187.0,1,2
CHEMBL5272533,CN1CCN(c2ccc(Nc3ncc(Br)c(Nc4ccc5ccn(C)c5c4)n3)cc2)CC1,660.5,1,2
CHEMBL5274133,CN1CCN(c2ccc(Nc3ncc(Br)c(Nc4ccc5c(c4)CCC5)n3)cc2)CC1,3417.5,0,2
CHEMBL5280953,CC(=O)N1CCc2cc(Nc3nc(Nc4ccc(N5CCN(C)CC5)cc4)ncc3Br)ccc21,10150.0,0,2
CHEMBL5275932,CC(=O)N1CCc2ccc(Nc3nc(Nc4ccc(N5CCN(C)CC5)cc4)ncc3Br)cc21,7150.0,0,2
CHEMBL5275574,CN1CCN(c2ccc(Nc3ncc(Br)c(Nc4ccc5ncccc5c4)n3)cc2)CC1,7800.0,0,1
CHEMBL5272206,CN1CCN(c2ccc(Nc3ncc(Br)c(Nc4ccc5nccnc5c4)n3)cc2)CC1,322.0,1,2
CHEMBL5289059,C=CC(=O)Nc1cc(Nc2ncc(Br)c(Nc3ccc4cc[nH]c4c3)n2)ccc1N(C)CCN(C)C,104.35,1,2
CHEMBL5286092,C=CC(=O)Nc1cc(Nc2ncc(Br)c(Nc3ccc4cc[nH]c4c3)n2)ccc1N1CCN(C)CC1,125.10000000000001,1,2
CHEMBL5291434,CCC(=O)Nc1cc(Nc2ncc(Br)c(Nc3ccc4cc[nH]c4c3)n2)c(OC)cc1N1CCN(C)CC1,47.4,1,2
CHEMBL5272858,C=CC(=O)Nc1cc(Nc2ncc(Br)c(Nc3ccc4ccn(C)c4c3)n2)ccc1N1CCN(C)CC1,220.95000000000002,1,2
CHEMBL5270334,C=CC(=O)Nc1cc(Nc2ncc(Br)c(Nc3ccc4ccn(C)c4c3)n2)c(OC)cc1N1CCN(C)CC1,142.25,1,2
CHEMBL5271151,C=CC(=O)Nc1cc(Nc2ncc(Br)c(Nc3ccc4c(c3)CCC4)n2)ccc1N(C)CCN(C)C,13.4,1,2
CHEMBL5265870,C=CC(=O)Nc1cc(Nc2ncc(Br)c(Nc3ccc4c(c3)CCC4)n2)ccc1N1CCN(C)CC1,246.7,1,2
CHEMBL5269747,C=CC(=O)Nc1cc(Nc2ncc(Br)c(Nc3ccc4c(c3)CCC4)n2)c(OC)cc1N1CCN(C)CC1,102.85,1,2
CHEMBL5286080,C=CC(=O)Nc1cc(Nc2nccc(Nc3ccc4c(ccn4C)c3)n2)c(OC)cc1N1CCN(C)CC1,17.65,1,2
CHEMBL5398727,CN1C(=O)C(C(=O)NN)N(C)c2ccccc21,2060.0,0,2
CHEMBL5431583,CN(Cc1ccccc1)c1ncnc2[nH]c(-c3ccc(CO)cc3)cc12,20.0,1,2
CHEMBL5413223,CN(Cc1ccccc1)c1ncnc2[nH]c(-c3ccc(CO)cc3)nc12,109.0,1,1
CHEMBL5439143,OCc1ccc(-c2nc3c(NCc4ccccc4)ncnc3[nH]2)cc1,24.0,1,1
CHEMBL5438568,COc1cc2ncnc(Nc3ccc(F)c(Cl)c3)c2cc1OC(=O)/C=C/n1cc(F)c(=O)[nH]c1=O,15.85,1,2
CHEMBL5440872,COc1cc2ncnc(Nc3ccc(F)c(Cl)c3)c2cc1OC(=O)/C=C/CN1CCCCC1,5011.87,0,2
CHEMBL5429059,COc1cc2ncnc(Nc3ccc(F)c(Cl)c3)c2cc1NC(=O)/C=C/n1cc(F)c(=O)[nH]c1=O,2511.89,0,2
CHEMBL5434495,COCC1CN(C2CCN(c3cc(OC)c(Nc4ncc(Br)c(Nc5ccc6nccnc6c5P(C)(C)=O)n4)cc3C)CC2)C1,0.375,1,4
CHEMBL5397801,COc1cc(N2CCC(N3CC(CC#N)C3)CC2)c(C)cc1Nc1ncc(Br)c(Nc2ccc3nccnc3c2P(C)(C)=O)n1,0.33,1,6
CHEMBL5435775,COc1cc(N2CCC(N3CC(CO)C3)CC2)c(C)cc1Nc1ncc(Br)c(Nc2ccc3nccnc3c2P(C)(C)=O)n1,0.57,1,6
CHEMBL5399653,COc1cc(N2CCC(N3CC(C(C)(C)O)C3)CC2)c(C)cc1Nc1ncc(Br)c(Nc2ccc3nccnc3c2P(C)(C)=O)n1,0.11,1,4
CHEMBL5416489,COCC1(C)CN(C2CCN(c3cc(OC)c(Nc4ncc(Br)c(Nc5ccc6nccnc6c5P(C)(C)=O)n4)cc3C)CC2)C1,0.555,1,4
CHEMBL5393923,COc1cc(N2CCC(N3CC(C)(CO)C3)CC2)c(C)cc1Nc1ncc(Br)c(Nc2ccc3nccnc3c2P(C)(C)=O)n1,0.105,1,4
CHEMBL5415311,COc1cc(N2CCC(N3CC(F)(CO)C3)CC2)c(C)cc1Nc1ncc(Br)c(Nc2ccc3nccnc3c2P(C)(C)=O)n1,0.115,1,2
CHEMBL5422588,COc1cc(N2CCC(N3CCN(C(C)=O)CC3)CC2)c(C)cc1Nc1ncc(Br)c(Nc2ccc3nccnc3c2P(C)(C)=O)n1,0.12,1,3
CHEMBL5431909,COc1cc(N2CCC(N3CC[C@@H](N(C)C)C3)CC2)c(C)cc1Nc1ncc(Br)c(Nc2ccc3nccnc3c2P(C)(C)=O)n1,0.13,1,1
CHEMBL5418539,COc1cc(N2CCC(N3C[C@H]4COC[C@H]4C3)CC2)c(C)cc1Nc1ncc(Br)c(Nc2ccc3nccnc3c2P(C)(C)=O)n1,0.105,1,2
CHEMBL5436031,COc1cc(N2CCC(N(C)CCN(C)C)CC2)c(C)cc1Nc1ncc(Br)c(Nc2ccc3nccnc3c2P(C)(C)=O)n1,0.105,1,2
CHEMBL5396086,COc1cc(N2CCC(N3CC(N(C)C)C3)CC2)c(C)cc1Nc1ncc(Cl)c(Nc2ccc3nccnc3c2P(C)(C)=O)n1,0.185,1,2
CHEMBL5432965,COc1cc(N2CCC(N3CC(N(C)C)C3)CC2)c(C)cc1Nc1ncc(SC)c(Nc2ccc3nccnc3c2P(C)(C)=O)n1,0.22,1,2
CHEMBL5415418,CCc1cc(Nc2ncc(Cl)c(Nc3ccc4nccnc4c3P(C)(C)=O)n2)c(OC)cc1N1CCC(N2CC(N(C)C)C2)CC1,0.505,1,2
CHEMBL5425947,CCc1cc(Nc2ncc(C(F)(F)F)c(Nc3ccc4nccnc4c3P(C)(C)=O)n2)c(OC)cc1N1CCC(N2CC(N(C)C)C2)CC1,0.29,1,3
CHEMBL5430683,Cn1cc(-c2ccnc(Nc3ccc(OCCOCCn4ccnc4[N+](=O)[O-])c(F)c3)n2)c2ccccc21,722.0,1,1
CHEMBL5418313,Cc1cc(Nc2nccc(-c3cn(C)c4ccccc34)n2)ccc1OCCOCCn1ccnc1[N+](=O)[O-],4828.5,0,2
CHEMBL5401604,Cn1cc(-c2ccnc(Nc3ccc(OCCCCn4ccnc4[N+](=O)[O-])cc3)n2)c2ccccc21,1179.0,0,1
CHEMBL5429694,Cn1cc(-c2ccnc(Nc3ccc(OCCCCn4cnc([N+](=O)[O-])c4)c(F)c3)n2)c2ccccc21,829.0,1,1
CHEMBL5441026,Cn1cc(-c2ccnc(Nc3cccc(OCCCCn4cnc([N+](=O)[O-])c4)c3)n2)c2ccccc21,1058.0,0,2
CHEMBL5436634,Cn1cc(-c2ccnc(Nc3cccc(OCCCCn4ccnc4[N+](=O)[O-])c3)n2)c2ccccc21,1897.5,0,2
CHEMBL5396183,Cn1cc(-c2ccnc(Nc3cccc(OCCOCCn4ccnc4[N+](=O)[O-])c3)n2)c2ccccc21,2221.5,0,2
CHEMBL5398855,Cc1ccc(Nc2nccc(-c3cn(C)c4ccccc34)n2)cc1OCCOCCn1ccnc1[N+](=O)[O-],5018.0,0,2
CHEMBL5426036,COc1ccc(Nc2nccc(-c3cn(C)c4ccccc34)n2)cc1OCCOCCn1ccnc1[N+](=O)[O-],872.0,1,2
CHEMBL5397983,Cn1cc(-c2ccnc(Nc3ccc(Cl)c(OCCOCCn4ccnc4[N+](=O)[O-])c3)n2)c2ccccc21,2671.0,0,1
CHEMBL5401943,CC(=O)c1ccc(Nc2nccc(-c3cn(C)c4ccccc34)n2)cc1OCCOCCn1ccnc1[N+](=O)[O-],3849.0,0,2
CHEMBL5398800,Cc1ccc(OCCOCCn2ccnc2[N+](=O)[O-])cc1Nc1nccc(-c2cn(C)c3ccccc23)n1,1308.0,0,1
CHEMBL5411535,Cn1cc(-c2ccnc(Nc3cc(OCCOCCn4ccnc4[N+](=O)[O-])ccc3F)n2)c2ccccc21,3930.5,0,2
CHEMBL5419670,Cn1cc(-c2ccnc(Nc3cccc(COCCOCCn4ccnc4[N+](=O)[O-])c3)n2)c2ccccc21,4026.0,0,1
CHEMBL5401490,Cn1cc(-c2ccnc(Nc3cccc(C(=O)NCCOCCn4ccnc4[N+](=O)[O-])c3)n2)c2ccccc21,818.0,1,1
CHEMBL5421809,Cn1cc(-c2ccnc(Nc3ccc(OCCOCCn4ccnc4[N+](=O)[O-])cc3)n2)c2ccccc21,4943.0,0,2
CHEMBL5424516,COc1cc2ncnc(NCc3ccc(NC(=O)C(c4ccccc4)N4Cc5ccccc5C4=O)cc3)c2cc1OCCCN1CCOCC1,12400.0,0,1
CHEMBL5429263,C=CC(=O)Nc1cc(-c2ccccc2)ccn1,32000.0,0,1
CHEMBL5420997,C=CC(=O)Nc1cc(-c2cn(C)c3ccccc23)ccn1,9000.0,0,1
CHEMBL5400930,C=CC(=O)Nc1cc(-c2cn(C)c3ccccc23)ncn1,425.0,1,8
CHEMBL5196318,Cc1ncsc1-c1ccc(CNC(=O)[C@@H]2C[C@@H](O)CN2C(=O)[C@@H](NC(=O)CCCCCCCCCCn2cc(COc3cc4ncnc(Nc5ccc(F)c(Cl)c5)c4cc3NC(=O)/C=C/CN3CCCCC3)nn2)C(C)(C)C)cc1,6.0,1,1
CHEMBL608533,CO[C@@H]1[C@H](N(C)C(=O)c2ccccc2)C[C@H]2O[C@]1(C)n1c3ccccc3c3c4c(c5c6ccccc6n2c5c31)C(=O)NC4,3000.0,0,1
CHEMBL5439991,COc1cc(N2CCC(N3CCN(C)CC3)CC2)c(C)cc1Nc1nccc(-n2cc(CNCCO)c(-c3ccccc3)n2)n1,52.29,1,1
CHEMBL5440989,COc1cc(N2CCC(N3CCN(C)CC3)CC2)c(C)cc1Nc1nccc(-n2cc(CNC(C)CO)c(-c3ccccc3)n2)n1,44.89,1,1
CHEMBL5435881,COc1cc(N2CCC(N3CCN(C)CC3)CC2)c(C)cc1Nc1nccc(-n2cc(CNC(CO)C(C)C)c(-c3ccccc3)n2)n1,70.42,1,1
CHEMBL5435735,COc1cc(N2CCC(N3CCN(C)CC3)CC2)c(C)cc1Nc1nccc(-n2cc(CN[C@H](C)CO)c(-c3ccccc3)n2)n1,71.85,1,1
CHEMBL5423287,COc1cc(N2CCC(N3CCN(C)CC3)CC2)c(C)cc1Nc1nccc(-n2cc(CN[C@@H](C)CO)c(-c3ccccc3)n2)n1,33.26,1,1
CHEMBL5427561,C=CC(=O)Nc1cc(Nc2nccc(-c3cn(C)c4ccccc34)n2)cc2cnn(CCN(C)C)c12,177.0,1,1
CHEMBL5395370,C/C=C/C(=O)Nc1cc(Nc2nccc(-c3cn(C)c4ccccc34)n2)cc2cnn(CCN(C)C)c12,180.0,1,1
CHEMBL5413239,CC(C)=CC(=O)Nc1cc(Nc2nccc(-c3cn(C)c4ccccc34)n2)cc2cnn(CCN(C)C)c12,378.0,1,1
CHEMBL5405276,CCC(=O)Nc1cc(Nc2nccc(-c3cn(C)c4ccccc34)n2)cc2cnn(CCN(C)C)c12,217.0,1,1
CHEMBL5418665,CC(=O)Nc1cc(Nc2nccc(-c3cn(C)c4ccccc34)n2)cc2cnn(CCN(C)C)c12,242.0,1,1
CHEMBL5412895,CC(C)C(=O)Nc1cc(Nc2nccc(-c3cn(C)c4ccccc34)n2)cc2cnn(CCN(C)C)c12,572.0,1,1
CHEMBL5396915,C=CC(=O)Nc1cc(Nc2nccc(-c3cn(S(=O)(=O)CC)c4ccccc34)n2)cc2cnn(CCN(C)C)c12,31.0,1,1
CHEMBL5438864,C/C=C/C(=O)Nc1cc(Nc2nccc(-c3cn(S(=O)(=O)CC)c4ccccc34)n2)cc2cnn(CCN(C)C)c12,22.0,1,1
CHEMBL5436545,CCS(=O)(=O)n1cc(-c2ccnc(Nc3cc(NC(=O)C=C(C)C)c4c(cnn4CCN(C)C)c3)n2)c2ccccc21,29.0,1,1
CHEMBL5423465,CCC(=O)Nc1cc(Nc2nccc(-c3cn(S(=O)(=O)CC)c4ccccc34)n2)cc2cnn(CCN(C)C)c12,27.0,1,1
CHEMBL5407309,CCS(=O)(=O)n1cc(-c2ccnc(Nc3cc(NC(C)=O)c4c(cnn4CCN(C)C)c3)n2)c2ccccc21,12.5,1,8
CHEMBL5398953,CCn1ncc2cc(Nc3nccc(-c4cn(S(=O)(=O)CC)c5ccccc45)n3)cc(NC(=O)C(C)C)c21,37.0,1,1
CHEMBL5433585,CCS(=O)(=O)n1cc(-c2ccnc(Nc3cc(NC(=O)C4CC4)c4c(cnn4CCN(C)C)c3)n2)c2ccccc21,18.0,1,1
CHEMBL5419099,[2H]C([2H])([2H])n1cc(-c2ccnc(Nc3cc(NC(=O)C=C)c4c(cnn4CCN(C)C)c3)n2)c2ccccc21,448.0,1,1
CHEMBL5394752,[2H]C([2H])([2H])n1cc(-c2ccnc(Nc3cc(NC(=O)/C=C/C)c4c(cnn4CCN(C)C)c3)n2)c2ccccc21,249.0,1,1
CHEMBL5397111,[2H]C([2H])([2H])n1cc(-c2ccnc(Nc3cc(NC(=O)C=C(C)C)c4c(cnn4CCN(C)C)c3)n2)c2ccccc21,206.0,1,1
CHEMBL5397162,[2H]C([2H])([2H])n1cc(-c2ccnc(Nc3cc(NC(=O)CC)c4c(cnn4CCN(C)C)c3)n2)c2ccccc21,256.0,1,1
CHEMBL5436784,[2H]C([2H])([2H])n1cc(-c2ccnc(Nc3cc(NC(C)=O)c4c(cnn4CCN(C)C)c3)n2)c2ccccc21,158.0,1,1
CHEMBL5408433,[2H]C([2H])([2H])n1cc(-c2ccnc(Nc3cc(NC(=O)C(C)C)c4c(cnn4CCN(C)C)c3)n2)c2ccccc21,341.0,1,1
CHEMBL5431254,[2H]C([2H])([2H])n1cc(-c2ccnc(Nc3cc(NC(=O)C4CC4)c4c(cnn4CCN(C)C)c3)n2)c2ccccc21,261.0,1,1
CHEMBL5394606,C=CC(=O)Nc1cc(Nc2nccc(-c3cn(S(=O)(=O)CC)c4ccccc34)n2)cc2cnn(CCN(CC)CC)c12,42.0,1,1
CHEMBL5400219,C/C=C/C(=O)Nc1cc(Nc2nccc(-c3cn(S(=O)(=O)CC)c4ccccc34)n2)cc2cnn(CCN(CC)CC)c12,19.0,1,1
CHEMBL5402235,CCN(CC)CCn1ncc2cc(Nc3nccc(-c4cn(S(=O)(=O)CC)c5ccccc45)n3)cc(NC(=O)C=C(C)C)c21,23.0,1,1
CHEMBL5405341,CCC(=O)Nc1cc(Nc2nccc(-c3cn(S(=O)(=O)CC)c4ccccc34)n2)cc2cnn(CCN(CC)CC)c12,21.0,1,1
CHEMBL5402031,CCN(CC)CCn1ncc2cc(Nc3nccc(-c4cn(S(=O)(=O)CC)c5ccccc45)n3)cc(NC(C)=O)c21,13.0,1,1
CHEMBL5406084,CCN(CC)CCn1ncc2cc(Nc3nccc(-c4cn(S(=O)(=O)CC)c5ccccc45)n3)cc(NC(=O)C(C)C)c21,60.0,1,1
CHEMBL5417219,CCN(CC)CCn1ncc2cc(Nc3nccc(-c4cn(S(=O)(=O)CC)c5ccccc45)n3)cc(NC(=O)C3CC3)c21,26.0,1,1
CHEMBL5436840,CN(C)CCn1ncc2cc(Nc3nccc(-c4cn(C)c5ccccc45)n3)ccc21,375.0,1,1
CHEMBL5428511,Cn1cc(-c2ccnc(Nc3ccc4c(cnn4CCN4CCOCC4)c3)n2)c2ccccc21,1571.0,0,1
CHEMBL5414627,CN(C)CCn1ncc2cc(Nc3nccc(-c4cn(C)c5ccccc45)n3)cc(Cl)c21,170.0,1,1
CHEMBL5427045,Cn1cc(-c2ccnc(Nc3cc(Cl)c4c(cnn4CCN4CCOCC4)c3)n2)c2ccccc21,1963.0,0,1
CHEMBL5406303,CCS(=O)(=O)n1cc(-c2ccnc(Nc3ccc4c(cnn4CCN(C)C)c3)n2)c2ccccc21,7.6,1,1
CHEMBL5428623,CCS(=O)(=O)n1cc(-c2ccnc(Nc3ccc4c(cnn4CCN4CCOCC4)c3)n2)c2ccccc21,56.0,1,1
CHEMBL5417458,CCS(=O)(=O)n1cc(-c2ccnc(Nc3cc(Cl)c4c(cnn4CCN4CCOCC4)c3)n2)c2ccccc21,175.0,1,1
CHEMBL5414512,CCN(CC)CCn1ncc2cc(Nc3nccc(-c4cn(S(=O)(=O)CC)c5ccccc45)n3)ccc21,11.0,1,1
CHEMBL5402816,CCN(CC)CCn1ncc2cc(Nc3nccc(-c4cn(S(=O)(=O)CC)c5ccccc45)n3)cc(Cl)c21,24.0,1,1
CHEMBL5430401,CCS(=O)(=O)n1cc(-c2ccnc(Nc3ccc4c(cnn4CC(=O)N(C)C)c3)n2)c2ccccc21,38.0,1,1
CHEMBL5439200,CN(C)CCn1ncc2cc(Nc3ncc(Cl)c(-c4cn(C)c5ccccc45)n3)ccc21,71.0,1,1
CHEMBL5411347,COc1cnc(Nc2ccc3c(cnn3CCN(C)C)c2)nc1-c1cn(C)c2ccccc12,204.0,1,1
CHEMBL5420774,CCS(=O)(=O)n1cc(-c2nc(Nc3ccc4c(cnn4CCN(C)C)c3)ncc2Cl)c2ccccc21,22.0,1,8
CHEMBL5403588,CN(C)CCn1ncc2cc(Nc3ncc([N+](=O)[O-])c(-c4cn(C)c5ccccc45)n3)cc(Cl)c21,100.0,1,1
CHEMBL5418390,CCS(=O)(=O)n1cc(-c2ccnc(Nc3ccc4c(ccn4CCN(C)C)c3)n2)c2ccccc21,18.0,1,8
CHEMBL5435225,CCS(=O)(=O)n1cc(-c2nc(Nc3ccc4c(ccn4CCN(C)C)c3)ncc2Cl)c2ccccc21,20.0,1,8
CHEMBL5408941,CN(C)CCn1ncc2cc(Nc3ncc(C(F)(F)F)c(-c4cn(C)c5ccccc45)n3)cc(Cl)c21,92.0,1,1
CHEMBL5435033,CCS(=O)(=O)n1cc(-c2nc(Nc3ccc4c(ccn4CCN(C)C)c3)ncc2C(F)(F)F)c2ccccc21,19.0,1,7
CHEMBL5423464,CN(C)CCn1ccc2cc(Nc3ncc([N+](=O)[O-])c(-c4cn(C)c5ccccc45)n3)ccc21,100.0,1,1
CHEMBL5434169,CN(C)CCn1ccc2cc(Nc3nccc(-c4c[nH]c5ccccc45)n3)cc(N)c21,30.0,1,1
CHEMBL5411378,COc1ccc(-c2cc3c(N(C)Cc4ccccc4)ncnc3[nH]2)cc1,73.0,1,1
CHEMBL5436096,CN(Cc1ccccc1)c1ncnc2[nH]c(-c3ccc(O)cc3)cc12,23.0,1,1
CHEMBL5439547,COCCOc1ccc(-c2cc3c(N(C)Cc4ccccc4)ncnc3[nH]2)cc1,67.0,1,1
CHEMBL5406771,COCCOCCOCCOc1ccc(-c2cc3c(N(C)Cc4ccccc4)ncnc3[nH]2)cc1,45.0,1,1
CHEMBL5418474,CN(Cc1ccccc1)c1ncnc2[nH]c(-c3ccc(CO)c(F)c3)cc12,47.0,1,1
CHEMBL5432592,CN(Cc1ccccc1)c1ncnc2[nH]c(-c3ccc(F)c(CO)c3)cc12,53.0,1,1
CHEMBL5417607,CN(C)CCNCc1ccc(-c2cc3c(N(C)Cc4ccccc4)ncnc3[nH]2)cc1F,2.0,1,1
CHEMBL5422465,CN(C)CCNCc1cc(-c2cc3c(N(C)Cc4ccccc4)ncnc3[nH]2)ccc1F,18.0,1,1
CHEMBL5397557,OCc1ccc(-c2cc3c(NCc4ccccc4)ncnc3[nH]2)cc1,1.0,1,1
CHEMBL5418732,CCN(Cc1ccccc1)c1ncnc2[nH]c(-c3ccc(CO)cc3)cc12,0.8,1,1
CHEMBL5404799,CC(C)N(Cc1ccccc1)c1ncnc2[nH]c(-c3ccc(CO)cc3)cc12,4.5,1,1
CHEMBL5403510,C[C@@H](Nc1ncnc2[nH]c(-c3ccc(CO)cc3)cc12)c1ccccc1,0.3,1,1
CHEMBL5440766,C[C@H](c1ccccc1)N(C)c1ncnc2[nH]c(-c3ccc(CO)cc3)cc12,22.0,1,1
CHEMBL5398686,[2H]C([2H])([2H])N(Cc1ccccc1)c1ncnc2[nH]c(-c3ccc(CO)cc3)cc12,17.0,1,1
CHEMBL5417494,Cc1ccccc1CN(C)c1ncnc2[nH]c(-c3ccc(CO)cc3)cc12,7.4,1,1
CHEMBL5406924,Cc1cccc(CN(C)c2ncnc3[nH]c(-c4ccc(CO)cc4)cc23)c1,125.5,1,2
CHEMBL5414964,Cc1ccc(CN(C)c2ncnc3[nH]c(-c4ccc(CO)cc4)cc23)cc1,50.0,1,1
CHEMBL5403478,CN(Cc1ccccn1)c1ncnc2[nH]c(-c3ccc(CO)cc3)cc12,133.0,1,1
CHEMBL5424694,CN(Cc1ccncc1)c1ncnc2[nH]c(-c3ccc(CO)cc3)cc12,236.0,1,1
CHEMBL5428404,Cc1cccc(CN(C)c2ncnc3[nH]c(-c4ccc(CO)cc4)cc23)n1,78.0,1,1
CHEMBL5434318,CN(Cc1ccccc1F)c1ncnc2[nH]c(-c3ccc(CO)cc3)cc12,45.0,1,1
CHEMBL5406951,CN(c1ncnc2[nH]c(-c3ccc(CO)cc3)cc12)[C@H](CO)c1ccccc1,3.7,1,1
CHEMBL5419520,CN(c1ncnc2[nH]c(-c3ccc(CO)cc3)cc12)[C@@H](CO)c1ccccc1,65.0,1,1
CHEMBL5397490,Cc1cccc(CN(C)c2ncnc3[nH]c(-c4ccc(O)cc4)cc23)c1,745.0,1,1
CHEMBL5436321,Cc1cccc(CN(C)c2ncnc3[nH]c(-c4cccnc4)cc23)c1,413.0,1,1
CHEMBL5425883,COCCOCCOCCOc1ccc(-c2cc3c(N(C)Cc4cccc(C)c4)ncnc3[nH]2)cc1,117.0,1,1
CHEMBL5439126,Cc1cccc(CN(C)c2ncnc3[nH]c(-c4ccc(C(=O)O)cc4)cc23)c1,53.0,1,1
CHEMBL5418087,Cc1cccc(CN(C)c2ncnc3[nH]c(-c4ccc(CCC(=O)O)cc4)cc23)c1,30.0,1,1
CHEMBL5411617,Cc1cccc(CN(C)c2ncnc3[nH]c(-c4ccc(S(N)(=O)=O)cc4)cc23)c1,98.0,1,1
CHEMBL5404033,Cc1cccc(CN(C)c2ncnc3[nH]c(-c4cccc(C(=O)O)c4)cc23)c1,127.0,1,1
CHEMBL5400975,CC1=NNC2Oc3ncn(N)c(=N)c3C(c3ccccc3Br)C12,60.0,1,1
CHEMBL5404368,C=CC(=O)N1CC[C@@H](N2N=C(Nc3ccc(Oc4ccccc4)cc3)c3c[nH]c4ncnc2c34)C1,712.0,1,1
CHEMBL5427952,CC[C@H](C)Nc1cc(Nc2ccnc(-c3cnn(S(=O)(=O)C4CC4)c3)n2)ncc1C(=O)N1CC(C(C)(C)O)C1,30.0,1,3
CHEMBL5403085,CC(C)Nc1cc(Nc2ccnc(-c3cnn(S(=O)(=O)C4CC4)c3)n2)ncc1C(=O)N1CC(C(C)(C)O)C1,72.0,1,3
CHEMBL5401125,CC[C@H](C)Nc1cc(Nc2ccnc(-c3cnn(S(=O)(=O)C4CC4)c3)n2)ncc1C(=O)N(C)C,375.0,1,2
CHEMBL5410422,CC[C@H](C)Nc1cc(Nc2ccnc(-c3cnn(S(=O)(=O)C4CC4)c3)n2)ncc1C(=O)NC,3.6,1,5
CHEMBL5413772,CCC(=O)c1cnc(Nc2ccnc(-c3cnn(S(=O)(=O)C4CC4)c3)n2)cc1N[C@@H](C)CC,13.0,1,3
CHEMBL5415613,CCNC(=O)c1cnc(Nc2ccnc(-c3cnn(S(=O)(=O)C4CC4)c3)n2)cc1N[C@@H](C)CC,6.0,1,3
CHEMBL5434067,CC[C@H](C)Nc1cc(Nc2ccnc(-c3cnn(S(=O)(=O)C4CC4)c3)n2)ncc1C(=O)NC1CCOCC1,14.0,1,3
CHEMBL5401619,CC[C@H](C)Nc1cc(Nc2ccnc(-c3cnn(S(=O)(=O)C4CC4)c3)n2)ncc1C(=O)NCCN(C)C,11.0,1,3
CHEMBL5405737,CC[C@H](C)Nc1cc(Nc2ccnc(-c3cnn(S(=O)(=O)C4CC4)c3)n2)ncc1C(=O)NCCCF,4.5,1,3
CHEMBL5405222,CC[C@H](C)Nc1cc(Nc2ccnc(-c3cnn(S(=O)(=O)C4CC4)c3)n2)ncc1C(=O)NCCC(F)F,6.5,1,3
CHEMBL5415774,CCNS(=O)(=O)c1cnc(Nc2ccnc(-c3cnn(S(=O)(=O)C4CC4)c3)n2)cc1N[C@@H](C)CC,4875.0,0,1
CHEMBL5425121,c1ccc2c(c1)CCN2c1ncnc2cc3c(cc12)NCN3CCN1CCCC1,32.0,1,1
CHEMBL5400539,O=C(N/N=C/c1cnc(N2CCCC2)nc1)Nc1cc2c(Nc3ccc(F)c(Cl)c3)ncnc2cc1O[C@@H]1CCOC1,7.35,1,2
CHEMBL5439652,Cc1sc([Se]c2sc(C)c(-c3cccc(Br)c3)c2C(=O)NC(CO)C(=O)N2CCCC2)c(C(=O)NC(CO)C(=O)N2CCCC2)c1-c1cccc(Br)c1,94.44,1,1
CHEMBL5395404,Cc1sc([Se]c2sc(C)c(-c3cccc(Cl)c3)c2C(=O)NC(CO)C(=O)N2CCCC2)c(C(=O)NC(CO)C(=O)N2CCCC2)c1-c1cccc(Cl)c1,727.13,1,1
CHEMBL5425169,Cc1sc([Se]c2sc(C)c(-c3cccc(F)c3)c2C(=O)NC(C)C(=O)N2CCCC2)c(C(=O)NC(C)C(=O)N2CCCC2)c1-c1cccc(F)c1,835.3,1,1
CHEMBL5405436,CCN(CC)CCNC(=O)c1c(C)[nH]c(/C=C2\CNc3ccc(F)cc32)c1C,5900.0,0,1
CHEMBL5409736,Cc1nc2c(c(C)c1O)/C(=C/c1ccc3ccccc3n1)C(=O)N2,18800.0,0,1
CHEMBL5420857,CN(C)CCn1ccc2cc(Nc3nccc(-n4ccnc4-c4ccc(F)cc4)n3)ccc21,17.0,1,1
CHEMBL5409629,CN(C)CCn1ccc2cc(Nc3nccc(-n4ccnc4-c4ccc(Cl)cc4)n3)ccc21,86.0,1,1
CHEMBL5401705,COc1ccc(-c2nccn2-c2ccnc(Nc3ccc4c(ccn4CCN(C)C)c3)n2)cc1,289.0,1,1
CHEMBL5404315,CN(C)CCn1ccc2cc(Nc3nccc(-n4ccnc4-c4cccc(F)c4)n3)ccc21,90.0,1,1
CHEMBL5420945,CN1CCN(c2ccc(Nc3nccc(-n4ccnc4-c4ccc(F)cc4)n3)cc2)CC1,63.0,1,1
CHEMBL5419934,COc1cc(N2CCN(C)CC2)ccc1Nc1nccc(-n2ccnc2-c2ccc(F)cc2)n1,127.0,1,1
CHEMBL5401094,COc1cc(N2CCC(N3CCN(C)CC3)CC2)c(C)cc1Nc1nccc(-n2ccnc2-c2ccc(F)cc2)n1,28.0,1,1
CHEMBL5406587,CN(C)CCn1ccc2cc(Nc3nccc(-c4sc(N)nc4-c4ccc(F)cc4)n3)ccc21,2.1,1,1
CHEMBL5430071,CNc1nc(-c2ccc(F)cc2)c(-c2ccnc(Nc3ccc4c(ccn4CCN(C)C)c3)n2)s1,19.0,1,1
CHEMBL5433431,Cc1nc(-c2ccc(F)cc2)c(-c2ccnc(Nc3ccc4c(ccn4CCN(C)C)c3)n2)s1,11.0,1,1
CHEMBL5408900,CC(C)c1nc(-c2ccc(F)cc2)c(-c2ccnc(Nc3ccc4c(ccn4CCN(C)C)c3)n2)s1,20.0,1,1
CHEMBL5412108,CN(C)CCn1ccc2cc(Nc3nccc(-c4sc(N5CCOCC5)nc4-c4ccc(F)cc4)n3)ccc21,26.0,1,1
CHEMBL5414782,CC(=O)Nc1nc(-c2ccc(F)cc2)c(-c2ccnc(Nc3ccc4c(ccn4CCN(C)C)c3)n2)s1,9.45,1,6
CHEMBL5407489,CN(C)CCn1ccc2cc(Nc3nccc(-c4sc(NS(C)(=O)=O)nc4-c4ccc(F)cc4)n3)ccc21,2.5,1,1
CHEMBL5411886,CCS(=O)(=O)Nc1nc(-c2ccc(F)cc2)c(-c2ccnc(Nc3ccc4c(ccn4CCN(C)C)c3)n2)s1,0.9,1,1
CHEMBL5412305,CC(C)S(=O)(=O)Nc1nc(-c2ccc(F)cc2)c(-c2ccnc(Nc3ccc4c(ccn4CCN(C)C)c3)n2)s1,3.4,1,1
CHEMBL5432141,CCCCS(=O)(=O)Nc1nc(-c2ccc(F)cc2)c(-c2ccnc(Nc3ccc4c(ccn4CCN(C)C)c3)n2)s1,4.3,1,1
CHEMBL5440481,CN(C)CCn1ccc2cc(Nc3nccc(-c4sc(NS(=O)(=O)c5ccc(F)cc5)nc4-c4ccc(F)cc4)n3)ccc21,15.0,1,1
CHEMBL5398817,CN(C)CCn1ccc2cc(Nc3nccc(-c4sc(NS(=O)(=O)C5CCCCC5)nc4-c4ccc(F)cc4)n3)ccc21,20.0,1,1
CHEMBL5419895,CCN(CC)CCn1ccc2cc(Nc3nccc(-c4sc(NS(=O)(=O)CC)nc4-c4ccc(F)cc4)n3)ccc21,4.1,1,1
CHEMBL5401500,CCS(=O)(=O)Nc1nc(-c2ccc(F)cc2)c(-c2ccnc(Nc3ccc4c(ccn4CCN4CCOCC4)c3)n2)s1,6.3,1,1
CHEMBL5420623,CCS(=O)(=O)Nc1nc(-c2ccc(F)cc2)c(-c2ccnc(Nc3ccc(N4CCN(C)CC4)cc3)n2)s1,1.8,1,1
CHEMBL5416812,CCN1CCN(c2ccc(Nc3nccc(-c4sc(NS(=O)(=O)CC)nc4-c4ccc(F)cc4)n3)cc2)CC1,2.2,1,1
CHEMBL5439238,CCS(=O)(=O)Nc1nc(-c2ccc(F)cc2)c(-c2ccnc(Nc3ccc(N4CCN(C(C)C)CC4)cc3)n2)s1,3.7,1,1
CHEMBL5436254,CCS(=O)(=O)Nc1nc(-c2ccc(F)cc2)c(-c2ccnc(Nc3ccc(C4CCN(C)CC4)cc3)n2)s1,2.1,1,1
CHEMBL5420820,CCS(=O)(=O)Nc1nc(-c2ccc(F)cc2)c(-c2ccnc(Nc3ccc(N4CCN(C)CC4)c(C)c3)n2)s1,3.6,1,1
CHEMBL5436965,CCS(=O)(=O)Nc1nc(-c2ccc(F)cc2)c(-c2ccnc(Nc3ccc(N4CCN(C)CC4)cc3OC)n2)s1,2.5,1,1
CHEMBL5431378,CCS(=O)(=O)Nc1nc(-c2ccc(F)cc2)c(-c2ccnc(Nc3cc(C)c(N4CCC(N5CCN(C)CC5)CC4)cc3OC)n2)s1,10.0,1,1
CHEMBL5414141,CCS(=O)(=O)Nc1nc(-c2ccc(F)cc2)c(-c2ccnc(Nc3ccc(N4CCOCC4)cc3)n2)s1,37.0,1,1
CHEMBL5397642,CCS(=O)(=O)Nc1nc(-c2ccc(F)cc2)c(-c2ccnc(Nc3ccc(N4CCOCC4)cc3OC)n2)s1,8.5,1,1
CHEMBL5431377,CCS(=O)(=O)Nc1nc(-c2ccc(F)cc2)c(-c2ccnc(Nc3ccc(N4CCOCC4)c(F)c3)n2)s1,4.1,1,1
CHEMBL5411267,CCS(=O)(=O)Nc1nc(-c2ccc(F)cc2)c(-c2ccnc(Nc3cc(-c4cnn(C)c4)c(N4CCOCC4)cc3OC)n2)s1,70.1,1,1
CHEMBL5430547,CCS(=O)(=O)N1CCC(c2nc(-c3ccc(F)cc3)c(-c3ccnc(Nc4ccc5c(ccn5CCN(C)C)c4)n3)s2)CC1,27.0,1,6
CHEMBL5414792,CCN(CC)CCn1ccc2cc(Nc3nccc(-c4sc(C5CCN(S(=O)(=O)CC)CC5)nc4-c4ccc(F)cc4)n3)ccc21,34.0,1,1
CHEMBL5419002,CCS(=O)(=O)N1CCC(c2nc(-c3ccc(F)cc3)c(-c3ccnc(Nc4ccc5c(ccn5CCN5CCOCC5)c4)n3)s2)CC1,71.0,1,1
CHEMBL5416252,CCS(=O)(=O)N1CCC(c2nc(-c3ccc(F)cc3)c(-c3ccnc(Nc4ccc(N5CCNCC5)cc4)n3)s2)CC1,7.9,1,1
CHEMBL5395951,CCS(=O)(=O)N1CCC(c2nc(-c3ccc(F)cc3)c(-c3ccnc(Nc4ccc(N5CCN(C)CC5)cc4)n3)s2)CC1,24.0,1,6
CHEMBL5422383,CCN1CCN(c2ccc(Nc3nccc(-c4sc(C5CCN(S(=O)(=O)CC)CC5)nc4-c4ccc(F)cc4)n3)cc2)CC1,26.0,1,1
CHEMBL5411377,CCS(=O)(=O)N1CCC(c2nc(-c3ccc(F)cc3)c(-c3ccnc(Nc4ccc(N5CCN(C(C)C)CC5)cc4)n3)s2)CC1,49.0,1,1
CHEMBL5400143,CCS(=O)(=O)N1CCC(c2nc(-c3ccc(F)cc3)c(-c3ccnc(Nc4ccc(C5CCN(C)CC5)cc4)n3)s2)CC1,15.0,1,1
CHEMBL5413341,CCS(=O)(=O)N1CCC(c2nc(-c3ccc(F)cc3)c(-c3ccnc(Nc4ccc(N5CCN(C)CC5)c(C)c4)n3)s2)CC1,51.5,1,6
CHEMBL5440559,CCS(=O)(=O)N1CCC(c2nc(-c3ccc(F)cc3)c(-c3ccnc(Nc4ccc(N5CCN(C)CC5)cc4OC)n3)s2)CC1,71.0,1,1
CHEMBL5435941,CCS(=O)(=O)N1CCC(c2nc(-c3ccc(F)cc3)c(-c3ccnc(Nc4ccc(N5CCOCC5)cc4)n3)s2)CC1,58.0,1,1
CHEMBL5419101,CCS(=O)(=O)N1CCC(c2nc(-c3ccc(F)cc3)c(-c3ccnc(Nc4ccc(N5CCOCC5)cc4OC)n3)s2)CC1,71.0,1,1
CHEMBL5438643,CCS(=O)(=O)N1CCC(c2nc(-c3ccc(F)cc3)c(-c3ccnc(Nc4ccc(N5CCOCC5)c(F)c4)n3)s2)CC1,77.0,1,1
CHEMBL5424597,CN(C)CCn1ccc2cc(Nc3nccc(-n4ccc(-c5ccc(F)cc5)n4)n3)ccc21,409.0,1,1
CHEMBL5408586,C=CC(=O)Nc1cccc(-c2c(-c3ccccc3)oc3ncnc(N[C@H](CO)C(C)C)c23)c1,50.0,1,2
CHEMBL5437252,C=CC(=O)Nc1cccc(-c2c(-c3ccccc3)oc3ncnc(N[C@@H](C)CO)c23)c1,50.5,1,2
CHEMBL5429210,C=CC(=O)Nc1cccc(-c2c(-c3ccccc3)oc3ncnc(NCCO)c23)c1,215.5,1,2
CHEMBL5434109,C=CC(=O)Nc1cccc(-c2c(-c3ccccc3)oc3ncnc(NCCCO)c23)c1,220.5,1,2
CHEMBL5425734,C=CC(=O)Nc1cccc(-c2c(-c3ccccc3)oc3ncnc(NCCOC)c23)c1,143.5,1,2
CHEMBL5420947,C=CC(=O)Nc1cccc(-c2c(-c3ccccc3)oc3ncnc(NCCC(=O)OCC)c23)c1,259.0,1,2
CHEMBL5420051,C=CC(=O)Nc1cccc(-c2c(-c3ccccc3)oc3ncnc(NCCC(=O)O)c23)c1,75.0,1,2
CHEMBL5432017,C=CC(=O)Nc1cccc(-c2c(-c3ccccc3)oc3ncnc(NC)c23)c1,126.0,1,2
CHEMBL5438475,C=CC(=O)Nc1cccc(-c2c(-c3ccccc3)oc3ncnc(N(C)C)c23)c1,193.0,1,2
CHEMBL5436101,C=CC(=O)Nc1cccc(-c2c(-c3ccccc3)oc3ncnc(NC(C)C)c23)c1,133.5,1,2
CHEMBL5394139,C=CC(=O)Nc1cccc(-c2c(-c3ccccc3)oc3ncnc(NC4CC4)c23)c1,21.0,1,2
CHEMBL5423938,C=CC(=O)Nc1cccc(-c2c(-c3ccccc3)oc3ncnc(NC4CCC4)c23)c1,320.0,1,2
CHEMBL5437181,C=CC(=O)Nc1cccc(-c2c(-c3ccccc3)oc3ncnc(NC4CCCC4)c23)c1,1270.5,0,2
CHEMBL5417638,C=CC(=O)Nc1cccc(-c2c(-c3ccccc3)oc3ncnc(NC4CCCCC4)c23)c1,155.0,1,2
CHEMBL5436057,CN(C)C/C=C/C(=O)Nc1cccc(-c2c(-c3ccccc3)oc3ncnc(NCCO)c23)c1,2267.0,0,2
CHEMBL5427116,CN(C)C/C=C/C(=O)Nc1cccc(-c2c(-c3ccccc3)oc3ncnc(NC4CCCC4)c23)c1,549.5,1,2
CHEMBL5406494,C=CC(=O)Nc1cccc(-c2c(-c3ccc(N(C)C)cc3)oc3ncnc(NCCO)c23)c1,41.5,1,2
CHEMBL5435463,C=CC(=O)Nc1cccc(-c2c(-c3ccc(N4CCOCC4)cc3)oc3ncnc(NCCO)c23)c1,22.5,1,2
CHEMBL5430958,C=CC(=O)Nc1cccc(-c2c(-c3ccc(N4CCN(C)CC4)cc3)oc3ncnc(NCCO)c23)c1,16.0,1,2
CHEMBL5409123,C=CC(=O)Nc1cccc(-c2c(-c3ccc(N(C)CCN(C)C)cc3)oc3ncnc(NCCO)c23)c1,16.0,1,2
CHEMBL5428368,C=CC(=O)Nc1cccc(-c2c(-c3ccc(N4CCOCC4)cc3)oc3ncnc(NC4CCCC4)c23)c1,42.5,1,2
CHEMBL5440626,C=CC(=O)Nc1cccc(-c2c(-c3ccc(N4CCN(C)CC4)cc3)oc3ncnc(NC4CCCC4)c23)c1,9.0,1,2
CHEMBL5422135,C=CC(=O)Nc1cccc(-c2c(-c3ccc(N4CCN(C)CC4)cc3)oc3ncnc(N[C@H](CO)c4ccccc4)c23)c1,5.0,1,2
CHEMBL5437343,C=CC(=O)Nc1cccc(-c2c(-c3ccc(N4CCN(C)CC4)cc3)oc3ncnc(NC4CCCCC4)c23)c1,18.5,1,2
CHEMBL5406792,C=CC(=O)Nc1cccc(-c2c(-c3ccc(N4CCN(C)CC4)cc3)oc3ncnc(NC)c23)c1,12.5,1,2
CHEMBL5429838,C=CC(=O)Nc1cccc(-c2c(-c3ccncc3)oc3ncnc(NC4CCCC4)c23)c1,127.0,1,2
CHEMBL5400012,C=CC(=O)Nc1cccc(-c2c(-c3ccc(N4CCOCC4)nc3)oc3ncnc(NC4CCCC4)c23)c1,158.5,1,2
CHEMBL5441041,C=CC(=O)Nc1cccc(-c2c(-c3ccc(N4CCN(C)CC4)nc3)oc3ncnc(NC4CCCC4)c23)c1,33.0,1,2
CHEMBL5432716,C=CC(=O)Nc1cc(-c2c(-c3ccccc3)oc3ncnc(NC4CCCC4)c23)ccc1N1CCOCC1,61.5,1,2
CHEMBL5431658,C=CC(=O)Nc1cc(-c2c(-c3ccccc3)oc3ncnc(NC4CCCC4)c23)ccc1N1CCN(C)CC1,85.5,1,2
CHEMBL5398132,C=CC(=O)Nc1cc(-c2c(-c3ccccc3)oc3ncnc(NC4CCCC4)c23)ccc1OCCN(C)C,124.5,1,2
CHEMBL5435372,C=CC(=O)Nc1cc(-c2c(-c3ccccc3)oc3ncnc(NC4CCCC4)c23)ccc1OC1CCN(C)CC1,191.5,1,2
CHEMBL5432280,C=CC(=O)Nc1cc(-c2c(-c3ccccc3)oc3ncnc(NC4CCCC4)c23)ccc1N(C)CCN(C)C,19.5,1,2
CHEMBL5415196,C=CC(=O)Nc1cc(-c2c(-c3ccccc3)oc3ncnc(NC)c23)ccc1N(C)CCN(C)C,139.0,1,2
CHEMBL5413423,C=CC(=O)Nc1cc(-c2c(-c3ccccc3)oc3ncnc(NCC)c23)ccc1N(C)CCN(C)C,99.5,1,2
CHEMBL5420948,C=CC(=O)Nc1cc(-c2c(-c3ccccc3)oc3ncnc(NC(C)C)c23)ccc1N(C)CCN(C)C,20.0,1,2
CHEMBL5427961,C=CC(=O)Nc1cc(-c2c(-c3ccccc3)oc3ncnc(NC4CC4)c23)ccc1N(C)CCN(C)C,19.5,1,2
CHEMBL5416719,C=CC(=O)Nc1cc(-c2c(-c3ccccc3)oc3ncnc(NCCO)c23)ccc1N(C)CCN(C)C,115.5,1,2
CHEMBL5426811,C=CC(=O)Nc1cc(-c2c(-c3ccccc3)oc3ncnc(N[C@H]4CCC[C@H]4O)c23)ccc1N(C)CCN(C)C,21.5,1,2
CHEMBL5422592,C=CC(=O)Nc1cc(-c2c(-c3ccccc3)oc3ncnc(N[C@H]4CCC[C@@H]4O)c23)ccc1N(C)CCN(C)C,16.0,1,2
CHEMBL5403023,C=CC(=O)Nc1cc(-c2c(-c3ccccc3)oc3ncnc(N[C@H]4C[C@@H](O)C4)c23)ccc1N(C)CCN(C)C,43.0,1,2
CHEMBL5437854,C=CC(=O)Nc1cc(-c2c(-c3ccccc3)oc3ncnc(N[C@H]4C[C@H](O)C4)c23)ccc1N(C)CCN(C)C,43.5,1,2
CHEMBL5415565,C=CC(=O)Nc1cccc(-c2c(-c3ccccc3)oc3ncnc(NCCOc4ccccc4)c23)c1,606.0,1,1
CHEMBL5400371,C#CCCC(=O)N1CCN(c2ccc(Nc3ncc(Cl)c(Oc4cccc(NC(=O)CCCCc5cc5=O)c4)n3)c(OC)c2)CC1,210.0,1,1
CHEMBL5412768,COc1cc2ncnc(N[C@H](C)c3cccc4ccccc34)c2cc1OC,580.0,1,3
CHEMBL5408234,C=CC(=O)Nc1cccc(Nc2nc(Nc3ccc(N(C)C)cc3)nc3ccc(Cl)cc23)c1,1800.0,0,1
CHEMBL5404639,C=CC(=O)Nc1cccc(Nc2nc(Nc3ccc(N4CCN(C)CC4)cc3)nc3ccc(F)cc23)c1,3.5,1,6
CHEMBL5408255,CCOC(=O)c1c(-n2ccnc2)nc2ccc(Br)cc2c1N1CCN(c2ccccc2NS(=O)(=O)c2ccc(F)cc2)CC1,152.0,1,1
CHEMBL5438940,CCOC(=O)c1c(-n2ccnc2)nc2ccc(Br)cc2c1N1CCN(c2ccccc2NS(=O)(=O)c2ccc(F)c(F)c2)CC1,159.0,1,1
CHEMBL5404784,CCOC(=O)c1c(-n2ccnc2)nc2ccc(Br)cc2c1N1CCN(c2ccccc2NS(=O)(=O)c2ccccc2F)CC1,144.0,1,1
CHEMBL5410384,CCOC(=O)c1c(-n2ccnc2)nc2ccc(Br)cc2c1N1CCN(c2ccccc2NS(=O)(=O)c2ccc(C(F)(F)F)cc2)CC1,138.0,1,1
CHEMBL5416668,N#Cc1c(-c2ccc3ncc(C(N)=O)c(Nc4cccc(Br)c4)c3c2)csc1N,490.0,1,1
CHEMBL5398753,O=C(CSc1nc2ccccc2c(=O)n1CCc1ccccc1)Nc1ccc(S(=O)(=O)Nc2ccc(Cl)nn2)cc1,98.0,1,1
CHEMBL178654,CCOc1cc2ncc(C#N)c(Nc3ccc(OCc4cccc(F)c4)c(Cl)c3)c2cc1NC(=O)/C=C/CN(C)C,34.0,1,1
CHEMBL4091991,C=CC(=O)Nc1cc(-n2c(=O)ccc3cnc4ccc(-c5ccc(NS(C)(=O)=O)cc5)cc4c32)ccc1C,2227.5,0,2
CHEMBL5523623,CCOC(=O)c1sc(N2N=C(c3ccc(Cl)cc3Cl)CC2c2ccc(OC)cc2)nc1C,40.7,1,1
CHEMBL5517879,COc1ccc(C2CC(c3ccc(Cl)cc3Cl)=NN2c2nc(C)c(C(=O)Nc3ccccc3)s2)cc1OC,32.5,1,1
CHEMBL5512476,COc1ccc(-c2cc(-c3ccc(C)cc3)nc(NN)n2)cc1,71.0,1,1
CHEMBL5558572,C/C(=N\N1C(=O)CNC1=S)c1ccc(O)cc1O,23160.0,0,1
CHEMBL5557998,CCOC(=O)/C(C#N)=C(\c1ccc(O)cc1)N1CC(=O)N(/N=C(\C)c2ccc(O)cc2O)C1=S,11390.0,0,1
CHEMBL5532112,Cc1cc(Oc2ncnc3sc4c(c23)CCCCC4)ccc1Cl,28.0,1,1
CHEMBL5418423,NC(=O)CCn1cc(-c2ccc3ncnc(Nc4cc(O)c(F)cc4F)c3c2)nn1,73.0,1,2
CHEMBL5558538,O=C(c1cccc(-c2ccc3ncnc(N4CCc5ccccc54)c3n2)c1)N1CCNCC1,230.0,1,1
CHEMBL5556531,C=CC(=O)Nc1cccc(-c2c(-c3ccccc3)oc3ncnc(Oc4ccc(NC(=O)C5(C(=O)Nc6ccc(F)cc6)CC5)cc4)c23)c1,42.0,1,1
CHEMBL5566021,O=C(Nc1ccc(C2NCCc3c2[nH]c2ccccc32)cc1)c1ccccc1,56340.0,0,1
CHEMBL5563782,O=C(Nc1ccc(C2NCCc3c2[nH]c2ccccc32)cc1)c1cccc(F)c1,95210.0,0,1
CHEMBL5562124,O=C(Nc1ccc(C2NCCc3c2[nH]c2ccccc32)cc1)c1cccc(C(F)(F)F)c1,73670.0,0,1
CHEMBL5560662,O=C(Nc1ccc(C2NCCc3c2[nH]c2ccccc32)cc1)c1cccc([N+](=O)[O-])c1,60340.0,0,1
CHEMBL5562868,O=C(Oc1ccc(C2NCCc3c2[nH]c2ccccc32)cc1)c1ccccc1,51450.0,0,1
CHEMBL5556316,COc1cc(C2NCCc3c2[nH]c2ccccc32)ccc1OC(=O)c1ccccc1,42690.0,0,1
CHEMBL5523558,COc1cc(C2c3[nH]c4ccccc4c3CCN2C)ccc1OC(=O)c1ccccc1,87650.0,0,1
CHEMBL5557733,COc1cc(C2NCCc3c2[nH]c2ccccc32)ccc1OCc1ccc(C(C)(C)C)cc1,25360.0,0,1
CHEMBL5532212,COC(=O)c1ccc(COc2ccc(C3NCCc4c3[nH]c3ccccc43)cc2OC)cc1,51970.0,0,1
CHEMBL5567680,COc1cc(C2NCCc3c2[nH]c2ccccc32)ccc1OCc1ccc(B2OC(C)(C)C(C)(C)O2)cc1,85750.0,0,1
CHEMBL5562728,COc1cc(C2NCCc3c2[nH]c2ccccc32)ccc1OCc1ccc(F)cc1Br,74360.0,0,1
CHEMBL5555183,COc1cc(C2NCCc3c2[nH]c2ccccc32)ccc1OCc1ccc(F)c(Br)c1,51360.0,0,1
CHEMBL5568100,COc1cc(C2NCCc3c2[nH]c2ccccc32)ccc1OCc1ccc(C#N)cc1F,80610.0,0,1
CHEMBL5560045,COC(=O)c1ccc(COc2ccc(C3NCCc4c3[nH]c3ccccc43)cc2OC)c(F)c1,55610.0,0,1
CHEMBL5559904,COc1cc(C2NCCc3c2[nH]c2ccccc32)ccc1OCc1ccc(OC(F)(F)F)c(Cl)c1,62390.0,0,1
CHEMBL5555046,COc1cc(C2NCCc3c2[nH]c2ccccc32)ccc1OCc1cc(C(F)(F)F)cc(C(F)(F)F)c1,19310.0,0,1
CHEMBL5558740,COc1cc(OCc2cccc(-c3ccccc3)c2C)ccc1CNCCCCOc1cc2c(Nc3ccc(F)c(Cl)c3)ncnc2cc1OC,222.3,1,1
CHEMBL5564226,COc1cc2ncnc(Nc3ccc(F)c(Cl)c3)c2cc1OCCCCNCc1c(OC)cc(OCc2cccc(-c3ccccc3)c2C)cc1OC,75.1,1,1
CHEMBL5558842,COc1cc2ncnc(Nc3ccc(F)c(Cl)c3)c2cc1OCCCCNCc1ccc(-c2cccc(-c3ccccc3)c2C)nc1OC,341.6,1,1
CHEMBL5565051,COc1cc(OCc2cccc(-c3ccccc3)c2C)ccc1CNCCCOc1cc2c(Nc3ccc(F)c(Cl)c3)ncnc2cc1OC,826.6,1,1
CHEMBL5560649,COc1cc2ncnc(Nc3ccc(F)c(Cl)c3)c2cc1OCCCNCc1c(OC)cc(OCc2cccc(-c3ccccc3)c2C)cc1OC,121.5,1,1
CHEMBL5523403,COc1cc2ncnc(Nc3ccc(F)c(Cl)c3)c2cc1OCCCCCNCc1c(OC)cc(OCc2cccc(-c3ccccc3)c2C)cc1OC,147.6,1,1
CHEMBL5562753,COc1cc2ncnc(Nc3ccc(F)c(Cl)c3)c2cc1OCCCCCCNCc1c(OC)cc(OCc2cccc(-c3ccccc3)c2C)cc1OC,826.0,1,1
CHEMBL5566977,COc1cc2ncnc(Nc3ccc(F)c(Cl)c3)c2cc1OCCCCCNC(=O)CN(C)Cc1c(OC)cc(OCc2cccc(-c3ccccc3)c2C)cc1OC,238.8,1,1
CHEMBL5555620,COc1cc2ncnc(Nc3ccc(F)c(Cl)c3)c2cc1OCCCCCNCc1ccc(-c2cccc(-c3ccccc3)c2C)nc1OC,99.9,1,1
CHEMBL5562495,COc1cc2ncnc(Nc3ccc(F)c(Cl)c3)c2cc1OCCCCCCNCc1ccc(-c2cccc(-c3ccccc3)c2C)nc1OC,334.3,1,1
CHEMBL5523580,COc1cc2ncnc(Nc3ccc(F)c(Cl)c3)c2cc1OCCCCCCCCNCc1ccc(-c2cccc(-c3ccccc3)c2C)nc1OC,407.5,1,1
CHEMBL5558514,COc1cc2ncnc(Nc3ccc(F)c(Cl)c3)c2cc1OCCCCCCNC(=O)CCN(C)Cc1ccc(-c2cccc(-c3ccccc3)c2C)nc1OC,345.3,1,1
CHEMBL5556281,COc1cc(OCc2cccc(-c3ccccc3)c2C)ccc1CNCCCCOc1cc2c(Nc3cccc(Cl)c3F)ncnc2cc1OC,48.6,1,1
CHEMBL5559947,COc1cc2ncnc(Nc3cccc(Cl)c3F)c2cc1OCCCCNCc1c(OC)cc(OCc2cccc(-c3ccccc3)c2C)cc1OC,37.5,1,1
CHEMBL5562445,CN1Cc2cc(COc3cccc(-c4n[nH]cc4-c4ccncc4)c3)ccc2C1=O,150.0,1,1
CHEMBL5567060,Fc1ccccc1COc1cccc(-c2n[nH]cc2-c2ccncc2)c1,40.5,1,2
CHEMBL5561729,Fc1ccccc1COc1cccc(-c2n[nH]cc2-c2ccncn2)c1,91.5,1,2
CHEMBL5566816,COc1cc2ncnc(-c3c[nH]nc3-c3cccc(OCc4ccc5c(c4)CN(C)C5=O)c3)c2cc1OC,370.0,1,3
CHEMBL5562889,C=CC(=O)Nc1ccc(OC)c(Nc2cc(-c3c[nH]nc3-c3cccc(OCc4ccc5c(c4)CN(C)C5=O)c3)ccn2)c1,1667.5,0,4
CHEMBL5556548,C=CC(=O)NCCn1cc(-c2ncnc3cc(OC)c(OC)cc23)c(-c2cccc(OC)c2)n1,170.0,1,3
CHEMBL5567954,C#CC(=O)NCCn1cc(-c2ncnc3cc(OC)c(OC)cc23)c(-c2cccc(OC)c2)n1,176.0,1,4
CHEMBL5563422,C=CC(=O)N1CC[C@@H](n2cc(-c3ncnc4cc(OC)c(OC)cc34)c(-c3cccc(OC)c3)n2)C1,538.5,1,4
CHEMBL5568120,C=CC(=O)N1CC[C@H](n2cc(-c3ccncc3)c(-c3cccc(NC(=O)c4ccc5c(c4)CN(C)C5=O)c3)n2)C1,2900.0,0,3
CHEMBL5517919,C=CC(=O)N1CC[C@H](n2cc(-c3ccncc3)c(-c3cccc(OCc4ccc5c(c4)CN(C)C5=O)c3)n2)C1,225.0,1,4
CHEMBL5558799,C=CC(=O)Nc1ccc(OC)c(Nc2nccc(-c3c[nH]nc3-c3cccc(OC)c3)n2)c1,93.0,1,3
CHEMBL5567575,C=CC(=O)N1CC(Oc2cc3c(-c4c[nH]nc4-c4cccc(OC)c4)ncnc3cc2OC)C1,190.0,1,3
CHEMBL5561612,C=CS(=O)(=O)NCCn1cc(-c2ncnc3cc(OC)c(OC)cc23)c(-c2cccc(OC)c2)n1,29.0,1,3
CHEMBL5559367,C=CC(=O)N1CC[C@H](n2cc(-c3ncnc4cc(OC)c(OC)cc34)c(-c3cccc(OC)c3)n2)C1,44.0,1,3
CHEMBL5542205,C=CC(=O)N1CC[C@H](n2cc(-c3ccncc3)c(-c3cccc(/C=C/c4ncc(C5CC5)o4)c3)n2)C1,89.0,1,5
CHEMBL5512556,C=CC(=O)N1CC[C@H](n2cc(-c3ccncc3)c(-c3cc(OCc4ccc5c(c4)CN(C)C5=O)ccc3F)n2)C1,2250.0,0,2
CHEMBL5567814,C=CC(=O)N1CC[C@H](n2cc(-c3ccncc3)c(-c3ccc(F)c(OCc4ccc5c(c4)CN(C)C5=O)c3)n2)C1,2391.0,0,2
CHEMBL5568213,C=CC(=O)N1C[C@@H](n2cc(-c3ccncc3)c(-c3cccc(OCc4ccc5c(c4)CN(C)C5=O)c3)n2)C[C@H]1C,2285.5,0,2
CHEMBL5555813,C=CC(=O)N1CC[C@H](n2cc(-c3ccncc3)c(-c3cccc(COc4ccc5c(c4)CN(C)C5=O)c3)n2)C1,1935.0,0,2
CHEMBL5556861,C=CC(=O)N1C[C@@H](n2cc(-c3ccncc3)c(-c3cccc(COc4ccc5c(c4)CN(C)C5=O)c3)n2)C[C@H]1C,1199.0,0,2
CHEMBL5560466,C=CC(=O)N1C[C@@H](n2cc(-c3ccncc3)c(-c3cc(COc4ccc5c(c4)CN(C)C5=O)ccc3F)n2)C[C@H]1C,1145.0,0,2
CHEMBL5568516,C=CC(=O)N1C[C@@H](n2cc(-c3ccncc3)c(-c3ccc(F)c(COc4ccc5c(c4)CN(C)C5=O)c3)n2)C[C@H]1C,740.5,1,2
CHEMBL5560320,C=CC(=O)N1CC[C@H](n2cc(-c3ccncc3)c(-c3cccc(NC(=O)c4ncc(C5CC5)o4)c3)n2)C1,116.5,1,2
CHEMBL5563485,C=CC(=O)N1CC[C@H](n2cc(-c3ccncc3)c(-c3cccc(NC(=O)c4cccc(OC)c4F)c3)n2)C1,119.5,1,2
CHEMBL5559069,C=CC(=O)N1CC[C@H](n2cc(-c3ccncc3)c(-c3cccc(NC(=O)c4cn(C5CC5)cn4)c3)n2)C1,1155.0,0,2
CHEMBL5560711,C=CC(=O)N1CC(n2cc(-c3ccncc3)c(-c3cccc(NC(=O)c4cn(C5CC5)cn4)c3)n2)C1,1245.0,0,2
CHEMBL5512543,C=CC(=O)N1CC[C@H](n2cc(-c3ccncc3)c(-c3cccc(/C=C/c4cc5n(n4)CCOC5)c3)n2)C1,1430.0,0,2
CHEMBL5537023,C=CC(=O)N1CC[C@H](n2cc(-c3ccncn3)c(-c3cccc(/C=C/c4ncc(C5CC5)o4)c3)n2)C1,300.0,1,2
CHEMBL5559071,C=CC(=O)N1CC(n2cc(-c3ccncc3)c(-c3cccc(/C=C/c4ncc(C5CC5)o4)c3)n2)C1,315.0,1,2
CHEMBL5523462,C=CC(=O)N1CC[C@H](n2cc(-c3ccncc3)c(-c3cc(F)cc(OCc4ccc5c(c4)CN(C)C5=O)c3)n2)C1,540.0,1,1
CHEMBL5517918,C=CC(=O)N1C[C@@H](n2cc(-c3ccncc3)c(-c3cccc(OCc4ccc5c(c4)CN(C)C5=O)c3)n2)C[C@@H]1C,230.0,1,1
CHEMBL5558098,C=CC(=O)N1CC[C@H](n2cc(-c3ccncc3)c(-c3cccc(/C=C/c4ccc5c(c4)CN(C)C5=O)c3)n2)C1,220.0,1,1
CHEMBL5523557,C=CC(=O)N1CCC[C@@H](n2nc(-c3ccc(Oc4ccn5ncnc5c4)cc3)c3c(N)ncnc32)C1,2645.0,0,1
CHEMBL5561503,C=CC(=O)N1CCC[C@@H](n2nc(-c3ccc(Oc4ccn5ncnc5c4)c(C)c3)c3c(N)ncnc32)C1,1396.0,0,1
CHEMBL5566478,C=CC(=O)N1CCC[C@@H](n2nc(-c3ccc(Oc4ccc5c(c4)ncn5C)c(C)c3)c3c(N)ncnc32)C1,738.0,1,1
CHEMBL5564323,C=CC(=O)N1CCC[C@@H](n2nc(-c3ccc(Oc4ccc5cn(C)nc5c4)c(C)c3)c3c(N)ncnc32)C1,1220.0,0,1
CHEMBL5557178,C=CC(=O)N1CC[C@@H](n2nc(-c3ccc(Oc4ccc5c(c4)ncn5C)c(C)c3)c3c(C)ncnc32)C1,4645.0,0,1
CHEMBL5561933,C=CC(=O)N1CC2(n3nc(-c4ccc(Oc5ccc6c(c5)ncn6C)c(C)c4)c4c(C)ncnc43)CC1C2,2146.0,0,1
CHEMBL5558817,C=CC(=O)N1C[C@H]2C[C@@H](n3nc(-c4ccc(Oc5ccc6c(c5)ncn6C)c(C)c4)c4c(C)ncnc43)[C@@H]1C2,4167.0,0,1
CHEMBL5542514,C=CC(=O)N1[C@@H]2CC[C@H]1C[C@@H](n1nc(-c3ccc(Oc4ccc5c(c4)ncn5C)c(Cl)c3)c3c(C)ncnc31)C2,4588.0,0,1
CHEMBL5555280,C=CC(=O)N1[C@@H]2CC[C@H]1C[C@@H](n1nc(-c3cc(F)c(Oc4ccc5c(c4)ncn5C)c(Cl)c3)c3c(C)ncnc31)C2,4584.0,0,1
CHEMBL5566405,CCCCCOc1ccc2oc(=O)cc(/C=N/N=c3\scc(-c4ccccc4)n3[C@@H]3O[C@H](COC(C)=O)[C@@H](OC(C)=O)[C@H](OC(C)=O)[C@H]3OC(C)=O)c2c1,150.0,1,1
CHEMBL5555592,CC(=O)OC[C@H]1O[C@@H](n2c(-c3ccccc3)cs/c2=N\N=C\c2cc(=O)oc3ccc(OCC(C)C)cc23)[C@H](OC(C)=O)[C@@H](OC(C)=O)[C@@H]1OC(C)=O,150.0,1,1
CHEMBL5558907,CC(=O)OC[C@H]1O[C@@H](n2c(-c3ccccc3)cs/c2=N\N=C\c2cc(=O)oc3cc(OCCC(C)C)ccc23)[C@H](OC(C)=O)[C@@H](OC(C)=O)[C@@H]1OC(C)=O,150.0,1,1
CHEMBL5561026,CCOc1ccc2oc(=O)cc(C3SC(N(C(C)=O)[C@@H]4O[C@H](COC(C)=O)[C@H](OC(C)=O)[C@H](OC(C)=O)[C@H]4OC(C)=O)=NN3C(C)=O)c2c1,220.0,1,1
CHEMBL5563305,CCCCOc1ccc2oc(=O)cc(C3SC(N(C(C)=O)[C@@H]4O[C@H](COC(C)=O)[C@@H](OC(C)=O)[C@H](OC(C)=O)[C@H]4OC(C)=O)=NN3C(C)=O)c2c1,220.0,1,1
CHEMBL5557850,CCCCCOc1ccc2oc(=O)cc(C3SC(N(C(C)=O)[C@@H]4O[C@H](COC(C)=O)[C@@H](OC(C)=O)[C@H](OC(C)=O)[C@H]4OC(C)=O)=NN3C(C)=O)c2c1,220.0,1,1
CHEMBL5555311,CC(=O)OC[C@H]1O[C@@H](N(C(C)=O)C2=NN(C(C)=O)C(c3cc(=O)oc4ccc(OCCC(C)C)cc34)S2)[C@H](OC(C)=O)[C@@H](OC(C)=O)[C@@H]1OC(C)=O,220.0,1,1
CHEMBL5563369,CCOc1ccc2c(C3SC(N(C(C)=O)[C@@H]4O[C@H](COC(C)=O)[C@H](OC(C)=O)[C@H](OC(C)=O)[C@H]4OC(C)=O)=NN3C(C)=O)cc(=O)oc2c1,220.0,1,1
CHEMBL5558549,CC(=O)OC[C@H]1O[C@@H](N(C(C)=O)C2=NN(C(C)=O)C(c3cc(=O)oc4cc(OCC(C)C)ccc34)S2)[C@H](OC(C)=O)[C@@H](OC(C)=O)[C@@H]1OC(C)=O,220.0,1,1
CHEMBL5562309,CC(=O)OC[C@H]1O[C@@H](N(C(C)=O)C2=NN(C(C)=O)C(c3cc(=O)oc4cc(OCCC(C)C)ccc34)S2)[C@H](OC(C)=O)[C@@H](OC(C)=O)[C@@H]1OC(C)=O,220.0,1,1
CHEMBL5542997,O=C(NO)c1sccc1Nc1nc(Nc2ccc(N3CCOCC3)cc2)ncc1Cl,16.2,1,5
CHEMBL5563885,O=C(NO)c1ccsc1Nc1nc(Nc2ccc(N3CCOCC3)cc2)ncc1Cl,37.95,1,5
CHEMBL5419641,COc1cc2ncnc(N(Cc3ccc([N+](=O)[O-])cc3)c3ccc(F)c(Cl)c3)c2cc1OCCOCCOCCOCCC(=O)Nc1cccc2c1CN(C1CCC(=O)NC1=O)C2=O,3560.0,0,1
CHEMBL5556841,C=CC(=O)N1CC(Oc2nn(C(C)(C)C)c3ncnc(N)c23)C1,242.0,1,1
CHEMBL5573322,CCN(CC)c1nc2oc(C)c(C(=O)NN)c2c(=O)n1-c1ccccc1,32360.0,0,1
CHEMBL5569412,CCCNc1nc2oc(C)c(C(=O)NNC(=O)c3cc4ccccc4oc3=O)c2c(=O)n1-c1ccccc1,1530.0,0,1
CHEMBL5575693,CCN(CC)c1nc2oc(C)c(C(=O)NNC(=O)c3cc4ccccc4oc3=O)c2c(=O)n1-c1ccccc1,3010.0,0,1
CHEMBL5590915,CCCCNc1nc2oc(C)c(C(=O)NNC(=O)c3cc4ccccc4oc3=O)c2c(=O)n1-c1ccccc1,3090.0,0,1
CHEMBL5583867,C=CC(=O)Nc1cc2c(Oc3ccc(NC(=O)CCCc4ccccc4)cc3F)ncnc2cc1OC,442.0,1,2
CHEMBL5569064,C/C=C/C(=O)Nc1cc2c(Oc3ccc(NC(=O)CCCc4ccccc4)cc3F)ncnc2cc1OC,3215.5,0,2
CHEMBL5571542,CCC(=O)Nc1cc2c(Oc3ccc(NC(=O)CCCc4ccccc4)cc3F)ncnc2cc1OC,1855.0,0,2
CHEMBL5570716,CCCC(=O)Nc1cc2c(Oc3ccc(NC(=O)CCCc4ccccc4)cc3F)ncnc2cc1OC,3651.0,0,2
CHEMBL5571590,C=CC(=O)Nc1cc2c(Oc3ccc(NC(=O)CCCc4ccc(F)cc4)cc3F)ncnc2cc1OC,927.0,1,2
CHEMBL5569952,C/C=C/C(=O)Nc1cc2c(Oc3ccc(NC(=O)CCCc4ccc(F)cc4)cc3F)ncnc2cc1OC,5134.0,0,2
CHEMBL5574213,CCC(=O)Nc1cc2c(Oc3ccc(NC(=O)CCCc4ccc(F)cc4)cc3F)ncnc2cc1OC,6094.0,0,2
CHEMBL5570611,C=CC(=O)Nc1cc2c(Oc3ccc(NC(=O)CCCc4ccc(C)cc4)cc3F)ncnc2cc1OC,1632.5,0,2
CHEMBL5563703,C/C=C/C(=O)Nc1cc2c(Oc3ccc(NC(=O)CCCc4ccc(C)cc4)cc3F)ncnc2cc1OC,7653.0,0,1
CHEMBL5571083,CCC(=O)Nc1cc2c(Oc3ccc(NC(=O)CCCc4ccc(C)cc4)cc3F)ncnc2cc1OC,8432.0,0,1
CHEMBL5568662,C=CC(=O)Nc1cc2c(Oc3ccc(NC(=O)CCCc4ccc(OC)cc4)cc3F)ncnc2cc1OC,629.9000000000001,1,2
CHEMBL5571786,CCCC(=O)Nc1cc2c(Oc3ccc(NC(=O)CCCc4ccc(OC)cc4)cc3F)ncnc2cc1OC,8303.0,0,2
CHEMBL5570486,C=CC(=O)Nc1cc2c(Oc3ccc(NC(=O)NCCc4ccc(OC)c(OC)c4)cc3F)ncnc2cc1OC,3264.5,0,2
CHEMBL5568892,C=CC(=O)Nc1cc2c(Oc3ccc(NC(=O)NCCC4CCCCC4)cc3F)ncnc2cc1OC,1336.0,0,2
CHEMBL5565454,CCC(=O)Nc1cc2c(Oc3ccc(NC(=O)NCCC4CCCCC4)cc3F)ncnc2cc1OC,4689.0,0,1
CHEMBL5589706,C=CC(=O)Nc1cc2c(Oc3ccc(NC(=O)NCCc4csc(Br)c4)cc3F)ncnc2cc1OC,1789.0,0,2
CHEMBL5591745,C=CC(=O)Nc1cc2c(Oc3ccc(NC(=O)c4sc(-c5ccccc5)nc4C)cc3F)cccc2cc1OC,345.59999999999997,1,2
CHEMBL5563395,C/C=C/C(=O)Nc1cc2c(Oc3ccc(NC(=O)c4sc(-c5ccccc5)nc4C)cc3F)cccc2cc1OC,2321.0,0,1
CHEMBL5573159,CCC(=O)Nc1cc2c(Oc3ccc(NC(=O)c4sc(-c5ccccc5)nc4C)cc3F)cccc2cc1OC,3898.0,0,1
CHEMBL5565127,C=CC(=O)Nc1cc2c(Oc3ccc(NC(=O)n4c(=O)c(-c5ccccc5)c(C)n4C)cc3F)cccc2cc1OC,83.94999999999999,1,2
CHEMBL5574303,C/C=C/C(=O)Nc1cc2c(Oc3ccc(NC(=O)n4c(=O)c(-c5ccccc5)c(C)n4C)cc3F)cccc2cc1OC,4832.0,0,1
CHEMBL5565435,CCCC(=O)Nc1cc2c(Oc3ccc(NC(=O)n4c(=O)c(-c5ccccc5)c(C)n4C)cc3F)cccc2cc1OC,4213.0,0,1
CHEMBL5593611,C=CC(=O)Nc1cc2c(Oc3ccc(NC(=O)c4c(-c5c(Cl)cccc5Cl)noc4C)cc3F)cccc2cc1OC,5936.5,0,2
CHEMBL5571836,CN1CCN([C@H]2CC(F)(F)c3cc(NC(=O)c4ccc(F)c(C#Cc5cncc(N6CCOCC6)c5)c4)ccc32)CC1,262.2,1,1
CHEMBL5570514,CN1CCN([C@H]2CC(F)(F)c3cc(NC(=O)c4ccc(F)c(C#Cc5cncc(N6CCC6)c5)c4)ccc32)CC1,368.1,1,1
CHEMBL5570405,C=CC(=O)Nc1cccc(Nc2nc(Nc3cnn(CC)c3)nc3ccc(Cl)cc23)c1,23.0,1,1
CHEMBL5571416,Cc1c(NC(=O)/C=C/CN(C)C)ccc2ncnc(Nc3ccc(OCc4ccccn4)c(Cl)c3)c12,0.54,1,1
CHEMBL5584189,CN(C)C/C=C/C(=O)Nc1ccc2ncnc(Nc3ccc(OCc4ccccn4)c(Cl)c3)c2c1-c1ccccc1,2.85,1,2
CHEMBL5562735,COc1cccc(-c2c(NC(=O)/C=C/CN(C)C)ccc3ncnc(Nc4ccc(OCc5ccccn5)c(Cl)c4)c23)c1,2.94,1,1
CHEMBL5568705,COc1ccc(-c2c(NC(=O)/C=C/CN(C)C)ccc3ncnc(Nc4ccc(OCc5ccccn5)c(Cl)c4)c23)cc1OC,39.95,1,1
CHEMBL5565503,Cc1cccc(-c2c(NC(=O)/C=C/CN(C)C)ccc3ncnc(Nc4ccc(OCc5ccccn5)c(Cl)c4)c23)c1,2.88,1,1
CHEMBL5591662,CN1CCC[C@@H]1/C=C/C(=O)Nc1ccc2ncnc(Nc3ccc(OCc4ccccn4)c(Cl)c3)c2c1-c1ccccc1,14.41,1,1
CHEMBL5566277,COc1cccc(-c2c(NC(=O)/C=C/[C@H]3CCCN3C)ccc3ncnc(Nc4ccc(OCc5ccccn5)c(Cl)c4)c23)c1,10.1,1,1
CHEMBL5565103,COc1ccc(-c2c(NC(=O)/C=C/[C@H]3CCCN3C)ccc3ncnc(Nc4ccc(OCc5ccccn5)c(Cl)c4)c23)cc1OC,57.6,1,1
CHEMBL5593219,Cc1cccc(-c2c(NC(=O)/C=C/[C@H]3CCCN3C)ccc3ncnc(Nc4ccc(OCc5ccccn5)c(Cl)c4)c23)c1,5.83,1,1
CHEMBL5593471,CN(C)C/C=C/C(=O)Nc1ccc2ncnc(Nc3ccc(OCc4cccc(F)c4)c(Cl)c3)c2c1-c1ccccc1,1.08,1,1
CHEMBL5591805,COc1cccc(-c2c(NC(=O)/C=C/CN(C)C)ccc3ncnc(Nc4ccc(OCc5cccc(F)c5)c(Cl)c4)c23)c1,1.29,1,1
CHEMBL5569311,Cc1cccc(-c2c(NC(=O)/C=C/CN(C)C)ccc3ncnc(Nc4ccc(OCc5cccc(F)c5)c(Cl)c4)c23)c1,5.28,1,1
CHEMBL5569663,CN1CCC[C@@H]1/C=C/C(=O)Nc1ccc2ncnc(Nc3ccc(OCc4cccc(F)c4)c(Cl)c3)c2c1-c1ccccc1,11.15,1,1
CHEMBL5575614,COc1cccc(-c2c(NC(=O)/C=C/[C@H]3CCCN3C)ccc3ncnc(Nc4ccc(OCc5cccc(F)c5)c(Cl)c4)c23)c1,8.4,1,1
CHEMBL5572670,CN(C)C/C=C/C(=O)Nc1ccc2ncnc3c2c1CCN3c1cccc(Cl)c1F,1.49,1,1
CHEMBL5574232,CN(C)C/C=C/C(=O)Nc1ccc2ncnc3c2c1CCN3c1ccc(F)c(Cl)c1,0.16,1,1
CHEMBL5570443,CN(C)C/C=C/C(=O)Nc1ccc2ncnc3c2c1CCN3c1ccc(OCc2ccccn2)c(Cl)c1,1.44,1,2
CHEMBL5594407,CN(C)C/C=C/C(=O)Nc1ccc2ncnc3c2c1CCN3c1ccc(OCc2cccc(F)c2)c(Cl)c1,32.24,1,1
CHEMBL5572504,CN(C)C/C=C/C(=O)Nc1ccc2ncnc3c2c1C=CN3c1cccc(Cl)c1F,0.16,1,1
CHEMBL5569244,CN(C)C/C=C/C(=O)Nc1ccc2ncnc3c2c1C=CN3c1ccc(F)c(Cl)c1,1.08,1,1
CHEMBL5572514,CN(C)C/C=C/C(=O)Nc1ccc2ncnc3c2c1C=CN3c1ccc(OCc2ccccn2)c(Cl)c1,0.81,1,1
CHEMBL5591496,CN(C)C/C=C/C(=O)Nc1ccc2ncnc3c2c1C=CN3c1ccc(OCc2cccc(F)c2)c(Cl)c1,3.59,1,1
CHEMBL5591930,O=C(/C=C/CN1CCCC1)Nc1ccc2ncnc3c2c1CCN3c1ccc(OCc2ccccn2)c(Cl)c1,3.45,1,1
CHEMBL5566173,O=C(/C=C/CN1CCCCC1)Nc1ccc2ncnc3c2c1CCN3c1ccc(OCc2ccccn2)c(Cl)c1,3.27,1,1
CHEMBL5575930,CC(C)NC/C=C/C(=O)Nc1ccc2ncnc3c2c1CCN3c1ccc(OCc2ccccn2)c(Cl)c1,0.7,1,1
CHEMBL5569696,O=C(/C=C/CNC1CC1)Nc1ccc2ncnc3c2c1CCN3c1ccc(OCc2ccccn2)c(Cl)c1,1.05,1,1
CHEMBL5563672,CN1CCC[C@@H]1/C=C/C(=O)Nc1ccc2ncnc3c2c1CCN3c1ccc(OCc2ccccn2)c(Cl)c1,2.22,1,1
CHEMBL5567355,CC(C)NC/C=C/C(=O)Nc1ccc2ncnc3c2c1C=CN3c1ccc(OCc2ccccn2)c(Cl)c1,0.75,1,1
CHEMBL5566736,O=C(/C=C/CNC1CC1)Nc1ccc2ncnc3c2c1C=CN3c1ccc(OCc2ccccn2)c(Cl)c1,0.81,1,1
CHEMBL5566473,O=C(/C=C/CNC1CCC1)Nc1ccc2ncnc3c2c1C=CN3c1ccc(OCc2ccccn2)c(Cl)c1,1.26,1,1
CHEMBL5591255,O=C(/C=C/CN1CCCC1)Nc1ccc2ncnc3c2c1C=CN3c1ccc(OCc2ccccn2)c(Cl)c1,1.49,1,1
CHEMBL5574206,O=C(/C=C/CN1CCCCC1)Nc1ccc2ncnc3c2c1C=CN3c1ccc(OCc2ccccn2)c(Cl)c1,0.87,1,1
CHEMBL5572660,CN1CCC[C@@H]1/C=C/C(=O)Nc1ccc2ncnc3c2c1C=CN3c1ccc(OCc2ccccn2)c(Cl)c1,1.89,1,1
CHEMBL5569061,COc1cc2ncnc(N[C@H](C)c3cccc(F)c3)c2cc1OC1CCOCC1,1.01,1,1
CHEMBL5568921,COc1ccc2c(c1)CCc1c-2nc(N)c(C#N)c1-c1ccc(OC)c(OC)c1,130.0,1,1
CHEMBL5573631,COc1ccc2c(c1)CCc1c-2nc(N)c(C#N)c1-c1ccc(OC)cc1OC,130.0,1,1
CHEMBL5595487,COc1ccc(-c2c3c([nH]c(=O)c2C#N)-c2ccc(OC)cc2CC3)cc1,130.0,1,1
CHEMBL5565728,COc1ccc2c(c1)CCc1c-2[nH]c(=O)c(C#N)c1-c1ccc(OC)c(OC)c1,130.0,1,1
CHEMBL5573028,COc1ccc2c(c1)CCc1c-2[nH]c(=O)c(C#N)c1-c1ccc(OC)cc1OC,130.0,1,1
CHEMBL5569987,C/C(=N\O)c1ccc(NC(=O)c2cc(-c3ccc(S(C)(=O)=O)cc3)nc3ccccc23)cc1,105.0,1,1
CHEMBL5572677,C=CCn1c(SCC(=O)Nc2ccc(C(=O)/C=C/c3ccc(Cl)cc3)cc2)nnc1-c1cc(-c2ccccc2)nc2ccccc12,1300.0,0,1
CHEMBL5565187,Cc1cc(C)n(-c2cc(=O)[nH]c3c(C)cccc23)n1,96.0,1,1
CHEMBL5564483,O=c1cc(-n2nc(-c3ccccc3)cc2-c2ccccc2)c2ccccc2[nH]1,67.0,1,1
CHEMBL5572882,COc1ccc2[nH]c(=O)cc(-n3nc(-c4ccccc4)cc3-c3ccccc3)c2c1,71.0,1,1
CHEMBL5589692,Cc1ccc2c(-n3nc(-c4ccccc4)cc3-c3ccccc3)cc(=O)[nH]c2c1,78.0,1,1
CHEMBL5593262,Cc1cccc2c(-n3nc(-c4ccccc4)cc3-c3ccccc3)cc(=O)[nH]c12,84.0,1,1
CHEMBL5567534,COc1cccc(/C=N/c2c(C#N)nc3c(-c4cc(OC)c(OC)c(OC)c4)nc4ccccc4n23)c1,75.91,1,1
CHEMBL5594128,COc1cc(-c2nc3ccccc3n3c(/N=C/c4ccsc4)c(C#N)nc23)cc(OC)c1OC,84.3,1,1
CHEMBL5592391,COc1cc(/C=N/c2c(C#N)nc3c(-c4cc(OC)c(OC)c(OC)c4)nc4ccccc4n23)cc(OC)c1OC,211.22,1,1
CHEMBL5592873,C=CC(=O)Nc1cc(Nc2ncc(Cl)c(-c3cn(C4CC4)c4ccccc34)n2)c(OC)cc1N(C)CCN(C)C,31.33,1,2
CHEMBL5583656,C=CC(=O)Nc1cc(Nc2ncc(Cl)c(-c3cn(C4COC4)c4ccccc34)n2)c(OC)cc1N(C)CCN(C)C,1.385,1,2
CHEMBL5591885,C=CC(=O)Nc1cc(Nc2nccc(-c3csc4ccccc34)n2)c(OC)cc1N(C)CCN(C)C,2.185,1,2
CHEMBL5595805,C=CC(=O)Nc1cc(Nc2nccc(-c3cn(C)c4ccccc34)n2)c(OC)cc1N(C)CCN(C)CC(=O)OC,5.7,1,1
CHEMBL5591709,C=CC(=O)Nc1cc(Nc2nccc(-c3cn(C)c4ccccc34)n2)c(OC)cc1N(C)CCN(C)Cc1ccc(Br)cc1,8.1,1,1
CHEMBL5594919,C=CC(=O)Nc1cc(Nc2nccc(-c3cn(C)c4ccccc34)n2)c(OC)cc1N(C)CCN(C)C(=O)c1ccc(Br)cc1,12.5,1,1
CHEMBL5593561,C=CC(=O)Nc1cc(Nc2nccc(-c3cn(C)c4ccccc34)n2)c(OC)cc1N(C)CCN(C)Cc1ccccc1,4.3,1,1
CHEMBL5595344,C=CCCN(C)CCN(C)c1cc(OC)c(Nc2nccc(-c3cn(C)c4ccccc34)n2)cc1NC(=O)C=C,2.0,1,1
CHEMBL5592551,O=C1Nc2ccccc2/C1=C/c1ccc(OCC(=O)c2ccc(Br)cc2)cc1,1390.0,0,1
CHEMBL5590430,CN1CCCN(c2ccc(Nc3ncc(Br)c(Nc4ccccc4NS(=O)(=O)C4CC4)n3)cc2)CC1,0.61,1,5
CHEMBL5594833,Cc1cc(Nc2ncc(Cl)c(Nc3ccccc3NS(=O)(=O)C3CC3)n2)ccc1N1CCC(N(C)C)CC1,2.565,1,6
CHEMBL5590689,Cc1cc(Nc2ncc(Br)c(Nc3ccccc3NS(=O)(=O)C3CC3)n2)ccc1N1CCCN(C)CC1,5.2700000000000005,1,6
CHEMBL5597403,C=CC(=O)Nc1cc2c(Oc3ccc(NC(=O)NCCc4ccc(F)cc4)cc3F)ncnc2cc1OC,185.1,1,2
CHEMBL5597233,COc1ccc(NC(=O)C2=C(C)NC(=O)NC2c2ccc(OC)c(OC)c2)c(OC)c1,69.83,1,1
CHEMBL5597898,COc1ccc(NC(=O)C2=C(C)NC(=O)NC2c2ccc(OCc3ccccc3)c(OC)c2)c(OC)c1,37.21,1,1
CHEMBL5597851,COc1ccc(NC(=O)C2=C(C)NC(=S)NC2c2ccc(OCc3ccccc3)c(OC)c2)c(OC)c1,76.79,1,1
CHEMBL5596876,COc1cc(N2CCC(N3CCN(C)CC3)CC2)ccc1Nc1ncc(Cl)c(Nc2ccccc2N(C)S(C)(=O)=O)n1,0.4,1,3
CHEMBL5597916,COc1cc(C2CCNCC2)ccc1Nc1ncc(Cl)c(Nc2ccccc2NS(C)(=O)=O)n1,15.5,1,6
CHEMBL5597724,COc1cc(N2CCOCC2)c(-c2cnn(C)c2)cc1Nc1ncc(Cl)c(Nc2ccccc2NS(C)(=O)=O)n1,0.2,1,1
CHEMBL5591124,CN1CCN(c2ccc(Nc3ncc(Cl)c(Nc4ccccc4P(C)(C)=O)n3)cc2Br)CC1,3.1,1,3
CHEMBL5612888,Cc1cc(C)n(-c2nc(Nc3ccc(Br)cc3)nc(N3CCOCC3)n2)n1,61.0,1,2
CHEMBL5612514,CN(C)c1nc(Cl)nc(NC2=NN(c3ccc(Br)cc3)C(c3ccc(C(F)(F)F)cc3)C2)n1,286.9,1,1
CHEMBL5613826,CN(C)c1nc(Cl)nc(NC2=NN(c3ccc(C(F)(F)F)cc3)C(c3ccc(C(F)(F)F)cc3)C2)n1,229.4,1,1
CHEMBL5612046,O=C1CN(c2nc(Nc3ccccc3[N+](=O)[O-])nc(Nc3ccccc3[N+](=O)[O-])n2)C(=O)S1,8450.0,0,1
CHEMBL5612976,O=C1CN(c2nc(Nc3cccc(Cl)c3)nc(Nc3cccc(Cl)c3)n2)C(=O)S1,2540.0,0,1
CHEMBL5612021,Cc1nc2cc(Br)c(Br)cc2c(=O)n1-c1ccc(Nc2nc(Nc3ccc(Cl)cc3)nc(N3CCCCC3)n2)cc1,41.0,1,1
CHEMBL5612851,Cc1nc2cc(Br)c(Br)cc2c(=O)n1-c1ccc(Nc2nc(N3CCCCC3)nc(N3CCOCC3)n2)cc1,36.8,1,1
CHEMBL5613341,Cc1nc2cc(Br)c(Br)cc2c(=O)n1-c1ccc(Nc2nc(Nc3ccc(Br)cc3)nc(N3CCCCC3)n2)cc1,36.6,1,1
CHEMBL5612882,N#Cc1ccc(-c2cn3c(CC(=O)N/N=C/c4ccccc4)csc3n2)cc1,49010.0,0,1
CHEMBL5612418,N#Cc1ccc(/C=N/NC(=O)Cc2csc3nc(-c4ccc(C#N)cc4)cn23)cc1,23130.0,0,1
CHEMBL5612290,N#Cc1ccc(-c2cn3c(CC(=O)N/N=C/c4ccc(O)cc4)csc3n2)cc1,9110.0,0,1
CHEMBL5612541,Cc1ccc(/C=N/NC(=O)Cc2csc3nc(-c4ccc(C#N)cc4)cn23)cc1,13860.0,0,1
CHEMBL5613746,COc1ccc(/C=N/NC(=O)Cc2csc3nc(-c4ccc(C#N)cc4)cn23)cc1,12890.0,0,1
CHEMBL5612077,CC(C)(C)c1ccc(/C=N/NC(=O)Cc2csc3nc(-c4ccc(C#N)cc4)cn23)cc1,16500.0,0,1
CHEMBL5618083,COc1cc(/C=C/C(=O)c2ccc(OCCCCCC(=O)NO)cc2)cc(OC)c1OC,63.0,1,1
CHEMBL5620256,CC(C)(C)CC(C)(C)Nc1nc2ccccc2c2c(C#N)c(N)nn12,165.38,1,1
CHEMBL5619771,CC(C)(C)CC(C)(C)Nc1nc2ccccc2c2c(C(=O)c3ccc(F)cc3)c(N)nn12,157.63,1,1
CHEMBL5619554,COc1ccc(C(=O)c2c(N)nn3c(NC(C)(C)CC(C)(C)C)nc4ccccc4c23)cc1,216.35,1,1
CHEMBL5619848,COC(=O)c1nn2c(NC(C)(C)C)nc3cc(Cl)ccc3c2c1C(=O)OC,235.0,1,1
CHEMBL5619592,C=CC(=O)Nc1cc(Nc2ncc(F)c(-c3ccc4cc(C(=O)N(C)C)n(C(C)C)c4c3)n2)ccc1N1CCN(C)CC1,261.0,1,1
CHEMBL5618366,C=CC(=O)Nc1cc(Nc2ncc(F)c(-c3ccc4cc(C(=O)N(C)C)n(C(C)C)c4c3)n2)ccc1N1CCN(C(C)C)CC1,60.0,1,1
CHEMBL5619066,C=CC(=O)Nc1cc(Nc2ncc(F)c(-c3ccc4cc(C(=O)NC)n(C(C)C)c4c3)n2)c(OC)cc1N1CCN(C(C)C)CC1,169.5,1,2
CHEMBL5618455,C=CC(=O)Nc1cc(Nc2ncc(F)c(-c3ccc4cc(C(=O)NC)n(C(C)C)c4c3)n2)c(OC)cc1N1CCN(C)CC1,85.0,1,1
CHEMBL5620032,C=CC(=O)Nc1cc(Nc2ncc(F)c(-c3ccc4cc(C(=O)NC)n(C(C)C)c4c3)n2)ccc1N1CCN(C)CC1,551.5,1,2
CHEMBL5619530,C=CC(=O)Nc1cc(Nc2ncc(F)c(-c3ccc4cc(C(=O)NC)n(C(C)C)c4c3)n2)ccc1N1CCN(C(C)C)CC1,51.0,1,1
CHEMBL5619516,C=CC(=O)Nc1cc(Nc2ncc(F)c(-c3ccc4cc(C(=O)NC)n(C(C)C)c4c3)n2)ccc1N(C)CCN(C)C,76.0,1,1
CHEMBL5619849,NC(=S)N1N=C(c2ccccc2)CC1/C=C/c1ccccc1,340.0,1,1
CHEMBL5619757,O=C1NC(c2ccc(OCc3ccc(Cl)cc3)cc2)Nc2ccccc21,71300.0,0,3
CHEMBL5630690,CN1CCN(c2ccc(Nc3ncc(Cl)c(Nc4ccccc4P(C)(C)=O)n3)c(Br)c2)CC1,77.3,1,2
CHEMBL5624606,CC(C)n1c2cc(Nc3ccnc(-c4cnn(S(=O)(=O)C5CC5)c4)n3)ncc2c2c(OCC(F)(F)F)cc(N3CCN(C)CC3)cc21,0.28,1,9
CHEMBL5631207,Cc1cc(N2Cc3ccccc3C2)nc2ccc(Cl)cc12,68.795,1,2
CHEMBL5630852,c1ccc(-c2cc(N3Cc4ccccc4C3)nc3ccccc23)cc1,65.95,1,2
CHEMBL5630913,Cc1cc(N2CCN(C(c3ccccc3)c3ccccc3)CC2)nc2ccc(Cl)cc12,71.96,1,2
CHEMBL5284115,COc1cc(N2CCC(N3CCN(CCC#Cc4cccc5c4CN(C4CCC(=O)NC4=O)C5=O)CC3)CC2)ccc1Nc1ncc(Cl)c(Nc2ccccc2P(C)(C)=O)n1,5.8,1,1
CHEMBL5625037,C=CC(=O)Nc1cc(Nc2nccc(-c3nc(C)c4ccccn34)n2)c(OC)cc1N(C)CCN(C)C,11.58,1,2
CHEMBL5630267,C=CC(=O)Nc1cc(Nc2nccc(-c3ncc4c(C)cccn34)n2)c(OC)cc1N(C)CCN(C)C,3.31,1,2
CHEMBL5630498,C=CC(=O)Nc1cc(Nc2nccc(-c3ncn4c(C)cccc34)n2)c(OC)cc1N(C)CCN(C)C,492.7,1,2
CHEMBL5631065,C=CC(=O)Nc1cc(Nc2nccc(-c3cnn4c(C)cccc34)n2)c(OC)cc1N(C)CCN(C)C,9.005,1,2
CHEMBL5631083,C=CC(=O)Nc1cc(Nc2nccc(-c3ccc4c(C)nccn34)n2)c(OC)cc1N(C)CCN(C)C,13.76,1,2
CHEMBL5631094,C=CC(=O)Nc1cc(Nc2nccc(-c3cnc4c(C)cccn34)n2)c(OC)cc1N(C)CCN(C)C,5.685,1,2
CHEMBL5631151,C=CC(=O)Nc1cc(Nc2nccc(-c3cnc4c(Cl)cccn34)n2)c(OC)cc1N(C)CCN(C)C,7.785,1,2
CHEMBL5630609,C=CC(=O)Nc1cc(Nc2nccc(-c3cnc4c(OC)cccn34)n2)c(OC)cc1N(C)CCN(C)C,8.975,1,2
CHEMBL5631037,COc1cc(N(C)CCN(C)C)c(NC(=O)/C=C/CN(C)C)cc1Nc1nccc(-c2ncc3c(C)cccn23)n1,25.735000000000003,1,2
CHEMBL5624545,CC#CC(=O)Nc1cc(Nc2nccc(-c3ncc4c(C)cccn34)n2)c(OC)cc1N(C)CCN(C)C,25.240000000000002,1,2
CHEMBL5630624,COc1cc(N(C)CCN(C)C)c(NC(=O)/C=C/CN(C)C)cc1Nc1nccc(-c2cnc3c(C)cccn23)n1,23.974999999999998,1,2
CHEMBL5625055,CC#CC(=O)Nc1cc(Nc2nccc(-c3cnc4c(C)cccn34)n2)c(OC)cc1N(C)CCN(C)C,32.815000000000005,1,2
CHEMBL5624580,C=CC(=O)Nc1cc(Nc2nccc(-c3cnc4c(C)cccn34)n2)c(OC)cc1N(C)C1CCCN(C)C1,42.285,1,2
CHEMBL5630714,C=CC(=O)Nc1cc(Nc2nccc(-c3cnc4c(C)cccn34)n2)c(OC)cc1N(C)CCN1CCOCC1,106.795,1,2
CHEMBL5632719,O=C(Nc1ccc(-c2ccc3c(=O)[nH]cnc3c2)cc1)Nc1ccc(F)c(F)c1,98.8,1,1
CHEMBL5631544,CC(C)c1ccc(Nc2ncnc3cc(NC(=O)Nc4ccccc4)ccc23)cc1,479.0,1,1
CHEMBL5633067,COCCOc1cc2ncnc(Nc3cccc(OS(=O)(=O)F)c3)c2cc1OCCOC,0.25,1,5
CHEMBL5633759,C=CC(=O)Oc1cccc(Nc2ncnc3cc(OCCOC)c(OCCOC)cc23)c1,156.25,1,2
CHEMBL5631951,COCCOc1cc2ncnc(Nc3cccc(S(=O)(=O)F)c3)c2cc1OCCOC,58.05,1,2
CHEMBL5631574,COCCOc1cc2ncnc(Nc3cc(Br)cc(OS(C)(=O)=O)c3)c2cc1OCCOC,27.15,1,2
CHEMBL5632632,COCCOc1cc2ncnc(Nc3cccc(O)c3)c2cc1OCCOC,15.4,1,1
CHEMBL5632582,C#Cc1cc(Nc2ncnc3cc(OCCOC)c(OCCOC)cc23)cc(OC(=O)C=C)c1,1325.0,0,1
CHEMBL5631882,C=CS(=O)(=O)Oc1cccc(Nc2ncnc3cc(OCCOC)c(OCCOC)cc23)c1,594.0,1,1
CHEMBL5632295,C=CS(=O)(=O)Nc1cccc(Nc2ncnc3cc(OCCOC)c(OCCOC)cc23)c1,267.0,1,1
CHEMBL5631426,COCCOc1cc2ncnc(Nc3cccc(C=O)c3)c2cc1OCCOC,34.8,1,1
CHEMBL5633106,C#Cc1cc(C=O)cc(Nc2ncnc3cc(OCCOC)c(OCCOC)cc23)c1,109.8,1,1
CHEMBL5631902,COCCOc1cc2ncnc(Nc3cc(Cl)cc(C=O)c3)c2cc1OCCOC,186.2,1,1
CHEMBL5632007,COCCOc1cc2ncnc(Nc3cc(C=O)cc(C=O)c3)c2cc1OCCOC,1395.0,0,1
CHEMBL5631782,COCCOc1cc2ncnc(Nc3ccc(C)c(C=O)c3)c2cc1OCCOC,121.9,1,1
CHEMBL5632548,COCCOc1cc2ncnc(Nc3ccc(C(F)F)c(C=O)c3)c2cc1OCCOC,560.0,1,1
CHEMBL5632485,COCCOc1cc2ncnc(Nc3ccc(O)c(C=O)c3)c2cc1OCCOC,193.0,1,1
CHEMBL5633818,COCCOc1cc2ncnc(Nc3ccc(C=O)c(O)c3)c2cc1OCCOC,36.6,1,1
CHEMBL5632830,COCCOc1cc2ncnc(Nc3ccc(OS(=O)(=O)F)cc3)c2cc1OCCOC,1250.0,0,1
CHEMBL5631269,COCCOc1cc2ncnc(Nc3cc(Cl)cc(OS(=O)(=O)F)c3)c2cc1OCCOC,54.3,1,1
CHEMBL5633094,COCCOc1cc2ncnc(Nc3ccc(F)c(OS(=O)(=O)F)c3)c2cc1OCCOC,97.0,1,1
CHEMBL5631610,N#Cc1c(-c2ccc(Cl)cc2Cl)cc(-c2c[nH]c3ccccc23)[nH]c1=O,175.0,1,2
CHEMBL5632436,Cn1nccc1-c1cc2c(Nc3ccc(OCc4ccccc4)cc3)ncnc2[nH]1,1546.5,0,4
CHEMBL5632112,O=C(Nc1ccccc1)c1ccc(Nc2ncnc3[nH]ccc23)cc1,30000.0,0,3
CHEMBL5200160,c1ccc(COc2ccc(Nc3ncnc4[nH]ccc34)cc2)cc1,46255.0,0,2
CHEMBL5633878,O=C(Nc1ccc(Nc2ncnc3[nH]ccc23)cc1)c1ccccc1,76225.0,0,2
CHEMBL5633661,O=S(=O)(Nc1ccc(Nc2ncnc3[nH]ccc23)cc1)c1ccccc1,8830.0,0,2
CHEMBL1421,Cc1nc(Nc2ncc(C(=O)Nc3c(C)cccc3Cl)s2)cc(N2CCN(CCO)CC2)n1,631.0,1,2
CHEMBL5641539,CN1CCN(c2ccc(Nc3nc(Nc4ccccc4N(C)S(C)(=O)=O)c4cc[nH]c4n3)cc2F)CC1,20.2,1,3
CHEMBL5641915,CCN1CCN(c2ccc(Nc3nc(Nc4ccccc4N(C)S(C)(=O)=O)c4cc[nH]c4n3)cc2F)CC1,11.149999999999999,1,4
CHEMBL5646626,CN1CCN(C2CCN(c3ccc(Nc4nc(Nc5ccccc5N(C)S(C)(=O)=O)c5cc[nH]c5n4)cc3F)CC2)CC1,4.9,1,3
CHEMBL5646609,CCN1CCN(C2CCN(c3ccc(Nc4nc(Nc5ccccc5N(C)S(C)(=O)=O)c5cc[nH]c5n4)cc3F)CC2)CC1,7.4,1,5
CHEMBL5589715,CN(C)C1CCN(c2ccc(Nc3nccc(-c4cn(C)c5ccccc45)n3)cc2NS(C)(=O)=O)CC1,65.5,1,2
CHEMBL5639303,COc1ccc(-c2ccnc3c(-c4noc(C)n4)c(C)nn23)cc1,106.0,1,1
CHEMBL5647150,C=Cc1ccnc(Oc2cc3c(Nc4cccc(Cl)c4F)ncnc3cc2OC)c1,4.1316,1,2
CHEMBL5639556,C=Cc1cccc(Oc2cc3c(Nc4cccc(Cl)c4F)ncnc3cc2OC)n1,0.3981,1,1
CHEMBL5647295,C=Cc1cc(Oc2cc3c(Nc4cccc(Cl)c4F)ncnc3cc2OC)ccn1,1.3130000000000002,1,2
CHEMBL5647479,C/C=C/c1cc(Oc2cc3c(Nc4cccc(Cl)c4F)ncnc3cc2OC)ccn1,3.5386,1,2
CHEMBL5647083,C=C(C)c1cc(Oc2cc3c(Nc4cccc(Cl)c4F)ncnc3cc2OC)ccn1,6.5456,1,2
CHEMBL5646414,COc1cc2ncnc(Nc3cccc(Cl)c3F)c2cc1Oc1ccnc(C=C(C)C)c1,3.4055999999999997,1,2
CHEMBL5641648,COC/C=C/c1cc(Oc2cc3c(Nc4cccc(Cl)c4F)ncnc3cc2OC)ccn1,3.35405,1,2
CHEMBL5641888,COc1cc2ncnc(Nc3cccc(Cl)c3F)c2cc1Oc1ccnc(/C=C/CN2CCOCC2)c1,3.35405,1,2
CHEMBL5646965,COc1cc2ncnc(Nc3cccc(Cl)c3F)c2cc1Oc1ccnc(/C=C/CN(C)C)c1,0.3981,1,4
CHEMBL5639966,COc1cc(-c2nc(-c3ccc(-c4nc(-c5nnc(-c6ccncc6)o5)c[nH]4)cc3)no2)cc(OC)c1OC,596.0,1,2
CHEMBL5647136,COc1cc(OC)cc(-c2nc(-c3ccc(-c4nc(-c5nnc(-c6ccncc6)o5)c[nH]4)cc3)no2)c1,723.5,1,2
CHEMBL5639130,COc1ccc(-c2nc(-c3ccc(-c4nc(-c5nnc(-c6ccncc6)o5)c[nH]4)cc3)no2)cc1,1074.0,0,2
CHEMBL5665391,COc1cc2ncc(C#N)c(Nc3ccc(OCc4ccccn4)c(Cl)c3)c2cc1NC(=O)/C=C/CN(C)C,47.5,1,2
CHEMBL1947204,C=CC(=O)Nc1ccc2ncnc(Nc3ccc(OCc4cccc(F)c4)c(Cl)c3)c2c1,6.25,1,2
CHEMBL3545360,COc1cc(N2CCC(N3CCN(C)CC3)CC2)ccc1Nc1ncnc(Nc2ccccc2S(=O)(=O)C(C)C)n1,86.0,1,1
CHEMBL1643976,C=CC(=O)Nc1cccc(Oc2nc(Nc3ccc(N4CCN(C)CC4)cc3)ncc2Cl)c1,1820.0,0,1
CHEMBL5712062,C[C@H]1Oc2cc(cnc2N)-c2c(nn(C)c2C#N)CN(C)C(=O)C2C=CC(F)=CC21,187.5,1,2
CHEMBL2437485,CN(C)C/C=C/C(=O)Nc1ccc(-n2c(=O)cnc3cnc(Nc4ccccc4)nc32)cc1,5342.0,0,3
CHEMBL2437487,C=CC(=O)Nc1ccc(-n2c(=O)cnc3cnc(Nc4ccccc4)nc32)cc1,26.0,1,3
CHEMBL2437476,C=CC(=O)Nc1cccc(Nc2ncc3ncc(=O)n(-c4ccc(OC)cc4)c3n2)c1,1710.0,0,3
CHEMBL5875012,CCN1CCN(Cc2ccc(C(=O)N[C@@H]3[C@H]4Oc5ccc(Oc6ccnc7c6CCC(=O)N7)cc5[C@@H]34)cc2C(F)(F)F)CC1,0.46,1,5
CHEMBL5932679,O=C1CCc2c(Oc3ccc4c(c3)[C@H]3[C@H](NC(=O)c5ccc(CN6CCN(CC(F)(F)F)CC6)c(C(F)(F)F)c5)[C@H]3O4)ccnc2N1,292.0,1,3
CHEMBL5952854,CN1CCN(Cc2ccc(C(=O)N[C@@H]3[C@H]4Oc5ccc(Oc6ccnc7c6CCC(=O)N7)cc5[C@@H]34)cc2C(F)(F)F)CC1,14.85,1,6
CHEMBL5832090,CCN1CCN(Cc2ccc(C(=O)N[C@@H]3[C@H]4Oc5ccc(Oc6ccnc7c6CCC(=O)N7)cc5[C@@H]34)cc2F)CC1,1.4,1,3
CHEMBL5872606,CCN1CCN(Cc2cc(C(=O)N[C@@H]3[C@H]4Oc5ccc(Oc6ccnc7c6CCC(=O)N7)cc5[C@@H]34)cc(C(F)(F)F)c2)CC1,2.3,1,3
CHEMBL5885846,CCN1CCN(Cc2cc(F)cc(C(=O)N[C@@H]3[C@H]4Oc5ccc(Oc6ccnc7c6CCC(=O)N7)cc5[C@@H]34)c2)CC1,7.0,1,3
CHEMBL5954442,O=C1CCc2c(Oc3ccc4c(c3)[C@H]3[C@H](NC(=O)c5ccc(CN6CCOCC6)c(C(F)(F)F)c5)[C@H]3O4)ccnc2N1,16.0,1,3
CHEMBL5814661,O=C1CCc2c(Oc3ccc4c(c3)[C@H]3[C@H](NC(=O)c5ccc(CN6CCCCC6)c(C(F)(F)F)c5)[C@H]3O4)ccnc2N1,100.0,1,3
CHEMBL5816591,CN(C)[C@H]1CCN(Cc2ccc(C(=O)N[C@@H]3[C@H]4Oc5ccc(Oc6ccnc7c6CCC(=O)N7)cc5[C@@H]34)cc2C(F)(F)F)C1,0.3,1,3
CHEMBL6032856,CN(C)[C@@H]1CCN(Cc2ccc(C(=O)N[C@@H]3[C@H]4Oc5ccc(Oc6ccnc7c6CCC(=O)N7)cc5[C@@H]34)cc2C(F)(F)F)C1,1.6,1,3
CHEMBL5809744,CN1CCN(Cc2ccc(C(=O)N[C@@H]3[C@H]4Oc5ccc(Oc6ccnc7c6CCC(=O)N7)cc5[C@@H]34)cc2)CC1,1.28,1,3
CHEMBL5971901,O=C1CCc2c(Oc3ccc4c(c3)[C@H]3[C@H](NC(=O)c5ccc(CN6CCN7CCC[C@@H]7C6)c(C(F)(F)F)c5)[C@H]3O4)ccnc2N1,0.21,1,3
CHEMBL5981661,C[C@@H]1CN(Cc2ccc(C(=O)N[C@@H]3[C@H]4Oc5ccc(Oc6ccnc7c6CCC(=O)N7)cc5[C@@H]34)cc2C(F)(F)F)C[C@H](C)O1,47.0,1,3
CHEMBL5746879,O=C1CCc2c(Oc3ccc4c(c3)[C@H]3[C@H](NC(=O)c5ccc(CN6CCn7c(nnc7C(F)(F)F)C6)c(C(F)(F)F)c5)[C@H]3O4)ccnc2N1,5.1,1,3
CHEMBL5998662,O=C1CCc2c(Oc3ccc4c(c3)[C@H]3[C@H](NC(=O)c5ccc(CN6CCC[C@H](O)C6)c(C(F)(F)F)c5)[C@H]3O4)ccnc2N1,6.8,1,3
CHEMBL6026192,O=C1CCc2c(Oc3ccc4c(c3)[C@H]3[C@H](NC(=O)c5ccc(CN6CCC[C@@H](O)C6)c(C(F)(F)F)c5)[C@H]3O4)ccnc2N1,5.8,1,3
CHEMBL5862436,O=C1CCc2c(Oc3ccc4c(c3)[C@H]3[C@H](NC(=O)c5ccc(CN6CCN(CCO)CC6)c(C(F)(F)F)c5)[C@H]3O4)ccnc2N1,0.76,1,3
CHEMBL5870222,CCN1CCN(Cc2ccc(C(=O)N[C@@H]3[C@H]4Oc5ccc(Oc6ccnc7c6CCC(=O)N7)cc5[C@@H]34)cc2Cl)CC1,0.675,1,2
CHEMBL5806557,CCN1CCN(Cc2ccc(C(=O)N[C@@H]3[C@H]4Oc5ccc(Oc6ccnc7c6CCC(=O)N7)cc5[C@@H]34)cc2Br)CC1,0.55,1,3
CHEMBL5952823,CN(C)C1CCN(Cc2ccc(C(=O)N[C@@H]3[C@H]4Oc5ccc(Oc6ccnc7c6CCC(=O)N7)cc5[C@@H]34)cc2C(F)(F)F)CC1,0.42,1,3
CHEMBL6033024,CN1CCN(Cc2ccc(C(=O)N[C@@H]3[C@H]4Oc5ccc(Oc6ccnc7c6CCC(=O)N7)cc5[C@@H]34)cc2F)CC1,1.3,1,3
CHEMBL5746876,CN1CCN(Cc2ccc(C(=O)N[C@@H]3[C@H]4Oc5ccc(Oc6ccnc7c6CCC(=O)N7)cc5[C@@H]34)cc2Cl)CC1,0.47,1,3
CHEMBL5934098,CN1CCN(Cc2ccc(C(=O)N[C@@H]3[C@H]4Oc5ccc(Oc6ccnc7c6CCC(=O)N7)cc5[C@@H]34)cc2Br)CC1,0.52,1,3
CHEMBL5858630,CN(C)Cc1ccc(C(=O)N[C@@H]2[C@H]3Oc4ccc(Oc5ccnc6c5CCC(=O)N6)cc4[C@@H]23)cc1C(F)(F)F,2.7,1,3
CHEMBL5896727,CC(C)(N)c1cc(C(=O)N[C@@H]2[C@H]3Oc4ccc(Oc5ccnc6c5CCC(=O)N6)cc4[C@@H]23)cc(C(F)(F)F)c1,0.48,1,3
CHEMBL5915854,NC1(c2cc(C(=O)N[C@@H]3[C@H]4Oc5ccc(Oc6ccnc7c6CCC(=O)N7)cc5[C@@H]34)cc(C(F)(F)F)c2)CC1,1.7,1,3
CHEMBL5786132,O=C1CCc2c(Oc3ccc4c(c3)[C@H]3[C@H](NC(=O)c5ccc(CN6CCNCC6)c(C(F)(F)F)c5)[C@H]3O4)ccnc2N1,0.54,1,3
CHEMBL5942345,CCCCCCCCCCCC(=O)N[C@@H]1[C@H]2Oc3ccc(Oc4ccnc5c4CCC(=O)N5)cc3[C@@H]12,809.0,1,3
CHEMBL5773114,C[C@H]1CN(Cc2ccc(C(=O)N[C@@H]3[C@H]4Oc5ccc(Oc6ccnc7c6CCC(=O)N7)cc5[C@@H]34)cc2C(F)(F)F)CCN1,0.3,1,3
CHEMBL5755291,C[C@@H]1CN(Cc2ccc(C(=O)N[C@@H]3[C@H]4Oc5ccc(Oc6ccnc7c6CCC(=O)N7)cc5[C@@H]34)cc2C(F)(F)F)CCN1,0.69,1,3
CHEMBL5893218,CN(C)[C@@H]1CCCN(Cc2ccc(C(=O)N[C@@H]3[C@H]4Oc5ccc(Oc6ccnc7c6CCC(=O)N7)cc5[C@@H]34)cc2C(F)(F)F)C1,0.99,1,3
CHEMBL5856814,CN(C)[C@@H]1CN(Cc2ccc(C(=O)N[C@@H]3[C@H]4Oc5ccc(Oc6ccnc7c6CCC(=O)N7)cc5[C@@H]34)cc2C(F)(F)F)CCN1,1.3,1,3
CHEMBL5768138,CCN1CCN(Cc2ccc(C(=O)N[C@H]3[C@@H]4Oc5ccc(Oc6ccnc7c6CCC(=O)N7)cc5[C@H]34)cc2C(F)(F)F)CC1,293.0,1,3
CHEMBL6039541,O=C1CCc2c(Oc3ccc4c(c3)[C@H]3[C@H](NC(=O)c5cccc(C(F)(F)F)c5)[C@H]3O4)ccnc2N1,18.0,1,3
CHEMBL6014278,O=C1CCc2c(Oc3ccc4c(c3)[C@H]3[C@H](NC(=O)c5ccc(F)cc5)[C@H]3O4)ccnc2N1,93.0,1,3
CHEMBL6020779,Cc1cccc(F)c1C(=O)N[C@@H]1[C@H]2Oc3ccc(Oc4ccnc5c4CCC(=O)N5)cc3[C@@H]12,885.5,1,2
CHEMBL5872048,O=C1CCc2c(Oc3ccc4c(c3)[C@H]3[C@H](NC(=O)c5ccccc5F)[C@H]3O4)ccnc2N1,425.0,1,3
CHEMBL5962642,O=C1CCc2c(Oc3ccc4c(c3)[C@H]3[C@H](NC(=O)c5cccc(F)c5)[C@H]3O4)ccnc2N1,75.0,1,3
CHEMBL5875973,O=C1CCc2c(Oc3ccc4c(c3)[C@H]3[C@H](NC(=O)c5ccc(C(F)(F)F)cc5)[C@H]3O4)ccnc2N1,13.0,1,3
CHEMBL5983026,O=C1CCc2c(Oc3ccc4c(c3)[C@H]3[C@H](NC(=O)c5ccc(F)c(F)c5)[C@H]3O4)ccnc2N1,59.0,1,3
CHEMBL5903269,O=C1CCc2c(Oc3ccc4c(c3)[C@H]3[C@H](NC(=O)c5ccc(C(F)(F)F)c(F)c5)[C@H]3O4)ccnc2N1,5.3,1,3
CHEMBL5862522,CC(C)(C#N)c1cccc(C(=O)N[C@@H]2[C@H]3Oc4ccc(Oc5ccnc6c5CCC(=O)N6)cc4[C@@H]23)c1,13.0,1,3
CHEMBL5770880,O=C1CCc2c(Oc3ccc4c(c3)[C@H]3[C@H](NC(=O)c5ccccc5C(F)(F)F)[C@H]3O4)ccnc2N1,153.0,1,2
CHEMBL5976386,O=C1CCc2c(Oc3ccc4c(c3)[C@H]3[C@H](NC(=O)c5cc(C(F)(F)F)ccn5)[C@H]3O4)ccnc2N1,8.5,1,3
CHEMBL6031887,N#CC1(c2cccc(C(=O)N[C@@H]3[C@H]4Oc5ccc(Oc6ccnc7c6CCC(=O)N7)cc5[C@@H]34)c2)CC1,85.0,1,3
CHEMBL6056244,CN(C)[C@H]1CCCN(c2ccc(C(=O)N[C@@H]3[C@H]4Oc5ccc(Oc6ccnc7c6CCC(=O)N7)cc5[C@@H]34)cc2C(F)(F)F)C1,1.4,1,3
CHEMBL6046965,CN(C)[C@@H]1CCCN(c2ccc(C(=O)N[C@@H]3[C@H]4Oc5ccc(Oc6ccnc7c6CCC(=O)N7)cc5[C@@H]34)cc2C(F)(F)F)C1,1.7,1,3
CHEMBL6025187,CN1CCN(c2ccc(C(=O)N[C@@H]3[C@H]4Oc5ccc(Oc6ccnc7c6CCC(=O)N7)cc5[C@@H]34)cc2C(F)(F)F)CC1,5.1,1,3
CHEMBL5873702,CCN1CCN(c2ccc(C(=O)N[C@@H]3[C@H]4Oc5ccc(Oc6ccnc7c6CCC(=O)N7)cc5[C@@H]34)cc2C(F)(F)F)CC1,7.1,1,3
CHEMBL5805459,CN1CCC(Oc2ccc(C(=O)N[C@@H]3[C@H]4Oc5ccc(Oc6ccnc7c6CCC(=O)N7)cc5[C@@H]34)cc2C(F)(F)F)CC1,0.24,1,3
CHEMBL5976230,CN1CCN(CCOc2ccc(C(=O)N[C@@H]3[C@H]4Oc5ccc(Oc6ccnc7c6CCC(=O)N7)cc5[C@@H]34)cc2C(F)(F)F)CC1,12.0,1,3
CHEMBL5873136,O=C(/C=C/c1cccc(C(F)(F)F)c1)N[C@@H]1[C@H]2Oc3ccc(Oc4ccnc5c4CCC(=O)N5)cc3[C@@H]12,678.0,1,3
CHEMBL6024685,O=C1CCc2c(Oc3ccc4c(c3)[C@H]3[C@H](NC(=O)c5ccc(-c6ccccc6)o5)[C@H]3O4)ccnc2N1,326.0,1,3
CHEMBL5950429,CCN1CCN(Cc2ccc(C(=O)NC3C4Oc5c(C)cc(Oc6ccnc7c6CCC(=O)N7)cc5C34)cc2C(F)(F)F)CC1,0.4,1,3
CHEMBL5857682,CN1CCN(Cc2ccc(C(=O)NC3C4Oc5ccc(Oc6ccnc7c6CCC(=O)N7)cc5C34)cc2C(F)(F)F)CC1,0.47,1,3
CHEMBL5845171,CCN1CCN(Cc2ccc(C(=O)N[C@@H]3[C@H]4Oc5ccc(Oc6ccnc7c6CCC(=O)N7)cc5[C@@H]34)cc2C)CC1,1.5,1,3
CHEMBL5863733,Cc1cc(C(=O)N[C@@H]2[C@H]3Oc4ccc(Oc5ccnc6c5CCC(=O)N6)cc4[C@@H]23)ccc1CN1CCN(C)CC1,1.2,1,3
CHEMBL5945719,Cc1cc(C(=O)N[C@@H]2[C@H]3Oc4ccc(Oc5ccnc6c5CCC(=O)N6)cc4[C@@H]23)ccc1CO,6.2,1,3
CHEMBL5827368,O=C1CCc2c(Oc3ccc4c(c3)[C@H]3[C@H](NC(=O)Cc5cccc(C(F)(F)F)c5)[C@H]3O4)ccnc2N1,2551.0,0,3
CHEMBL5836093,O=C1CCc2c(Oc3ccc4c(c3)[C@H]3[C@H](NC(=O)c5ccnc(C(F)(F)F)c5)[C@H]3O4)ccnc2N1,132.0,1,3
CHEMBL6019942,O=C1CCc2c(Oc3ccc4c(c3)[C@H]3[C@H](NC(=O)c5cncc(C(F)(F)F)c5)[C@H]3O4)ccnc2N1,42.0,1,3
CHEMBL5750515,O=C1CCc2c(Oc3ccc4c(c3)[C@H]3[C@H](NC(=O)c5cccc(C(F)(F)F)n5)[C@H]3O4)ccnc2N1,296.0,1,3
CHEMBL5779745,CC1CN(Cc2ccc(C(=O)N[C@@H]3[C@H]4Oc5ccc(Oc6ccnc7c6CCC(=O)N7)cc5[C@@H]34)cc2C(F)(F)F)CC(C)N1C(=O)OC(C)(C)C,1.9,1,3
CHEMBL5900941,CN(C)Cc1cc(C(=O)N[C@@H]2[C@H]3Oc4ccc(Oc5ccnc6c5CCC(=O)N6)cc4[C@@H]23)cc(C(F)(F)F)c1,13.0,1,3
CHEMBL6059204,CCCCCC(=O)N[C@@H]1[C@H]2Oc3ccc(Oc4ccnc5c4CCC(=O)N5)cc3[C@@H]12,385.0,1,3
CHEMBL6000502,CCCCCCC(=O)N[C@@H]1[C@H]2Oc3ccc(Oc4ccnc5c4CCC(=O)N5)cc3[C@@H]12,95.0,1,3
CHEMBL5900414,CCCCCCCC(=O)N[C@@H]1[C@H]2Oc3ccc(Oc4ccnc5c4CCC(=O)N5)cc3[C@@H]12,118.0,1,3
CHEMBL6006366,CCCCCCCCCC(=O)N[C@@H]1[C@H]2Oc3ccc(Oc4ccnc5c4CCC(=O)N5)cc3[C@@H]12,628.0,1,3
CHEMBL5914847,CN(C)C1CCN(c2ccc(C(=O)N[C@@H]3[C@H]4Oc5ccc(Oc6ccnc7c6CCC(=O)N7)cc5[C@@H]34)cc2C(F)(F)F)CC1,2.7,1,3
CHEMBL5987223,COc1cc(C(=O)N[C@@H]2[C@H]3Oc4ccc(Oc5ccnc6c5CCC(=O)N6)cc4[C@@H]23)ccc1CN1CCN(C)CC1,3.0,1,3
CHEMBL6053635,CCN1CCN(Cc2ccc(C(=O)N[C@@H]3[C@H]4Oc5ccc(Oc6ccnc7c6CCC(=O)N7)cc5[C@@H]34)cc2OC)CC1,1.8,1,3
CHEMBL5840248,CCN1CCC(Cc2ccc(C(=O)N[C@@H]3[C@H]4Oc5ccc(Oc6ccnc7c6CCC(=O)N7)cc5[C@@H]34)cc2C(F)(F)F)CC1,0.2,1,3
CHEMBL5897419,CCN1CCC(=Cc2ccc(C(=O)N[C@@H]3[C@H]4Oc5ccc(Oc6ccnc7c6CCC(=O)N7)cc5[C@@H]34)cc2C(F)(F)F)CC1,0.26,1,3
CHEMBL6039588,O=C1CCc2c(Oc3ccc4c(c3)[C@H]3[C@H](NC(=O)c5ccc(CO)c(C(F)(F)F)c5)[C@H]3O4)ccnc2N1,18.0,1,3
CHEMBL5895307,CN1C(C)(C)CC(Oc2ccc(C(=O)N[C@@H]3[C@H]4Oc5ccc(Oc6ccnc7c6CCC(=O)N7)cc5[C@@H]34)cc2C(F)(F)F)CC1(C)C,14.25,1,2
CHEMBL5798869,CCN1CCN(Cc2ccc(C(=O)N[C@@H]3[C@H]4Oc5ccc(Oc6ccnc7c6CCC(=O)N7)cc5[C@@H]34)cc2OC(F)(F)F)CC1,1.2,1,3
CHEMBL5902796,CCN1CCN(Cc2ccc(C(=O)N[C@@H]3[C@H]4Oc5ccc(Oc6ccnc7c6COC(=O)N7)cc5[C@@H]34)cc2C(F)(F)F)CC1,0.38,1,3
CHEMBL6029891,CN1CCN(Cc2ccc(C(=O)N[C@@H]3[C@H]4Oc5ccc(Oc6ccnc7c6COC(=O)N7)cc5[C@@H]34)cc2C(F)(F)F)CC1,0.49,1,3
CHEMBL5817477,CCN1CCN(Cc2ccc(C(=O)N[C@@H]3[C@H]4Oc5ccc(Oc6ccnc(C(=O)NC)c6)cc5[C@@H]34)cc2C(F)(F)F)CC1,7.1,1,3
CHEMBL5808072,CNC(=O)c1cc(Oc2ccc3c(c2)[C@H]2[C@H](NC(=O)c4ccc(CN5CCN(C)CC5)c(C(F)(F)F)c4)[C@H]2O3)ccn1,6.8,1,3
CHEMBL5834453,CCN1CCN(Cc2ccc(C(=O)N[C@@H]3[C@H]4Oc5ccc(Oc6ccnc(N)c6)cc5[C@@H]34)cc2C(F)(F)F)CC1,0.82,1,3
CHEMBL5957231,CCN1CCN(Cc2ccc(C(=O)N[C@@H]3[C@H]4Oc5ccc(Oc6ccnc7c6CNC(=O)N7)cc5[C@@H]34)cc2C(F)(F)F)CC1,0.085,1,3
CHEMBL5972309,CN1CCN(Cc2ccc(C(=O)N[C@@H]3[C@H]4Oc5ccc(Oc6ccnc7c6CNC(=O)N7)cc5[C@@H]34)cc2C(F)(F)F)CC1,0.15,1,3
CHEMBL5871673,COc1cc2ncnc(Nc3ccc(F)c(Cl)c3)c2cc1NC(=O)/C=C/CN1C[C@@H]2OCCO[C@@H]2C1,6.550000000000001,1,4
CHEMBL6024052,COc1cc2ncnc(Nc3ccc(F)c(Cl)c3)c2cc1NC(=O)/C=C/CN1C[C@@H]2OCCO[C@H]2C1,10.15,1,2
CHEMBL5813773,CCOc1cc2ncnc(Nc3ccc(F)c(Cl)c3)c2cc1NC(=O)/C=C/CN1C[C@@H]2OCCO[C@@H]2C1,6.300000000000001,1,2
CHEMBL5982094,O=C(/C=C/CN1C[C@@H]2OCCO[C@@H]2C1)Nc1cc2c(Nc3ccc(F)c(Cl)c3)ncnc2cc1O[C@H]1CCOC1,5.2,1,2
CHEMBL6008376,COCCOc1cc2ncnc(Nc3ccc(F)c(Cl)c3)c2cc1NC(=O)/C=C/CN1C[C@@H]2OCCO[C@@H]2C1,5.25,1,2
CHEMBL5794110,O=C(/C=C/CN1C[C@@H]2OCCO[C@@H]2C1)Nc1cc2c(Nc3ccc(F)c(Cl)c3)ncnc2cc1OCC(F)(F)F,19.0,1,2
CHEMBL5742380,O=C(/C=C/CN1C[C@@H]2OCCO[C@@H]2C1)Nc1ccc2ncnc(Nc3ccc(OCc4cccc(F)c4)c(Cl)c3)c2c1,166.0,1,2
CHEMBL5789779,O=C(/C=C/CN1C[C@@H]2OCCO[C@@H]2C1)Nc1ccc2ncnc(Nc3ccc(OCc4ccccn4)c(Cl)c3)c2c1,34.65,1,2
CHEMBL5908256,COc1cc2ncnc(Nc3ccc(OCc4ccccn4)c(Cl)c3)c2cc1NC(=O)/C=C/CN1C[C@@H]2OCCO[C@@H]2C1,34.45,1,2
CHEMBL5838668,CCOc1cc2ncnc(Nc3ccc(OCc4ccccn4)c(Cl)c3)c2cc1NC(=O)/C=C/CN1C[C@@H]2OCCO[C@@H]2C1,11.299999999999999,1,2
CHEMBL5979907,O=C(/C=C/CN1C[C@@H]2OCCO[C@@H]2C1)Nc1cc2c(Nc3ccc(OCc4ccccn4)c(Cl)c3)ncnc2cc1O[C@H]1CCOC1,7.25,1,2
CHEMBL5908548,O=C(/C=C/CN1C[C@@H]2OCCO[C@@H]2C1)Nc1ccc2ncnc(Nc3ccc4c(cnn4Cc4cccc(F)c4)c3)c2c1,51.65,1,2
CHEMBL5752228,COc1cc2ncnc(Nc3ccc4c(cnn4Cc4cccc(F)c4)c3)c2cc1NC(=O)/C=C/CN1C[C@@H]2OCCO[C@@H]2C1,15.399999999999999,1,2
CHEMBL5769203,CCOc1cc2ncnc(Nc3ccc4c(cnn4Cc4cccc(F)c4)c3)c2cc1NC(=O)/C=C/CN1C[C@@H]2OCCO[C@@H]2C1,27.3,1,2
CHEMBL6000037,COc1cc2ncnc(Nc3ccc(OCc4cccc(F)c4)c(Cl)c3)c2cc1NC(=O)/C=C/CN1C[C@@H]2OCCO[C@@H]2C1,54.95,1,2
CHEMBL5888474,CCOc1cc2ncnc(Nc3ccc(OCc4cccc(F)c4)c(Cl)c3)c2cc1NC(=O)/C=C/CN1C[C@@H]2OCCO[C@@H]2C1,82.45,1,2
CHEMBL5839893,COc1cc2ncnc(Nc3ccc(Cl)c(Cl)c3F)c2cc1NC(=O)/C=C/CN1C[C@@H]2OCCO[C@@H]2C1,4.25,1,2
CHEMBL5937987,CCOc1cc2ncnc(Nc3ccc(Cl)c(Cl)c3F)c2cc1NC(=O)/C=C/CN1C[C@@H]2OCCO[C@@H]2C1,2.6,1,2
CHEMBL5944794,COCCOc1cc2ncnc(Nc3ccc(Cl)c(Cl)c3F)c2cc1NC(=O)/C=C/CN1C[C@@H]2OCCO[C@@H]2C1,3.25,1,2
CHEMBL6056552,O=C(/C=C/CN1C[C@@H]2OCCO[C@@H]2C1)Nc1cc2c(Nc3ccc(Cl)c(Cl)c3F)ncnc2cc1O[C@H]1CCOC1,5.15,1,2
CHEMBL5952264,COc1cc2ncnc(Nc3ccc(F)c(Cl)c3F)c2cc1NC(=O)/C=C/CN1C[C@@H]2OCCO[C@@H]2C1,10.45,1,2
CHEMBL5999223,COc1cc2ncnc(Nc3ccc(F)c(Cl)c3)c2cc1NC(=O)/C=C/CN1CCC1CO,2.3,1,1
CHEMBL5742327,COC[C@H]1CCN1C/C=C/C(=O)Nc1cc2c(Nc3ccc(F)c(Cl)c3)ncnc2cc1OC,1.6,1,1
CHEMBL6064874,COC[C@@H]1CCN1C/C=C/C(=O)Nc1cc2c(Nc3ccc(F)c(Cl)c3)ncnc2cc1OC,21.5,1,1
CHEMBL6050073,CCOc1cc2ncnc(Nc3ccc(F)c(Cl)c3)c2cc1NC(=O)/C=C/CN1CC[C@@H]1COC,2.0,1,1
CHEMBL5794459,CCOc1cc2ncnc(Nc3ccc(F)c(Cl)c3)c2cc1NC(=O)/C=C/CN1CC[C@H]1COC,7.8,1,1
CHEMBL5890119,COCCOc1cc2ncnc(Nc3ccc(F)c(Cl)c3)c2cc1NC(=O)/C=C/CN1CC[C@@H]1COC,1.4,1,1
CHEMBL5998236,COCCOc1cc2ncnc(Nc3ccc(F)c(Cl)c3)c2cc1NC(=O)/C=C/CN1CC[C@H]1COC,5.8,1,1
CHEMBL5760776,O=C(/C=C/CN1CCC1CO)Nc1cc2c(Nc3ccc(F)c(Cl)c3)ncnc2cc1OCC1CC1,9.5,1,1
CHEMBL5795026,COC[C@H]1CCN1C/C=C/C(=O)Nc1cc2c(Nc3ccc(F)c(Cl)c3)ncnc2cc1OCC1CC1,6.6,1,1
CHEMBL6030420,COC[C@@H]1CCN1C/C=C/C(=O)Nc1cc2c(Nc3ccc(F)c(Cl)c3)ncnc2cc1OCC1CC1,21.7,1,1
CHEMBL6020835,O=C(/C=C/CN1CCC1CO)Nc1cc2c(Nc3ccc(F)c(Cl)c3)ncnc2cc1O[C@H]1CCOC1,3.9,1,1
CHEMBL5753139,COCC1CCN1C/C=C/C(=O)Nc1cc2c(Nc3ccc(F)c(Cl)c3)ncnc2cc1O[C@H]1CCOC1,2.9,1,1
CHEMBL5791987,O=C(/C=C/CN1CCC1CO)Nc1cc2c(Nc3ccc(F)c(Cl)c3)ncnc2cc1OC[C@H]1COCCO1,2.7,1,1
CHEMBL5770169,COC[C@H]1CCN1C/C=C/C(=O)Nc1cc2c(Nc3ccc(F)c(Cl)c3)ncnc2cc1OC[C@H]1COCCO1,2.9,1,1
CHEMBL5798764,COC[C@@H]1CCN1C/C=C/C(=O)Nc1cc2c(Nc3ccc(F)c(Cl)c3)ncnc2cc1OC[C@H]1COCCO1,25.0,1,1
CHEMBL5890488,O=C(/C=C/CN1CCC1CO)Nc1cc2c(Nc3ccc(F)c(Cl)c3)ncnc2cc1OC[C@@H]1COCCO1,17.5,1,1
CHEMBL5857553,COCC1CCN1C/C=C/C(=O)Nc1cc2c(Nc3ccc(F)c(Cl)c3)ncnc2cc1OC[C@@H]1COCCO1,4.8,1,1
CHEMBL5938912,O=C(/C=C/CN1CCC1CO)Nc1cc2c(Nc3ccc(F)c(Cl)c3)ncnc2cc1OC[C@H]1[C@@H]2COC[C@@H]21,10.8,1,1
CHEMBL5806322,COC[C@H]1CCN1C/C=C/C(=O)Nc1cc2c(Nc3ccc(F)c(Cl)c3)ncnc2cc1OC[C@H]1[C@@H]2COC[C@@H]21,2.9,1,1
CHEMBL5981673,COC[C@@H]1CCN1C/C=C/C(=O)Nc1cc2c(Nc3ccc(F)c(Cl)c3)ncnc2cc1OC[C@H]1[C@@H]2COC[C@@H]21,22.2,1,1
CHEMBL5903567,COc1cc(N2CCC(N(C)C)CC2)ccc1Nc1ncc(Cl)c(Nc2ccccc2C(=O)C(N)=O)n1,25.759999999999998,1,8
CHEMBL5871879,COc1cc(Nc2ncc(Cl)c(Nc3ccccc3C(=O)C(=O)N(C)C)n2)ccc1N1CCN(C)CC1,38.1,1,6
CHEMBL5847006,C=CC(=O)Nc1ccc(OC)c(Nc2ncc(Cl)c(Nc3ccccc3C(=O)C(=O)N(C)C)n2)c1,146.0,1,8
CHEMBL5951162,CN(C)C(=O)C(=O)c1ccccc1Nc1cc(Cl)ccc1Cl,219.0,1,4
CHEMBL5964556,C=CC(=O)N1CCOc2ccc(Nc3ncc(Cl)c(Nc4ccccc4C(=O)C(=O)N(C)C)n3)cc21,123.15,1,8
CHEMBL6013504,C=CC(=O)Nc1cc(Nc2ncc(Cl)c(Nc3ccccc3C(=O)C(=O)N(C)C)n2)ccc1OCCN(C)C,208.0,1,8
CHEMBL5857101,COc1cc(Nc2ncc(Cl)c(Nc3ccccc3C(=O)C(=O)N(C)C)n2)ccc1N1CCC(N(C)C)CC1,41.364999999999995,1,8
CHEMBL5929024,CC(C)(C)CNc1ncnc2ccc(NC(c3ccc(F)cc3)c3cn(C4CC4)nn3)cc12,5.0,1,2
CHEMBL6041434,CC(C)(C)CNc1ncnc2ccc(N[C@@H](c3ccc(F)cc3)c3cn(C4CC4)nn3)cc12,7.7,1,2
CHEMBL5832966,CC1(CNc2ncnc3ccc(NC(c4ccc(F)cc4)c4cn(C5CC5)nn4)cc23)CCOCC1,11.0,1,2
CHEMBL5777984,CC[C@@H](Nc1ncnc2ccc(NC(c3ccc(F)cc3)c3cn(C4CC4)nn3)cc12)c1ccccc1,43.0,1,2
CHEMBL5872595,N#CCC(Nc1ncnc2ccc(NC(c3ccc(F)cc3)c3cn(C4CC4)nn3)cc12)c1ccccc1,53.0,1,2
CHEMBL5807906,[2H]C(c1ccc(F)cc1)(c1cn(C2CC2)nn1)N(CC)c1ccc2ncnc(NCC(C)(C)C)c2c1,276.0,1,1
CHEMBL6013902,CC(C)(C)CNc1ncnc2ccc(NC(c3cccc(C#N)c3)c3cn(C4CC4)nn3)cc12,2.6,1,2
CHEMBL6045905,CC(C)(C)CNc1ncnc2ccc(N[C@H](c3cn(C4CC4)nn3)c3ccccc3Cl)cc12,13.0,1,2
CHEMBL5950594,CC(C)(C)CNc1ncnc2c(Cl)cc(NC(c3cn(C4CC4)nn3)c3ccccc3Cl)cc12,4.8,1,2
CHEMBL5752067,CC(C)(C)CNc1ncnc2c(Cl)cc(NC(c3cn(CC(=O)O)nn3)c3ccccc3Cl)cc12,13.0,1,2
CHEMBL6034088,N#CCC[C@@H](Nc1ncnc2c(Cl)cc(NC(c3ccc(F)cc3)c3cn(C4CC4)nn3)cc12)c1ccccc1,46.0,1,2
CHEMBL5775621,N#CCC[C@@H](Nc1ncnc2c(Cl)cc(NC(c3ccc(F)cc3)c3cn(C4(C(F)(F)F)CC4)nn3)cc12)c1ccccc1,137.0,1,2
CHEMBL5771679,CC(C)(C)CNc1ncnc2c(Cl)cc(NC(c3ccc(F)cc3)c3cn(C4(C(F)(F)F)CC4)nn3)cc12,10.0,1,2
CHEMBL5982062,CC(C)(C)CNc1ncnc2c(C#N)cc(NC(c3ccc(F)cc3)c3cn(C4CC4)nn3)cc12,2.1,1,2
CHEMBL5934619,CC(C)(C)CNc1ncnc2c(Br)cc(NC(c3ccc(F)cc3)c3cn(C4CC4)nn3)cc12,2.6,1,2
CHEMBL5980501,CC(C)(C)CNc1ncnc2c(Cl)cc(NC(c3ccc(F)cc3)c3cn(C4(CF)CC4)nn3)cc12,3.1,1,2
CHEMBL5898294,CC(C)(C)CNc1ncnc2c(C#N)cc(N[C@H](c3cn(C4(C(F)(F)F)CC4)nn3)c3cccc4ncsc34)cc12,3.3,1,2
CHEMBL5922699,CC(C)(C)CNc1ncnc2c(Br)cc(N[C@H](c3cn(C4(C(F)(F)F)CC4)nn3)c3cccc4ncsc34)cc12,8.0,1,2
CHEMBL5780873,CC(C)(C)CNc1ncnc2c(C#N)cc(NC(c3cn(C4CC4)nn3)c3ccccc3Cl)cc12,2.4,1,2
CHEMBL5964366,CC(C)(C)CNc1ncnc2c(C#N)cc(NC(c3cn(C4(C#N)CC4)nn3)c3ccccc3Cl)cc12,3.3,1,2
CHEMBL5985406,Cc1nc(F)ccc1[C@H](Nc1cc(Cl)c2ncnc(NCC(C)(C)C)c2c1)c1cn(C2(C(F)F)CC2)nn1,1.9,1,2
CHEMBL5979002,Cc1nc(F)ccc1[C@H](Nc1cc(C#N)c2ncnc(NCC(C)(C)C)c2c1)c1cn(C2(C(F)F)CC2)nn1,1.7,1,2
CHEMBL5846813,Cc1c(C#N)cccc1[C@H](Nc1cc(Cl)c2ncnc(NCC(C)(C)C)c2c1)c1cn(C2(C(F)F)CC2)nn1,1.6,1,2
CHEMBL5890663,Cn1ccc2c([C@H](Nc3cc(C#N)c4ncnc(NCC(C)(C)C)c4c3)c3cn(C4(C(F)F)CC4)nn3)cccc2c1=O,1.2,1,2
CHEMBL5843771,Cn1ccc2c([C@H](Nc3cc(Cl)c4ncnc(NCC(C)(C)C)c4c3)c3cn(C4(C(F)F)CC4)nn3)cccc2c1=O,2.4,1,2
CHEMBL5966165,Cn1ccc2c([C@H](Nc3cc(Cl)c4ncnc(NCC(C)(C)C)c4c3)c3cn(C45CC(C4)C5)nn3)cccc2c1=O,1.7,1,2
CHEMBL5746241,O=C(OCc1ccccc1)N1CCC(n2cc(C(Nc3cc(Cl)c4ncnc(Nc5ccc(F)c(Cl)c5)c4c3)c3ccccc3)nn2)CC1,8480.0,0,2
CHEMBL5895402,Fc1ccc(Nc2ncnc3c(Cl)cc(NC(c4ccccc4)c4cn(C5CCNCC5)nn4)cc23)cc1Cl,28.0,1,2
CHEMBL6014011,CCN1CCC(n2cc(C(Nc3cc(Cl)c4ncnc(Nc5ccc(F)c(Cl)c5)c4c3)c3ccccc3)nn2)CC1,19.0,1,2
CHEMBL5795375,CCN1CCC(n2cc([C@@H](Nc3cc(Cl)c4ncnc(Nc5ccc(F)c(Cl)c5)c4c3)c3ccccc3)nn2)CC1,5.9,1,2
CHEMBL5745601,CC(C)(C)N1CCC(n2cc([C@@H](Nc3ccc4ncnc(Nc5ccc(F)c(Cl)c5)c4c3)c3ccc(Cl)cc3)nn2)CC1,72.0,1,2
CHEMBL6018368,Fc1ccc(Nc2ncnc3ccc(N[C@@H](c4ccc(Cl)cc4)c4cn(C5CCNCC5)nn4)cc23)cc1Cl,49.0,1,2
CHEMBL5918479,Fc1ccc(Nc2ncnc3ccc(N[C@@H](c4ccc(Cl)cc4)c4cn(C5COC5)nn4)cc23)cc1Cl,284.0,1,2
CHEMBL5815729,Fc1ccc(Nc2ncnc3ccc(N[C@@H](c4ccc(Cl)cc4)c4cn(C5CCN(C6COC6)CC5)nn4)cc23)cc1Cl,318.0,1,2
CHEMBL5768440,Fc1ccc(Nc2ncnc3c(Cl)cc(N[C@@H](c4ccccc4)c4cn(C5CCNCC5)nn4)cc23)cc1Cl,8.3,1,2
CHEMBL5796746,CCN1CCC(n2cc([C@@H](Nc3cc(Cl)c4ncnc(Nc5ccc(F)c(Cl)c5)c4c3)c3ccc(Cl)cc3)nn2)CC1,17.0,1,2
CHEMBL6064756,Fc1ccc(C(Nc2ccc3ncnc(Nc4cnc(F)c(F)c4)c3c2)c2cn(C3CC3)nn2)cc1,74.0,1,2
CHEMBL5810016,C=CC(=O)Nc1cccc(Nc2nc(Nc3cccc(OC)c3OC)ncc2Br)c1,650.0,1,3
CHEMBL6016385,C=CC(=O)Nc1cccc(Oc2nc(Nc3cccc(OC)c3OC)ncc2Cl)c1,650.0,1,3
CHEMBL5949485,C=CC(=O)Nc1cc(Nc2ncc3ccc(-c4cnn(C)c4)n3n2)c(OC)cc1N(C)CCN(C)C,2.5,1,2
CHEMBL5893452,C=CC(=O)Nc1cc(Nc2ncc3ccc(-c4cnn(C)c4)n3n2)c(OC)cc1N1CCC(N(C)C)CC1,12.5,1,2
CHEMBL5868518,C=CC(=O)Nc1cc(Nc2ncc3ccc(-c4cnn(C)c4)n3n2)c(OC)cc1OCCN(C)C,5.5,1,2
CHEMBL6050550,C=CC(=O)Nc1cc(Nc2ncc3ccc(-c4cnn(C)c4)n3n2)c(OC)cc1N1CCN(C)CC1,18.5,1,2
CHEMBL5989430,C=CC(=O)Nc1cc(Nc2ncc3ccc(C4=CCCCC4)n3n2)c(OC)cc1N(C)CCN(C)C,6.0,1,2
CHEMBL6023885,C=CC(=O)Nc1cc(Nc2ncc3ccc(-c4cccnc4)n3n2)c(OC)cc1N(C)CCN(C)C,7.7,1,2
CHEMBL5784655,C=CC(=O)Nc1cc(Nc2ncc3ccc(-c4cnc5c(ccn5C)c4)n3n2)c(OC)cc1N(C)CCN(C)C,3.5,1,2
CHEMBL5741053,C=CC(=O)Nc1cc(Nc2ncc3ccc(C4CC4)n3n2)c(OC)cc1N(C)CCN(C)C,57.0,1,2
CHEMBL5825244,C=CC(=O)Nc1cc(Nc2ncc3ccc(C)n3n2)c(OC)cc1N(C)CCN(C)C,60.5,1,2
CHEMBL5929000,C=CC(=O)Nc1cc(Nc2ncc3ccc(-c4cnc5ccccc5c4)n3n2)c(OC)cc1N(C)CCN(C)C,2.0,1,2
CHEMBL5988665,C=CC(=O)Nc1cc(Nc2ncc3ccc(-c4ccccc4)n3n2)c(OC)cc1N(C)CCN(C)C,6.2,1,2
CHEMBL5763517,C=CC(=O)Nc1cc(Nc2ncc3ccc(-c4ccn(C)c4)n3n2)c(OC)cc1N(C)CCN(C)C,4.95,1,2
CHEMBL5743902,C=CC(=O)Nc1cc(Nc2ncc3ccc(-c4cnc5ccccc5c4)n3n2)c(OC)cc1N1CCC(N(C)C)CC1,13.0,1,2
CHEMBL5828371,C=CC(=O)Nc1cc(Nc2ncc3ccc(C)n3n2)c(OC)cc1N1CCC(N(C)C)CC1,56.5,1,2
CHEMBL5909369,C=CC(=O)Nc1cc(Nc2ncc3ccc(C4CC4)n3n2)c(OC)cc1N1CCC(N(C)C)CC1,262.0,1,1
CHEMBL5915322,C=CC(=O)Nc1cc(Nc2ncc3c(C)cc(-c4cnn(C)c4)n3n2)c(OC)cc1N(C)CCN(C)C,153.0,1,2
CHEMBL6039255,C=CC(=O)Nc1cc(Nc2ncc3c(C)cc(-c4cnn(C)c4)n3n2)c(OC)cc1N1CCC(N(C)C)CC1,294.0,1,1
CHEMBL5923801,C=C(C)C(=O)N1CCC[C@@H](n2nc(C(=O)Nc3nc4cc(Cl)ccc4o3)c3c(N)ncnc32)C1,929.0,1,1
CHEMBL6062319,C/C=C/C(=O)N1CCC[C@@H](n2nc(C(=O)Nc3nc4cc(Cl)ccc4o3)c3c(N)ncnc32)C1,241.0,1,1
CHEMBL5950889,C=CC(=O)N1CCC[C@@H](n2nc(C(=O)Nc3nc4ccc(C#N)cc4o3)c3c(N)ncnc32)C1,33.3,1,1
CHEMBL5987547,C=CC(=O)N1CCC[C@@H](n2nc(C(=O)Nc3nc4cc(CCOC)ccc4o3)c3c(N)ncnc32)C1,22.9,1,1
CHEMBL5811320,C=CC(=O)N1CCC[C@@H](n2nc(C(=O)Nc3nc4ncccc4o3)c3c(N)ncnc32)C1,28.4,1,1
CHEMBL5845962,C=C(C)C(=O)N1CCC[C@@H](n2nc(C(=O)Nc3nc4cc(F)ccc4o3)c3c(N)ncnc32)C1,1295.0,0,1
CHEMBL5900156,C=CC(=O)N1CCC[C@@H](n2nc(C(=O)Nc3nc4cc(F)ccc4o3)c3c(N)ncnc32)C1,84.2,1,1
CHEMBL6024312,C=CC(=O)N1CCC[C@@H](n2nc(C(=O)Nc3nc4ccccc4o3)c3c(N)ncnc32)C1,22.85,1,2
CHEMBL6026502,C/C=C/C(=O)N1CCC[C@@H](n2nc(C(=O)Nc3nc4ccccc4o3)c3c(N)ncnc32)C1,128.0,1,1
CHEMBL5937803,CN(C)C/C=C/C(=O)N1CCC[C@@H](n2nc(C(=O)Nc3nc4cc(Cl)ccc4o3)c3c(N)ncnc32)C1,145.0,1,1
CHEMBL5871700,CCN(C)C/C=C/C(=O)N1CCC[C@@H](n2nc(C(=O)Nc3nc4cc(Cl)ccc4o3)c3c(N)ncnc32)C1,158.0,1,1
CHEMBL5838174,CCN(CC)C/C=C/C(=O)N1CCC[C@@H](n2nc(C(=O)Nc3nc4cc(Cl)ccc4o3)c3c(N)ncnc32)C1,157.0,1,1
CHEMBL6039337,CC(C)N(C)C/C=C/C(=O)N1CCC[C@@H](n2nc(C(=O)Nc3nc4cc(Cl)ccc4o3)c3c(N)ncnc32)C1,121.0,1,1
CHEMBL5913449,Nc1ncnc2c1c(C(=O)Nc1nc3cc(Cl)ccc3o1)nn2[C@@H]1CCCN(C(=O)/C=C/CN2CCCC2)C1,145.0,1,1
CHEMBL5885364,Nc1ncnc2c1c(C(=O)Nc1nc3cc(Cl)ccc3o1)nn2[C@@H]1CCCN(C(=O)/C=C/CN2CCCCC2)C1,138.0,1,1
CHEMBL6026303,CN(C)C/C=C/C(=O)N1CCC[C@@H](n2nc(C(=O)Nc3nc4cc(-c5cccs5)ccc4o3)c3c(N)ncnc32)C1,147.0,1,1
CHEMBL5743835,CC#CC(=O)N1CCC[C@@H](n2nc(C(=O)Nc3nc4ccccc4o3)c3c(N)ncnc32)C1,260.0,1,1
CHEMBL5964212,C/C=C/C(=O)N1CC[C@@H](n2nc(C(=O)Nc3nc4cc(Cl)ccc4o3)c3c(N)ncnc32)C1,174.0,1,1
CHEMBL5892248,CC(C)=CC(=O)N1CC[C@@H](n2nc(C(=O)Nc3nc4cc(Cl)ccc4o3)c3c(N)ncnc32)C1,643.0,1,1
CHEMBL5805659,C=CC(=O)N1CC[C@@H](n2nc(C(=O)Nc3nc4cc(F)ccc4o3)c3c(N)ncnc32)C1,21.3,1,1
CHEMBL6002110,CN(C)C/C=C/C(=O)N1CC[C@@H](n2nc(C(=O)Nc3nc4cc(Cl)ccc4o3)c3c(N)ncnc32)C1,43.1,1,1
CHEMBL6052762,CCN(C)C/C=C/C(=O)N1CC[C@@H](n2nc(C(=O)Nc3nc4cc(Cl)ccc4o3)c3c(N)ncnc32)C1,43.4,1,1
CHEMBL5862301,CCN(CC)C/C=C/C(=O)N1CC[C@@H](n2nc(C(=O)Nc3nc4cc(Cl)ccc4o3)c3c(N)ncnc32)C1,79.3,1,1
CHEMBL5831823,CC(C)N(C)C/C=C/C(=O)N1CC[C@@H](n2nc(C(=O)Nc3nc4cc(Cl)ccc4o3)c3c(N)ncnc32)C1,35.1,1,1
CHEMBL5828421,Nc1ncnc2c1c(C(=O)Nc1nc3cc(Cl)ccc3o1)nn2[C@@H]1CCN(C(=O)/C=C/CN2CCCC2)C1,59.8,1,1
CHEMBL5899620,Nc1ncnc2c1c(C(=O)Nc1nc3cc(Cl)ccc3o1)nn2[C@@H]1CCN(C(=O)/C=C/CN2CCCCC2)C1,70.5,1,1
CHEMBL5971352,C=CC(=O)N1CC[C@@H](n2nc(C(=O)Nc3nc4cc(C#N)ccc4o3)c3c(N)ncnc32)C1,37.5,1,1
CHEMBL5943616,C=CC(=O)N1CC[C@@H](n2nc(C(=O)Nc3nc4cc(CCOC)ccc4o3)c3c(N)ncnc32)C1,10.0,1,1
CHEMBL5785458,CN(C)C/C=C/C(=O)N1CC[C@@H](n2nc(C(=O)Nc3nc4cc(-c5ccccc5)ccc4o3)c3c(N)ncnc32)C1,19.4,1,1
CHEMBL5998298,CN(C)C/C=C/C(=O)N1CC[C@@H](n2nc(C(=O)Nc3nc4cc(C(F)(F)F)ccc4o3)c3c(N)ncnc32)C1,17.1,1,1
CHEMBL6061460,CN(C)C/C=C/C(=O)N1CC(N2CC(C(=O)Nc3nc4cc(Cl)ccc4o3)c3c(N)ncnc32)C1,20.4,1,1
CHEMBL5759102,CN(C)C/C=C/C(=O)N1CC[C@@H](n2cc(C(=O)Nc3nc4cc(Cl)ccc4o3)c3c(N)ncnc32)C1,24.8,1,1
CHEMBL5770089,CCN(C)C/C=C/C(=O)N1CC[C@@H](n2cc(C(=O)Nc3nc4cc(Cl)ccc4o3)c3c(N)ncnc32)C1,22.1,1,1
CHEMBL5824219,CCN(CC)C/C=C/C(=O)N1CC[C@@H](n2cc(C(=O)Nc3nc4cc(Cl)ccc4o3)c3c(N)ncnc32)C1,31.1,1,1
CHEMBL5864620,CC(C)N(C)C/C=C/C(=O)N1CC[C@@H](n2cc(C(=O)Nc3nc4cc(Cl)ccc4o3)c3c(N)ncnc32)C1,20.6,1,1
CHEMBL5831739,Nc1ncnc2c1c(C(=O)Nc1nc3cc(Cl)ccc3o1)cn2[C@@H]1CCN(C(=O)/C=C/CN2CCCC2)C1,25.5,1,1
CHEMBL5994959,Nc1ncnc2c1c(C(=O)Nc1nc3cc(Cl)ccc3o1)cn2[C@@H]1CCN(C(=O)/C=C/CN2CCCCC2)C1,37.1,1,1
CHEMBL5797069,CN(C)C/C=C/C(=O)N1CC[C@@H](n2cc(C(=O)Nc3nc4cc(-c5ccccc5)ccc4o3)c3c(N)ncnc32)C1,17.6,1,1
CHEMBL6016956,CCN(C)C/C=C/C(=O)N1CC[C@@H](n2cc(C(=O)Nc3nc4cc(-c5ccccc5)ccc4o3)c3c(N)ncnc32)C1,19.3,1,1
CHEMBL6010216,CCN(CC)C/C=C/C(=O)N1CC[C@@H](n2cc(C(=O)Nc3nc4cc(-c5ccccc5)ccc4o3)c3c(N)ncnc32)C1,23.5,1,1
CHEMBL6021002,CC(C)N(C)C/C=C/C(=O)N1CC[C@@H](n2cc(C(=O)Nc3nc4cc(-c5ccccc5)ccc4o3)c3c(N)ncnc32)C1,16.3,1,1
CHEMBL5807574,Nc1ncnc2c1c(C(=O)Nc1nc3cc(-c4ccccc4)ccc3o1)cn2[C@@H]1CCN(C(=O)/C=C/CN2CCCC2)C1,32.4,1,1
CHEMBL6030528,Nc1ncnc2c1c(C(=O)Nc1nc3cc(-c4ccccc4)ccc3o1)cn2[C@@H]1CCN(C(=O)/C=C/CN2CCCCC2)C1,67.5,1,1
CHEMBL5846269,C=CC(=O)N1CCCC(Cn2nc(C(=O)Nc3nc4ccccc4o3)c3c(N)ncnc32)C1,18.0,1,1
CHEMBL5953300,C=CC(=O)N1CCC(Cn2nc(C(=O)Nc3nc4ccccc4o3)c3c(N)ncnc32)CC1,11.4,1,1
CHEMBL5853477,C=CC(=O)N1CC(Cn2nc(C(=O)Nc3nc4ccccc4o3)c3c(N)ncnc32)C1,12.2,1,1
CHEMBL5988246,C=CC(=O)N[C@H]1CC[C@@H](n2nc(C(=O)Nc3nc4ccccc4o3)c3c(N)ncnc32)CC1,42.0,1,1
CHEMBL5820547,C=CC(=O)N[C@H]1CC[C@H](n2nc(C(=O)Nc3nc4ccccc4o3)c3c(N)ncnc32)CC1,12.4,1,1
CHEMBL5742635,CN(C)C/C=C/C(=O)N1CC[C@H](n2nc(C(=O)Nc3nc4ccccc4o3)c3c(N)ncnc32)C1,11.2,1,1
CHEMBL5818001,C=CC(=O)N1CC(Cn2nc(C(=O)Nc3nc4cc(F)ccc4o3)c3c(N)ncnc32)C1,58.2,1,1
CHEMBL6011269,C=CC(=O)N1CC(Cn2nc(C(=O)Nc3nc4cc(Cl)ccc4o3)c3c(N)ncnc32)C1,11.4,1,1
CHEMBL5925185,C=CC(=O)N1CCC(Cn2nc(C(=O)Nc3nc4cc(F)ccc4o3)c3c(N)ncnc32)CC1,204.0,1,1
CHEMBL5961642,C=CC(=O)N[C@H]1CC[C@@H](n2nc(C(=O)Nc3nc4cc(Cl)ccc4o3)c3c(N)ncnc32)CC1,101.0,1,1
CHEMBL5949598,C=CC(=O)N1CC(n2nc(C(=O)Nc3nc4cc(F)ccc4o3)c3c(N)ncnc32)C1,20.6,1,1
CHEMBL5851856,C=CC(=O)N1CCC(Cn2nc(C(=O)Nc3nc4cc(Cl)ccc4o3)c3c(N)ncnc32)CC1,75.4,1,1
CHEMBL5755118,C=CC(=O)N[C@H]1CC[C@@H](n2nc(C(=O)Nc3nc4cc(F)ccc4o3)c3c(N)ncnc32)CC1,205.0,1,1
CHEMBL5827300,C=CC(=O)N1CCC(n2nc(C(=O)Nc3nc4ccccc4o3)c3c(N)ncnc32)C1,10.9,1,1
CHEMBL6041084,C=CC(=O)N1CCC(n2nc(C(=O)Nc3nc4cc(F)ccc4o3)c3c(N)ncnc32)C1,39.6,1,1
CHEMBL5808724,C=CC(=O)NCCCn1nc(C(=O)Nc2nc3ccccc3o2)c2c(N)ncnc21,11.0,1,1
CHEMBL6013821,C=CC(=O)N1CC[C@@H](Nc2nnc(C(N)=O)c(Nc3ccc(C(=O)N4CCOCC4)cc3)n2)C1,55.0,1,1
CHEMBL5930251,C=CC(=O)N1CCC[C@@H](N(C)c2cnc(C(N)=O)c(Nc3ccc(C(=O)N4CCOCC4)cc3)n2)C1,550.0,1,1
CHEMBL5924281,CN(C)C/C=C/C(=O)N1CCC[C@@H](N(C)c2cnc(C(N)=O)c(Nc3ccc(C(=O)N4CCOCC4)cc3)n2)C1,5500.0,0,1
CHEMBL5944144,NC(=O)c1nnc(N2CCC[C@@H](NC(=O)Nc3ccccc3)C2)nc1Nc1ccc(C(=O)N2CCOCC2)cc1,5500.0,0,1
CHEMBL6003108,CN(C)C(=O)N[C@@H]1CCCN(c2nnc(C(N)=O)c(Nc3ccc(C(=O)N4CCOCC4)cc3)n2)C1,550.0,1,1
CHEMBL5792750,NC(=O)c1nnc(N2CCC[C@@H](NC(=O)c3ccc4ncccc4c3)C2)nc1Nc1ccc(C(=O)N2CCOCC2)cc1,5500.0,0,1
CHEMBL5926198,CCN(CC)C(=O)N[C@@H]1CCCN(c2nnc(C(N)=O)c(Nc3ccc(C(=O)N4CCOCC4)cc3)n2)C1,5500.0,0,1
CHEMBL5964701,CC#CC(=O)N1CCC[C@@H](Nc2nnc(C(N)=O)c(Nc3ccc(S(C)(=O)=O)cc3)n2)C1,5500.0,0,1
CHEMBL5906808,CN(C)C/C=C/C(=O)N1CCC[C@@H](Nc2nnc(C(N)=O)c(Nc3ccc(S(C)(=O)=O)cc3)n2)C1,550.0,1,1
CHEMBL5822177,CN(C/C=C/C(=O)N1CCC[C@@H](Nc2nnc(C(N)=O)c(Nc3ccc(S(C)(=O)=O)cc3)n2)C1)C1CC1,5500.0,0,1
CHEMBL6017545,CN1CCC(c2ccc(Nc3nc(N4CCC[C@@H](NC(=O)c5ccc(C(C)(C)C)cc5)C4)cnc3C(N)=O)cc2)CC1,5500.0,0,1
CHEMBL6027049,COc1ccc(C(=O)N[C@@H]2CCCN(c3cnc(C(N)=O)c(Nc4ccc(C5CCN(C)CC5)cc4)n3)C2)cc1,550.0,1,1
CHEMBL5835574,CCN1CCC(c2ccc(Nc3nc(N4CCC[C@@H](NC(=O)c5ccc(OC)cc5)C4)cnc3C(N)=O)cc2)CC1,550.0,1,1
CHEMBL5863307,NC(=O)c1ncc(N2CCC[C@@H](NC(=O)N3CCCCC3)C2)nc1Nc1ccc(C2CCN(C=O)CC2)cc1,5500.0,0,1
CHEMBL6055007,CCC(=O)N1CCC(c2ccc(Nc3nc(N4CCC[C@@H](NC(=O)N5CCCCC5)C4)cnc3C(N)=O)cc2)CC1,550.0,1,1
CHEMBL6000404,N#CCC(=O)N1CCC(c2ccc(Nc3nc(N4CCC[C@@H](NC(=O)N5CCCCC5)C4)cnc3C(N)=O)cc2)CC1,5500.0,0,1
CHEMBL5886334,CN(C)C(=O)N[C@@H]1CCCN(c2cnc(C(N)=O)c(Nc3ccc(S(C)(=O)=O)cc3)n2)C1,5500.0,0,1
CHEMBL5939638,CCC(=O)N1CCC(c2ccc(Nc3nc(N4CCC[C@@H](NC(=O)N(C)C)C4)cnc3C(N)=O)cc2)CC1,5500.0,0,1
CHEMBL5894758,CN(C)C(=O)N[C@@H]1CCCN(c2cnc(C(N)=O)c(Nc3ccc(C4CCN(C(=O)CC#N)CC4)cc3)n2)C1,5500.0,0,1
CHEMBL5841526,CN(C)C(=O)N[C@@H]1CCCN(c2cnc(C(N)=O)c(Nc3ccc(C4CCNCC4)cc3)n2)C1,5500.0,0,1
CHEMBL5943220,CN(C)C(=O)N[C@@H]1CCCN(c2cnc(C(N)=O)c(Nc3ccc(C4CCN(C5CCCC5)CC4)cc3)n2)C1,5500.0,0,1
CHEMBL5991370,CN(C/C=C/C(=O)N1CCC[C@@H](N(C)c2cnc(C(N)=O)c(Nc3ccc(C(=O)N4CCOCC4)cc3)n2)C1)C1CC1,5500.0,0,1
CHEMBL5937992,CC#CC(=O)N1CCC[C@@H](N(C)c2cnc(C(N)=O)c(Nc3ccc(C(=O)N4CCOCC4)cc3)n2)C1,5500.0,0,1
CHEMBL6002504,CN1CCC(c2ccc(Nc3nc(N4CCC[C@@H](NC(=O)OC(C)(C)C)C4)cnc3C(N)=O)cc2)CC1,550.0,1,1
CHEMBL5743278,CCN(C)C(=O)N[C@@H]1CCCN(c2cnc(C(N)=O)c(Nc3ccc(C4CCN(C)CC4)cc3)n2)C1,5500.0,0,1
CHEMBL5962503,CCN(CC)C(=O)N[C@@H]1CCCN(c2cnc(C(N)=O)c(Nc3ccc(C4CCN(C)CC4)cc3)n2)C1,5500.0,0,1
CHEMBL5915570,CN1CCC(c2ccc(Nc3nc(N4CCC[C@@H](NC(=O)c5ccc(F)cc5)C4)cnc3C(N)=O)cc2)CC1,550.0,1,1
CHEMBL5848379,CN(C)C(=O)N[C@@H]1CCCN(c2cnc(C(N)=O)c(Nc3ccc(C4CCN(C(=O)N(C)C)CC4)cc3)n2)C1,5500.0,0,1
CHEMBL5952214,CN(C)C(=O)N[C@@H]1CCCN(c2cnc(C(N)=O)c(Nc3ccc(C4CCN(C(=O)C5CC5)CC4)cc3)n2)C1,5500.0,0,1
CHEMBL5977400,CN(C)C(=O)N[C@@H]1CCCN(c2cnc(C(N)=O)c(Nc3ccc(C4CCN(S(C)(=O)=O)CC4)cc3)n2)C1,5500.0,0,1
CHEMBL6026375,CN(C)C(=O)N[C@@H]1CCCN(c2cnc(C(N)=O)c(Nc3ccc(C4CCN(c5ccccn5)CC4)cc3)n2)C1,5500.0,0,1
CHEMBL5743417,CN(C)C(=O)N[C@@H]1CCCN(c2cnc(C(N)=O)c(Nc3ccc(C4CCN(C5CCC5)CC4)cc3)n2)C1,5500.0,0,1
CHEMBL6010002,CN(C)C(=O)N[C@@H]1CCCN(c2cnc(C(N)=O)c(Nc3ccc(C4CCN(C5CCOCC5)CC4)cc3)n2)C1,5500.0,0,1
CHEMBL5804118,CN(C)C(=O)N[C@@H]1CCCN(c2cnc(C(N)=O)c(Nc3ccc(C4CCN(CCOCCO)CC4)cc3)n2)C1,550.0,1,1
CHEMBL5828306,CN(C)C(=O)N[C@@H]1CCCN(c2cnc(C(N)=O)c(Nc3ccc(C4CCN(C5COC5)CC4)cc3)n2)C1,5500.0,0,1
CHEMBL5998056,CN(C)C(=O)N[C@@H]1CCCN(c2cnc(C(N)=O)c(Nc3ccc(OC4CCCC4)cc3)n2)C1,5500.0,0,1
CHEMBL5925537,CN(C)Cc1ccc(Nc2nc(N3CCC[C@@H](NC(=O)N(C)C)C3)cnc2C(N)=O)cc1,5500.0,0,1
CHEMBL5797137,CN(C)C(=O)N[C@@H]1CCCN(c2cnc(C(N)=O)c(Nc3ccc(C(=O)N(C)C)cc3)n2)C1,5500.0,0,1
CHEMBL5821734,CN(C)C(=O)N[C@@H]1CCCN(c2cnc(C(N)=O)c(Nc3ccc(C(=O)N4CCCC4)cc3)n2)C1,5500.0,0,1
CHEMBL5832906,CN(C)C(=O)N[C@@H]1CCCN(c2cnc(C(N)=O)c(Nc3ccc(C4(C(=O)N(C)C)CC4)cc3)n2)C1,5500.0,0,1
CHEMBL6036005,CN(C)C(=O)N[C@@H]1CCCN(c2cnc(C(N)=O)c(Nc3ccc(C4(CN)CCCC4)cc3)n2)C1,5500.0,0,1
CHEMBL5776801,CN(C)C(=O)N[C@@H]1CCCN(c2cnc(C(N)=O)c(Nc3ccc(C4CCN(C5CC5)CC4)cc3)n2)C1,550.0,1,1
CHEMBL6065282,CCN1CCC(c2ccc(Nc3nc(N4CCC[C@@H](NC(=O)N(C)C)C4)cnc3C(N)=O)cc2)CC1,5500.0,0,1
CHEMBL5800035,CC(C)N1CCC(c2ccc(Nc3nc(N4CCC[C@@H](NC(=O)N(C)C)C4)cnc3C(N)=O)cc2)CC1,5500.0,0,1
CHEMBL5967377,CN(C)C(=O)N[C@@H]1CCCN(c2cnc(C(N)=O)c(Nc3ccc(C4CCN(C5CCCCC5)CC4)cc3)n2)C1,5500.0,0,1
CHEMBL5950367,CN(C)C(=O)N[C@@H]1CCCN(c2cnc(C(N)=O)c(Nc3cnn(C4CCN(C(=O)OC(C)(C)C)CC4)c3)n2)C1,5500.0,0,1
CHEMBL5799073,CN(C)C(=O)N[C@@H]1CCCN(c2cnc(C(N)=O)c(Nc3cnn(C4CCN(C(=O)C5CC5)CC4)c3)n2)C1,5500.0,0,1
CHEMBL5836680,CN(C)C(=O)N[C@@H]1CCCN(c2cnc(C(N)=O)c(Nc3cnn(C4CN(C5CCCC5)C4)c3)n2)C1,5500.0,0,1
CHEMBL5997253,CN(C)C(=O)N[C@@H]1CCCN(c2cnc(C#N)c(Nc3ccc(C4(C)CCN(C(=O)OC(C)(C)C)CC4)cc3)n2)C1,5500.0,0,1
CHEMBL5740635,C[C@@H]1[C@H](NC(=O)N(C)C)CCCN1c1cnc(C(N)=O)c(Nc2ccc(C3CCN(C4CCCC4)CC3)cc2)n1,550.0,1,1
CHEMBL5875975,CC[C@@H]1[C@H](NC(=O)N(C)C)CCCN1c1cnc(C(N)=O)c(Nc2ccc(C3CCN(C4CCC4)CC3)cc2)n1,550.0,1,1
CHEMBL5902984,C[C@@H]1[C@H](NC(=O)N(C)C)CCCN1c1cnc(C(N)=O)c(Nc2ccc(C3(C#N)CC3)cc2)n1,550.0,1,1
CHEMBL5943336,C[C@@H]1[C@H](NC(=O)N(C)C)CCCN1c1cnc(C(N)=O)c(Nc2ccc(C3(C(N)=O)CC3)cc2)n1,5500.0,0,1
CHEMBL5824026,C[C@@H]1[C@H](NC(=O)N(C)C)CCCN1c1cnc(C(N)=O)c(Nc2ccc(C3(C)CCN(C(=O)OC(C)(C)C)CC3)cc2)n1,550.0,1,1
CHEMBL5946635,C[C@@H]1[C@H](NC(=O)N(C)C)CCCN1c1cnc(C(N)=O)c(Nc2ccc(C3(C)CCN(C4CCC4)CC3)cc2)n1,550.0,1,1
CHEMBL5821638,C[C@@H]1[C@H](NC(=O)N(C)C)CCCN1c1cnc(C(N)=O)c(Nc2ccc(C3(C)CCN(C4CC4)CC3)cc2)n1,550.0,1,1
CHEMBL5903629,C[C@@H]1[C@H](N2CCN(C)C2=O)CCCN1c1cnc(C(N)=O)c(Nc2ccc(C3(C)CCN(C4CCCC4)CC3)cc2)n1,55.0,1,1
CHEMBL5835276,CN1CCN([C@@H]2CCCN(c3cnc(C(N)=O)c(Nc4ccc(C5CCNCC5)cc4)n3)C2)C1=O,550.0,1,1
CHEMBL5952683,CN1CCN([C@@H]2CCCN(c3cnc(C(N)=O)c(Nc4ccc(C5(C)CCN(C6CC6)CC5)cc4)n3)C2)C1=O,5500.0,0,1
CHEMBL6033572,CC(C)N1CCC(C)(c2ccc(Nc3nc(N4CCC[C@@H](N5CCN(C)C5=O)C4)cnc3C(N)=O)cc2)CC1,5500.0,0,1
CHEMBL5823139,CN1CCN([C@@H]2CCCN(c3cnc(C(N)=O)c(Nc4ccc(C5(C)CCN(C6COC6)CC5)cc4)n3)C2)C1=O,550.0,1,1
CHEMBL5762610,CN1CCN([C@@H]2CCCN(c3cnc(C(N)=O)c(Nc4ccc(C5(C)CCN(C6CCC6)CC5)cc4)n3)C2)C1=O,550.0,1,1
CHEMBL5889117,CN1CCN([C@@H]2CCCN(c3cnc(C(N)=O)c(Nc4ccc(C5(C)CCN(C6CCCC6)CC5)cc4)n3)C2)C1=O,550.0,1,1
CHEMBL5770897,CN1CCN([C@@H]2CCCN(c3cnc(C(N)=O)c(Nc4ccc(C5(C)CCN(C=O)CC5)cc4)n3)C2)C1=O,550.0,1,1
CHEMBL6061137,CCC(=O)N1CCC(C)(c2ccc(Nc3nc(N4CCC[C@@H](N5CCN(C)C5=O)C4)cnc3C(N)=O)cc2)CC1,550.0,1,1
CHEMBL5875583,CN1CCN([C@@H]2CCCN(c3cnc(C(N)=O)c(Nc4ccc(C5(C)CCN(C(=O)C6CC6)CC5)cc4)n3)C2)C1=O,550.0,1,1
CHEMBL5920717,CCN1CCN([C@@H]2CCCN(c3cnc(C(N)=O)c(Nc4ccc(C5CCN(C6CCCC6)CC5)cc4)n3)C2)C1=O,5500.0,0,1
CHEMBL5860484,CCN1CCN([C@@H]2CCCN(c3cnc(C(N)=O)c(Nc4ccc(C5(C)CCN(C6CC6)CC5)cc4)n3)C2)C1=O,5500.0,0,1
CHEMBL5798489,C[C@@H]1[C@H](N2CCCN(C)C2=O)CCCN1c1cnc(C#N)c(Nc2ccc(C3CCN(C4CCCC4)CC3)cc2)n1,550.0,1,1
CHEMBL5798581,CN1CCCN([C@@H]2CCCN(c3cnc(C(N)=O)c(Nc4ccc(C5(C)CCN(C6CCCC6)CC5)cc4)n3)C2)C1=O,550.0,1,1
CHEMBL5889296,CN1CCCN([C@@H]2CCCN(c3cnc(C(N)=O)c(Nc4ccc(C5CCN(C6CC6)CC5)cc4)n3)C2)C1=O,550.0,1,1
CHEMBL6032138,CN1CCCN([C@@H]2CCCN(c3cnc(C(N)=O)c(Nc4ccc(C5(C)CCN(C6CC6)CC5)cc4)n3)C2)C1=O,5500.0,0,1
CHEMBL5920681,CN(C)C(=O)N1CCC[C@@H]2[C@H]1CCCN2c1cnc(C(N)=O)c(Nc2ccc(C3CCN(C4CCCC4)CC3)cc2)n1,5500.0,0,1
CHEMBL5944879,NC(=O)c1ncc(N2CCC[C@@H](N)C2)nc1Nc1ccc(C2CCN(C3CCCC3)CC2)cc1,550.0,1,1
CHEMBL5949435,NC(=O)c1ncc(N2CCC[C@@H](NC=O)C2)nc1Nc1ccc(C2CCN(C3CCCC3)CC2)cc1,550.0,1,1
CHEMBL5868212,CCOC(=O)N[C@@H]1CCCN(c2cnc(C(N)=O)c(Nc3ccc(C4CCN(C5CCCC5)CC4)cc3)n2)C1,550.0,1,1
CHEMBL5831010,NC(=O)c1ncc(N2CCC[C@@H](NC(=O)C3CC3)C2)nc1Nc1ccc(C2CCN(C3CCCC3)CC2)cc1,5500.0,0,1
CHEMBL6008308,CS(=O)(=O)N[C@@H]1CCCN(c2cnc(C(N)=O)c(Nc3ccc(C4CCN(C5CCCC5)CC4)cc3)n2)C1,550.0,1,1
CHEMBL5876937,NC(=O)c1ncc(N2CCC[C@@H](NC(=O)c3ccccc3)C2)nc1Nc1ccc(C2CCN(C3CCCC3)CC2)cc1,550.0,1,1
CHEMBL5840304,NC(=O)c1ncc(N2CCC[C@@H](NC(=O)c3cncc(F)c3)C2)nc1Nc1ccc(C2CCN(C3CCCC3)CC2)cc1,550.0,1,1
CHEMBL5905715,NC(=O)c1ncc(N2CCC[C@@H](NC(=O)CCCBr)C2)nc1Nc1ccc(C2CCN(C3CCCC3)CC2)cc1,550.0,1,1
CHEMBL5955586,NC(=O)c1ncc(N2CCC[C@@H](N3Cc4ccccc4C3=O)C2)nc1Nc1ccc(C2CCN(C3CCCC3)CC2)cc1,5500.0,0,1
CHEMBL5899926,CN(C(=O)N[C@@H]1CCCN(c2cnc(C(N)=O)c(Nc3ccc(F)cc3)n2)C1)c1cc(Cl)cc(C(F)(F)F)c1,5500.0,0,1
CHEMBL5746447,CN(C)C(=O)N[C@@H]1CCCCN(c2cnc(C(N)=O)c(Nc3ccc(C4CCN(C5CCCC5)CC4)cc3)n2)C1,550.0,1,1
CHEMBL6043125,NC(=O)c1ncc(N2CCCC[C@@H](NC(=O)C3CC3)C2)nc1Nc1ccc(C2CCN(C3CCCC3)CC2)cc1,550.0,1,1
CHEMBL5796215,NC(=O)c1nnc(N2CCC[C@@H](NC(=O)N3CCCCC3)C2)nc1Nc1ccc(C2CCN(C3CCCC3)CC2)cc1,550.0,1,1
CHEMBL5862663,NC(=O)c1nnc(N2CCC[C@@H](NC(=O)N3CCCCC3)C2)nc1Nc1ccc(C2CCN(C=O)CC2)cc1,5500.0,0,1
CHEMBL6006738,CC(=O)N1CCC(c2ccc(Nc3nc(N4CCC[C@@H](NC(=O)N5CCCCC5)C4)nnc3C(N)=O)cc2)CC1,5500.0,0,1
CHEMBL6012901,CCC(=O)N1CCC(c2ccc(Nc3nc(N4CCC[C@@H](NC(=O)N5CCCCC5)C4)nnc3C(N)=O)cc2)CC1,5500.0,0,1
CHEMBL5971716,N#CCC(=O)N1CCC(c2ccc(Nc3nc(N4CCC[C@@H](NC(=O)N5CCCCC5)C4)nnc3C(N)=O)cc2)CC1,5500.0,0,1
CHEMBL5968385,CCOc1ccc(C(=O)N[C@@H]2CCCN(c3nnc(C(N)=O)c(Nc4ccc(C(=N)N(C)C)cc4)n3)C2)cc1,5500.0,0,1
CHEMBL5781511,CCOc1ccc(C(=O)N[C@@H]2CCCN(c3nnc(C(N)=O)c(Nc4ccc(C(=N)N5CCCC5)cc4)n3)C2)cc1,5500.0,0,1
CHEMBL5946888,CCOc1ccc(C(=O)N[C@@H]2CCCN(c3nnc(C(N)=O)c(Nc4ccc(C5=NCCN5C)cc4)n3)C2)cc1,5500.0,0,1
CHEMBL6013580,CC#CC(=O)N1CC[C@@H](Nc2nnc(C(N)=O)c(Nc3ccc(C(=O)N4CCOCC4)cc3)n2)C1,5500.0,0,1
CHEMBL5968985,C=CC(=O)Nc1cccc(-c2cccc3cnc(Nc4ccc(N5CCN(C(C)=O)CC5)cc4)nc23)c1,300.0,1,3
CHEMBL5846040,C=CC(=O)Nc1cccc(-c2cccc3cnc(Nc4ccc(OC5CCN(C)CC5F)cc4)nc23)c1,300.0,1,3
CHEMBL5947149,C=CC(=O)Nc1cccc(-c2cccc3cnc(Nc4ccc(N5CCN(C)CC5)c(C(N)=O)c4)nc23)c1,300.0,1,3
CHEMBL5850442,C=CC(=O)Nc1cccc(-c2cccc3cnc(Nc4ccc(OCCO)cc4)nc23)c1,300.0,1,3
CHEMBL5741835,C=CC(=O)N1CC(Nc2cc3c(Nc4ccc(F)c(Cl)c4)ncnc3cc2OC)C1,0.55,1,2
CHEMBL5881164,C=CC(=O)N1CCC(Nc2cc3c(Nc4ccc(F)c(Cl)c4)ncnc3cc2OC)CC1,1.1,1,2
CHEMBL5942609,C=CC(=O)N1CC(Nc2cc3c(Nc4ccc(F)c(Cl)c4)ncnc3cc2O[C@H]2CCOC2)C1,0.4,1,2
CHEMBL5786877,C=CC(=O)N1CCC(Nc2cc3c(Nc4ccc(F)c(Cl)c4)ncnc3cc2O[C@H]2CCOC2)CC1,1.25,1,2
CHEMBL5949226,C=CC(=O)N1CCC(Nc2cc3c(Nc4ccc(F)c(Cl)c4)ncnc3cc2O[C@H]2CCOC2)C1,52.1,1,1
CHEMBL5859805,C=CC(=O)N1CCC(Nc2cc3c(Nc4ccc(OCc5cccc(F)c5)c(Cl)c4)ncnc3cc2OC)CC1,36.7,1,1
CHEMBL5905270,C=CC(=O)N1CCC(Nc2cc3c(Nc4ccc(OCc5ccccn5)c(Cl)c4)ncnc3cc2OC)CC1,2.15,1,2
CHEMBL5931174,C#Cc1cccc(Nc2ncnc3cc(OC)c(NC4CCN(C(=O)C=C)CC4)cc23)c1,8.6,1,1
CHEMBL5811891,C#Cc1cccc(Nc2ncnc3cc(OC)c(NC4CN(C(=O)C=C)C4)cc23)c1,1.1,1,1
CHEMBL5828031,C=CC(=O)N1CCC(Nc2cc3c(Nc4cccc(C(C)=O)c4)ncnc3cc2OC)CC1,21.2,1,1
CHEMBL5783822,C=CC(=O)N1CC(Nc2cc3c(Nc4cccc(C(C)=O)c4)ncnc3cc2OC)C1,2.6999999999999997,1,2
CHEMBL5972110,C=CC(=O)N1CC(Nc2cc3c(Nc4cccc(Br)c4)ncnc3cc2OC)C1,2.2,1,1
CHEMBL6004995,C=CC(=O)N1CCC(Nc2cc3c(Nc4cccc(Br)c4)ncnc3cc2OC)CC1,1.5999999999999999,1,2
CHEMBL5846412,C=CC(=O)N1CC(Nc2cc3c(Nc4ccc(F)c(Cl)c4)ncnc3cc2OCCOC)C1,1.2,1,1
CHEMBL6013422,C=CC(=O)N1CCC(Nc2cc3c(Nc4ccc(F)c(Cl)c4)ncnc3cc2OCCOC)CC1,0.7,1,2
CHEMBL5763353,C=CC(=O)N1CC(Nc2cc3c(Nc4ccc(F)c(Cl)c4)ncnc3cc2OCCN2CCOCC2)C1,11.1,1,1
CHEMBL5921524,C=CC(=O)N1CC(Sc2cc3c(Nc4ccc(F)c(Cl)c4)ncnc3cc2OC)C1,6.05,1,2
CHEMBL6058480,C=CC(=O)N1CCC(Sc2cc3c(Nc4ccc(F)c(Cl)c4)ncnc3cc2OC)C1,251.0,1,1
CHEMBL6054367,C=CC(=O)N1CCC(Sc2cc3c(Nc4ccc(F)c(Cl)c4)ncnc3cc2OC)CC1,134.0,1,1
CHEMBL5789472,C=CC(=O)N1CCC(Nc2ccc3ncnc(Nc4ccc(F)c(Cl)c4)c3c2)CC1,19.5,1,1
CHEMBL5902883,Cc1nc(N(C)c2ccc3c(c2)OCC3)c2cc(C)oc2n1,226.0,1,1
CHEMBL5905340,Cc1nc(N(C)c2ccc3ccoc3c2)c2cc(C)oc2n1,307.0,1,1
CHEMBL5839813,COc1ccc2c(c1)CC(N(C)c1nc(C)nc3oc(C)cc13)N2,103.0,1,1
CHEMBL597365,CCN(CC)CCNC(=O)c1c(C)[nH]c(/C=C2\C(=O)Nc3cccc(F)c32)c1C,172.0,1,1
CHEMBL5934211,C#Cc1cccc(Nc2ncnc3cc(OCCOCC)c(NC(=O)/C=C/CN(C)C)cc23)c1,0.771,1,1
CHEMBL5904869,CCOCCOc1cc2ncnc(Nc3ccc(OCc4ccccn4)c(Cl)c3)c2cc1NC(=O)/C=C/CN(C)C,5.6049999999999995,1,2
CHEMBL4468146,CCOCCOc1cc2ncnc(Nc3ccc(F)c(Cl)c3)c2cc1NC(=O)/C=C\Cl,1.49,1,1
CHEMBL5806859,C=CC(=O)Nc1cc2c(Nc3ccc(F)c(Cl)c3)ncnc2cc1OCC1COC2(CCN(C)CC2)C1,1.0,1,2
CHEMBL5949054,C=CC(=O)Nc1cc2c(Nc3ccc(F)c(Cl)c3)ncnc2cc1OCC1CCC2(CCN(C)CC2)O1,0.93,1,2
CHEMBL5824131,C=CC(=O)Nc1cc2c(Nc3ccc(F)c(Cl)c3)ncnc2cc1OCC[C@@H]1[C@H]2CN(C)C[C@@H]12,0.66,1,2
CHEMBL5879850,C=CC(=O)Nc1cc2c(Nc3ccc(F)c(Cl)c3)ncnc2cc1OCCC1C2CCC1CN(C)C2,0.8,1,2
CHEMBL6008370,C=CC(=O)Nc1cc2c(Nc3ccc(F)c(Cl)c3)ncnc2cc1OCCC1CC12CCN(C)CC2,0.39,1,2
CHEMBL5816376,C=CC(=O)Nc1cc2c(Nc3ccc(F)c(Cl)c3)ncnc2cc1OCC1CC2(CCN(C)CC2)C1,1.0,1,2
CHEMBL5814374,C=CC(=O)Nc1cc2c(Nc3ccc(F)c(Cl)c3)ncnc2cc1OCCC1CC2(CCN(C)CC2)C1,0.56,1,2
CHEMBL5910757,C=CC(=O)Nc1cc(Nc2ncc(Cl)c(Nc3ccccc3C(=O)C(=O)N(C)C)n2)c(OC)cc1N1CCN(C)CC1,218.9,1,4
CHEMBL3893416,COc1cc2c(Nc3ccc(Cl)c(Cl)c3)ncnc2cc1OC[C@@H]1CO[C@H]2[C@@H]1OC[C@@H]2OC,525.0,1,1
CHEMBL5969564,COc1cc2c(Nc3ccc(Cl)c(Cl)c3F)ncnc2cc1OCC1CO[C@@H]2[C@@H](OC)CO[C@H]12,525.0,1,1
CHEMBL5910492,COc1cc2c(Nc3ccc(F)c(Cl)c3F)ncnc2cc1OCC1CO[C@@H]2[C@@H](OC)CO[C@H]12,525.0,1,1
CHEMBL3934134,COc1cc2c(Nc3ccc(Br)c(Cl)c3Cl)ncnc2cc1OC[C@@H]1CO[C@H]2[C@@H]1OC[C@@H]2OC,525.0,1,1
CHEMBL3900059,COc1cc2c(Nc3ccc(Cl)c(Cl)c3F)ncnc2cc1OC[C@@H]1CN2CCCC[C@@H]2C(=O)N1,525.0,1,1
CHEMBL3945072,COc1cc2c(Nc3ccc(Cl)c(Cl)c3F)ncnc2cc1OC[C@@H]1CN2CCC[C@@H]2C(=O)N1,525.0,1,1
CHEMBL3917294,COc1cc2c(Nc3ccc(Cl)c(Cl)c3)ncnc2cc1OCC1CN2CSC[C@H]2CO1,525.0,1,1
CHEMBL3929354,COc1cc2c(Nc3ccc(Br)c(Cl)c3)ncnc2cc1O[C@H]1CO[C@H]2[C@@H]1OC[C@H]2OC,525.0,1,1
CHEMBL5824767,COc1cc2c(Nc3ccc(F)cc3)ncnc2cc1O[C@@H]1CO[C@@H]2[C@H]1OC[C@H]2F,525.0,1,1
CHEMBL6000972,C=CC(=O)Nc1cc(Nc2ncc(CC)c(-c3cnn4ccccc34)n2)c(OC)cc1N(C)CCN(C)C,300.0,1,1
CHEMBL6040863,C=CC(=O)Nc1cc(Nc2ncnc(-c3c(C4=CCOCC4)n(C)c4ccccc34)n2)c(OC)cc1N(C)CCN(C)C,300.0,1,1
CHEMBL5897178,C=CC(=O)Nc1cc(Nc2ncnc(-c3c(-c4ccccc4)n(C)c4ccccc34)n2)c(OC)cc1N(C)CCN(C)C,300.0,1,1
CHEMBL6029316,C=CC(=O)Nc1cc(Nc2ncnc(-c3c(C4CCOCC4)n(C)c4ccccc34)n2)c(OC)cc1N(C)CCN(C)C,300.0,1,3
CHEMBL6009791,C=CC(=O)Nc1cc(Nc2nccc(-c3c(-c4ccc(OCc5ccccn5)c(Cl)c4)n(C)c4ccccc34)n2)c(OOC)cc1N(C)CCN(C)C,300.0,1,5
CHEMBL5747418,C=CC(=O)Nc1cc(Nc2nccc(-c3c(-c4cncc(Cl)c4)n(C)c4ccccc34)n2)c(OC)cc1N(C)CCN(C)C,300.0,1,1
CHEMBL5773016,C=CC(=O)Nc1cc(Nc2nccc(-c3c(-c4ccccc4)n(C)c4ccccc34)n2)c(OC)cc1N(C)CCN(C)C,300.0,1,2
CHEMBL5953610,C=CC(=O)Nc1cc(Nc2ncc(C(=O)OC)c(-c3cn(C)c4ccccc34)n2)c(OC)cc1N(C)CC1CCCN1C,300.0,1,1
CHEMBL5820070,C=CC(=O)Nc1ccc(OC)c(Nc2ncc(Cl)c(-c3cn(C)c4cc(OCCN5CCN(C)CC5)ccc34)n2)c1,300.0,1,1
CHEMBL5834572,C=CC(=O)Nc1ccc(OC)c(Nc2ncc(C#N)c(-c3cn(C)c4cc(OCCCN(C)C)ccc34)n2)c1,525.0,1,2
CHEMBL5844856,C=CC(=O)Nc1ccc(OC)c(Nc2ncc(C#N)c(-c3cn(C)c4cc(OCCN5CCCC5)ccc34)n2)c1,525.0,1,2
CHEMBL5766497,C=CC(=O)Nc1ccc(OC)c(Nc2ncc(C#N)c(-c3cn(C)c4cc(OCC5CCCN5C)ccc34)n2)c1,750.0,1,2
CHEMBL5780056,C=CC(=O)Nc1ccc(OC)c(Nc2ncc(Cl)c(-c3c[nH]c4cc(OCCN5CCCC5)ccc34)n2)c1,300.0,1,2
CHEMBL5854207,C=CC(=O)Nc1ccc(OC)c(Nc2ncc(C#N)c(-c3cn(C)c4cc(OCCC5CCCN5C)ccc34)n2)c1,525.0,1,2
CHEMBL5976731,C=CC(=O)Nc1cc(Nc2ncc(Cl)c(-c3cnn4ccccc34)n2)c(OC)cc1N(C)CCN1CCN(C)CC1,750.0,1,1
CHEMBL5905455,C=CC(=O)Nc1cc(Nc2ncc(Cl)c(-c3cnn4ccccc34)n2)c(OC)cc1N(C)CCN(C)CCF,525.0,1,2
CHEMBL5851317,C=CC(=O)Nc1cc(Nc2ncc(C(=O)O[C@@H]3CCOC3)c(-c3cn(C)c4ccccc34)n2)c(OC)cc1N(C)CCN(C)C,300.0,1,1
CHEMBL6034048,C=CC(=O)Nc1cc(Nc2ncc(NC(=O)C(C)C)c(-c3cn(C)c4ccccc34)n2)c(OC)cc1N(C)CCN(C)C,300.0,1,1
CHEMBL5787865,C=CC(=O)Nc1cc(Nc2ncc(N(C)C(=O)C(C)C)c(-c3cn(C)c4ccccc34)n2)c(OC)cc1N(C)CCN(C)C,300.0,1,3
CHEMBL5802671,C=CC(=O)Nc1cc(Nc2ncc(NC(=O)C(C)(C)C)c(-c3cn(C)c4ccccc34)n2)c(OC)cc1N(C)CCN(C)C,525.0,1,2
CHEMBL5763922,C=CC(=O)Nc1cc(Nc2ncc(Cl)c(-c3cn(C)c4c5c(ccc34)CCC5)n2)c(OC)cc1N(C)CCN(C)C,300.0,1,1
CHEMBL6022292,C=CC(=O)Nc1cc(Nc2ncc(Cl)c(-c3cn(C)c4ccccc34)n2)c(OC)cc1O[C@@H](COCC)CN(C)C,525.0,1,2
CHEMBL5752500,C=CC(=O)Nc1cc(Nc2ncc(Cl)c(-c3cn(C)c4ccccc34)n2)c(OC)cc1C#CCN(C)C,525.0,1,2
CHEMBL5828176,C=CC(=O)Nc1cc(Nc2ncc(Cl)c(-c3cn(C)c4ccccc34)n2)c(OC)cc1C#CC(C)(C)N(C)C,525.0,1,2
CHEMBL6058583,C=CC(=O)Nc1cc(Nc2ncc(Cl)c(-c3cnn4ccccc34)n2)c(OC)cc1OC(COC)CN(CC)CC,525.0,1,2
CHEMBL5776043,C=CC(=O)Nc1cc(Nc2ncc(Cl)c(-c3cnn4ccccc34)n2)c(OC)cc1OC(COC)CN(C)C,750.0,1,1
CHEMBL5870314,C=CC(=O)Nc1cc(Nc2ncc(Cl)c(-c3cnn4ccccc34)n2)c(OC)cc1OCCN1CCCC1,525.0,1,2
CHEMBL5930490,C=CC(=O)Nc1cc(Nc2ncc(Cl)c(-c3cnn4ccccc34)n2)c(OC)cc1OCCN(C)C,300.0,1,2
CHEMBL5749382,C=CC(=O)Nc1cc(Nc2ncc(Cl)c(-c3cnn4ccccc34)n2)c(OC)cc1N(C)CCN(CC)CC,525.0,1,2
CHEMBL5907594,C=CC(=O)Nc1cc(Nc2ncc(Cl)c(-c3cnn4ccccc34)n2)c(OC)cc1N(C)CCN1CCOCC1,750.0,1,1
CHEMBL5820028,C=CC(=O)Nc1cc(Nc2ncc(Cl)c(-c3cnn4ccccc34)n2)c(OC)cc1N1CCC(N(C)C)C1,300.0,1,1
CHEMBL5888021,C=CC(=O)Nc1cc(Nc2ncc(C(=O)OC(C)C)c(-n3ccc4ccccc43)n2)c(OC)cc1N(C)C[C@H]1CCCN1C,300.0,1,1
CHEMBL5867445,C=CC(=O)Nc1cc(Nc2ncc(C(=O)OC(C)C)c(-c3coc4ccccc34)n2)c(OC)cc1N(C)C[C@H]1CCCN1C,300.0,1,1
CHEMBL5769174,C=CC(=O)Nc1cc(Nc2ncc(C(=O)OC)c(-n3ccc4ccccc43)n2)c(OC)cc1N(C)C[C@H]1CCCN1C,750.0,1,1
CHEMBL5818238,C=CC(=O)Nc1cc(Nc2ncc(C(=O)OC)c(-c3cn(C)c4ccccc34)n2)c(OC)cc1C#CCN(C)C,525.0,1,2
CHEMBL5936272,C=CC(=O)Nc1cc(Nc2ncc(C(=O)OC)c(-c3cn(C)c4ccccc34)n2)c(OC)cc1CCCN(C)C,525.0,1,2
CHEMBL5812980,C=CC(=O)Nc1cc(Nc2nccc(-c3cn(CC(N)=O)c4ccccc34)n2)c(OC)cc1N(C)CCN(C)C,300.0,1,1
CHEMBL5880754,C=CC(=O)Nc1cc(Nc2ncc(CC)c(-c3cn(CC(N)=O)c4ccccc34)n2)c(OC)cc1N(C)CCN(C)C,300.0,1,1
CHEMBL5938417,C=CC(=O)Nc1cc(Nc2ncc(CC)c(-c3cn(CC(=O)NC)c4ccccc34)n2)c(OC)cc1N(C)CCN(C)C,300.0,1,1
CHEMBL5853466,C=CC(=O)Nc1cc(Nc2ncc(C(=O)OC(C)C)c(-c3cn(C)c4ncccc34)n2)c(OC)cc1N(C)CCNC,300.0,1,2
CHEMBL5824145,C=CC(=O)Nc1cc(Nc2ncc(C(=O)OC)c(-c3cn(N(C)C)c4ccccc34)n2)c(OC)cc1F,525.0,1,2
CHEMBL5949541,C=CC(=O)Nc1cc(Nc2nccc(-c3cn(C)c4ccc(C(=O)OC)cc34)n2)c(OC)cc1N(C)CCN(C)C,525.0,1,2
CHEMBL5804325,C=CC(=O)Nc1cc(Nc2nccc(-c3cn(C)c4cc(C(=O)OC)ccc34)n2)c(OC)cc1N(C)CCN(C)C,300.0,1,2
CHEMBL5978450,C=CC(=O)Nc1cc(Nc2nccc(-c3cn(C)c4c(C(=O)OC)cccc34)n2)c(OC)cc1N(C)CCN(C)C,300.0,1,2
CHEMBL5942093,C=CC(=O)Nc1cc(Nc2nccc(-c3cn(C)c4cc(C(=O)OC(C)C)ccc34)n2)c(OC)cc1N(C)CCN(C)C,750.0,1,2
CHEMBL5978253,C=CC(=O)Nc1cc(Nc2nccc(-c3cn(C)c4c(C(=O)OC(C)C)cccc34)n2)c(OC)cc1N(C)CCN(C)C,300.0,1,2
CHEMBL5892565,C=CC(=O)Nc1cc(Nc2nccc(-c3c(C(=O)OC)n(C)c4ccccc34)n2)c(OC)cc1N(C)CCN(C)C,750.0,1,1
CHEMBL5870116,C=CC(=O)Nc1cc(Nc2nccc(-c3c(C(=O)OC(C)C)n(C)c4ccccc34)n2)c(OC)cc1N(C)CCN(C)C,525.0,1,2
CHEMBL6007834,C=CC(=O)Nc1cc(Nc2nccc(-c3c(C#N)n(C)c4ccccc34)n2)c(OC)cc1N(C)CCN(C)C,300.0,1,1
CHEMBL5821080,C=CC(=O)Nc1cc(Nc2nccc(-c3cn(C)c4cc(C#N)ccc34)n2)c(OC)cc1N(C)CCN(C)C,300.0,1,1
CHEMBL5780612,C=CC(=O)Nc1cc(Nc2nccc(-c3c(C(N)=O)n(C)c4ccccc34)n2)c(OC)cc1N(C)CCN(C)C,525.0,1,2
CHEMBL5960275,C=CC(=O)Nc1cc(Nc2nccc(-c3c(C(=O)NC)n(C)c4ccccc34)n2)c(OC)cc1N(C)CCN(C)C,300.0,1,3
CHEMBL5938217,C=CC(=O)Nc1cc(Nc2nccc(-c3c(C(=O)N(C)C)n(C)c4ccccc34)n2)c(OC)cc1N(C)CCN(C)C,300.0,1,1
CHEMBL5848181,C=CC(=O)Nc1cc(Nc2nccc(-c3c(C(=O)NCCOC)n(C)c4ccccc34)n2)c(OC)cc1N(C)CCN(C)C,750.0,1,3
CHEMBL5741017,C=CC(=O)Nc1cc(Nc2nccc(-c3cn(C)c4cc(-c5cnn(C)c5)ccc34)n2)c(OC)cc1N(C)CCN(C)C,300.0,1,1
CHEMBL5946842,C=CC(=O)Nc1cc(Nc2ncc(P(C)(C)=O)c(-c3cn(C)c4ccccc34)n2)c(OC)cc1N(C)CCN(C)C,300.0,1,2
CHEMBL6058940,C=CC(=O)Nc1cc(Nc2ncc(C(=O)OC(C)C)c(-n3cc(C)c4ccccc43)n2)c(OC)cc1N(C)CCN(C)C,300.0,1,2
CHEMBL5838931,C=CC(=O)Nc1cc(Nc2ncc(NC(=O)NC)c(-c3cn(C)c4ccccc34)n2)c(OC)cc1N(C)CCN(C)C,750.0,1,1
CHEMBL5949708,CCOc1cc2ncc(C#N)c(Nc3ccc(F)c(Cl)c3)c2cc1NC(=O)C1CCSS1,50.0,1,1
CHEMBL5900269,CCOc1cc2ncc(C#N)c(Nc3ccc(F)c(Cl)c3)c2cc1NC(=O)CC(CCSCc1ccccc1)SCc1ccccc1,5500.0,0,1
CHEMBL6012697,CC(=O)SCC(CSC(C)=O)C(=O)Nc1ccc2ncc(C#N)c(Nc3ccc(OCc4cccc(F)c4)c(Cl)c3)c2c1,300.0,1,2
CHEMBL5876067,N#Cc1cnc2cc(OC[C@H](O)CO)c(NC(=O)C[C@H]3CCSS3)cc2c1Nc1ccc(OCc2cccc(F)c2)c(Cl)c1,300.0,1,2
CHEMBL5992872,N#Cc1cnc2cc(OC[C@H](O)CO)c(NC(=O)CC3CCSS3)cc2c1Nc1ccc(OCc2cccc(F)c2)c(Cl)c1,300.0,1,2
CHEMBL5815306,N#Cc1cnc2cc(OC[C@@H](O)CO)c(NC(=O)C[C@@H]3CCSS3)cc2c1Nc1ccc(OCc2cccc(F)c2)c(Cl)c1,300.0,1,2
CHEMBL5849328,N#Cc1cnc2cc(OC[C@@H](O)CO)c(NC(=O)C[C@H]3CCSS3)cc2c1Nc1ccc(OCc2cccc(F)c2)c(Cl)c1,300.0,1,2
CHEMBL5923332,COc1cc2ncnc(Nc3ccc(OCc4cccc(F)c4)c(Cl)c3)c2cc1NC(=O)C(CSC(N)=O)CSC(N)=O,50.0,1,2
CHEMBL5842396,N#CN1CCCC(n2nc(-c3ccc(Oc4ccccc4)cc3)c(C(N)=O)c2N)C1,1710.0,0,2
CHEMBL6031063,N#CN1CCCC(n2nc(-c3ccc(Oc4ccc(Cl)cc4)cc3)c(C(N)=O)c2N)C1,3890.0,0,1
CHEMBL6047250,N#CN1CCCC(n2nc(-c3ccc(Oc4ccc(F)cc4F)cc3)c(C(N)=O)c2N)C1,16800.0,0,2
CHEMBL6048351,C=CC(=O)N1CCC[C@H](n2nc(-c3ccc(Oc4ccccc4)cc3)c(C(N)=O)c2N)C1,802.0,1,2
CHEMBL4520801,C=CC(=O)N1CCC[C@@H](n2nc(-c3ccc(Oc4ccc(Cl)cc4)cc3)c(C(N)=O)c2N)C1,7.9,1,1
CHEMBL4437721,NC(=O)c1c(-c2ccc(Oc3ccc(Cl)cc3)cc2)nn([C@@H]2CCCN(C(=O)/C=C/CO)C2)c1N,2200.0,0,1
CHEMBL5752119,C=CC(=O)N1CCCC(n2nc(-c3ccc(Oc4ccc(F)cc4F)cc3)c(C(N)=O)c2N)C1,119.8,1,4
CHEMBL5936062,NC(=O)c1c(-c2ccc(Oc3ccc(F)cc3F)cc2)nn(C2CCCN(C(=O)/C=C/C(F)F)C2)c1N,274.0,1,2
CHEMBL5969574,NC(=O)c1c(-c2ccc(Oc3ccc(F)cc3F)cc2)nn(C2CCCN(C(=O)/C=C/CF)C2)c1N,2180.0,0,1
CHEMBL6010524,NC(=O)c1c(-c2ccc(Oc3ccc(F)cc3F)cc2)nn(C2CCCN(C(=O)/C=C/CO)C2)c1N,12100.0,0,1
CHEMBL6062851,C=CC(=O)N1CCCC(n2nc(-c3ccc(Oc4ncc(Cl)cc4F)cc3)c(C(N)=O)c2N)C1,2.9,1,1
CHEMBL6062820,NC(=O)c1c(-c2ccc(Oc3ncc(Cl)cc3F)cc2)nn(C2CCCN(C(=O)/C=C/C(F)F)C2)c1N,106.0,1,1
CHEMBL5764550,NC(=O)c1c(-c2ccc(Oc3ncc(Cl)cc3F)cc2)nn(C2CCCN(C(=O)/C=C/CF)C2)c1N,381.0,1,1
CHEMBL5984480,C=CC(=O)N1CCCC(n2nc(-c3ccc(Oc4ccc(Cl)cn4)cc3)c(C(N)=O)c2N)C1,29.7,1,1
CHEMBL5991165,NC(=O)c1c(-c2ccc(Oc3ccc(Cl)cn3)cc2)nn(C2CCCN(C(=O)/C=C/C(F)F)C2)c1N,311.0,1,1
CHEMBL5903829,NC(=O)c1c(-c2ccc(Oc3ccc(Cl)cn3)cc2)nn(C2CCCN(C(=O)/C=C/CF)C2)c1N,890.0,1,2
CHEMBL5774120,C=CC(=O)N1CCCC(n2nc(-c3ccc(Oc4cccc(C(F)(F)F)n4)cc3)c(C(N)=O)c2N)C1,89.8,1,2
CHEMBL5994880,NC(=O)c1c(-c2ccc(Oc3cccc(C(F)(F)F)n3)cc2)nn(C2CCCN(C(=O)/C=C/CO)C2)c1N,14100.0,0,2
CHEMBL5949878,NC(=O)c1c(-c2ccc(Oc3cccc(C(F)(F)F)n3)cc2)nn(C2CCCN(C(=O)/C=C/C(F)F)C2)c1N,1190.0,0,2
CHEMBL5804933,NC(=O)c1c(-c2ccc(Oc3cccc(C(F)(F)F)n3)cc2)nn(C2CCCN(C(=O)/C=C/CF)C2)c1N,3360.0,0,2
CHEMBL5980602,C=CC(=O)Nc1cc(Nc2nc(-c3cnn(C)c3)c3cc[nH]c3n2)c(OC)cc1N(C)CCN(C)C,22.0,1,3
CHEMBL5853655,C=CC(=O)Nc1cc(Nc2nc(N3CCOCC3)c3cc[nH]c3n2)c(OC)cc1N(C)CCN(C)C,45.0,1,1
CHEMBL5940713,C=CC(=O)Nc1cc(Nc2nc(OC3CN(S(C)(=O)=O)C3)c3ccn(CO)c3n2)c(OC)cc1N(C)CCN(C)C,46.5,1,2
CHEMBL6001620,C=CC(=O)Nc1cc(Nc2nc(-c3cnc4c(ccn4C)c3)c3cc[nH]c3n2)c(OC)cc1N(C)CCN(C)C,20.0,1,2
CHEMBL6050403,C=CC(=O)Nc1cc(Nc2nc(-c3cn(C)c4ccccc34)c3cc[nH]c3n2)c(OC)cc1N(C)CCN(C)C,9.0,1,2
CHEMBL5822102,C=CC(=O)Nc1cc(Nc2nc(-c3cccnc3)c3cc[nH]c3n2)c(OC)cc1N(C)CCN(C)C,180.0,1,2
CHEMBL5939053,C=CC(=O)Nc1cc(Nc2nc(-c3ccccc3)c3cc[nH]c3n2)c(OC)cc1N(C)CCN(C)C,167.5,1,2
CHEMBL5766029,C=CC(=O)Nc1cc(Nc2nc(-c3cnn(C)c3)c3cc[nH]c3n2)c(OC)cc1OCCN(C)C,301.0,1,2
CHEMBL5749776,C=CC(=O)Nc1cc(Nc2nc(-c3cnn(C)c3)c3cc[nH]c3n2)c(OC)cc1N1CC(N(C)C)C1,197.0,1,1
CHEMBL6062221,C=CC(=O)Nc1cc(Nc2nc(-c3cnn(C)c3)c3cc[nH]c3n2)c(OC)cc1N1CCN(C)CC1,98.0,1,1
CHEMBL5883660,C=CC(=O)Nc1cc(Nc2nc(-c3cnn(C)c3)c3c(Cl)c[nH]c3n2)c(OC)cc1N1CCN(C)CC1,51.0,1,1
CHEMBL5837440,C=CC(=O)Nc1cc(Nc2nc(-c3cnn(C)c3)c3c(C)c[nH]c3n2)c(OC)cc1N1CCC(N(C)C)CC1,110.0,1,1
CHEMBL5894338,C=CC(=O)Nc1cccc(-c2nc(Nc3ccc(N(C)CCN(C)C)cc3OC)nc3[nH]ccc23)c1,1002.0,0,1
CHEMBL3182647,C=CC(=O)N1CCCC(n2nc(-c3ccc(Oc4ccccc4)cc3)c3c(N)ncnc32)C1,1.3,1,1
CHEMBL5946057,C=CC(=O)Nc1cccc(Nc2nc(Nc3ccc(N4CCN(C(C)=O)CC4)cc3OC)ncc2C(F)(F)F)n1,164.35,1,2
CHEMBL5945683,C=CC(=O)Nc1cccc(Nc2nc(Nc3ccc(C4CCN(C(C)=O)CC4)cc3OC)ncc2C(F)(F)F)c1,279.1,1,2
CHEMBL5766471,C=CC(=O)Nc1cccc(Nc2nc(Nc3ccc(C4=CCN(C(C)=O)CC4)cc3OC)ncc2C(F)(F)F)c1,351.85,1,2
CHEMBL5966699,C=CC(=O)Nc1cccc(Nc2nc(Nc3cc4c(cc3OC)CN(C(C)=O)CC4)ncc2C(F)(F)F)c1,326.5,1,2
CHEMBL5747033,C=CC(=O)Nc1cccc(Nc2nc(Nc3ccc(C4CCN(C(C)=O)CC4)cc3OC)ncc2C(F)(F)F)n1,215.1,1,2
CHEMBL5760659,C=CC(=O)Nc1cccc(Nc2nc(Nc3ccc(C4=CCN(C(C)=O)CC4)cc3OC)ncc2C(F)(F)F)n1,501.95,1,2
CHEMBL5900674,C=CC(=O)Nc1cccc(Nc2nc(Nc3ccc(N4CC5CCC(C4)N5C(C)=O)cc3OC)ncc2C(F)(F)F)c1,169100.0,0,2
CHEMBL5894042,C=CC(=O)Nc1cccc(Nc2nc(Nc3ccc4c(c3OC)CN(C(C)=O)CC4)ncc2C(F)(F)F)c1,692500.0,0,2
CHEMBL5789285,C=CC(=O)Nc1cccc(Nc2nc(Nc3ccc(C4CCN(CCF)C(=O)C4)cc3OC)ncc2C(F)(F)F)c1,148950.0,0,2
CHEMBL6016889,C=CC(=O)Nc1cccc(Nc2nc(Nc3ccc(C4CCN(C(=O)CCF)CC4)cc3OC)ncc2C(F)(F)F)c1,345050.0,0,2
CHEMBL5769479,C=CC(=O)Nc1cccc(Nc2nc(Nc3ccc(C4CCN(CCF)CC4)cc3OC)ncc2C(F)(F)F)c1,12755.0,0,2
CHEMBL6049383,C=CC(=O)Nc1cccc(Nc2nc(Nc3ccc(C4CCN(S(C)(=O)=O)CC4)cc3OC)ncc2C(F)(F)F)c1,62.0,1,6
CHEMBL5767529,C=CC(=O)Nc1cccc(Nc2nc(Nc3ccc(N4CCC(N5CCOCC5)CC4)cc3OC)ncc2C(F)(F)F)c1,8.25,1,6
CHEMBL5977533,C=CC(=O)Nc1cccc(Nc2nc(Nc3ccc(C4CCN(C)CC4)cc3OC)ncc2C(F)(F)F)c1,5660.0,0,2
CHEMBL5886380,C=CC(=O)Nc1cccc(Nc2nc(Nc3cccc4c3CCN(C(C)=O)C4)ncc2C(F)(F)F)c1,646950.0,0,2
CHEMBL5746124,C=CC(=O)Nc1cccc(Nc2nc(Nc3ccc(C4CCN(C5COC5)CC4)cc3OC)ncc2C(F)(F)F)c1,41700.0,0,2
CHEMBL6032965,C=CC(=O)Nc1cccc(Nc2nc(Nc3ccc(OCCCS(C)(=O)=O)cc3OC)ncc2C(F)(F)F)c1,81300.0,0,2
CHEMBL6013487,C=CC(=O)Nc1cccc(Nc2ncc(C)c(Nc3cccc(C)c3)n2)c1,55.0,1,3
CHEMBL5846455,C=CC(=O)Nc1cccc(Nc2ncc(C)c(Nc3cccc(Br)c3)n2)c1,55.0,1,6
CHEMBL5752831,Cc1cnc(Nc2cccc(S(N)(=O)=O)c2)nc1Nc1ccc2c(c1)CCN(S(=O)(=O)C1CC1)C2,55.0,1,6
CHEMBL5898708,C=CC(=O)Nc1cccc(Nc2ncc(C)c(Nc3ccc(Oc4ccccc4)cc3)n2)c1,550.0,1,5
CHEMBL5780712,C=CC(=O)N1CCCC(Nc2nc(Nc3ccccc3)ncc2C)C1,55.0,1,3
CHEMBL5791105,C=CC(=O)Nc1cccc(Nc2nc(Nc3ccccc3)ncc2F)c1,55.0,1,3
CHEMBL5758784,C=CC(=O)Nc1cccc(N(C)c2nc(Nc3ccccc3)ncc2C)c1,550.0,1,2
CHEMBL5798780,C#CCOc1cccc(Nc2ncc(C)c(Nc3cccc(NC(=O)C=C)c3)n2)c1,55.0,1,3
CHEMBL5795317,Cc1cnc(Nc2ccccc2)nc1Nc1cccc(NC(=O)/C=C/CN(C)C)c1,55.0,1,3
CHEMBL5979972,C=CC(=O)Nc1ccc(Nc2nc(Nc3ccccc3)ncc2C)cc1,800.0,1,4
CHEMBL5756489,C=CC(=O)Nc1cccc(Nc2nc(Nc3cccc(OCCCNC(=O)OC(C)(C)C)c3)ncc2C)c1,550.0,1,2
CHEMBL5781806,C=CC(=O)Nc1ccc(C)c(Nc2nccc(-c3cccnc3)n2)c1,55.0,1,6
CHEMBL5836125,CCC(=O)Nc1cccc(Nc2nc(Nc3ccccc3)ncc2C)c1,3275.0,0,4
CHEMBL5747706,C=CC(=O)Nc1cccc(Nc2nc(Nc3ccc(O[C@H]4CCOC4)nc3)ncc2F)c1,55.0,1,3
CHEMBL5900800,C=CC(=O)Nc1cccc(Nc2nc(Nc3ccc(Cl)c(OCCCS(C)(=O)=O)c3)ncc2F)c1,550.0,1,2
CHEMBL6017173,C/C=C/C(=O)OCc1ccc(Nc2nc(Nc3ccccc3)ncc2C)cc1,3275.0,0,2
CHEMBL5948101,C=CC(=O)Nc1cccc(Nc2nc(Nc3ccc(O[C@@H]4CCOC4)nc3)ncc2F)c1,55.0,1,3
CHEMBL5830860,C=CC(=O)Nc1cccc(Nc2nc(Nc3ccc(OCCN4CCCC4=O)nc3)ncc2F)c1,55.0,1,3
CHEMBL6028598,C=C(C#N)C(O)c1cccc(Nc2nc(Nc3ccc(OCCOC)cc3)ncc2F)c1,55.0,1,3
CHEMBL5857633,C=CC(=O)Nc1cccc(Nc2nc(Nc3ccc(Cl)c(OC)c3)ncc2F)c1,550.0,1,2
CHEMBL5950512,C=CC(=O)Nc1cccc(Nc2nc(Nc3ccc(N(C)CCOC)nc3)ncc2F)c1,55.0,1,3
CHEMBL6025324,C=CC(=O)Nc1cccc(Nc2nc(Nc3ccc(OC4CCC4)nc3)ncc2F)c1,550.0,1,2
CHEMBL5975408,C=CC(=O)Nc1cccc(Nc2nc(Nc3ccc(OCCCS(C)(=O)=O)nc3)ncc2F)c1,55.0,1,4
CHEMBL5955406,C=CC(=O)Nc1cccc(Nc2nc(Nc3cccc(N4CCN(CCO)CC4)c3)ncc2F)c1,55.0,1,3
CHEMBL5792698,C=C(Cn1cccn1)C(=O)Nc1cccc(Nc2nc(Nc3ccc(OCCOC)cc3)ncc2F)c1,3275.0,0,2
CHEMBL5812101,C=CC(=O)Nc1cccc(Nc2nc(Nc3ccc(OCc4ccccn4)c(Cl)c3)ncc2F)c1,3275.0,0,2
CHEMBL6016935,C=CC(=O)Nc1cc(Nc2nc(Nc3ccc(OCCOC)cc3)ncc2F)ccc1F,55.0,1,3
CHEMBL5995813,COCCOc1ccc(Nc2ncc(F)c(Nc3cccc(NC(=O)/C=C/CN4CC[C@H](O)C4)c3)n2)cc1,55.0,1,3
CHEMBL5939316,COCCOc1ccc(Nc2ncc(F)c(Nc3cccc(NC(=O)/C=C/CN4CC[C@@H](O)C4)c3)n2)cc1,55.0,1,3
CHEMBL5746419,C=CC(=O)Nc1cccc(Nc2nc(Nc3cccc(OC(C)(C)CO)c3)ncc2F)c1,55.0,1,3
CHEMBL5815423,C=CC(=O)Nc1cccc(Nc2nc(Nc3ccc(OCCN4CCCC4=O)cc3)ncc2F)c1,55.0,1,3
CHEMBL5854211,C=CC(=O)Nc1cccc(Nc2nc(Nc3ccc(OC(C)(C)CO)cc3)ncc2F)c1,55.0,1,3
CHEMBL6033285,C=CC(=O)N1CCc2ccc(Nc3nc(Nc4ccc(OCCOC)cc4)ncc3F)cc21,550.0,1,2
CHEMBL6022830,C=CC(=O)Nc1cccc(Nc2nc(Nc3ccc(OC)nc3)ncc2F)c1,550.0,1,5
CHEMBL6044013,C=CC(=O)Nc1cccc(Nc2nc(Nc3ccc(OCCOC)c(F)c3)ncc2F)c1,55.0,1,3
CHEMBL5773640,C=CC(=O)Nc1cccc(Nc2nc(Nc3ccc(OCCCS(C)(=O)=O)cc3)ncc2F)c1,302.5,1,2
CHEMBL5780851,C=C(Cn1cccn1)C(=O)Nc1cccc(Nc2ncc(F)c(Nc3cccc(C)c3)n2)c1,550.0,1,2
CHEMBL6021032,Cc1cccc(Nc2nc(Nc3cccc(NC(=O)/C=C/Cn4cccn4)c3)ncc2F)c1,3275.0,0,2
CHEMBL5984505,Cc1cccc(Nc2nc(Nc3cccc(NC(=O)/C=C/CN4CC5CC4CN5)c3)ncc2F)c1,55.0,1,3
CHEMBL5773851,Cc1cccc(Nc2nc(Nc3cccc(NC(=O)/C=C/CN4CCOCC4)c3)ncc2F)c1,550.0,1,2
CHEMBL5763010,C=CC(=O)Nc1cccc(Nc2nc(Nc3ccc(OCCOC)nc3)ncc2F)c1,55.0,1,3
CHEMBL6056251,C=CC(=O)Nc1cccc(Nc2nc(Nc3cccc(OCCO)c3)ncc2F)c1,55.0,1,3
CHEMBL5840835,C=CC(=O)N1Cc2ccc(Nc3ncc(F)c(Nc4cccc(C#N)c4)n3)cc2C1,3275.0,0,2
CHEMBL5877896,C=CC(=O)Nc1cc(Nc2nc(Nc3ccc(OC(C)C)nc3)ncc2F)ccc1Cl,550.0,1,2
CHEMBL5833997,C=CC(=O)Nc1cc(Nc2nc(Nc3ccc(OCCOC)cc3)ncc2F)ccc1Cl,550.0,1,2
CHEMBL6014788,C=CC(=O)Nc1cccc(Nc2nc(Nc3cccc(OCC(=O)N4CCOCC4)c3)ncc2F)c1,55.0,1,3
CHEMBL5897274,C=CC(=O)N(C)Cc1ccc(Oc2nc(Nc3cccc(OCCCN4CCCC4=O)c3)ncc2F)cc1,550.0,1,2
CHEMBL6026968,C=CC(=O)Nc1cccc(Nc2nc(Nc3ccc4c(c3)N(C(C)=O)CCO4)ncc2F)c1,55.0,1,3
CHEMBL5802687,C=CC(=O)N(C)Cc1ccc(Nc2nc(Nc3cccc(OC)c3)ncc2F)cc1,550.0,1,2
CHEMBL5898353,C=CC(=O)N(C)Cc1ccc(Nc2nc(Nc3ccc(OC)nc3)ncc2F)cc1,3275.0,0,2
CHEMBL5826446,C=CC(=O)N(C)Cc1cccc(Nc2nc(Nc3cccc(OC)c3)ncc2F)c1,3275.0,0,2
CHEMBL5886008,C=CC(=O)N(C)Cc1ccc(Oc2nc(Nc3ccc(OC)nc3)ncc2F)cc1,3275.0,0,2
CHEMBL5954027,C=CC(=O)Nc1cccc(Nc2nc(Nc3cccc(OCC(C)(C)O)c3)ncc2F)c1,55.0,1,3
CHEMBL5873524,Cc1cccc(Nc2nc(Nc3cccc(NC(=O)/C=C/CN4C[C@@H](C)N[C@@H](C)C4)c3)ncc2F)c1,550.0,1,2
CHEMBL5844546,C=CC(=O)Nc1cccc(Nc2nc(Nc3ccc(OCCO)nc3)ncc2C(C)=O)c1,55.0,1,3
CHEMBL5966545,C=CC(=O)Nc1cccc(Nc2nc(Nc3ccc(OCCOC)nc3)ncc2C(C)=O)c1,55.0,1,3
CHEMBL5950819,Cc1cccc(Nc2nc(Nc3cccc(NC(=O)/C=C/CN4CCC4)c3)ncc2F)c1,55.0,1,3
CHEMBL5920414,C=CC(=O)Nc1cccc(Nc2nc(Nc3ccc(OCCOC)cc3)ncc2C(C)=O)c1,55.0,1,3
CHEMBL6025850,COc1ccc(Nc2ncc(F)c(Nc3cccc(NC(=O)/C=C/CN(C)C)c3)n2)cn1,550.0,1,2
CHEMBL6039812,C=CC(=O)Nc1cccc(Nc2nc(Nc3ccc4c(c3)N(C)CCO4)ncc2F)c1,55.0,1,3
CHEMBL6046464,C=CC(=O)Nc1cccc(N(C)c2nc(Nc3ccc4c(c3)N(C)CCO4)ncc2F)c1,550.0,1,2
CHEMBL5746567,C=CC(=O)N1CCOc2ccc(Nc3nc(Nc4ccc(OCCO)nc4)ncc3C(C)=O)cc21,55.0,1,3
CHEMBL6000527,C=CC(=O)N1CCOc2ccc(Nc3nc(Nc4ccc5c(c4)CC(=O)N5)ncc3C(C)=O)cc21,55.0,1,3
CHEMBL5982687,C=CC(=O)N1CCOc2ccc(Nc3ncc(F)c(Nc4ccc5c(c4)CC(=O)N5)n3)cc21,55.0,1,3
CHEMBL5778795,C=CC(=O)N1Cc2ccc(Nc3nc(Nc4cccc(OC)c4)ncc3C(F)(F)F)cc2C1,55.0,1,3
CHEMBL6011521,C=CC(=O)Nc1cccc(Nc2nc(Nc3cc(OC)c(OC)c(OC)c3)ncc2F)c1,550.0,1,3
CHEMBL5741005,C=CC(=O)Nc1cccc(Nc2nc(Nc3ccc(OC)c(OC)c3)ncc2F)c1,55.0,1,3
CHEMBL6052028,C=CC(=O)N1CCC[C@@H](Nc2nc(Nc3cccc(OCCN4CCOCC4)c3)ncc2F)C1,55.0,1,3
CHEMBL5979309,C=CC(=O)N(C)Cc1ccc(Oc2nc(Nc3cccc(OCCCS(C)(=O)=O)c3)ncc2F)cc1,550.0,1,2
CHEMBL5759845,C=CC(=O)Nc1cccc(Nc2nc(Nc3cccc(OCCCS(C)(=O)=O)c3)ncc2F)c1,55.0,1,3
CHEMBL5837449,C=CC(=O)Nc1cccc(Nc2nc(Nc3ccc(OCCOC)cc3)ncc2C2CC2)c1,55.0,1,3
CHEMBL5942546,C=CC(=O)Nc1cccc(Nc2nc(Nc3ccc4c(c3)N(S(C)(=O)=O)CCO4)ncc2F)c1,55.0,1,3
CHEMBL5882559,C=CC(=O)N1CCOc2ccc(Nc3nc(Nc4ccc(OCCOC)cc4)ncc3F)cc21,55.0,1,3
CHEMBL6001660,C=CC(=O)N1CCOc2ccc(Nc3nc(Nc4ccc(N(C)C(=O)C(F)(F)F)nc4)ncc3C(C)=O)cc21,55.0,1,3
CHEMBL5740925,C=CC(=O)Nc1cccc(Nc2nc(Nc3ccc4c(c3)N(C(=O)C(F)(F)F)CCO4)ncc2F)c1,55.0,1,3
CHEMBL5933081,C=CC(=O)N(C)Cc1ccc(Nc2nc(Nc3cccc(OCCN4CCCC4=O)c3)ncc2F)cc1,5500.0,0,1
CHEMBL5973763,C=CC(=O)C1CCOc2ccc(Nc3ncc(F)c(Nc4cccc(Cl)c4)n3)cc21,5500.0,0,1
CHEMBL5821130,C=CC(=O)Nc1cccc(Nc2nc(Nc3ccc4c(cnn4C(=O)OC(C)(C)C)c3)ncc2F)c1,55.0,1,3
CHEMBL5783875,C=CC(=O)N1CCOc2ccc(Nc3nc(Nc4ccc(N5CCCC5=O)cc4)ncc3C(C)=O)cc21,55.0,1,3
CHEMBL5994162,C=CC(=O)N1CCOc2ccc(Nc3nc(Nc4ccc5[nH]ncc5c4)ncc3C(C)=O)cc21,55.0,1,3
CHEMBL6015025,C=CC(=O)N1CCOc2ccc(Nc3nc(Nc4ccc5c(cnn5C)c4)ncc3C(C)=O)cc21,55.0,1,3
CHEMBL5970361,C=CC(=O)Nc1cccc(Nc2nc(Nc3cccc(OC)c3)ncc2OC)c1,55.0,1,3
CHEMBL5819792,C=C(C#N)C(O)c1ccc(Nc2nc(Nc3ccccc3)ncc2F)cc1,55.0,1,3
CHEMBL5964825,C=C(C#N)C(O)c1cccc(Nc2nc(Nc3cccc(OC(F)(F)F)c3)ncc2F)c1,3275.0,0,2
CHEMBL5934357,C=CC(=O)Nc1cccc(Nc2nc(Nc3cccc(OCCN4CCCC4=O)c3)ncc2F)c1,55.0,1,1
CHEMBL5778617,C=CC(=O)N1Cc2ccc(Nc3nc(Nc4ccc(OC)nc4)ncc3F)cc2C1,550.0,1,2
CHEMBL5756147,C=CC(=O)N1CCc2ccc(Nc3nc(Nc4ccc(OC)nc4)ncc3F)cc21,550.0,1,2
CHEMBL5776776,C=CC(=O)N1CCOc2ccc(Nc3nc(Nc4ccc(N5CCOCC5)nc4)ncc3C(C)=O)cc21,55.0,1,3
CHEMBL6029953,C=CC(=O)N1CCOc2ccc(Nc3nc(Nc4ccc(OC)cc4)ncc3C(C)=O)cc21,55.0,1,1
CHEMBL5878630,C=CC(=O)Nc1cccc(N(C(=O)C=C)c2nc(Nc3ccc(OC)nc3)ncc2C#N)c1,55.0,1,3
CHEMBL5940517,C=CC(=O)Nc1cccc(Nc2nc(Nc3ccc(OC(C)C)nc3)ncc2F)c1,550.0,1,2
CHEMBL5860263,C=CC(=O)Nc1cccc(Nc2nc(Nc3ccc4c(c3)N(C(=O)OC(C)(C)C)CCO4)ncc2F)c1,3275.0,0,2
CHEMBL5902375,C=CC(=O)N1CCCC(Oc2nc(Nc3ccc(OC)cc3)ncc2F)C1,550.0,1,1
CHEMBL6000015,C=CC(=O)Nc1cccc(Nc2nc(Nc3cccc(OCCCNC(=O)OC(C)(C)C)c3)ncc2F)c1,3275.0,0,2
CHEMBL5822838,C=C(C)C(=O)c1ccc(Nc2nc(Nc3ccccc3)ncc2F)cc1,55.0,1,3
CHEMBL5739768,C=CC(=O)N1CC(Nc2nc(Nc3ccc(OC)nc3)ncc2C(C)=O)C1,550.0,1,2
CHEMBL5858571,C=CC(=O)Nc1cccc(Nc2nc(Nc3ccc(OC)nc3)ncc2C(C)=O)c1,55.0,1,4
CHEMBL5922445,C=CC(=O)N1CCC[C@@H](Oc2nc(Nc3cccc(OC)c3)ncc2F)C1,550.0,1,2
CHEMBL6033743,C=CC(=O)N1CCCC(Oc2nc(Nc3ccc(OC)nc3)ncc2F)C1,1050.0,0,3
CHEMBL6054383,C=CC(=O)N1CCC[C@H](Oc2nc(Nc3ccc(OC)nc3)ncc2F)C1,3275.0,0,2
CHEMBL5913484,C=CC(=O)N1CCOc2ccc(Nc3nc(Nc4ccc(OC)nc4)ncc3F)cc21,55.0,1,3
CHEMBL6040634,C=CC(=O)N1CCC[C@@H](Nc2nc(Nc3cccc(OC)c3)ncc2F)C1,55.0,1,3
CHEMBL5836438,C=CC(=O)N1CCC[C@H](Nc2nc(Nc3cccc(OC)c3)ncc2F)C1,3275.0,0,2
CHEMBL6003806,C=CC(=O)N1CCC[C@H](Nc2nc(Nc3ccc(C=C)nc3)ncc2F)C1,550.0,1,1
CHEMBL6041177,C=C(C)C(=O)c1cccc(Nc2nc(Nc3cccc(OC(F)(F)F)c3)ncc2F)c1,55.0,1,3
CHEMBL6016272,C=CC(=O)N1CCC(Nc2nc(Nc3cccc(OC)c3)ncc2F)C1,55.0,1,3
CHEMBL5808792,C=CC(=O)N1CCC[C@@H](Nc2nc(Nc3ccc(OC)nc3)ncc2F)C1,550.0,1,2
CHEMBL5967217,C=CC(=O)N1CCC(Nc2nc(Nc3ccc(OC)nc3)ncc2F)C1,550.0,1,2
CHEMBL5892354,C=CC(=O)Nc1cccc(Nc2nc(Nc3cccc(OCCCn4ccnc4)c3)ncc2F)c1,55.0,1,3
CHEMBL5948133,C=CC(=O)NCc1cccc(Nc2nc(Nc3ccccc3)ncc2C)c1,55.0,1,3
CHEMBL5761295,CC(C)=CC(=O)c1ccc(Nc2nc(Nc3ccccc3)ncc2F)cc1,3275.0,0,2
CHEMBL5784829,CC(C)=CC(=O)c1cccc(Nc2nc(Nc3cccc(OCCN(C)C)c3)ncc2F)c1,550.0,1,2
CHEMBL5752981,C=CC(=O)Nc1cccc(Nc2nc(Nc3cccc(OCCCN4CCOCC4)c3)ncc2F)c1,55.0,1,3
CHEMBL5814409,C=CC(=O)Nc1cccc(Nc2nc(Nc3ccc(OC)nc3)ncc2C(N)=O)c1,55.0,1,3
CHEMBL5891594,C=CC(=O)Nc1cccc(Nc2nc(Nc3cccc(OC)c3)ncc2C(N)=O)c1,55.0,1,3
CHEMBL5995996,C#CCOc1cccc(Nc2ncc(F)c(Nc3cccc(C(=O)C=C(C)C)c3)n2)c1,3275.0,0,2
CHEMBL5823520,C=CC(=O)Nc1cccc(Nc2ncc(F)c(Oc3ccc(Oc4ccccc4)cc3)n2)c1,3275.0,0,2
CHEMBL5827561,COc1cccc(Nc2ncc(C(F)(F)F)c(N[C@@H]3CCC[C@H](C(=O)C=C(C)C)C3)n2)c1,550.0,1,2
CHEMBL5893212,C=CC(=O)Nc1ccc(Nc2nc(Nc3cncc(OC)c3)ncc2C(F)(F)F)cc1,550.0,1,2
CHEMBL5985220,C=CC(=O)Nc1cccc(Nc2nc(Nc3cccc(OCCCNC(=O)CCCC(=O)NCCCOCCOCCOCCCNC(=O)CCCC[C@@H]4SC[C@@H]5NC(=O)N[C@@H]54)c3)ncc2C)c1,55.0,1,3
CHEMBL5980570,C=CC(=O)Nc1cccc(Nc2nc(Nc3ccc(OC)nc3)ncc2C(C)(C)C)c1,5500.0,0,1
CHEMBL5984973,C=CC(=O)Nc1cccc(Oc2nc(Nc3ccc(OC)nc3)ncc2F)c1,55.0,1,3
CHEMBL5836521,C=CC(=O)N(C)Cc1ccc(Nc2nc(Nc3ccccc3)ncc2C)cc1,55.0,1,3
CHEMBL5928380,C=CC(=O)N(C)Cc1cccc(Nc2nc(Nc3ccccc3)ncc2C)c1,550.0,1,2
CHEMBL5762278,C=CC(=O)Nc1cccc(Nc2nc(Nc3ccccc3)ncc2C(=O)NC2CC2)c1,55.0,1,3
CHEMBL5874947,C=CC(=O)Nc1cccc(Nc2nc(Nc3ccccc3)ncc2C(=O)Nc2ccccc2)c1,550.0,1,2
CHEMBL5795501,CC(C)=CC(=O)c1cccc(Nc2nc(Nc3cccc(OC(F)(F)F)c3)ncc2F)c1,3275.0,0,2
CHEMBL5755010,CC(C)=CC(=O)c1cccc(Nc2nc(Nc3cccc(S(N)(=O)=O)c3)ncc2C)c1,550.0,1,2
CHEMBL5779638,COc1cccc(Nc2ncc(C(F)(F)F)c(Nc3cccc(C(=O)C=C(C)C)c3)n2)c1,3275.0,0,2
CHEMBL5844933,C=CC(=O)NCc1cccc(Nc2nc(Nc3cccc(OC)c3)ncc2C(F)(F)F)c1,3275.0,0,2
CHEMBL5929629,C=CC(=O)Nc1cc(Nc2nc(Nc3cccc(OC)c3)ncc2C(F)(F)F)ccc1Cl,550.0,1,2
CHEMBL5822224,C=CC(=O)Nc1cccc(Oc2nc(Nc3ccccc3)ncc2F)c1,55.0,1,3
CHEMBL5835925,C=CC(=O)N1CCC(Nc2nc(Nc3ccccc3)ncc2F)CC1,3275.0,0,2
CHEMBL5761824,C=CC(=O)Nc1cccc(Nc2nc(Nc3ccccc3)ncc2C(N)=O)c1,55.0,1,3
CHEMBL6056083,CC(C)=CC(=O)c1cccc(Nc2nc(Nc3ccccc3)ncc2C)c1,3275.0,0,2
CHEMBL5938505,C=CC(=O)Nc1ccc(Nc2nc(Nc3cccc(OC)c3)ncc2C(F)(F)F)cc1,3275.0,0,2
CHEMBL5759591,C=CC(=O)Nc1cccc(Nc2nc(Nc3cccc(OCCCNC(=O)CCCC[C@@H]4SC[C@@H]5NC(=O)N[C@@H]54)c3)ncc2C)c1,55.0,1,3
CHEMBL5941761,C=CC(=O)Nc1cccc(Nc2nc(NCc3ccc(OC)cc3)ncc2F)c1,3275.0,0,2
CHEMBL5858538,C=CC(=O)Nc1cccc(Nc2nc(Nc3cccc(OC)c3)ncc2C(F)(F)F)c1,55.0,1,3
CHEMBL5888462,C=CC(=O)Nc1cccc(Nc2nc(Nc3cccc(OC(F)(F)F)c3)ncc2F)c1,550.0,1,2
CHEMBL5827799,C/C=C/C(=O)OCc1cccc(Nc2nc(Nc3ccccc3)ncc2C)c1,3275.0,0,2
CHEMBL5825514,C=CC(=O)Nc1cccc(Nc2nc(Nc3ccc(F)cc3)ncc2F)c1,55.0,1,3
CHEMBL6062263,C=CC(=O)Nc1cccc(Nc2nc(Nc3ccc(Cl)c(OCC(C)(C)O)c3)ncc2F)c1,550.0,1,2
CHEMBL5928141,C=C(C#N)C(O)c1cccc(Nc2nc(Nc3ccc(OCC(C)(C)O)nc3)ncc2F)c1,55.0,1,3
CHEMBL5858035,C=CC(=O)Nc1cccc(Nc2nc(Nc3ccc(OCC(C)(C)O)nc3)ncc2F)c1,55.0,1,3
CHEMBL5918405,C=CC(=O)Nc1cccc(Nc2nc(Nc3ccc(OCC(C)(C)O)c(F)c3)ncc2F)c1,55.0,1,3
CHEMBL5950214,C=CC(=O)Nc1cccc(Nc2nc(Nc3ccc(O[C@@H]4CCOC4)c(F)c3)ncc2F)c1,55.0,1,3
CHEMBL6003257,C=CC(=O)Nc1cccc(Nc2nc(Nc3ccc(OCCCS(C)(=O)=O)c(F)c3)ncc2F)c1,55.0,1,3
CHEMBL5997917,C=CC(=O)Nc1cccc(Nc2nc(Nc3ccc(Cl)c(OCCOC)c3)ncc2F)c1,550.0,1,2
CHEMBL5977247,C=C(C)C(=O)c1cccc(Nc2nc(Nc3ccc(OCCOC)c(F)c3)ncc2F)c1,55.0,1,3
CHEMBL5964547,C=C(C)C(=O)c1ccc(Nc2nc(Nc3ccc(OCCOC)c(F)c3)ncc2F)cc1,55.0,1,3
CHEMBL5777711,COCCOc1ccc(Nc2ncc(F)c(Nc3ccc(C(=O)C=C(C)C)cc3)n2)cc1F,3275.0,0,2
CHEMBL5833583,C=C(C#N)C(O)c1cccc(Nc2nc(Nc3ccc(OCCOC)c(F)c3)ncc2F)c1,550.0,1,2
CHEMBL6048496,C=C(C#N)C(O)c1ccc(Nc2nc(Nc3ccc(OCCOC)c(F)c3)ncc2F)cc1,55.0,1,3
CHEMBL5911586,C=C(C)C(=O)Cc1ccc(Nc2nc(Nc3ccc(OCCOC)c(F)c3)ncc2F)cc1,55.0,1,3
CHEMBL5981967,COCCOc1ccc(Nc2ncc(F)c(Nc3ccc(CC(=O)C=C(C)C)cc3)n2)cc1F,3275.0,0,2
CHEMBL5884157,C=CC(=O)Nc1cccc(Nc2nc(Nc3ccc(OC(C)(C)CO)c(F)c3)ncc2F)c1,55.0,1,3
CHEMBL5932966,C=CC(=O)Nc1cccc(Nc2nc(Nc3ccc(OC(C)CO)c(F)c3)ncc2F)c1,55.0,1,3
CHEMBL5866027,C=CC(=O)Nc1cccc(Nc2nc(Nc3ccc(Cl)c(OC(C)(C)CO)c3)ncc2F)c1,550.0,1,2
CHEMBL5808700,C=CC(=O)Nc1cccc(Nc2nc(Nc3ccc(Cl)c(OC(C)CO)c3)ncc2F)c1,55.0,1,3
CHEMBL6033704,C=CC(=O)Nc1cccc(Nc2nc(Nc3ccc(Cl)c(O[C@@H]4CCOC4)c3)ncc2F)c1,550.0,1,2
CHEMBL5939963,C=CC(=O)N1CCOc2ccc(Nc3ncc(F)c(Nc4ccc(OCc5ccccn5)c(Cl)c4)n3)cc21,550.0,1,2
CHEMBL5954631,C=CC(=O)N1CCC[C@@H](Nc2nc(Nc3ccc(OCCOC)c(F)c3)ncc2F)C1,550.0,1,2
CHEMBL5762343,C=CC(=O)N1CCC[C@@H](Nc2nc(Nc3ccc(OCCOC)cc3)ncc2F)C1,550.0,1,2
CHEMBL5895507,C=CC(=O)Nc1cccc(Nc2nc(Nc3ccc(Oc4cccnc4)cc3)ncc2F)c1,550.0,1,2
CHEMBL5798721,C=CC(=O)N1CCC[C@@H](Nc2nc(Nc3ccc(O[C@H]4CCOC4)cc3)ncc2F)C1,55.0,1,2
CHEMBL5751497,C=CC(=O)N1CCC[C@@H](Nc2nc(Nc3ccc(O[C@@H]4CCOC4)cc3)ncc2F)C1,55.0,1,3
CHEMBL5767790,C=CC(=O)Nc1cccc(Nc2nc(Nc3ccc4c(c3)OCCO4)ncc2F)c1,55.0,1,3
CHEMBL5856597,C=CC(=O)Nc1ccc(Nc2nc(Nc3ccc(OCCOC)c(F)c3)ncc2F)cc1,550.0,1,2
CHEMBL6026532,C=CC(=O)Nc1cccc(Nc2nc(Nc3ccc(Cl)c(OCC(O)CO)c3)ncc2F)c1,55.0,1,3
CHEMBL5934972,C=CC(=O)Nc1cccc(Nc2nc(Nc3ccc(Cl)c(O[C@H]4CCOC4)c3)ncc2F)c1,550.0,1,2
CHEMBL6049268,C=CC(=O)Nc1cccc(Nc2nc(Nc3ccc(OC[C@@H]4C[C@@H](O)CN4)c(F)c3)ncc2F)c1,55.0,1,3
CHEMBL5780633,C=CC(=O)Nc1cccc(Nc2nc(Nc3ccc(OCCOCCNC(=O)OC(C)(C)C)c(F)c3)ncc2F)c1,550.0,1,2
CHEMBL5916856,C=CC(=O)Nc1cccc(Nc2nc(Nc3ccc(Cl)c(O[C@@H](C)CO)c3)ncc2F)c1,550.0,1,2
CHEMBL5896750,C=CC(=O)Nc1cccc(Nc2nc(Nc3ccc(Cl)c(O[C@H](C)CO)c3)ncc2F)c1,550.0,1,2
CHEMBL5820435,C=CC(=O)Nc1cccc(Nc2nc(Nc3ccc(OCCOCCOC)c(F)c3)ncc2F)c1,55.0,1,3
CHEMBL5797771,C=CC(=O)Nc1cccc(Nc2nc(Nc3ccc(OCCOCCNC(=O)CCCC(=O)NCCCOCCOCCOCCCNC(=O)CCCC[C@@H]4SC[C@@H]5NC(=O)N[C@@H]54)c(F)c3)ncc2F)c1,55.0,1,3
CHEMBL5754376,COc1ccccc1C(=O)NCc1ccc(-c2nn(C3CCCC3)c3ncnc(N)c23)cc1,550.0,1,2
CHEMBL5889356,Nc1ncnc2c1c(-c1ccc(CNC(=O)c3ccccc3F)cc1)nn2C1CCCC1,55.0,1,2
CHEMBL5879544,COc1ccc(F)cc1C(=O)NCc1ccc(-c2nn(C3CCCC3)c3ncnc(N)c23)cc1,550.0,1,2
CHEMBL5893885,COc1ccccc1C(=O)NCc1ccc(-c2nn(C3CCCO3)c3ncnc(N)c23)cc1,5500.0,0,2
CHEMBL5938548,Nc1ncnc2c1c(-c1ccc(CNC(=O)c3ccccc3OC(F)(F)F)cc1)nn2C1CCCC1,550.0,1,2
CHEMBL6016572,CCOc1ccccc1C(=O)NCc1ccc(-c2nn(C3CCCC3)c3ncnc(N)c23)cc1,5500.0,0,2
CHEMBL5750602,CC(C)Oc1ccccc1C(=O)NCc1ccc(-c2nn(C3CCCC3)c3ncnc(N)c23)cc1,5500.0,0,1
CHEMBL6063948,COc1ccc(Cl)cc1C(=O)NCc1ccc(-c2nn(C3CCCC3)c3ncnc(N)c23)cc1,5500.0,0,2
CHEMBL5852304,COc1ccc(C)cc1C(=O)NCc1ccc(-c2nn(C3CCCC3)c3ncnc(N)c23)cc1,5500.0,0,2
CHEMBL5914586,COc1c(F)cccc1C(=O)NCc1ccc(-c2nn(C3CCCC3)c3ncnc(N)c23)cc1,5500.0,0,2
CHEMBL5962200,COc1cc(F)ccc1C(=O)NCc1ccc(-c2nn(C3CCCC3)c3ncnc(N)c23)cc1,5500.0,0,2
CHEMBL5796011,COc1cccc(F)c1C(=O)NCc1ccc(-c2nn(C3CCCC3)c3ncnc(N)c23)cc1,5500.0,0,2
CHEMBL5853393,COc1ccccc1C(=O)N(C)Cc1ccc(-c2nn(C3CCCC3)c3ncnc(N)c23)cc1,5500.0,0,2
CHEMBL5788370,COc1ncccc1C(=O)NCc1ccc(-c2nn(C3CCCC3)c3ncnc(N)c23)cc1,5500.0,0,2
CHEMBL5976861,COc1ccccc1C(=O)NCc1ccc(-c2nn(C3CCC4(CC3)OCCO4)c3ncnc(N)c23)cc1,550.0,1,2
CHEMBL5984008,N#Cc1cccc(C(=O)NCc2ccc(-c3nn(C4CCCC4)c4ncnc(N)c34)cc2)c1,5500.0,0,2
CHEMBL5769497,COc1ccccc1C(=O)NCc1ccc(-c2nn(C3CCC(=O)C3)c3ncnc(N)c23)cc1,5500.0,0,2
CHEMBL5956631,COc1c(C)cccc1C(=O)NCc1ccc(-c2nn(C3CCCC3)c3ncnc(N)c23)cc1,5500.0,0,2
CHEMBL5908975,COc1ccccc1C(=O)NCc1ccc(-c2nn(C3CCC(O)CC3)c3ncnc(N)c23)cc1,550.0,1,2
CHEMBL5847651,COc1ccccc1C(=O)NCc1ccc(-c2nn([C@@H]3CC[C@H](O)C3)c3ncnc(N)c23)cc1,550.0,1,2
CHEMBL5885178,COc1ccccc1C(=O)NCc1ccc(-c2nn(C3CCC4(C3)OCCO4)c3ncnc(N)c23)cc1,550.0,1,2
CHEMBL5860886,COc1ccccc1C(=O)NCc1ccc(-c2nn(C3CCC(=O)CC3)c3ncnc(N)c23)cc1,550.0,1,2
CHEMBL5979639,COc1ccncc1C(=O)NCc1ccc(-c2nn(C3CCCC3)c3ncnc(N)c23)cc1,550.0,1,2
CHEMBL6008734,CNC1CCC(n2nc(-c3ccc(CNC(=O)c4ccccc4OC)cc3)c3c(N)ncnc32)CC1,550.0,1,2
CHEMBL6004439,COc1ccccc1C(=O)NCc1ccc(-c2nn(C3CCOCC3)c3ncnc(N)c23)cc1,550.0,1,2
CHEMBL5983676,COc1ccccc1C(=O)NCc1ccc(-c2nn(C3CCC(C(=O)O)CC3)c3ncnc(N)c23)cc1,550.0,1,2
CHEMBL5958954,COc1ccccc1C(=O)NCc1ccc(-c2nn(C3CCCC(=O)C3)c3ncnc(N)c23)cc1,550.0,1,2
CHEMBL5920911,CCOC(=O)C1CCC(n2nc(-c3ccc(CNC(=O)c4ccccc4OC)cc3)c3c(N)ncnc32)CC1,550.0,1,2
CHEMBL5862356,COc1ccccc1C(=O)NCc1ccc(-c2nn([C@H]3CC[C@H](C(=O)N(C)C)CC3)c3ncnc(N)c23)cc1,550.0,1,1
CHEMBL5744203,COc1ccccc1C(=O)NCc1ccc(-c2nn([C@H]3CC[C@@H](C(=O)N(C)C)CC3)c3ncnc(N)c23)cc1,550.0,1,5
CHEMBL6030089,COc1ccccc1C(=O)NCc1ccc(-c2nn(C3CCCOC3)c3ncnc(N)c23)cc1,5500.0,0,2
CHEMBL6045970,COc1ccccc1C(=O)NCc1ccc(-c2nn([C@H]3C=C[C@H](OC(C)=O)C3)c3ncnc(N)c23)cc1,55.0,1,2
CHEMBL5872134,COc1ccccc1C(=O)NCc1ccc(-c2nn([C@H]3C=C[C@H](O)C3)c3ncnc(N)c23)cc1,550.0,1,2
CHEMBL5814864,COc1ccccc1C(=O)NCc1ccc(-c2nn(C3CCCC(O)C3)c3ncnc(N)c23)cc1,550.0,1,2
CHEMBL5917549,COc1ccccc1C(=O)NCc1ccc(-n2nc(C3CCCC3)c3ncnc(N)c32)cc1,55.0,1,2
CHEMBL5962801,COc1ccccc1C(=O)NCc1ccc(-c2nn(C3CCC(OC)CC3)c3ncnc(N)c23)cc1,550.0,1,2
CHEMBL6032445,COc1ccccc1C(=O)NCc1ccc(-c2nn(C3CC=CC3)c3ncnc(N)c23)cc1,550.0,1,2
CHEMBL5782176,CCOC(=O)C1CCCC(n2nc(-c3ccc(CNC(=O)c4ccccc4OC)cc3)c3c(N)ncnc32)C1,550.0,1,2
CHEMBL5783525,COc1ccccc1C(=O)NCc1ccc(-c2nn(C3CCCC(C(=O)N(C)C)C3)c3ncnc(N)c23)cc1,5500.0,0,2
CHEMBL5819204,COc1ccc(F)cc1C(=O)NCc1ccc(-c2nn(C(C)(C)C)c3ncnc(N)c23)cc1,550.0,1,2
CHEMBL5923252,COc1ccccc1C(=O)NCc1ccc(-c2nn([C@@H]3C=C[C@H](O)C3)c3ncnc(N)c23)cc1,5500.0,0,2
CHEMBL5879924,COc1ccccc1C(=O)NCc1ccc(-c2nn([C@@H]3C[C@@H](O)C4CC43)c3ncnc(N)c23)cc1,550.0,1,2
CHEMBL6004855,COc1ccccc1C(=O)NCc1ccc(-c2nn(C3CCC(OC(=O)c4ccc(C)cc4)CC3)c3ncnc(N)c23)cc1,550.0,1,2
CHEMBL5865390,COc1ccccc1C(=O)NCc1ccc(-c2nn([C@H]3C=C[C@@H](O)C3)c3ncnc(N)c23)cc1,550.0,1,2
CHEMBL6043247,COc1ccccc1C(=O)NCc1ccc(-c2nn([C@H]3C=C[C@@H](OC(=O)C(C)(C)C)C3)c3ncnc(N)c23)cc1,5500.0,0,2
CHEMBL5864713,COc1ccccc1C(=O)NCc1ccc(-c2nn(C3C=CCCC3)c3ncnc(N)c23)cc1,55.0,1,2
CHEMBL5909001,COc1ccccc1C(=O)NCc1ccc(-c2nn([C@@H]3C=C[C@@H](O)C3)c3ncnc(N)c23)cc1,550.0,1,2
CHEMBL6039447,COc1ccccc1C(=O)NCc1ccc(-c2nn(C(C)(C)C)c3ncnc(N)c23)cc1,55.0,1,2
CHEMBL5852751,COc1ccccc1C(=O)NCc1ccc(-c2nn(C3CC4CC4C3)c3ncnc(N)c23)cc1,55.0,1,2
CHEMBL5966891,COc1ccc(F)cc1C(=O)NCc1ccc(-c2nn([C@H]3C=C[C@H](O)C3)c3ncnc(N)c23)cc1,5500.0,0,2
CHEMBL5888373,COc1ccccc1C(=O)NCc1ccc(-c2nn([C@H]3C=C[C@H](F)C3)c3ncnc(N)c23)cc1,5500.0,0,2
CHEMBL5977258,CCO[C@H]1C=C[C@H](n2nc(-c3ccc(CNC(=O)c4ccccc4OC)cc3)c3c(N)ncnc32)C1,5500.0,0,2
CHEMBL5882138,COc1ccccc1C(=O)NCc1ccc(-c2nn([C@@H]3CCc4ccccc43)c3ncnc(N)c23)cc1,550.0,1,2
CHEMBL5770931,COCCO[C@H]1C=C[C@H](n2nc(-c3ccc(CNC(=O)c4ccccc4OC)cc3)c3c(N)ncnc32)C1,5500.0,0,2
CHEMBL5963440,COCCNc1ncnc2c1c(-c1ccc(CNC(=O)c3ccccc3OC)cc1)nn2[C@H]1C=C[C@H](O)C1,5500.0,0,2
CHEMBL5990498,COc1ccccc1C(=O)NCc1ccc(-c2nn([C@H]3C=C[C@H](N)C3)c3ncnc(N)c23)cc1,5500.0,0,2
CHEMBL5921575,COc1ccccc1C(=O)NCc1ccc(-c2nn([C@H]3C=C[C@H](NC(C)=O)C3)c3ncnc(N)c23)cc1,5500.0,0,2
CHEMBL5864041,COc1ccccc1C(=O)NCc1ccc(-c2nn([C@H]3C=C[C@H](n4ccnn4)C3)c3ncnc(N)c23)cc1,5500.0,0,2
CHEMBL5938232,COc1ccccc1C(=O)NCc1ccc(-c2nn(C3CCC(C)C3)c3ncnc(N)c23)cc1,550.0,1,2
CHEMBL5802925,COc1ccc(F)cc1C(=O)NCc1ccc(-c2nn(C3CCCC3)c3ncnc(N)c23)cc1F,5500.0,0,2
CHEMBL5892653,COc1ccccc1C(=O)NC(C)c1ccc(-c2nn(C3CCCC3)c3ncnc(N)c23)cc1,5500.0,0,2
CHEMBL5790497,COc1ccc(C)cc1C(=O)NCc1ccc(-c2nn(C3CCCC3)c3ncnc(N)c23)cc1F,5500.0,0,2
CHEMBL5801421,COc1ccccc1C(=O)NCc1ccc(-c2nn(C3CCCC3)c3ncnc(N)c23)cc1F,550.0,1,2
CHEMBL6055178,COc1ccccc1C(=O)NC1(c2ccc(-c3nn(C4CCCC4)c4ncnc(N)c34)cc2)CC1,5500.0,0,2
CHEMBL6007403,COc1cccc2ccnc(C(=O)NCc3ccc(-c4nn(C5CCCC5)c5ncnc(N)c45)cc3)c12,5500.0,0,1
CHEMBL6012141,Nc1ncnc2c1c(-c1ccc(CNC(=O)c3nccc4ccccc34)cc1)nn2C1CCCC1,5500.0,0,2
CHEMBL5927148,Nc1ncnc2c1c(-c1ccc(CNC(=O)c3cccc4cccnc34)cc1)nn2C1CCCC1,550.0,1,2
CHEMBL5859093,COc1ccccc1C(=O)NCc1c(F)cc(-c2nn(C3CCCC3)c3ncnc(N)c23)cc1F,5500.0,0,2
CHEMBL6053889,COc1ccccc1C(=O)NCc1ccc(-c2nn(CC(C)O)c3ncnc(N)c23)cc1,5500.0,0,2
CHEMBL5926025,COc1cc(-c2nn(C3CCCC3)c3ncnc(N)c23)ccc1CNC(=O)c1ccccc1OC,5500.0,0,2
CHEMBL5948125,COc1ccccc1C(=O)NCc1ccc(-c2nn(C(C)C)c3ncnc(N)c23)cc1,5500.0,0,3
CHEMBL5885691,COc1ccccc1C(=O)NCc1ccc(-c2nn(C3CCCC3)c3ncnc(N)c23)c(C)c1,5500.0,0,2
CHEMBL5872316,CC(C)c1ccccc1C(=O)NCc1ccc(-c2nn(C3CCCC3)c3ncnc(N)c23)cc1,5500.0,0,2
CHEMBL5775095,Nc1ncnc2c1c(-c1ccc(CNC(=O)c3cc4ccccc4[nH]3)cc1)nn2C1CCCC1,5500.0,0,2
CHEMBL5851971,COc1ccccc1C(=O)NCc1ccc(-c2nn(C3CCCC3)c3ncnc(N)c23)cc1C,550.0,1,2
CHEMBL5916409,COc1ccccc1C(=O)NCc1ccc(-c2nn(C3CCC(C)(O)CC3)c3ncnc(N)c23)cc1,550.0,1,4
CHEMBL5952540,COc1ccc(F)cc1C(=O)NCc1ccc(-c2nn(C3CCC(C)(O)CC3)c3ncnc(N)c23)cc1,550.0,1,4
CHEMBL5973804,C=CC(=O)Nc1cccc(Nc2nc(Nc3ccc(N4CCOCC4)cc3OC)ncc2Cl)c1,35.25,1,4
CHEMBL5979555,C=CC(=O)Nc1cccc(Oc2nc(Nc3ccc(N4CCCN(C(=O)OC(C)(C)C)CC4)cc3OC)ncc2C(F)(F)F)c1,20.0,1,2
CHEMBL6009400,C=CC(=O)Nc1cc(Nc2ncc(Cl)c(-c3cnc4c(ccn4C)c3)n2)c(OC)cc1N(C)CCN(C)C,7.0,1,4
CHEMBL5979481,C=CC(=O)Nc1cc(Nc2ncc(Cl)c(-c3cnc4c(ccn4C)c3)n2)c(OC)cc1N1CCC(N(C)C)CC1,144.5,1,2
CHEMBL5840400,C=CC(=O)Nc1cc(Nc2nccc(-c3cnc4c(ccn4C)c3)n2)c(OC)cc1N1CCC(N(C)C)CC1,29.5,1,4
CHEMBL5805507,C=CC(=O)Nc1cc(Nc2nccc(-c3cnc4c(cnn4C)c3)n2)c(OC)cc1N1CCN(C)CC1,74.0,1,2
CHEMBL6013534,C=CC(=O)Nc1cc(Nc2nccc(-c3cnc4c(cnn4C)c3)n2)c(OC)cc1N(C)CCN(C)C,7.0,1,2
CHEMBL5757238,C=CC(=O)Nc1cc(Nc2nccc(-c3cnc4c(ccn4C)c3)n2)c(OC)cc1N(C)CCN(C)C,3.5,1,4
CHEMBL5925992,C=CC(=O)Nc1cc(Nc2ncc(F)c(-c3cnc4c(ccn4C)c3)n2)c(OC)cc1N(C)CCN(C)N,3.0,1,2
CHEMBL6024600,C=CC(=O)Nc1cc(Nc2ncc(OC)c(-c3cnc4c(ccn4C)c3)n2)c(OC)cc1N(C)CCN(C)C,6.5,1,2
CHEMBL5794118,C=CC(=O)Nc1cc(Nc2ncc(C(F)(F)F)c(-c3cnc4c(ccn4C)c3)n2)c(OC)cc1N(C)CCN(C)C,33.0,1,2
CHEMBL5797186,C=CC(=O)Nc1cc(Nc2nccc(-c3cnc4c(ccn4C)c3)n2)c(OC)cc1N1CCN(C)CC1,70.5,1,2
CHEMBL5823169,C=CC(=O)Nc1cc(Nc2nccc(-c3cnc4c(ccn4C)c3)n2)c(OC)cc1N1CC(N(C)C)C1,11.5,1,2
CHEMBL6033989,C=CC(=O)Nc1cc(Nc2ncc(F)c(-c3cnc4c(ccn4C)c3)n2)c(OC)cc1N1CCC(N(C)C)CC1,78.0,1,2
CHEMBL5850696,C=CC(=O)Nc1cc(Nc2ncc(C(C)=O)c(-c3cnc4c(ccn4C)c3)n2)c(OC)cc1N(C)CCN(C)C,3.0,1,2
CHEMBL6006961,C=CC(=O)Nc1cc(Nc2ncc(F)c(-c3cnc4c(cnn4C)c3)n2)c(OC)cc1N1CCC(N(C)C)CC1,47.0,1,2
CHEMBL6030424,C=CC(=O)Nc1cc(Nc2ncc(OC)c(-c3cnc4c(cnn4C)c3)n2)c(OC)cc1N1CCC(N(C)C)CC1,25.5,1,2
CHEMBL5936433,C=CC(=O)Nc1cc(Nc2ncc(Cl)c(-c3cnc4c(cnn4C)c3)n2)c(OC)cc1N(C)CCN(C)C,18.5,1,2
CHEMBL6036686,C=CC(=O)Nc1cc(Nc2ncc(Cl)c(-c3cnc4c(cnn4C)c3)n2)c(OC)cc1N1CCC(N(C)C)CC1,123.0,1,2
CHEMBL6063800,C=CC(=O)Nc1cc(Nc2ncc(F)c(-c3cnc4c(cnn4C)c3)n2)c(OC)cc1N(C)CCN(C)C,14.5,1,2
CHEMBL5772330,C=CC(=O)Nc1cc(Nc2ncc(OC)c(-c3cnc4c(cnn4C)c3)n2)c(OC)cc1N(C)CCN(C)C,19.0,1,2
CHEMBL5796551,C=CC(=O)Nc1cc(Nc2nccc(-c3cnc4c(c3)c(Cl)cn4C)n2)c(OC)cc1N(C)CCN(C)C,1.25,1,2
CHEMBL5788105,C=CC(=O)Nc1cc(Nc2nccc(-c3cccnc3)n2)c(OC)cc1N1CCC(N(C)C)CC1,2.5,1,4
CHEMBL5870784,C=CC(=O)Nc1cc(Nc2nccc(-c3cnn(C)c3)n2)c(OC)cc1N1CCC(N(C)C)CC1,120.5,1,2
CHEMBL5942187,C=CC(=O)Nc1cc(Nc2nccc(-c3cnn(C)c3)n2)c(OC)cc1N(C)CCN(C)C,106.5,1,2
CHEMBL5753671,C=CC(=O)Nc1cc(Nc2ncc(Cl)c(-c3cnn(C)c3)n2)c(OC)cc1N(C)CCN(C)C,15.5,1,2
CHEMBL5854206,C=CC(=O)Nc1cc(Nc2ncc(Cl)c(-c3cnn(C)c3)n2)c(OC)cc1N1CCC(N(C)C)CC1,116.0,1,2
CHEMBL6014541,C=CC(=O)Nc1cc(Nc2ncc(Cl)c(-c3cnn(C)c3C)n2)c(OC)cc1N(C)CCN(C)C,11.5,1,2
CHEMBL5809639,C=CC(=O)Nc1cc(Nc2ncc(F)c(-c3cnn(C)c3)n2)c(OC)cc1N1CCC(N(C)C)CC1,55.0,1,2
CHEMBL5881569,C=CC(=O)Nc1cc(Nc2ncc(Cl)c(-c3c(C)nn(C)c3C)n2)c(OC)cc1N(C)CCN(C)C,110.0,1,2
CHEMBL5903077,C=CC(=O)Nc1cc(Nc2ncc(F)c(-c3cnn(C)c3)n2)c(OC)cc1N(C)CCN(C)C,26.5,1,2
CHEMBL6032873,C=CC(=O)Nc1cc(Nc2ncc(Cl)c(-c3cn(C)nc3C)n2)c(OC)cc1N(C)CCN(C)C,11.0,1,2
CHEMBL5996771,C=CC(=O)Nc1cc(Nc2ncc(Cl)c(-c3cn(C)nc3C)n2)c(OC)cc1N1CCC(N(C)C)CC1,172.0,1,2
CHEMBL6035061,C=CC(=O)Nc1cc(Nc2ncc(Cl)c(-c3cnn(C4CCN(C(=O)OC(C)(C)C)CC4)c3)n2)c(OC)cc1N1CCC(N(C)C)CC1,21.5,1,2
CHEMBL5890676,C=CC(=O)Nc1cc(Nc2ncc(Cl)c(-c3cnn(C)c3C)n2)c(OC)cc1N1CCC(N(C)C)CC1,177.5,1,2
CHEMBL5765903,C=CC(=O)Nc1cc(Nc2ncc(Cl)c(-c3ccn(C)c3)n2)c(OC)cc1N1CCC(N(C)C)CC1,211.0,1,2
CHEMBL5820008,C=CC(=O)Nc1cc(Nc2ncc(Cl)c(-c3ccn(C)c3)n2)c(OC)cc1N(C)CCN(C)C,21.0,1,2
CHEMBL5906672,C=CC(=O)Nc1cc(Nc2ncc(Cl)c(-c3cnn(C)c3)n2)c(OC)cc1N1CCN(C)CC1,154.0,1,2
CHEMBL5974834,C=CC(=O)Nc1cc(Nc2ncc(Cl)c(-c3cnn(C(F)F)c3)n2)c(OC)cc1N1CCC(N(C)C)CC1,59.5,1,2
CHEMBL6005779,C=CC(=O)Nc1cc(Nc2ncc(Cl)c(-c3cn[nH]c3)n2)c(OC)cc1N1CCC(N(C)C)CC1,32.0,1,2
CHEMBL6044860,C=CC(=O)Nc1cc(Nc2nccc(-c3cnc4c(ccn4C)c3)n2)c(OC)cc1N(C)CCN(C)CC,5.0,1,2
CHEMBL5769810,C=CC(=O)Nc1cc(Nc2nccc(-c3cnc4c(ccn4C)c3)n2)c(OC)cc1N(C)CCNC,3.0,1,2
CHEMBL6034790,C=CC(=O)Nc1cc(Nc2nccc(-c3cnc4c(ccn4C)c3)n2)c(OC)cc1N(C)CCN(CC)CC,10.0,1,2
CHEMBL6046827,C=CC(=O)Nc1cc(Nc2ncc(Cl)c(-c3cnc4c(ccn4C)c3)n2)c(OC)cc1N(C)CCN(C)CC,17.0,1,2
CHEMBL6022326,C=CC(=O)Nc1cc(Nc2ncc(Cl)c(-c3cnc4c(ccn4C)c3)n2)c(OC)cc1N(C)CCN(CC)CC,23.5,1,2
CHEMBL5914449,C=CC(=O)Nc1cc(Nc2nccc(-c3cnc4c(ccn4C)c3)n2)c(OC)cc1N(C)CCN1CCCC1,14.5,1,2
CHEMBL5967745,C=CC(=O)Nc1cc(Nc2ncc(Cl)c(-c3cnc4c(ccn4C)c3)n2)c(OC)cc1N1CC(N(C)C)C1,68.0,1,2
CHEMBL6046213,C=CC(=O)Nc1cc(Nc2ncc(Cl)c(-c3cnc4c(ccn4C)c3)n2)c(OC)cc1N(C)CCCN(C)C,65.0,1,2
CHEMBL6009126,C=CC(=O)Nc1cc(Nc2nccc(-c3cnc4c(ccn4C)c3)n2)c(OC)cc1N(C)CCN(C)C(C)C,14.0,1,2
CHEMBL6011359,C=CC(=O)Nc1cc(Nc2ncc(Cl)c(-c3cnc4c(ccn4C)c3)n2)c(OC)cc1N(C)CCNC,21.5,1,2
CHEMBL6018694,C=CC(=O)Nc1cc(Nc2nccc(-c3cnc4c(ccn4C)c3)n2)c(OC)cc1OCCN(C)C,5.0,1,2
CHEMBL5771047,C=CC(=O)Nc1cc(Nc2ncc(F)c(-c3cnc4c(ccn4C)c3)n2)c(OC)cc1OCCN(C)C,4.0,1,2
CHEMBL5847879,C=CC(=O)Nc1cc(Nc2ncc(Cl)c(-c3cnc4c(c3)c(Cl)cn4C)n2)c(OC)cc1N(C)CCN(C)C,8.5,1,2
CHEMBL5937036,C=CC(=O)Nc1cc(Nc2ncc(F)c(-c3cnc4c(c3)c(Cl)cn4C)n2)c(OC)cc1N1CCC(N(C)C)CC1,15.0,1,2
CHEMBL5877254,C=CC(=O)Nc1cc(Nc2ncc(F)c(-c3cnc4c(c3)c(Cl)cn4C)n2)c(OC)cc1N(C)CCN(C)C,2.0,1,2
CHEMBL5819277,C=CC(=O)Nc1cc(Nc2nccc(-c3cnc4c(ccn4C(C)C)c3)n2)c(OC)cc1N(C)CCN(C)C,8.5,1,2
CHEMBL5766528,C=CC(=O)Nc1cc(Nc2ncc(Cl)c(-c3cnc4c(ccn4C(C)C)c3)n2)c(OC)cc1N(C)CCN(C)C,8.0,1,2
CHEMBL5748865,C=CC(=O)Nc1cc(Nc2ncc(Cl)c(-c3cnc4c(ccn4C4CC4)c3)n2)c(OC)cc1N(C)CCN(C)C,4.5,1,2
CHEMBL5836601,CCN(c1ccc2ncnc(NCC(C)(C)C)c2c1)C(c1ccc(F)cc1)c1cn(C2CC2)nn1,276.0,1,1
CHEMBL5812080,CCCOc1ccccc1C(=O)NCc1ccc(-c2nn(C3CCCC3)c3ncnc(N)c23)cc1,5500.0,0,1
CHEMBL5939106,COc1ccccc1C(=O)NCc1ccc(-c2nn([C@H]3CC[C@@H](O)CC3)c3ncnc(N)c23)cc1,550.0,1,2
CHEMBL6031875,COc1ccc2ccccc2c1C(=O)NCc1ccc(-c2nn(C3CCCC3)c3ncnc(N)c23)cc1,5500.0,0,1
CHEMBL5784892,COc1ccccc1C(=O)NCc1ccc(-c2nn(CC(C)C)c3ncnc(N)c23)cc1,550.0,1,1
CHEMBL5959718,C=CC(=O)Nc1cccc(Oc2nc(Nc3cccc(OCCN4CCCC4=O)c3)ncc2F)c1,55.0,1,1
CHEMBL5887560,C=CC(=O)N1CCOc2ccc(Nc3nc(Nc4ccc(OC)nc4)ncc3C(C)=O)cc21,302.5,1,2
CHEMBL5946210,C=CC(=O)Nc1cccc(Nc2nc(Nc3ccc(OC)nc3)ncc2OC)c1,302.5,1,2
CHEMBL5831631,C=CC(=O)N1CCC[C@H](Nc2nc(Nc3ccc(OC)nc3)ncc2F)C1,550.0,1,1
CHEMBL5964110,C=CC(=O)Nc1cccc(Nc2nc(Nc3ccc(OCCOC)c(OCCOC)c3)ncc2F)c1,302.5,1,2
CHEMBL5983473,C=CC(=O)Nc1cccc(Nc2ncc(F)c(Nc3ccc(O[C@H]4CCOC4)cc3)n2)c1,302.5,1,2
CHEMBL5845905,C=CC(=O)Nc1cccc(Nc2nc(Nc3ccc(Cl)c(O[C@@H](C)COC(=O)[C@@H](N)C(C)C)c3)ncc2F)c1,550.0,1,1
CHEMBL6037302,C=CC(=O)Nc1cccc(Nc2nc(Nc3ccc(OCCOCCN=[N+]=[N-])cc3)ncc2F)c1,302.5,1,2
CHEMBL5809369,C=CC(=O)Nc1cccc(Nc2nc(Nc3ccc(O[C@H](C)CO)c(F)c3)ncc2F)c1,302.5,1,2
CHEMBL5922408,C=CC(=O)Nc1cccc(Nc2nc(Nc3ccc(O[C@@H](C)CO)c(F)c3)ncc2F)c1,302.5,1,2
CHEMBL5854828,C=CC(=O)Nc1cccc(Nc2nc(Nc3ccc(OCCN=[N+]=[N-])cc3)ncc2F)c1,302.5,1,2
CHEMBL5769228,C=CC(=O)Nc1cccc(Nc2nc(Nc3ccc(O[C@@H](C)COC(=O)[C@@H](N)C(C)C)c(F)c3)ncc2F)c1,302.5,1,2
CHEMBL5856323,COCCOc1ccc(Nc2ncc(F)c(Nc3ccc(CC(=O)C=C4CCC4)cc3)n2)cc1F,302.5,1,2
CHEMBL5943719,C=CC(=O)Nc1cccc(Nc2nc(Nc3ccc(OCCOCCOCCN=[N+]=[N-])cc3)ncc2F)c1,550.0,1,1
CHEMBL6028388,C=CC(=O)Nc1cccc(Nc2ncc(F)c(Nc3cccc(OCCN4CCOCC4)c3)n2)c1,550.0,1,1
CHEMBL5920179,CCOc1cccc(Oc2ccc(C(O)c3cncc(F)c3Cl)cc2)c1F,550.0,1,1
CHEMBL6032663,COc1cccc(Oc2ccc(-c3nn([C@@H]4CCCNC4)c4c(OC)cncc34)cc2)c1F,550.0,1,1
CHEMBL5789996,C=CC(=O)N1CC[C@@H](n2nc(-c3ccc(Oc4ccccc4)cc3)c3cnccc32)C1,550.0,1,1
CHEMBL4215275,C=CC(=O)N1CCC[C@@H](n2nc(-c3ccc(Oc4cccc(OC)c4F)cc3)c3cncc(OC)c32)C1,550.0,1,1
CHEMBL4456283,N#CN1CCC[C@@H](n2nc(-c3ccc(Oc4ccc(Cl)cc4)cc3)c(C(N)=O)c2N)C1,3890.0,0,1
CHEMBL5781756,C=CC(=O)N1CCCC(n2nc(-c3ccc(Oc4ccc(Cl)cc4)cc3)c(C(N)=O)c2N)C1,7.9,1,1
CHEMBL5886252,NC(=O)c1c(-c2ccc(Oc3ccc(Cl)cc3)cc2)nn(C2CCCN(C(=O)/C=C/CO)C2)c1N,2200.0,0,1
CHEMBL4556666,NC(=O)c1c(-c2ccc(Oc3ccc(F)cc3F)cc2)nn([C@@H]2CCCN(C(=O)/C=C/CF)C2)c1N,2180.0,0,1
CHEMBL4440096,NC(=O)c1c(-c2ccc(Oc3ccc(F)cc3F)cc2)nn([C@@H]2CCCN(C(=O)/C=C/CO)C2)c1N,12100.0,0,1
CHEMBL5926524,C=CC(=O)N1CCC[C@@H](n2nc(-c3ccc(Oc4ncc(Cl)cc4F)cc3)c(C(N)=O)c2N)C1,2.9,1,1
CHEMBL5895064,NC(=O)c1c(-c2ccc(Oc3ncc(Cl)cc3F)cc2)nn([C@@H]2CCCN(C(=O)/C=C/C(F)F)C2)c1N,106.0,1,1
CHEMBL5887361,NC(=O)c1c(-c2ccc(Oc3ncc(Cl)cc3F)cc2)nn([C@@H]2CCCN(C(=O)/C=C/CF)C2)c1N,381.0,1,1
CHEMBL5903044,C=CC(=O)N1CCC[C@@H](n2nc(-c3ccc(Oc4ccc(Cl)cn4)cc3)c(C(N)=O)c2N)C1,29.7,1,1
CHEMBL5853497,NC(=O)c1c(-c2ccc(Oc3ccc(Cl)cn3)cc2)nn([C@@H]2CCCN(C(=O)/C=C/C(F)F)C2)c1N,311.0,1,1
CHEMBL5739799,COc1cc(O[C@H]2CCN(C)CC2(F)F)c2c(Nc3ccc(Oc4ccn5ncnc5c4)c(C)c3)ncnc2c1,3292.0,0,3
CHEMBL5890920,COc1cc(OC2CCN(C)CC2(F)F)c2c(Nc3ccc(Oc4ccn5ccnc5c4)c(C)c3)ncnc2c1,1801.0,0,1
CHEMBL6017443,Cc1cc(Nc2ncnc3cccc(OC4CCN(C)CC4(F)F)c23)ccc1Oc1ccc2ccnn2c1,1033.0,0,1
CHEMBL5977568,COc1cc(O[C@H]2CCN(C)CC2(F)F)c2c(Nc3cc(C)c(Oc4ccn5ncnc5c4)cc3F)ncnc2c1,1388.0,0,1
CHEMBL5901840,COc1cc(O[C@H]2CCNCC2(F)F)c2c(Nc3ccc(Oc4ccn5ncnc5c4)c(C)c3)ncnc2c1,3060.0,0,1
CHEMBL5861126,Cc1cc(Nc2ncnc3cc(OC4CCOC4)cc(OC4CCN(C)CC4(F)F)c23)ccc1Oc1ccn2ncnc2c1,515.0,1,1
CHEMBL5797736,COc1cc(OC2CCN(C)CC2(F)F)c2c(Nc3ccc(Oc4cc5ncnn5cc4F)c(C)c3)ncnc2c1,2918.0,0,1
CHEMBL6006814,COc1cc(OC2CCN(C)CC2(F)F)c2c(Nc3ccc(Oc4ccn5ncnc5c4)c(C)c3)ncnc2c1,5132.0,0,1
CHEMBL5966417,C=CC(=O)N1CCC[C@@H](c2nc(-c3ccc(Oc4cccc(OC)c4F)cc3)c3cnccn23)C1,550.0,1,2
CHEMBL6062944,CC#CC(=O)N1CCCC[C@H]1c1nc(-c2ccc(Oc3cccc(OC)c3F)cc2)c2c(C)nccn12,550.0,1,1
CHEMBL6019588,C=CC(=O)N1CCC[C@H]1c1nc(-c2ccc(Oc3cccc(OC)c3)cc2)c2cnccn12,5500.0,0,2
CHEMBL5929019,C=CC(=O)N1CCC[C@H]1c1nc(-c2ccc(Oc3cccc(F)c3F)cc2)c2cnccn12,5500.0,0,2
CHEMBL5922580,C=CC(=O)N1CCCC[C@H]1c1nc(-c2ccc(Oc3cccc(OC)c3F)cc2)c2c(C)nccn12,550.0,1,2
CHEMBL5926724,C=CC(=O)N1CCC[C@H]1c1nc(-c2ccc(Oc3cccc(OC)c3F)cc2)c2cnccn12,5500.0,0,2
CHEMBL6022533,C=CC(=O)N1CCC[C@H]1c1nc(-c2ccc(OCc3c(F)cccc3F)cc2)c2cnccn12,5500.0,0,2
CHEMBL5771584,Cc1ncsc1-c1ccc(CNC(=O)[C@@H]2C[C@@H](O)CN2C(=O)[C@@H](NC(=O)COCCOCCOCCN2CCN(Cc3ccc(-c4cc5c(NCc6ccccc6Cl)ncnc5[nH]4)cc3)CC2)C(C)(C)C)cc1,230.0,1,7
CHEMBL5747102,Cc1ncsc1-c1ccc(CNC(=O)[C@@H]2C[C@@H](O)CN2C(=O)[C@@H](NC(=O)COCCOCCOCCOCCN2CCN(Cc3ccc(-c4cc5c(NCc6ccccc6Cl)ncnc5[nH]4)cc3)CC2)C(C)(C)C)cc1,284.5,1,6
CHEMBL5892301,Cc1ncsc1-c1ccc(CNC(=O)[C@@H]2C[C@@H](O)CN2C(=O)[C@@H](NC(=O)COCCOCCOCCOCCOCCN2CCN(Cc3ccc(-c4cc5c(NCc6ccccc6Cl)ncnc5[nH]4)cc3)CC2)C(C)(C)C)cc1,860.0,1,7
CHEMBL6030352,Cc1ncsc1-c1ccc(CNC(=O)[C@@H]2C[C@@H](O)CN2C(=O)[C@@H](NC(=O)COCCOCCN2CCN(Cc3ccc(-c4cc5c(NCc6ccccc6Cl)ncnc5[nH]4)cc3)CC2)C(C)(C)C)cc1,290.0,1,7
CHEMBL6028345,Cc1ncsc1-c1ccc(CNC(=O)[C@@H]2C[C@@H](O)CN2C(=O)[C@@H](NC(=O)COCCN2CCN(Cc3ccc(-c4cc5c(NCc6ccccc6Cl)ncnc5[nH]4)cc3)CC2)C(C)(C)C)cc1,530.0,1,7
CHEMBL6037318,O=C1CCC(N2C(=O)c3cccc(NCCOCCOCCOCCN4CCN(Cc5ccc(-c6cc7c(NCc8ccccc8Cl)ncnc7[nH]6)cc5)CC4)c3C2=O)C(=O)N1,230.0,1,7
CHEMBL5789149,O=C1CCC(N2C(=O)c3cccc(NCCOCCOCCOCCOCCN4CCN(Cc5ccc(-c6cc7c(NCc8ccccc8Cl)ncnc7[nH]6)cc5)CC4)c3C2=O)C(=O)N1,110.0,1,7
CHEMBL5944645,O=C1CCC(N2C(=O)c3cccc(NCCOCCOCCOCCOCCOCCN4CCN(Cc5ccc(-c6cc7c(NCc8ccccc8Cl)ncnc7[nH]6)cc5)CC4)c3C2=O)C(=O)N1,450.0,1,7
CHEMBL5759210,O=C1CCC(N2C(=O)c3cccc(NCCOCCOCCN4CCN(Cc5ccc(-c6cc7c(NCc8ccccc8Cl)ncnc7[nH]6)cc5)CC4)c3C2=O)C(=O)N1,260.0,1,7
CHEMBL5792219,O=C1CCC(N2C(=O)c3cccc(NCCOCCOCCOCCOc4ccc(-c5cc6c(NCc7ccccc7Cl)ncnc6[nH]5)cc4)c3C2=O)C(=O)N1,3700.0,0,7
CHEMBL5755313,O=C1CCC(N2C(=O)c3cccc(NCCOCCc4ccc(-c5cc6c(NCc7ccccc7Cl)ncnc6[nH]5)cc4)c3C2=O)C(=O)N1,28.7,1,6
CHEMBL6043242,O=C1CCC(N2C(=O)c3cccc(NCCOCCOCCOc4ccc(-c5cc6c(NCc7ccccc7Cl)ncnc6[nH]5)cc4)c3C2=O)C(=O)N1,5700.0,0,7
CHEMBL6042374,O=C1CCC(N2C(=O)c3cccc(NCCOCCOc4ccc(-c5cc6c(NCc7ccccc7Cl)ncnc6[nH]5)cc4)c3C2=O)C(=O)N1,445.0,1,4
CHEMBL5876660,Cc1ncsc1-c1ccc(CNC(=O)[C@@H]2C[C@@H](O)CN2C(=O)[C@@H](NC(=O)COCCOCCOCCOc2ccc(-c3cc4c(NCc5ccccc5Cl)ncnc4[nH]3)cc2)C(C)(C)C)cc1,840.0,1,5
CHEMBL5856403,Cc1ncsc1-c1ccc(CNC(=O)[C@@H]2C[C@@H](O)CN2C(=O)[C@@H](NC(=O)COCCOCCOc2ccc(-c3cc4c(NCc5ccccc5Cl)ncnc4[nH]3)cc2)C(C)(C)C)cc1,690.0,1,5
CHEMBL5829312,O=C1CCC(N2C(=O)c3ccc(OCCOCCOCCN4CCN(Cc5ccc(-c6cc7c(NCc8ccccc8Cl)ncnc7[nH]6)cc5)CC4)cc3C2=O)C(=O)N1,2560.0,0,4
CHEMBL5980554,COc1cc2ncnc(Nc3ccc(F)c(Cl)c3)c2cc1NC(=O)/C=C/CN(C)CCCOCCCOCC(=O)N[C@H](C(=O)N1CC(O)C[C@@H]1C(=O)NCc1ccc(-c2scnc2C)cc1)C(C)(C)C,1560.0,0,4
CHEMBL5199166,Cc1ncsc1-c1ccc(CNC(=O)[C@@H]2C[C@@H](O)CN2C(=O)[C@@H](NC(=O)CCCCCOCCCCOCCCCOc2cc3ncnc(Nc4ccc(F)c(Cl)c4)c3cc2NC(=O)/C=C/CN(C)C)C(C)(C)C)cc1,633.0,1,4
CHEMBL5862480,COC1CCN(c2nccc(Nc3cc4c(cn3)nc(COCCOCCOCCOc3ccc5c(c3)C(=O)N(C3CCC(=O)NC3=O)C5=O)n4C(C)C)n2)CC1,15000.0,0,3
CHEMBL5992914,COC1CCN(c2nccc(Nc3cc4c(cn3)nc(COCCN3CCN(c5ccc6c(c5)C(=O)N(C5CCC(=O)NC5=O)C6=O)CC3)n4C(C)C)n2)CC1,3100.0,0,5
CHEMBL5774764,COC1CCN(c2nccc(Nc3cc4c(cn3)nc(COCCON3CCN(c5ccc6c(c5)C(=O)N(C5CCC(=O)NC5=O)C6=O)CC3)n4C(C)C)n2)CC1,26000.0,0,2
CHEMBL5792559,COC1CCN(c2nccc(Nc3cc4c(cn3)nc(COCCOCCOCC(=O)N[C@H](C(=O)N3C[C@@H](O)C[C@@H]3C(=O)N[C@@H](C)c3ccc(-c5scnc5C)cc3)C(C)(C)C)n4C(C)C)n2)CC1,10400.0,0,6
CHEMBL6040478,COC1CCN(c2nccc(Nc3cc4c(cn3)nc(COCCOCCON3CCN(c5ccc6c(c5)C(=O)N(C5CCC(=O)NC5=O)C6=O)CC3)n4C(C)C)n2)CC1,10000.0,0,1
CHEMBL5760517,COC1CCN(c2nccc(Nc3cc4c(cn3)nc(COCCN3CCN(CCOc5ccc6c(c5)C(=O)N(C5CCC(=O)NC5=O)C6=O)CC3)n4C(C)C)n2)CC1,7180.0,0,4
CHEMBL5991404,COC1CCN(c2nccc(Nc3cc4c(cn3)nc(COCCOCC(=O)N[C@H](C(=O)N3C[C@@H](O)C[C@@H]3C(=O)N[C@@H](C)c3ccc(-c5scnc5C)cc3)C(C)(C)C)n4C(C)C)n2)CC1,10700.0,0,4
CHEMBL6007655,COC1(CCN2CCN(c3ccc4c(c3)C(=O)N(C3CCC(=O)NC3=O)C4=O)CC2)CCN(c2nccc(Nc3cc4c(cn3)nc(C)n4C(C)C)n2)CC1,2925.0,0,4
CHEMBL5873242,COC1CCN(c2nccc(Nc3cc4c(cn3)nc(COCCOCCOCCOCC(=O)N[C@H](C(=O)N3C[C@@H](O)C[C@@H]3C(=O)N[C@@H](C)c3ccc(-c5scnc5C)cc3)C(C)(C)C)n4C(C)C)n2)CC1,18300.0,0,2
CHEMBL5932725,Cc1ncsc1-c1ccc([C@H](C)NC(=O)[C@@H]2C[C@@H](O)CN2C(=O)[C@@H](NC(=O)CN2CCN(CCCC#Cc3cccc4c3C(=O)N(C(C(=O)Nc3nccs3)c3cc(F)ccc3O)C4)CC2)C(C)(C)C)cc1,4700.0,0,4
CHEMBL5804962,COC1CCN(c2nccc(Nc3cc4c(cn3)nc(COCCOCCOCCOCCOCC(=O)N[C@H](C(=O)N3C[C@H](O)C[C@H]3C(=O)N[C@@H](C)c3ccc(-c5scnc5C)cc3)C(C)(C)C)n4C(C)C)n2)CC1,7100.0,0,3
CHEMBL5968417,O=C1CCC(N2C(=O)c3ccc(NCCOCCOCCOCC#Cc4cccc5c4C(=O)N(C(C(=O)Nc4nccs4)c4cc(F)ccc4O)C5)cc3C2=O)C(=O)N1,770.0,1,3
CHEMBL5795202,O=C1CCC(N2C(=O)c3ccc(NCCOCCOCC#Cc4cccc5c4C(=O)N(C(C(=O)Nc4nccs4)c4cc(F)ccc4O)C5)cc3C2=O)C(=O)N1,2500.0,0,3
CHEMBL5988212,Cc1ncsc1-c1ccc([C@H](C)NC(=O)[C@H]2C[C@H](O)CN2C(=O)[C@@H](NC(=O)COCCOCCOCC#Cc2cccc3c2C(=O)N(C(C(=O)Nc2nccs2)c2cc(F)ccc2O)C3)C(C)(C)C)cc1,1240.0,0,4
CHEMBL5929944,COC1CCN(c2nccc(Nc3cc4c(cn3)nc(COCCCN3CCN(CCCOCC(=O)N[C@H](C(=O)N5C[C@H](O)C[C@H]5C(=O)N[C@@H](C)c5ccc(-c6scnc6C)cc5)C(C)(C)C)CC3)n4C(C)C)n2)CC1,9950.0,0,2
CHEMBL5863747,COC1CCN(c2nccc(Nc3cc4c(cn3)nc(COCCN3CCN(CCOCC(=O)N[C@H](C(=O)N5C[C@H](O)C[C@H]5C(=O)N[C@@H](C)c5ccc(-c6scnc6C)cc5)C(C)(C)C)CC3)n4C(C)C)n2)CC1,12000.0,0,3
CHEMBL5980088,COC1CCN(c2nccc(Nc3cc4c(cn3)nc(COCCOCCN3CCN(CCCCc5ccc6c(c5)C(=O)N(C5CCC(=O)NC5=O)C6=O)CC3)n4C(C)C)n2)CC1,14000.0,0,3
CHEMBL5997059,COC1CCN(c2nccc(Nc3cc4c(cn3)nc(COCCOCCN3CCN(CCOc5ccc6c(c5)C(=O)N(C5CCC(=O)NC5=O)C6=O)CC3)n4C(C)C)n2)CC1,9400.0,0,3
CHEMBL5899856,COC1CCN(c2nccc(Nc3cc4c(cn3)nc(COCCCN3CCN(CCCOc5ccc6c(c5)C(=O)N(C5CCC(=O)NC5=O)C6=O)CC3)n4C(C)C)n2)CC1,1125.0,0,2
CHEMBL6048009,Cc1ncsc1-c1ccc([C@H](C)NC(=O)[C@H]2C[C@H](O)CN2C(=O)[C@@H](NC(=O)CN2CCN(CCCOCC#Cc3cccc4c3C(=O)N(C(C(=O)Nc3nccs3)c3cc(F)ccc3O)C4)CC2)C(C)(C)C)cc1,1020.0,0,4
CHEMBL5858289,Cc1ncsc1-c1ccc([C@H](C)NC(=O)[C@H]2C[C@H](O)CN2C(=O)[C@@H](NC(=O)COCCN2CCN(CCCC#Cc3cccc4c3C(=O)N(C(C(=O)Nc3nccs3)c3cc(F)ccc3O)C4)CC2)C(C)(C)C)cc1,4500.0,0,4
CHEMBL5741575,Cc1ncsc1-c1ccc([C@H](C)NC(=O)[C@H]2C[C@H](O)CN2C(=O)[C@@H](NC(=O)COCCCC#Cc2cccc3c2C(=O)N(C(C(=O)Nc2nccs2)c2cc(F)ccc2O)C3)C(C)(C)C)cc1,4650.0,0,4
CHEMBL5969616,Cc1ncsc1-c1ccc([C@H](C)NC(=O)[C@H]2C[C@H](O)CN2C(=O)[C@@H](NC(=O)COCCCOCCCC#Cc2cccc3c2C(=O)N(C(C(=O)Nc2nccs2)c2cc(F)ccc2O)C3)C(C)(C)C)cc1,3400.0,0,4
CHEMBL5823873,O=C1CCC(N2C(=O)c3ccc(OCCN4CCN(CCCC#Cc5cccc6c5C(=O)N(C(C(=O)Nc5nccs5)c5cc(F)ccc5O)C6)CC4)cc3C2=O)C(=O)N1,1950.0,0,4
CHEMBL5832364,O=C1CCC(N2C(=O)c3ccc(N4CCN(CCCOCCCC#Cc5cccc6c5C(=O)N(C(C(=O)Nc5nccs5)c5cc(F)ccc5O)C6)CC4)cc3C2=O)C(=O)N1,3750.0,0,4
CHEMBL5893933,O=C1CCC(N2C(=O)c3ccc(N4CCN(CCCC#Cc5cccc6c5C(=O)N(C(C(=O)Nc5nccs5)c5cc(F)ccc5O)C6)CC4)cc3C2=O)C(=O)N1,3550.0,0,4
CHEMBL5194790,Cc1ncsc1-c1ccc(CNC(=O)[C@@H]2C[C@@H](O)CN2C(=O)[C@@H](NC(=O)COCCOCCOc2ccc(-c3ccc4ncnc(Nc5ccc(OCc6cccc(F)c6)c(Cl)c5)c4c3)cc2)C(C)(C)C)cc1,1500.0,0,1
CHEMBL5740251,O=C1CCC(N2C(=O)c3ccc(OCCN4CCN(Cc5ccc(C6Cc7c(NCc8ccccc8Cl)ncnc7N6)cc5)CC4)cc3C2=O)C(=O)N1,1734.5,0,4
CHEMBL5870193,O=C1CCC(N2C(=O)c3ccc(OCCOCCOCCOCCN4CCN(Cc5ccc(C6Cc7c(NCc8ccccc8Cl)ncnc7N6)cc5)CC4)cc3C2=O)C(=O)N1,750.0,1,3
CHEMBL5825749,O=C1CCC(N2C(=O)c3ccc(OCCOCCOCCOCCOCCN4CCN(Cc5ccc(C6Cc7c(NCc8ccccc8Cl)ncnc7N6)cc5)CC4)cc3C2=O)C(=O)N1,4395.0,0,4
CHEMBL5987087,O=C1CCC(N2C(=O)c3ccc(OCCOCCOCCOCCOCCOCCN4CCN(Cc5ccc(C6Cc7c(NCc8ccccc8Cl)ncnc7N6)cc5)CC4)cc3C2=O)C(=O)N1,970.0,1,3
CHEMBL6052743,Cc1ncsc1-c1ccc(CNC(=O)[C@@H]2C[C@@H](O)CN2C(=O)[C@H](C(C)C)N2Cc3ccccc3C2=O)c(OCCN2CCN(Cc3ccc(-c4cc5c(NCc6ccccc6Cl)ncnc5[nH]4)cc3)CC2)c1,3400.0,0,4
CHEMBL6009455,Cc1ncsc1-c1ccc(CNC(=O)[C@@H]2C[C@@H](O)CN2C(=O)[C@H](C(C)C)N2Cc3ccccc3C2=O)c(OCCOCCN2CCN(Cc3ccc(-c4cc5c(NCc6ccccc6Cl)ncnc5[nH]4)cc3)CC2)c1,3300.0,0,4
CHEMBL5877593,Cc1ncsc1-c1ccc(CNC(=O)[C@@H]2C[C@@H](O)CN2C(=O)[C@H](C(C)C)N2Cc3ccccc3C2=O)c(OCCOCCOCCN2CCN(Cc3ccc(-c4cc5c(NCc6ccccc6Cl)ncnc5[nH]4)cc3)CC2)c1,4390.0,0,4
CHEMBL6039443,Cc1ncsc1-c1ccc(CNC(=O)[C@@H]2C[C@@H](O)CN2C(=O)[C@H](C(C)C)N2Cc3ccccc3C2=O)c(OCCOCCOCCOCCN2CCN(Cc3ccc(-c4cc5c(NCc6ccccc6Cl)ncnc5[nH]4)cc3)CC2)c1,3290.0,0,4
CHEMBL5860671,Cc1ncsc1-c1ccc(CNC(=O)[C@@H]2C[C@@H](O)CN2C(=O)[C@H](C(C)C)N2Cc3ccccc3C2=O)c(OCCOCCOCCOCCOCCN2CCN(Cc3ccc(-c4cc5c(NCc6ccccc6Cl)ncnc5[nH]4)cc3)CC2)c1,5200.0,0,4
CHEMBL5971019,Cc1ncsc1-c1ccc(CNC(=O)[C@@H]2C[C@@H](O)CN2C(=O)[C@@H](NC(=O)COCCOCCOCCOCC#Cc2cccc3c2C(=O)N(C(C(=O)Nc2nccs2)c2cc(F)ccc2O)C3)C(C)(C)C)cc1,1050.0,0,4
CHEMBL5835722,Cc1ncsc1-c1ccc(CNC(=O)[C@@H]2C[C@@H](O)CN2C(=O)[C@@H](NC(=O)COCCOCCOCCOCCOCC#Cc2cccc3c2C(=O)N(C(C(=O)Nc2nccs2)c2cc(F)ccc2O)C3)C(C)(C)C)cc1,705.0,1,4
CHEMBL5832939,Cc1ncsc1-c1ccc(CNC(=O)[C@@H]2C[C@@H](O)CN2C(=O)[C@H](C(C)C)N2Cc3ccccc3C2=O)c(OCCOCCOCC#Cc2cccc3c2C(=O)N([C@@H](C(=O)Nc2nccs2)c2cc(F)ccc2O)C3)c1,4200.0,0,6
CHEMBL6057717,Cc1ncsc1-c1ccc(CNC(=O)[C@@H]2C[C@@H](O)CN2C(=O)[C@H](C(C)C)N2Cc3ccccc3C2=O)c(OCCOCCOCCOCC#Cc2cccc3c2C(=O)N([C@@H](C(=O)Nc2nccs2)c2cc(F)ccc2O)C3)c1,4450.0,0,4
CHEMBL5854281,Cc1ncsc1-c1ccc(CNC(=O)[C@@H]2C[C@@H](O)CN2C(=O)[C@H](C(C)C)N2Cc3ccccc3C2=O)c(OCCOCCOCCOCCOCC#Cc2cccc3c2C(=O)N([C@@H](C(=O)Nc2nccs2)c2cc(F)ccc2O)C3)c1,2100.0,0,4
CHEMBL6053847,Cc1ncsc1-c1ccc(CNC(=O)[C@@H]2C[C@@H](O)CN2C(=O)[C@H](C(C)C)N2Cc3ccccc3C2=O)c(OCCOCCOCCOCCOCCOCC#Cc2cccc3c2C(=O)N([C@@H](C(=O)Nc2nccs2)c2cc(F)ccc2O)C3)c1,3200.0,0,3
CHEMBL5804483,O=C1CCC(N2C(=O)c3ccc(OCCOCCOCC#Cc4cccc5c4C(=O)N([C@@H](C(=O)Nc4nccs4)c4cc(F)ccc4O)C5)cc3C2=O)C(=O)N1,2850.0,0,4
CHEMBL5744096,O=C1CCC(N2C(=O)c3ccc(OCCOCCOCCOCCOCC#Cc4cccc5c4C(=O)N([C@@H](C(=O)Nc4nccs4)c4cc(F)ccc4O)C5)cc3C2=O)C(=O)N1,2065.0,0,4
CHEMBL5962222,O=C1CCC(N2C(=O)c3ccc(OCCOCCOCCOCCOCCOCC#Cc4cccc5c4C(=O)N([C@@H](C(=O)Nc4nccs4)c4cc(F)ccc4O)C5)cc3C2=O)C(=O)N1,9800.0,0,4
CHEMBL5933379,O=C1CCC(N2C(=O)c3cccc(NCCOCCOCC#Cc4cccc5c4C(=O)N([C@@H](C(=O)Nc4nccs4)c4cc(F)ccc4O)C5)c3C2=O)C(=O)N1,4200.0,0,3
CHEMBL5971757,O=C1CCC(N2C(=O)c3cccc(NCCOCCOCCOCC#Cc4cccc5c4C(=O)N([C@@H](C(=O)Nc4nccs4)c4cc(F)ccc4O)C5)c3C2=O)C(=O)N1,11800.0,0,4
CHEMBL5923228,O=C1CCC(N2C(=O)c3cccc(NCCOCCOCCOCCOCC#Cc4cccc5c4C(=O)N([C@@H](C(=O)Nc4nccs4)c4cc(F)ccc4O)C5)c3C2=O)C(=O)N1,6300.0,0,2
CHEMBL5967065,O=C1CCC(N2C(=O)c3cccc(NCCOCCOCCOCCOCCOCC#Cc4cccc5c4C(=O)N([C@@H](C(=O)Nc4nccs4)c4cc(F)ccc4O)C5)c3C2=O)C(=O)N1,30000.0,0,4
CHEMBL6023442,Cc1ncsc1-c1ccc([C@H](C)NC(=O)[C@H]2C[C@H](O)CN2C(=O)[C@@H](NC(=O)COCCOCCOCCOCCOCCOCC#Cc2cccc3c2C(=O)N([C@@H](C(=O)Nc2nccs2)c2cc(F)ccc2O)C3)C(C)(C)C)cc1,770.0,1,4
CHEMBL5843750,Cc1ncsc1-c1ccc([C@H](C)NC(=O)[C@H]2C[C@H](O)CN2C(=O)[C@@H](NC(=O)COCCOCCOc2ccc(-c3nccc(Nc4cc5c(cn4)nc(C)n5C(C)C)n3)cc2)C(C)(C)C)cc1,23000.0,0,3
CHEMBL5810421,Cc1ncsc1-c1ccc([C@H](C)NC(=O)[C@H]2C[C@H](O)CN2C(=O)[C@@H](NC(=O)COCCOCCOCCOc2ccc(-c3nccc(Nc4cc5c(cn4)nc(C)n5C(C)C)n3)cc2)C(C)(C)C)cc1,30000.0,0,1
CHEMBL5997672,Cc1ncsc1-c1ccc([C@H](C)NC(=O)[C@H]2C[C@H](O)CN2C(=O)[C@@H](NC(=O)COCCOCCOCCOCCOc2ccc(-c3nccc(Nc4cc5c(cn4)nc(C)n5C(C)C)n3)cc2)C(C)(C)C)cc1,22500.0,0,2
CHEMBL5932695,Cc1ncsc1-c1ccc(CNC(=O)[C@@H]2C[C@@H](O)CN2C(=O)C(C(C)C)N2Cc3ccccc3C2=O)c(OCCOCCOCCOCCOc2ccc(-c3nccc(Nc4cc5c(cn4)nc(C)n5C(C)C)n3)cc2)c1,13500.0,0,2
CHEMBL5764327,Cc1ncsc1-c1ccc([C@H](C)NC(=O)[C@@H]2C[C@@H](O)CN2C(=O)[C@@H](NC(=O)COCCCOCCCN2CCC3(CC2)CCN(c2nccc(Nc4cc5c(cn4)nc(C)n5C(C)C)n2)CC3)C(C)(C)C)cc1,17500.0,0,2
CHEMBL5757114,O=C1CCC(N2C(=O)c3ccc(OCCOCCOCCOCCCc4cccc5c4C(=O)N(C(C(=O)Nc4nccs4)c4cc(F)ccc4O)C5)cc3C2=O)C(=O)N1,2000.0,0,4
CHEMBL5960969,Cc1ncsc1-c1ccc([C@H](C)NC(=O)[C@H]2C[C@H](O)CN2C(=O)[C@@H](NC(=O)COCCOCCOCCOCCOC2CCN(c3nccc(Nc4cc5c(cn4)nc(C)n5C(C)C)n3)CC2)C(C)(C)C)cc1,14000.0,0,3
CHEMBL5802636,Cc1ncsc1-c1ccc([C@H](C)NC(=O)[C@H]2C[C@H](O)CN2C(=O)[C@@H](NC(=O)COCCCOCCCN2CCOC3(CCN(c4nccc(Nc5cc6c(cn5)nc(C)n6C(C)C)n4)CC3)C2)C(C)(C)C)cc1,26000.0,0,3
CHEMBL5982112,COC1CCN(c2nccc(Nc3cc4c(cn3)nc(-c3ccc(CN5CCN(CCOc6ccc7c(c6)C(=O)N(C6CCC(=O)NC6=O)C7=O)CC5)cc3)n4C(C)C)n2)CC1,480.0,1,3
CHEMBL5867430,COC1CCN(c2nccc(Nc3cc4c(cn3)nc(COCCN3CCN(c5ccc6c(c5)C(=O)N(C5CCC(=O)NC5=O)C6=O)CC3)n4C(C)(C)C)n2)CC1,74.0,1,3
CHEMBL5819273,COC1CCN(c2nccc(Nc3cc4[nH]c(COCCN5CCN(c6ccc7c(c6)C(=O)N(C6CCC(=O)NC6=O)C7=O)CC5)nc4cn3)n2)CC1,5900.0,0,3
CHEMBL5759916,O=C1CCC(N2C(=O)c3ccc(N4CCN(CCCOCCCCNc5cccc6c5C(=O)N(C(C(=O)Nc5nccs5)c5cc(F)ccc5O)C6)CC4)cc3C2=O)C(=O)N1,1200.0,0,3
CHEMBL5850357,O=C1CCC(N2C(=O)c3ccc(N4CCC(CN5CCC(OCC#Cc6cccc7c6C(=O)N(C(C(=O)Nc6nccs6)c6cc(F)ccc6O)C7)CC5)CC4)cc3C2=O)C(=O)N1,1100.0,0,3
CHEMBL5798503,Cc1ncsc1-c1ccc([C@H](C)NC(=O)[C@@H]2C[C@@H](O)CN2C(=O)[C@@H](NC(=O)COCCOCCOCCc2ccc(OC3CCN(c4nccc(Nc5cc6c(cn5)nc(C)n6C(C)C)n4)CC3)cc2)C(C)(C)C)cc1,14000.0,0,1
CHEMBL5800063,COC1(CCN2CCN(CCCOCCCOCC(=O)N[C@H](C(=O)N3C[C@H](O)C[C@H]3C(=O)N[C@@H](C)c3ccc(-c4scnc4C)cc3)C(C)(C)C)CC2)CCN(c2nccc(Nc3cc4c(cn3)nc(C)n4C(C)C)n2)CC1,19000.0,0,3
CHEMBL6007759,O=C1CCC(N2C(=O)c3ccc(N4CCN(CC5CCN(CC#Cc6cccc7c6C(=O)N(C(C(=O)Nc6nccs6)c6cc(F)ccc6O)C7)CC5)CC4)cc3C2=O)C(=O)N1,1700.0,0,3
CHEMBL5862453,O=C1CCC(N2C(=O)c3ccc(N4CCN(CC5CCN(CCCc6cccc7c6C(=O)N(C(C(=O)Nc6nccs6)c6cc(F)ccc6O)C7)CC5)CC4)cc3C2=O)C(=O)N1,810.0,1,3
CHEMBL5761717,O=C1CCC(N2C(=O)c3cccc(NCCOCCOCCOCCOCCOCCOCC#Cc4cccc5c4C(=O)N(C(C(=O)Nc4nccs4)c4cc(F)ccc4O)C5)c3C2=O)C(=O)N1,3100.0,0,3
CHEMBL5967794,O=C1CCC(N2C(=O)c3ccc(N4CCC(CCCOCCCCCc5cccc6c5C(=O)N(C(C(=O)Nc5nccs5)c5cc(F)ccc5O)C6)CC4)cc3C2=O)C(=O)N1,1500.0,0,3
CHEMBL5753614,O=C1CCC(N2C(=O)c3ccc(N4CCC(CN5CCC(OCCCc6cccc7c6C(=O)N(C(C(=O)Nc6nccs6)c6cc(F)ccc6O)C7)CC5)CC4)cc3C2=O)C(=O)N1,1800.0,0,3
CHEMBL6037186,O=C1CCC(N2C(=O)c3ccc(N4CCC(CN5CCC(OC/C=C/c6cccc7c6C(=O)N(C(C(=O)Nc6nccs6)c6cc(F)ccc6O)C7)CC5)CC4)cc3C2=O)C(=O)N1,1400.0,0,3
CHEMBL6060780,Cc1ncsc1-c1ccc([C@H](C)NC(=O)[C@@H]2C[C@@H](O)CN2C(=O)[C@@H](NC(=O)COCCOCCOCCOCCOCCOCCOCC#Cc2cccc3c2C(=O)N(C(C(=O)Nc2nccs2)c2cc(F)ccc2O)C3)C(C)(C)C)cc1,240.0,1,3
CHEMBL5823446,O=C1CCC(N2C(=O)c3cccc(NCCOCCOCCOCCOCCOCCOCCCc4cccc5c4C(=O)N(C(C(=O)Nc4nccs4)c4cc(F)ccc4O)C5)c3C2=O)C(=O)N1,3100.0,0,3
CHEMBL6052248,COC1CCN(c2nccc(Nc3cc4c(cn3)nc(COCCN3CCN(c5ccc(OCCCN6CCN(c7ccc8c(c7)C(=O)N(C7CCC(=O)NC7=O)C8=O)CC6)cc5)CC3)n4C(C)C)n2)CC1,270.0,1,5
CHEMBL6047998,COC1CCN(c2nccc(Nc3cc4c(cn3)nc(COCCN3CCN(c5ccc(O[C@H]6C[C@H](OCC(=O)N[C@H](C(=O)N7C[C@H](O)C[C@H]7C(=O)NCc7ccc(-c8scnc8C)cc7)C(C)(C)C)C6)cc5)CC3)n4C(C)C)n2)CC1,495.0,1,2
CHEMBL5861940,COC1CCN(c2nccc(Nc3cc4c(cn3)nc(COCCN3CCN(c5ccc(OCCCOCC(=O)N[C@H](C(=O)N6C[C@H](O)C[C@H]6C(=O)NCc6ccc(-c7scnc7C)cc6)C(C)(C)C)cc5)CC3)n4C(C)C)n2)CC1,400.0,1,2
CHEMBL5789905,Cc1ncsc1-c1ccc(CNC(=O)[C@@H]2C[C@@H](O)CN2C(=O)[C@@H](NC(=O)CO[C@H]2C[C@H](Oc3ccc(N4CCN(CCOCc5nc6cnc(Nc7ccnc(-c8cnn(S(=O)(=O)C9CC9)c8)n7)cc6n5C(C)C)CC4)cc3)C2)C(C)(C)C)cc1,54.5,1,2
CHEMBL5995787,CC(C)n1c(COCCN2CCN(c3ccc(OCCCN4CCN(c5ccc6c(c5)C(=O)N(C5CCC(=O)NC5=O)C6=O)CC4)cc3)CC2)nc2cnc(Nc3ccnc(-c4cnn(S(=O)(=O)C5CC5)c4)n3)cc21,9.8,1,3
CHEMBL6057769,Cc1ncsc1-c1ccc([C@H](C)NC(=O)[C@@H]2C[C@@H](O)CN2C(=O)[C@@H](NC(=O)COCCCOc2ccc(N3CCN(CCOCc4nc5cnc(Nc6ccnc(-c7cnn(S(=O)(=O)C8CC8)c7)n6)cc5n4C(C)C)CC3)cc2)C(C)(C)C)cc1,53.0,1,5
CHEMBL5989746,O=C1CCC(N2C(=O)c3ccc(N4CCN(C5CCN(CCCOCCCCNc6cccc7c6C(=O)N(C(C(=O)Nc6nccs6)c6cc(F)ccc6O)C7)CC5)CC4)cc3C2=O)C(=O)N1,710.0,1,5
CHEMBL6051409,Cc1ncsc1-c1ccc([C@H](C)NC(=O)[C@@H]2C[C@@H](O)CN2C(=O)[C@@H](NC(=O)COCCOCCCNCC2CN(c3nn(C(C)C)c4cc(Nc5ccnc(-c6cnn(S(=O)(=O)C7CC7)c6)n5)ncc34)C2)C(C)(C)C)cc1,2.1,1,5
CHEMBL5899723,Cc1ncsc1-c1ccc([C@H](C)NC(=O)[C@@H]2C[C@@H](O)CN2C(=O)[C@@H](NC(=O)CN2CCN(CCOCCOCCOCCOCC#Cc3cccc4c3C(=O)N(C(C(=O)Nc3nccs3)c3cc(F)ccc3O)C4)CC2)C(C)(C)C)cc1,120.0,1,5
CHEMBL5839771,Cc1ncsc1-c1ccc([C@H](C)NC(=O)[C@@H]2C[C@@H](O)CN2C(=O)[C@@H](NC(=O)COCCOCCOCCN2CCN(CCOCC#Cc3cccc4c3C(=O)N(C(C(=O)Nc3nccs3)c3cc(F)ccc3O)C4)CC2)C(C)(C)C)cc1,140.0,1,5
CHEMBL6012249,Cc1ncsc1-c1ccc([C@H](C)NC(=O)[C@@H]2C[C@@H](O)CN2C(=O)[C@@H](NC(=O)COCCN2CCN(CCOCCOCCOCC#Cc3cccc4c3C(=O)N(C(C(=O)Nc3nccs3)c3cc(F)ccc3O)C4)CC2)C(C)(C)C)cc1,97.0,1,5
CHEMBL5984029,CC(C)n1nc(N2CCN(CC3CCN(c4ccc5c(c4)C(=O)N(C4CCC(=O)NC4=O)C5=O)CC3)CC2)c2cnc(Nc3ccnc(-c4cnn(S(=O)(=O)C5CC5)c4)n3)cc21,4.9,1,5
CHEMBL5965216,CC(C)n1nc(N2CC(CN3CCN(CC4CCN(c5ccc6c(c5)C(=O)N(C5CCC(=O)NC5=O)C6=O)CC4)CC3)C2)c2cnc(Nc3ccnc(-c4cnn(S(=O)(=O)C5CC5)c4)n3)cc21,13.75,1,10
CHEMBL5755507,CC(C)n1nc(N2CC(CN[C@H]3C[C@H](Oc4ccc5c(c4)C(=O)N(C4CCC(=O)NC4=O)C5=O)C3)C2)c2cnc(Nc3ccnc(-c4cnn(S(=O)(=O)C5CC5)c4)n3)cc21,1.3,1,5
CHEMBL5774604,COc1ccc(Sc2sc3nc(N)nc(N)c3c2C)cc1OC,15070.0,0,2
CHEMBL5812290,COc1ccccc1Sc1sc2nc(N)nc(N)c2c1C,10410.0,0,1
CHEMBL5765056,COc1cc2ncnc(Nc3ccc(F)c(Cl)c3)c2cc1N1CC2(CCN(C)CC2)OC1=O,32.3,1,2
CHEMBL5997498,COc1cc2ncnc(Nc3cccc(Cl)c3F)c2cc1N1CC2(CCN(C)CC2)OC1=O,0.060000000000000005,1,2
CHEMBL5921815,COc1cc2ncnc(Nc3cccc(Cl)c3OC)c2cc1N1CC2(CCN(C)CC2)OC1=O,42.75,1,2
CHEMBL5874605,COc1cc2ncnc(Nc3ccc(Cl)c(Cl)c3F)c2cc1N1CC2(CCN(C)CC2)OC1=O,0.07,1,1
CHEMBL5746224,CN1CCC2(CC1)CN(c1ccc3ncnc(Nc4cccc(Cl)c4F)c3c1)C(=O)O2,0.051000000000000004,1,2
CHEMBL5790648,COc1cc2ncnc(Nc3cccc(Cl)c3F)c2cc1N1CC2(CN(C)C2)OC1=O,0.034,1,2
CHEMBL5915655,COc1cc2ncnc(Nc3cccc(Cl)c3F)c2cc1N1C[C@H](CN(C)C)OC1=O,0.05,1,1
CHEMBL5993268,COC[C@@H]1CN(c2cc3c(Nc4cccc(Cl)c4F)ncnc3cc2OC)C(=O)O1,0.10400000000000001,1,2
CHEMBL5968640,CCN1CC2(C1)CN(c1cc3c(Nc4cccc(Cl)c4F)ncnc3cc1OC)C(=O)O2,0.0455,1,2
CHEMBL6054692,CCCN1CC2(C1)CN(c1cc3c(Nc4cccc(Cl)c4F)ncnc3cc1OC)C(=O)O2,0.0365,1,2
CHEMBL5786982,CC(C)N1CC2(CN(c3ccc4ncnc(Nc5cccc(Cl)c5F)c4c3)C(=O)O2)C1,0.20199999999999999,1,2
CHEMBL4752026,Cc1nc(N2CCC3(CC2)CO[C@@H](C)[C@H]3N)c(CO)nc1-c1cccc(Cl)c1Cl,8.0,1,1
CHEMBL5763901,CC[C@@H](Nc1c(C#N)cnc2c(Cl)cc(N[C@H](C3=CN(C(C)C)NN3)c3cccnc3C)cc12)c1ccccc1,2.0,1,1
CHEMBL5986956,CC[C@@H](Nc1c(C#N)cnc2c(Cl)cc(N[C@H](C3=CN(C4CC4)NN3)c3ccc(F)nc3F)cc12)c1ccccc1,8.0,1,1
CHEMBL5914297,CC[C@@H](Nc1c(C#N)cnc2c(Cl)cc(N[C@H](C3=CN(CC4(O)COC4)NN3)c3cccnc3)cc12)c1ccccc1,2.0,1,1
CHEMBL5841647,CCN1CCC(N2C=C([C@@H](Nc3cc(Cl)c4ncc(C#N)c(Nc5ccc(F)c(Cl)c5)c4c3)c3cc(Cl)sc3Cl)NN2)CC1,9.0,1,1
CHEMBL5972469,N#Cc1cnc2c(Cl)cc(NC(c3ccncc3)c3ccccn3)cc2c1Nc1ccc(F)c(Cl)c1,380.0,1,1
CHEMBL5908279,CC(C)N1C=C([C@@H](Nc2cc(Cl)c3ncc(C#N)c(Nc4cnc(F)c(F)c4)c3c2)c2cccnc2)NN1,7.0,1,1
CHEMBL5777631,CC(C)(C)CNc1c(C#N)cnc2c(C#N)cc(N[C@H](C3=CN(C4CC4)NN3)c3cccc4ncsc34)cc12,1.0,1,1
CHEMBL5882388,N#Cc1cnc2c(Cl)cc(N[C@H](C3=CNNN3)c3ccc4ncsc4c3)cc2c1Nc1ccc(F)c(Cl)c1,21.0,1,1
CHEMBL5985094,N#Cc1cnc2c(Cl)cc(NC(C3=CN(C4CC4)NN3)c3ccc(F)nc3)cc2c1N[C@H](CCF)c1ccccc1,4.0,1,1
CHEMBL5777725,CC(C)N1C=C([C@@H](Nc2cc(Cl)c3ncc(C#N)c(Nc4ccc(F)c(Cl)c4)c3c2)c2cccc3c2CCN3)NN1,27.0,1,1
CHEMBL5999776,CCN1Cc2cccc([C@H](Nc3cc(Cl)c4ncc(C#N)c(Nc5ccc(F)c(Cl)c5)c4c3)C3=CN(C4CCN(C(C)(C)C)CC4)NN3)c2C1,11.0,1,1
CHEMBL5741973,CC(C)(C)N1CCC(N2C=C([C@@H](Nc3cc(Cl)c4ncc(C#N)c(Nc5ccc(F)c(Cl)c5)c4c3)c3cccc4c3CN(C3COC3)C4)NN2)CC1,7.0,1,1
CHEMBL5907670,CC(C)(C)N1CCC(N2C=C([C@@H](Nc3cc(Cl)c4ncc(C#N)c(Nc5ccc(F)c(Cl)c5)c4c3)c3cccc4c3CN(C(=O)CO)C4)NN2)CC1,2.0,1,1
CHEMBL5755992,CC[C@@H](Nc1c(C#N)cnc2c(Cl)cc(N[C@H](C3=CN(C(F)(F)CO)NN3)c3cccnc3)cc12)c1ccccc1,2.0,1,1
CHEMBL6031178,CC(C)Oc1ccc([C@H](Nc2cc(Cl)c3ncc(C#N)c(Nc4ccc(F)c(Cl)c4)c3c2)C2=CN(C3CCN(C(C)(C)C)CC3)NN2)cn1,53.0,1,1
CHEMBL6038037,CC(C)(C)N1CCC(N2C=C([C@@H](Nc3cc(Cl)c4ncc(C#N)c(Nc5ccc(F)c(Cl)c5)c4c3)C3CCOCC3)NN2)CC1,28.0,1,1
CHEMBL5785047,CC(C)(C)CNc1c(C#N)cnc2c(C#N)cc(N[C@H](C3=CN(C4CC4)NN3)c3cccc4c3C(=O)NC4)cc12,2.0,1,1
CHEMBL5983827,CCN1CCC(N2C=C(C(Nc3cc(Cl)c4ncc(C#N)c(Nc5ccc(F)c(Cl)c5)c4c3)c3cscn3)NN2)CC1,2.0,1,1
CHEMBL5807191,CC(C)N1C=C([C@@H](Nc2cc(Cl)c3ncc(C#N)c(Nc4ccc(F)c(Cl)c4)c3c2)c2cncc(C(=O)N3CCCC3)c2)NN1,14.0,1,1
CHEMBL5772446,CC[C@@H](Nc1c(C#N)cnc2c(C#N)cc(N[C@@H](C3=CN(C)NN3)c3ccc(F)nc3)cc12)c1ccccc1,2.0,1,1
CHEMBL6002527,CC(C)(C)CNc1c(C#N)cnc2c(C#N)cc(N[C@H](C3=CN(C4CC4)NN3)c3cccc4c3CCN4)cc12,4.0,1,1
CHEMBL5966530,CC(C)(C)CNc1c(C#N)cnc2c(Br)cc(N[C@H](C3=CN(C4CC4)NN3)c3cccc4c3CCN4)cc12,12.0,1,1
CHEMBL5904771,CC(C)(C)CNc1c(C#N)cnc2c(Br)cc(N[C@H](C3=CN(C4CC4)NN3)c3cccc4c3SCN4)cc12,2.0,1,1
CHEMBL5996357,CC(C)(C)CNc1c(C#N)cnc2c(Cl)cc(N[C@H](C3=CN(C4CC4)NN3)c3cccc4c3CN(C3COC3)C4)cc12,6.0,1,1
CHEMBL5924696,CC(C)(C)CNc1c(C#N)cnc2c(Cl)cc(N[C@H](C3=CN(C4CC4)NN3)c3cccc4c3CNC4)cc12,2.0,1,3
CHEMBL5993206,CC(C)N1C=C([C@@H](Nc2cc(Cl)c3ncc(C#N)c(Nc4ccc(F)c(Cl)c4)c3c2)c2cccc3c2CNN3C)NN1,12.0,1,1
CHEMBL6065436,CC(C)N1C=C([C@@H](Nc2cc(Cl)c3ncc(C#N)c(Nc4cnc(F)c(F)c4)c3c2)c2cccc3c2CCN3)NN1,17.0,1,1
CHEMBL5742497,N#Cc1cnc2c(Cl)cc(N[C@H](C3=CNNN3)c3cccc4c3CCN4)cc2c1Nc1cnc(F)c(F)c1,34.0,1,1
CHEMBL5889186,N#Cc1cnc2c(Cl)cc(N[C@H](C3=CNNN3)c3cccc4c3CNC4)cc2c1Nc1cnc(F)c(F)c1,5.0,1,1
CHEMBL6007769,N#Cc1cnc2c(Cl)cc(N[C@H](C3=CN(C4COC4)NN3)c3cccc4c3SCN4)cc2c1Nc1cnc(F)c(F)c1,7.0,1,1
CHEMBL5885285,N#Cc1cnc2c(Cl)cc(N[C@H](C3=CNNN3)c3cccc4c3SCN4)cc2c1Nc1cnc(F)c(F)c1,11.0,1,1
CHEMBL5972607,CC(C)N1C=C([C@@H](Nc2cc(Cl)c3ncc(C#N)c(Nc4ccc(F)c(Cl)c4)c3c2)c2cccc3c2CCN(C2COC2)C3)NN1,8.0,1,1
CHEMBL5810642,CC(C)(C)N1CCC(N2C=C([C@@H](Nc3cc(Cl)c4ncc(C#N)c(Nc5ccc(F)c(Cl)c5)c4c3)c3cccc4c3CCN(C3COC3)C4)NN2)CC1,9.0,1,1
CHEMBL5778271,CC[C@@H](Nc1c(C#N)cnc2c(Cl)cc(N[C@H](C3=CN(C(C)(C)C)NN3)c3cccc4c3CNC4)cc12)c1ccccc1,3.0,1,1
CHEMBL6028878,N#Cc1cnc2c(Cl)cc(N[C@H](C3=CNNN3)c3cccc4c3CNC4)cc2c1Nc1ccc(Cl)c(Cl)c1F,16.0,1,1
CHEMBL6059063,CC(C)N1C=C([C@@H](Nc2cc(Cl)c3ncc(C#N)c(Nc4ccc(F)c(Cl)c4)c3c2)c2cccc3c2C(=O)N(C)C3)NN1,25.0,1,1
CHEMBL5830978,CN1Cc2cccc([C@H](Nc3cc(Cl)c4ncc(C#N)c(Nc5ccc(F)c(Cl)c5)c4c3)C3=CN(C4CCN(C(C)(C)C)CC4)NN3)c2C1=O,11.0,1,1
CHEMBL5937054,CC(C)N1C=C([C@@H](Nc2cc(Cl)c3ncc(C#N)c(Nc4ccc(F)c(Cl)c4)c3c2)c2cccc3c2C(=O)NC3)NN1,6.0,1,1
CHEMBL6007835,CC(C)(C)N1CCC(N2C=C([C@@H](Nc3cc(Cl)c4ncc(C#N)c(Nc5ccc(F)c(Cl)c5)c4c3)c3cccc4c3C(=O)NC4)NN2)CC1,8.0,1,1
CHEMBL5907912,CC(C)N1C=C([C@@H](Nc2cc(Cl)c3ncc(C#N)c(Nc4ccc(F)c(Cl)c4)c3c2)c2cccc3[nH]cnc23)NN1,135.0,1,1
CHEMBL5955416,CC(C)(C)N1CCC(N2C=C([C@@H](Nc3cc(Cl)c4ncc(C#N)c(Nc5ccc(F)c(Cl)c5)c4c3)c3cccc4c3NCS4)NN2)CC1,33.0,1,1
CHEMBL5885084,CC(C)N1C=C([C@@H](Nc2cc(Cl)c3ncc(C#N)c(Nc4ccc(F)c(Cl)c4)c3c2)c2cccc3c2CN(C2COC2)C3)NN1,9.0,1,1
CHEMBL5873071,CC(C)N1C=C([C@@H](Nc2cc(Cl)c3ncc(C#N)c(Nc4ccc(F)c(Cl)c4)c3c2)c2cccc3c2CN(C(=O)CO)C3)NN1,2.0,1,1
CHEMBL5903081,N#Cc1cnc2c(Cl)cc(N[C@H](C3=CNNN3)c3cccc4c3CN(C(=O)CO)C4)cc2c1Nc1ccc(F)c(Cl)c1,3.0,1,1
CHEMBL6004905,N#Cc1cnc2c(Cl)cc(N[C@H](C3=CNNN3)c3cccc4c3CN(C3COC3)C4)cc2c1Nc1ccc(F)c(Cl)c1,25.0,1,1
CHEMBL5963322,CC(C)N1C=C([C@@H](Nc2cc(Cl)c3ncc(C#N)c(Nc4ccc(F)c(Cl)c4)c3c2)c2cccc3c2CNC3)NN1,2.0,1,1
CHEMBL5832640,CCN1CCc2ccc([C@H](Nc3cc(Cl)c4ncc(C#N)c(Nc5ccc(F)c(Cl)c5)c4c3)C3=CN(C(C)C)NN3)cc2C1,118.0,1,1
CHEMBL6001160,CC(C)N1C=C([C@@H](Nc2cc(Cl)c3ncc(C#N)c(Nc4ccc(F)c(Cl)c4)c3c2)c2ccc3c(c2)CNCC3)NN1,70.0,1,1
CHEMBL5785692,CC(C)(C)N1CCC(N2C=C([C@@H](Nc3cc(Cl)c4ncc(C#N)c(Nc5ccc(F)c(Cl)c5)c4c3)c3ccc4c(c3)NCC4)NN2)CC1,55.0,1,1
CHEMBL5846022,CC(C)(C)N1CCC(N2C=C([C@@H](Nc3cc(Cl)c4ncc(C#N)c(Nc5ccc(F)c(Cl)c5)c4c3)c3cccc4c3SCN4)NN2)CC1,4.0,1,1
CHEMBL6020599,CCN1Cc2ccc([C@H](Nc3cc(Cl)c4ncc(C#N)c(Nc5ccc(F)c(Cl)c5)c4c3)C3=CNNN3)cc2C1,81.0,1,1
CHEMBL5880248,CCN1Cc2cccc([C@H](Nc3cc(Cl)c4ncc(C#N)c(Nc5ccc(F)c(Cl)c5)c4c3)C3=CNNN3)c2C1,11.0,1,1
CHEMBL6030662,N#Cc1cnc2c(Cl)cc(N[C@H](C3=CNNN3)c3ccc4c(c3)CNC4)cc2c1Nc1ccc(F)c(Cl)c1,58.0,1,1
CHEMBL5881330,N#Cc1cnc2c(Cl)cc(N[C@H](C3=CNNN3)c3cccc4c3CNC4)cc2c1Nc1ccc(F)c(Cl)c1,6.0,1,1
CHEMBL6020683,CC(C)(C)N1CCC(N2C=C([C@@H](Nc3cc(Cl)c4ncc(C#N)c(Nc5ccc(F)c(Cl)c5)c4c3)c3ccc4c(c3)CNC4)NN2)CC1,486.5,1,2
CHEMBL5792679,CCN1Cc2ccc([C@H](Nc3cc(Cl)c4ncc(C#N)c(Nc5ccc(F)c(Cl)c5)c4c3)C3=CN(C4CCN(C(C)(C)C)CC4)NN3)cc2C1,37.0,1,2
CHEMBL5879075,CC(C)(C)N1CCC(N2C=C([C@@H](Nc3cc(Cl)c4ncc(C#N)c(Nc5ccc(F)c(Cl)c5)c4c3)c3cccc4c3CNC4)NN2)CC1,2.0,1,2
CHEMBL5990188,CC(C)(C)N1CCC(N2C=C([C@@H](Nc3cc(Cl)c4ncc(C#N)c(Nc5ccc(F)c(Cl)c5)c4c3)c3cccc4c3CCN4)NN2)CC1,7.0,1,2
CHEMBL5981434,CC(C)N1C=C([C@@H](Nc2cc(Cl)c3ncc(C#N)c(Nc4ccc(F)c(Cl)c4)c3c2)c2ccc3ncsc3c2)NN1,11.0,1,1
CHEMBL5827666,CC(C)(C)N1CCC(N2C=C([C@@H](Nc3cc(Cl)c4ncc(C#N)c(Nc5ccc(F)c(Cl)c5)c4c3)c3ccc4scnc4c3)NN2)CC1,6.0,1,2
CHEMBL5916404,CC(C)(C)N1CCC(N2C=C([C@@H](Nc3cc(Cl)c4ncc(C#N)c(Nc5ccc(F)c(Cl)c5)c4c3)c3ccc4ncsc4c3)NN2)CC1,9.0,1,2
CHEMBL5780557,CC(C)(C)N1CCC(N2C=C([C@@H](Nc3cc(Cl)c4ncc(C#N)c(Nc5ccc(F)c(Cl)c5)c4c3)c3ccc4sccc4c3)NN2)CC1,26.0,1,2
CHEMBL5778571,CCN1CCC(N2C=C([C@@H](Nc3cc(Cl)c4ncc(C#N)c(Nc5ccc(F)c(Cl)c5)c4c3)c3ccc4cccnc4c3)NN2)CC1,5.5,1,2
CHEMBL5763277,CC(C)(C)CNc1c(C#N)cnc2c(C#N)cc(N[C@H](C3=CN(C4(C(F)(F)F)CC4)NN3)c3cccc4ncsc34)cc12,3.0,1,2
CHEMBL5853577,CC(C)(C)CNc1c(C#N)cnc2c(C#N)cc(N[C@H](C3=CN(C4(C#N)CC4)NN3)c3cccc4ncsc34)cc12,2.0,1,2
CHEMBL5883991,N#CCC[C@@H](Nc1c(C#N)cnc2c(Cl)cc(N[C@H](C3=CN(C4CC4)NN3)c3cccc4c3CNC4)cc12)c1ccccc1,3.5,1,2
CHEMBL5940893,N#CCC[C@@H](Nc1c(C#N)cnc2c(Cl)cc(N[C@H](C3=CN(C4CC4)NN3)c3cccc4ncsc34)cc12)c1ccccc1,3.0,1,2
CHEMBL5809860,CC(C)(C)CNc1c(C#N)cnc2c(Br)cc(N[C@H](C3=CN(C4CC4)NN3)c3cccc4nc(N)sc34)cc12,12.0,1,2
CHEMBL6039752,N#CCC[C@@H](Nc1c(C#N)cnc2c(Cl)cc(N[C@](O)(C3=CN(C4CC4)NN3)c3cccnc3F)cc12)c1ccccc1,2.0,1,1
CHEMBL6003270,Cc1nc(F)ccc1[C@](O)(Nc1cc(Cl)c2ncc(C#N)c(N[C@H](CCC#N)c3ccccc3)c2c1)C1=CN(C2CC2)NN1,4.0,1,2
CHEMBL5824924,N#CCC[C@@H](Nc1c(C#N)cnc2c(Cl)cc(N[C@](O)(C3=CN(C4CC4)NN3)c3cccnc3Cl)cc12)c1ccccc1,4.0,1,2
CHEMBL5871844,Cc1ncccc1[C@H](Nc1cc(Cl)c2ncc(C#N)c(N[C@H](CCC#N)c3ccccc3)c2c1)C1=CN(C2CC2)NN1,3.5,1,2
CHEMBL5796361,N#CCC[C@@H](Nc1c(C#N)cnc2c(Cl)cc(N[C@H](C3=CN(C4CC4)NN3)c3cccnc3)cc12)c1ccccc1,5.0,1,2
CHEMBL5876875,CC(C)(C)CNc1c(C#N)cnc2c(C#N)cc(N[C@H](C3=CN(C4CC4)NN3)c3cccc4c3CNC4=O)cc12,2.0,1,2
CHEMBL5886724,CN1Cc2cccc([C@H](Nc3cc(C#N)c4ncc(C#N)c(NCC(C)(C)C)c4c3)C3=CN(C4CC4)NN3)c2C1=O,3.0,1,2
CHEMBL5873442,CC(C)(C)CNc1c(C#N)cnc2c(Br)cc(N[C@H](C3=CN(C4CC4)NN3)c3cccc4c3C(=O)NC4)cc12,9.5,1,2
CHEMBL5805378,CC(C)(C)CNc1c(C#N)cnc2c(Cl)cc(NC(C3=CN(C4CC4)NN3)c3csc4c3CCN(C3COC3)C4)cc12,2.5,1,6
CHEMBL5814794,N#CCCC(Nc1c(C#N)cnc2c(Cl)cc(N[C@H](C3=CN(C4C5CN(C6COC6)CC54)NN3)c3csc4c3CCN(C3COC3)C4)cc12)c1ccccc1,2.0,1,2
CHEMBL5779576,N#CCCC(Nc1c(C#N)cnc2c(Cl)cc(N[C@@H](C3=CN(C4CC4)NN3)c3csc4c3CCN(C3COC3)C4)cc12)c1ccccc1,473.0,1,2
CHEMBL5812367,N#CCC[C@@H](Nc1c(C#N)cnc2c(Cl)cc(N[C@H](C3=CN(C4CC4)NN3)c3csc4c3CCN(C3COC3)C4)cc12)c1ccccc1,13.0,1,2
CHEMBL5942555,CC(C)(C)CNc1c(C#N)cnc2c(Cl)cc(N[C@@H](C3=CN(CC(=O)O)NN3)c3ccc(F)nc3)cc12,5.0,1,2
CHEMBL5786339,N#CCC[C@@H](Nc1c(C#N)cnc2c(Cl)cc(N[C@@H](C3=CN(C4CC4)NN3)c3ccc(F)nc3)cc12)c1ccccc1,12.5,1,2
CHEMBL5901440,N#CCC[C@H](Nc1c(C#N)cnc2c(Cl)cc(N[C@@H](C3=CN(C4CC4)NN3)c3ccc(F)nc3)cc12)c1ccccc1,17.5,1,2
CHEMBL5747445,N#CCC[C@H](Nc1c(C#N)cnc2c(Cl)cc(NC(C3=CN(C4CC4)NN3)c3ccc(F)nc3)cc12)c1ccccc1,588.0,1,2
CHEMBL5885640,N#CCC[C@@H](Nc1c(C#N)cnc2c(Cl)cc(NC(C3=CN(C4CC4)NN3)c3ccc(F)nc3)cc12)c1ccccc1,261.5,1,2
CHEMBL5817731,N#CCCC(Nc1c(C#N)cnc2c(Cl)cc(N[C@H](C3=CN(C4CC4)NN3)c3csc4c3CCN(C3COC3)C4)cc12)c1ccccc1,1.5,1,2
CHEMBL5887910,CC1(C)COCCC1Nc1c(C#N)cnc2c(Cl)cc(N[C@@H](C3=CN(C4CC4)NN3)c3ccc(F)nc3)cc12,4.0,1,2
CHEMBL6018511,N#CCCC(Nc1c(C#N)cnc2c(Cl)cc(NC(c3ccc(F)nc3)c3cn(C4CC4)nn3)cc12)c1ccccc1,4.5,1,2
CHEMBL5876724,COc1c(Cl)cccc1Nc1c(C#N)cnc2c(Cl)cc(N[C@@H](C3=CN(C4CC4)NN3)c3ccc(F)nc3)cc12,9.0,1,2
CHEMBL5922274,N#Cc1cnc2c(Cl)cc(N[C@@H](C3=CN(C4CC4)NN3)c3ccc(F)nc3)cc2c1NC1C2CC3CC(C2)CC1C3,6.0,1,2
CHEMBL5846978,COc1ccc(Nc2c(C#N)cnc3c(Cl)cc(N[C@@H](C4=CN(C5CC5)NN4)c4ccc(F)nc4)cc23)cc1Cl,7.5,1,2
CHEMBL5740900,CC[C@@H](Nc1c(C#N)cnc2c(OC)cc(N[C@@H](C3=CN(C4CC4)NN3)c3ccc(F)nc3)cc12)c1ccccc1,15.0,1,2
CHEMBL5998332,COc1cc(N[C@@H](C2=CN(C3CC3)NN2)c2ccc(F)nc2)cc2c(NCC(C)(C)C)c(C#N)cnc12,30.5,1,2
CHEMBL5747597,CN1C=C([C@H](Nc2cc(C#N)c3ncc(C#N)c(NCC(C)(C)C)c3c2)c2ccc(F)nc2)NN1,4.0,1,2
CHEMBL5867757,N#CC[C@@H](Nc1c(C#N)cnc2c(C#N)cc(N[C@@H](C3=CN(C4CC4)NN3)c3ccc(F)nc3)cc12)c1ccccc1,5.5,1,2
CHEMBL5939261,CC[C@@H](Nc1c(C#N)cnc2c(Cl)cc(NC(C3=CN(C4CC4)NN3)c3scnc3C)cc12)c1ccccc1,4.5,1,2
CHEMBL5870511,Cc1ncsc1C(Nc1cc(Cl)c2ncc(C#N)c(NCC(C)(C)C)c2c1)C1=CN(C2CC2)NN1,5.5,1,2
CHEMBL5850886,CC(C)(C)CNc1c(C#N)cnc2c(Cl)cc(NC(C3=CN(C4CC4)NN3)c3ccc(F)nc3F)cc12,6.5,1,2
CHEMBL5761989,CC(C)(C)CNc1c(C#N)cnc2c(Cl)cc(N[C@@H](C3=CN(C4CC4)NN3)c3cccnc3F)cc12,22.5,1,2
CHEMBL5758455,CC[C@@H](Nc1c(C#N)cnc2c(Cl)cc(N[C@@H](C3=CN(C4CC4)NN3)c3cccnc3F)cc12)c1ccccc1,14.5,1,2
CHEMBL5916523,CC[C@@H](Nc1c(C#N)cnc2c(Cl)cc(N[C@@H](C3=CN(C4CC4)NN3)c3ccc(F)nc3)cc12)c1ccccc1,2.0,1,2
CHEMBL5918532,CC(C)N1C=C([C@@H](Nc2cc(Cl)c3ncc(C#N)c(Nc4ccc(F)c(Cl)c4)c3c2)c2cccn3nccc23)NN1,5.0,1,1
CHEMBL5837504,CC[C@@H](Nc1c(C#N)cnc2c(Cl)cc(N[C@@H](C3=CN(C4CC4)NN3)c3cccnc3)cc12)c1ccccc1,2.0,1,1
CHEMBL5889231,N#Cc1cnc2c(Cl)cc(N[C@H](C3=CN(c4ccccc4)NN3)c3cccnc3)cc2c1Nc1cnc(F)c(F)c1,11.0,1,1
CHEMBL6050339,N#Cc1cnc2c(Cl)cc(N[C@H](C3=CNNN3)c3cccnc3Cl)cc2c1Nc1cnc(F)c(F)c1,12.0,1,1
CHEMBL5860200,N#Cc1cnc2c(Cl)cc(N[C@@H](C3=CN(c4ccccc4)NN3)c3cccnc3)cc2c1Nc1cnc(F)c(F)c1,7.0,1,1
CHEMBL5962327,N#Cc1cnc2c(Cl)cc(N[C@H](C3=CNNN3)c3cnc(F)c(F)c3)cc2c1Nc1cnc(F)c(F)c1,67.0,1,1
CHEMBL5986548,N#Cc1cnc2c(Cl)cc(N[C@@H](C3=CNNN3)c3cccnc3)cc2c1Nc1cnc(F)c(F)c1,5.0,1,1
CHEMBL5926126,Cn1nccc1[C@H](Nc1cc(Cl)c2ncc(C#N)c(Nc3cnc(F)c(F)c3)c2c1)C1=CNNN1,9.0,1,1
CHEMBL6036819,N#Cc1cnc2c(Cl)cc(N[C@H](C3=CNNN3)c3ccc(F)nc3)cc2c1Nc1cnc(F)c(F)c1,6.0,1,1
CHEMBL5851650,CC(C)(C)CNc1c(C#N)cnc2c(Cl)cc(N[C@H](C3=CNNN3)c3cccnc3)cc12,4.0,1,1
CHEMBL5820282,CC(C)(C)CNc1c(C#N)cnc2c(Cl)cc(N[C@H](C3=CN(C4COC4)NN3)c3cccnc3)cc12,6.0,1,1
CHEMBL5862502,Cc1nc(Cl)ccc1[C@H](Nc1cc(Cl)c2ncc(C#N)c(Nc3cnc(F)c(F)c3)c2c1)C1=CNNN1,14.0,1,1
CHEMBL5885768,Cc1ncsc1[C@H](Nc1cc(Cl)c2ncc(C#N)c(Nc3cnc(F)c(F)c3)c2c1)C1=CNNN1,6.0,1,1
CHEMBL5844686,Cc1ncccc1[C@H](Nc1cc(Cl)c2ncc(C#N)c(N[C@H](C)c3ccccc3)c2c1)C1=CN(C2COC2)NN1,10.0,1,1
CHEMBL6027214,Cc1ncccc1[C@H](Nc1cc(Cl)c2ncc(C#N)c(Nc3cnc(F)c(F)c3)c2c1)C1=CN(C2COC2)NN1,10.0,1,1
CHEMBL6047255,Cc1ncccc1[C@H](Nc1cc(Cl)c2ncc(C#N)c(Nc3cnc(F)c(F)c3)c2c1)C1=CNNN1,7.0,1,1
CHEMBL5940905,CC[C@@H](Nc1c(C#N)cnc2c(Cl)cc(N[C@H](C3=CN(C4[C@H]5CN(C6COC6)C[C@@H]45)NN3)c3cccnc3)cc12)c1ccccc1,2.0,1,1
CHEMBL5828286,CC[C@@H](Nc1c(C#N)cnc2c(Cl)cc(N[C@H](C3=CN(CC#N)NN3)c3cccnc3)cc12)c1ccccc1,3.0,1,1
CHEMBL5889876,CC[C@@H](Nc1c(C#N)cnc2c(Cl)cc(N[C@H](C3=CN(CCCN4CCCC4)NN3)c3cccnc3)cc12)c1ccccc1,2.0,1,1
CHEMBL5968820,CCC(Nc1c(C#N)cnc2c(Cl)cc(N[C@H](C3=CN(CCF)NN3)c3cccnc3)cc12)c1ccccc1,2.0,1,1
CHEMBL5901017,N#Cc1cnc2c(Cl)cc(N[C@H](C3=CNNN3)c3cccnc3)cc2c1NC(CCO)c1ccccc1,7.0,1,1
CHEMBL5810815,N#Cc1cnc2c(Cl)cc(N[C@H](C3=CNNN3)c3cccnc3)cc2c1N[C@H](CCO)c1ccccc1,265.0,1,1
CHEMBL5839834,CC[C@@H](Nc1c(C#N)cnc2c(Cl)cc(N[C@H](C3=CN(C4[C@H]5CNC[C@@H]45)NN3)c3cccnc3)cc12)c1ccccc1,1.0,1,1
CHEMBL5997382,CC[C@@H](Nc1c(C#N)cnc2c(Cl)cc(N[C@H](C3=CN([C@@H](C)CF)NN3)c3cccnc3)cc12)c1ccccc1,2.0,1,1
CHEMBL5961822,N#Cc1cnc2c(Cl)cc(N[C@H](C3=CN(C4COC4)NN3)c3cccnc3)cc2c1NC(CCO)c1ccccc1,13.0,1,1
CHEMBL5939208,N#Cc1cnc2c(Cl)cc(N[C@H](C3=CN(C4COC4)NN3)c3cccnc3)cc2c1N[C@H](CCO)c1ccccc1,357.0,1,1
CHEMBL5786207,CC(C)N1C=C([C@@H](Nc2cc(Cl)c3ncc(C#N)c(NC(CCO)c4ccccc4)c3c2)c2cccnc2)NN1,8.0,1,1
CHEMBL6036892,CC(C)N1C=C([C@@H](Nc2cc(Cl)c3ncc(C#N)c(N[C@H](CCO)c4ccccc4)c3c2)c2cccnc2)NN1,305.0,1,1
CHEMBL5967218,CC(C)(O)[C@@H](Nc1c(C#N)cnc2c(Cl)cc(N[C@H](C3=CNNN3)c3cccnc3)cc12)c1ccccc1,118.0,1,1
CHEMBL5746985,CC(C)N1C=C([C@@H](Nc2cc(Cl)c3ncc(C#N)c(N[C@@H](c4ccccc4)C(C)(C)O)c3c2)c2cccnc2)NN1,67.0,1,1
CHEMBL5776072,N#Cc1cnc2c(Cl)cc(N[C@H](C3=CN(CCF)NN3)c3cccnc3)cc2c1Nc1cnc(F)c(F)c1,8.0,1,1
CHEMBL6060509,CC[C@@H](Nc1c(C#N)cnc2c(Cl)cc(N[C@H](C3=CN(C(C)C(F)(F)F)NN3)c3cccnc3)cc12)c1ccccc1,9.0,1,1
CHEMBL5906294,CC[C@@H](Nc1c(C#N)cnc2c(Cl)cc(N[C@H](C3=CN(C4CC4)NN3)c3cccnc3)cc12)c1ccccc1,2.0,1,1
CHEMBL6041859,CC[C@@H](Nc1c(C#N)cnc2c(Cl)cc(N[C@H](C3=CN(C(C)(C)C)NN3)c3cccnc3)cc12)c1ccccc1,3.0,1,1
CHEMBL5860718,CC[C@@H](Nc1c(C#N)cnc2c(Cl)cc(N[C@H](C3=CN(C(C)C)NN3)c3cccnc3)cc12)c1ccccc1,2.0,1,1
CHEMBL5990005,CC[C@@H](Nc1c(C#N)cnc2c(Cl)cc(N[C@H](C3=CN(C4COC4)NN3)c3cccnc3)cc12)c1ccccc1,2.0,1,1
CHEMBL5933251,CC[C@@H](Nc1c(C#N)cnc2c(Cl)cc(N[C@H](C3=CN(CC(F)(F)F)NN3)c3cccnc3)cc12)c1ccccc1,4.0,1,1
CHEMBL6036276,N#Cc1cnc2c(Cl)cc(N[C@H](C3=CN(C4COC4)NN3)c3cccnc3)cc2c1Nc1cccc(Cl)c1,6.0,1,1
CHEMBL5941741,C[C@@H](CF)N1C=C([C@@H](Nc2cc(Cl)c3ncc(C#N)c(Nc4cnc(F)c(F)c4)c3c2)c2cccnc2)NN1,9.0,1,1
CHEMBL5780659,CC(C)(C)N1C=C([C@@H](Nc2cc(Cl)c3ncc(C#N)c(Nc4cnc(F)c(F)c4)c3c2)c2cccnc2)NN1,17.0,1,1
CHEMBL5857090,N#Cc1cnc2c(Cl)cc(N[C@H](C3=CN(C4COC4)NN3)c3cccnc3)cc2c1Nc1cnc(F)c(F)c1,9.0,1,1
CHEMBL5836136,N#Cc1cnc2c(Cl)cc(N[C@H](C3=CN(CCCN4CCCC4)NN3)c3cccnc3)cc2c1Nc1cnc(F)c(F)c1,7.0,1,1
CHEMBL5752653,N#Cc1cnc2c(Cl)cc(N[C@H](C3=CN(C4COC4)NN3)c3cccnc3)cc2c1NC1CCOCC1,56.0,1,1
CHEMBL5868329,COCC(Nc1c(C#N)cnc2c(Cl)cc(N[C@H](C3=CNNN3)c3cccnc3)cc12)c1ccccc1,6923.0,0,1
CHEMBL5972723,COCC(Nc1c(C#N)cnc2c(Cl)cc(N[C@H](C3=CN(C(C)C)NN3)c3cccnc3)cc12)c1ccccc1,8513.0,0,1
CHEMBL5874033,CC(N1C=C([C@@H](Nc2cc(Cl)c3ncc(C#N)c(Nc4cnc(F)c(F)c4)c3c2)c2cccnc2)NN1)C(F)(F)F,72.0,1,1
CHEMBL6000674,N#Cc1cnc2c(Cl)cc(N[C@H](C3=CN(C4CC4)NN3)c3cccnc3)cc2c1Nc1cnc(F)c(F)c1,3.0,1,1
CHEMBL5920399,N#Cc1cnc2c(Cl)cc(N[C@H](C3=CNNN3)c3cccnc3)cc2c1Nc1cnc(F)c(F)c1,5.0,1,1
CHEMBL6028585,CC(C)(C)N1CCC(N2C=C([C@@H](Nc3cc(Cl)c4ncc(C#N)c(Nc5cnc(F)c(F)c5)c4c3)c3cccnc3)NN2)CC1,12.0,1,1
CHEMBL6061819,N#Cc1cnc2c(Cl)cc(N[C@H](C3=CN(CC(F)(F)F)NN3)c3cccnc3)cc2c1Nc1cnc(F)c(F)c1,23.0,1,1
CHEMBL5839283,N#Cc1cnc2c(Cl)cc(N[C@@H](C3=CCOCC3)C3=CN(C4COC4)NN3)cc2c1Nc1ccc(Cl)c(Cl)c1F,10.0,1,1
CHEMBL5793789,N#Cc1cnc2c(Cl)cc(N[C@@H](C3=CCOCC3)C3=CNNN3)cc2c1Nc1ccc(Cl)c(Cl)c1F,16.0,1,1
CHEMBL5770747,CC[C@@H](Nc1c(C#N)cnc2c(Cl)cc(N[C@H](C3=CN(C4CCCC4)NN3)c3cccnc3)cc12)c1ccccc1,3.0,1,1
CHEMBL5928693,N#Cc1cnc2c(Cl)cc(N[C@H](C3=CNNN3)c3cocn3)cc2c1N[C@H](CO)c1ccccc1,258.0,1,1
CHEMBL6047629,Cn1nccc1[C@H](Nc1cc(Cl)c2ncc(C#N)c(Nc3ccc(Cl)c(Cl)c3F)c2c1)C1=CNNN1,38.0,1,1
CHEMBL5989405,Cc1ncsc1[C@H](Nc1cc(Cl)c2ncc(C#N)c(Nc3ccc(Cl)c(Cl)c3F)c2c1)C1=CN(C2COC2)NN1,12.0,1,1
CHEMBL6011498,Cc1ncccc1[C@H](Nc1cc(Cl)c2ncc(C#N)c(N[C@H](CO)c3ccccc3)c2c1)C1=CNNN1,26.0,1,1
CHEMBL5760794,Cc1ncccc1[C@H](Nc1cc(Cl)c2ncc(C#N)c(NC(CO)c3ccccc3)c2c1)C1=CNNN1,4449.0,0,1
CHEMBL5964497,CC[C@@H](Nc1c(C#N)cnc2c(Cl)cc(N[C@H](C3=CNNN3)c3cccnc3C)cc12)c1ccccc1,4.0,1,1
CHEMBL5817509,CC[C@@H](Nc1c(C#N)cnc2c(Cl)cc(N[C@H](C3=CN(C4CCN(C(C)(C)C)CC4)NN3)c3cccnc3C)cc12)c1ccccc1,2.0,1,1
CHEMBL5818806,N#Cc1cnc2c(Cl)cc(N[C@H](C3=CNNN3)c3csc4c3CCN(C3COC3)C4)cc2c1Nc1ccc(Cl)c(Cl)c1F,19.0,1,1
CHEMBL6015868,CC(C)(C)N1CCC(N2C=C([C@@H](Nc3cc(Cl)c4ncc(C#N)c(Nc5ccc(Cl)c(Cl)c5F)c4c3)c3csc4c3CCN(C3COC3)C4)NN2)CC1,7.0,1,1
CHEMBL5776172,Cc1ncccc1[C@H](Nc1cc(Cl)c2ncc(C#N)c(Nc3cccc(Cl)c3)c2c1)C1=CNNN1,12.0,1,1
CHEMBL5755194,Cc1ncccc1[C@H](Nc1cc(Cl)c2ncc(C#N)c(Nc3cccc(Cl)c3)c2c1)C1=CN(C(C)C)NN1,10.0,1,1
CHEMBL5771755,Cc1ncccc1[C@H](Nc1cc(Cl)c2ncc(C#N)c(Nc3cccc(Cl)c3)c2c1)C1=CN(C2CCN(C(C)(C)C)CC2)NN1,8.0,1,1
CHEMBL5970552,Cc1ncccc1[C@H](Nc1cc(Cl)c2ncc(C#N)c(Nc3ccc(Cl)c(Cl)c3F)c2c1)C1=CNNN1,44.0,1,1
CHEMBL5988897,Cc1cncc([C@H](Nc2cc(Cl)c3ncc(C#N)c(Nc4ccc(F)c(Cl)c4)c3c2)C2=CN(C(C)C)NN2)c1,18.0,1,1
CHEMBL5912978,Cc1ncccc1[C@H](Nc1cc(Cl)c2ncc(C#N)c(N[C@H](C)c3ccccc3)c2c1)C1=CNNN1,12.0,1,1
CHEMBL5743124,Cc1ncccc1[C@H](Nc1cc(Cl)c2ncc(C#N)c(N[C@H](C)c3ccccc3)c2c1)C1=CN(C(C)C)NN1,9.0,1,1
CHEMBL6060281,Cc1ncccc1[C@H](Nc1cc(Cl)c2ncc(C#N)c(N[C@H](C)c3ccccc3)c2c1)C1=CN(C2CCN(C(C)(C)C)CC2)NN1,8.0,1,1
CHEMBL6012981,Cc1ncccc1[C@H](Nc1cc(Cl)c2ncc(C#N)c(Nc3ccc(Cl)c(Cl)c3F)c2c1)C1=CN(C(C)C)NN1,15.0,1,1
CHEMBL5903491,Cc1ncccc1[C@H](Nc1cc(Cl)c2ncc(C#N)c(Nc3ccc(Cl)c(Cl)c3F)c2c1)C1=CN(C2CCN(C(C)(C)C)CC2)NN1,8.0,1,1
CHEMBL5748931,Cc1ncsc1[C@H](Nc1cc(Cl)c2ncc(C#N)c(Nc3ccc(Cl)c(Cl)c3F)c2c1)C1=CNNN1,21.0,1,1
CHEMBL5866125,Cc1ncsc1[C@H](Nc1cc(Cl)c2ncc(C#N)c(Nc3ccc(Cl)c(Cl)c3F)c2c1)C1=CN(C(C)C)NN1,17.0,1,1
CHEMBL5768939,Cc1ncsc1[C@H](Nc1cc(Cl)c2ncc(C#N)c(Nc3ccc(Cl)c(Cl)c3F)c2c1)C1=CN(C2CCN(C(C)(C)C)CC2)NN1,9.0,1,1
CHEMBL5903174,C[C@@H](Nc1c(C#N)cnc2c(Cl)cc(N[C@H](C3=CN(C4CCN(C(C)(C)C)CC4)NN3)c3csc4c3CCN(C3COC3)C4)cc12)c1ccccc1,1.0,1,1
CHEMBL5807051,C[C@@H](Nc1c(C#N)cnc2c(Cl)cc(N[C@H](C3=CNNN3)c3csc4c3CCN(C3COC3)C4)cc12)c1ccccc1,3.0,1,1
CHEMBL5953946,Cc1ncsc1[C@H](Nc1cc(Cl)c2ncc(C#N)c(N[C@H](C)c3ccccc3)c2c1)C1=CN(C(C)C)NN1,16.0,1,1
CHEMBL5740592,Cc1ncsc1[C@H](Nc1cc(Cl)c2ncc(C#N)c(N[C@H](C)c3ccccc3)c2c1)C1=CN(C2CCN(C(C)(C)C)CC2)NN1,16.0,1,1
CHEMBL5916200,CC(C)(C)N1CCC(N2C=C([C@@H](Nc3cc(Cl)c4ncc(C#N)c(Nc5cccc(Cl)c5F)c4c3)c3csc4c3CCN(C3COC3)C4)NN2)CC1,2.0,1,1
CHEMBL5876947,N#Cc1cnc2c(Cl)cc(N[C@H](C3=CN(C4CCN(C5COC5)CC4)NN3)c3cocn3)cc2c1Nc1ccc(Cl)c(Cl)c1F,143.0,1,1
CHEMBL5814408,Cc1ncsc1[C@H](Nc1cc(Cl)c2ncc(C#N)c(N[C@H](C)c3ccccc3)c2c1)C1=CNNN1,41.0,1,1
CHEMBL6040910,CC(C)N1C=C([C@@H](Nc2cc(Cl)c3ncc(C#N)c(Nc4ccc(F)c(Cl)c4)c3c2)C2=CCOCC2)NN1,4.0,1,1
CHEMBL5897021,Cc1ncccc1[C@H](Nc1cc(Cl)c2ncc(C#N)c(Nc3cccc(Cl)c3F)c2c1)C1=CN(C(C)C)NN1,2.0,1,1
CHEMBL5976210,N#Cc1cnc2c(Cl)cc(N[C@H](C3=CNNN3)c3csc4c3CCN(C3COC3)C4)cc2c1Nc1cccc(Cl)c1F,6.0,1,1
CHEMBL6049695,Cc1ncccc1[C@H](Nc1cc(Cl)c2ncc(C#N)c(Nc3cccc(Cl)c3F)c2c1)c1cn(C2CCN(C(C)(C)C)CC2)nn1,2.0,1,1
CHEMBL5860261,Cc1ncccc1[C@H](Nc1cc(Cl)c2ncc(C#N)c(Nc3cccc(Cl)c3F)c2c1)C1=CNNN1,4.0,1,1
CHEMBL5852943,Cc1cncc([C@H](Nc2cc(Cl)c3ncc(C#N)c(Nc4ccc(F)c(Cl)c4)c3c2)C2=CNNN2)c1,12.0,1,1
CHEMBL5748623,Cc1cncc([C@H](Nc2cc(Cl)c3ncc(C#N)c(Nc4ccc(F)c(Cl)c4)c3c2)C2=CN(C3CCN(C(C)(C)C)CC3)NN2)c1,5.0,1,1
CHEMBL5809604,Cc1ncsc1[C@H](Nc1cc(Cl)c2ncc(C#N)c(Nc3cccc(Cl)c3F)c2c1)C1=CNNN1,5.0,1,1
CHEMBL5743761,Cc1ncsc1[C@H](Nc1cc(Cl)c2ncc(C#N)c(Nc3cccc(Cl)c3F)c2c1)C1=CN(C(C)C)NN1,6.0,1,1
CHEMBL6056654,Cc1ncsc1[C@H](Nc1cc(Cl)c2ncc(C#N)c(Nc3cccc(Cl)c3F)c2c1)C1=CN(C(C)(C)C)NN1,4.0,1,1
CHEMBL5932750,CC[C@@H](Nc1c(C#N)cnc2c(Cl)cc(N[C@H](C3=CNNN3)c3cccnc3)cc12)c1ccccc1,3.0,1,1
CHEMBL5821647,C[C@@H](Nc1c(C#N)cnc2c(Cl)cc(N[C@H](C3=CNNN3)c3cccnc3)cc12)c1ccccc1,10.0,1,1
CHEMBL5843334,N#Cc1cnc2c(Cl)cc(N[C@H](C3=CNNN3)c3cccnc3)cc2c1Nc1ccc(Cl)c(Cl)c1F,16.0,1,1
CHEMBL5940715,N#Cc1cnc2c(Cl)cc(N[C@H](C3=CNNN3)c3cccnc3)cc2c1Nc1cccc(Cl)c1F,6.0,1,1
CHEMBL6022365,CC[C@@H](Nc1c(C#N)cnc2c(Cl)cc(N[C@H](C3=CN(C4CCN(C(C)(C)C)CC4)NN3)c3cccnc3)cc12)c1ccccc1,2.0,1,1
CHEMBL5975399,C[C@@H](Nc1c(C#N)cnc2c(Cl)cc(N[C@H](C3=CN(C4CCN(C(C)(C)C)CC4)NN3)c3cccnc3)cc12)c1ccccc1,6.0,1,1
CHEMBL5935668,CC(C)(C)N1CCC(N2C=C([C@@H](Nc3cc(Cl)c4ncc(C#N)c(Nc5ccc(Cl)c(Cl)c5F)c4c3)c3cccnc3)NN2)CC1,6.0,1,1
CHEMBL5886836,Cc1nc(C)c([C@H](Nc2cc(Cl)c3ncc(C#N)c(Nc4ccc(F)c(Cl)c4)c3c2)C2=CN(C3CCN(C(C)(C)C)CC3)NN2)s1,14.0,1,1
CHEMBL5785108,Cc1nc([C@H](Nc2cc(Cl)c3ncc(C#N)c(Nc4ccc(F)c(Cl)c4)c3c2)C2=CN(C3CCN(C(C)(C)C)CC3)NN2)c(C)o1,11.0,1,1
CHEMBL6057673,Cc1ocnc1[C@H](Nc1cc(Cl)c2ncc(C#N)c(Nc3ccc(F)c(Cl)c3)c2c1)C1=CN(C2CCN(C(C)(C)C)CC2)NN1,13.0,1,1
CHEMBL5985881,CC(C)(C)N1CCC(N2C=C([C@@H](Nc3cc(Cl)c4ncc(C#N)c(Nc5ccc(F)c(Cl)c5)c4c3)C3=CCOCC3)NN2)CC1,2.0,1,1
CHEMBL6041205,Cc1ncoc1[C@H](Nc1cc(Cl)c2ncc(C#N)c(Nc3ccc(F)c(Cl)c3)c2c1)C1=CN(C2CCN(C(C)(C)C)CC2)NN1,14.0,1,1
CHEMBL5857449,Cn1cnc([C@H](Nc2cc(Cl)c3ncc(C#N)c(Nc4ccc(F)c(Cl)c4)c3c2)C2=CNNN2)c1,37.0,1,1
CHEMBL5872217,Cn1cnc([C@H](Nc2cc(Cl)c3ncc(C#N)c(Nc4ccc(F)c(Cl)c4)c3c2)C2=CN(C3CCN(C(C)(C)C)CC3)NN2)c1,30.0,1,1
CHEMBL5755978,Cn1ccc([C@H](Nc2cc(Cl)c3ncc(C#N)c(Nc4ccc(F)c(Cl)c4)c3c2)C2=CN(C3CCN(C(C)(C)C)CC3)NN2)n1,12.0,1,1
CHEMBL6000647,N#Cc1cnc2c(Cl)cc(N[C@H](C3=CNNN3)c3csc4c3CCN(C3COC3)C4)cc2c1Nc1ccc(F)c(Cl)c1,6.0,1,1
CHEMBL5904564,CCN1CCc2c([C@H](Nc3cc(Cl)c4ncc(C#N)c(Nc5ccc(F)c(Cl)c5)c4c3)C3=CNNN3)csc2C1,4.0,1,1
CHEMBL5854771,Cc1ccc([C@H](Nc2cc(Cl)c3ncc(C#N)c(Nc4ccc(F)c(Cl)c4)c3c2)C2=CNNN2)cn1,9.0,1,1
CHEMBL5931729,Cc1ncccc1[C@H](Nc1cc(Cl)c2ncc(C#N)c(Nc3ccc(F)c(Cl)c3)c2c1)C1=CNNN1,5.0,1,1
CHEMBL5918623,Cc1ccc([C@H](Nc2cc(Cl)c3ncc(C#N)c(Nc4ccc(F)c(Cl)c4)c3c2)C2=CN(COC(=O)C(C)(C)C)NN2)cn1,51.0,1,1
CHEMBL5949488,Cc1ncccc1[C@H](Nc1cc(Cl)c2ncc(C#N)c(Nc3ccc(F)c(Cl)c3)c2c1)C1=CN(COC(=O)C(C)(C)C)NN1,12.0,1,1
CHEMBL5937064,N#Cc1cnc2c(Cl)cc(N[C@H](C3=CNNN3)c3csc4c3CCNC4)cc2c1Nc1ccc(F)c(Cl)c1,7.0,1,1
CHEMBL5809367,N#Cc1cnc2c(Cl)cc(N[C@H](C3=CNNN3)c3cscn3)cc2c1Nc1ccc(F)c(Cl)c1,6.0,1,1
CHEMBL5794447,N#Cc1cnc2c(Cl)cc(N[C@H](C3=CNNN3)c3cncs3)cc2c1Nc1ccc(F)c(Cl)c1,7.0,1,1
CHEMBL6024214,CCN1CCc2c([C@H](Nc3cc(Cl)c4ncc(C#N)c(Nc5ccc(F)c(Cl)c5)c4c3)C3=CN(C4COC4)NN3)csc2C1,3.0,1,1
CHEMBL5886177,N#Cc1cnc2c(Cl)cc(N[C@H](C3=CN(C4COC4)NN3)c3csc4c3CCNC4)cc2c1Nc1ccc(F)c(Cl)c1,3.0,1,1
CHEMBL5940006,Cc1ccc([C@H](Nc2cc(Cl)c3ncc(C#N)c(Nc4ccc(F)c(Cl)c4)c3c2)C2=CN(C(C)C)NN2)cn1,16.0,1,1
CHEMBL5769603,Cc1ccc([C@H](Nc2cc(Cl)c3ncc(C#N)c(Nc4ccc(F)c(Cl)c4)c3c2)C2=CN(C3CCN(C(C)(C)C)CC3)NN2)cn1,13.0,1,1
CHEMBL5821349,Cc1ncccc1[C@H](Nc1cc(Cl)c2ncc(C#N)c(Nc3ccc(F)c(Cl)c3)c2c1)C1=CN(C(C)C)NN1,3.0,1,1
CHEMBL5925262,Cc1ncccc1[C@H](Nc1cc(Cl)c2ncc(C#N)c(Nc3ccc(F)c(Cl)c3)c2c1)C1=CN(C2CCN(C(C)(C)C)CC2)NN1,3.0,1,1
CHEMBL6013835,CC(C)(C)N1CCC(N2C=C(C(Nc3cc(Cl)c4ncc(C#N)c(Nc5cncc(Cl)c5)c4c3)c3cccnc3)NN2)CC1,14.0,1,1
CHEMBL6053138,CC(C)(C)N1CCC(N2C=C([C@@H](Nc3cc(Cl)c4ncc(C#N)c(Nc5ccc(F)c(F)c5)c4c3)c3cccnc3)NN2)CC1,8.0,1,1
CHEMBL5806205,CC(C)(C)N1CCC(N2C=C([C@@H](Nc3cc(Cl)c4ncc(C#N)c(Nc5cccc(Cl)c5F)c4c3)c3cccnc3)NN2)CC1,4.0,1,1
CHEMBL5933544,CC(C)(C)N1CCC(n2cc([C@@H](Nc3cc(Cl)c4ncc(C#N)c(NC5CCCCC5)c4c3)c3cccnc3)nn2)CC1,20.0,1,1
CHEMBL5894911,CC(C)(C)N1CCC(N2C=C([C@@H](Nc3cc(Cl)c4ncc(C#N)c(NC5CCCCCC5)c4c3)c3cccnc3)NN2)CC1,26.0,1,1
CHEMBL5978804,Cc1cc(Cl)ncc1[C@H](Nc1cc(Cl)c2ncc(C#N)c(Nc3ccc(F)c(Cl)c3)c2c1)C1=CN(C2CCN(C(C)(C)C)CC2)NN1,37.0,1,1
CHEMBL5924640,COc1ccc([C@H](Nc2cc(Cl)c3ncc(C#N)c(Nc4ccc(F)c(Cl)c4)c3c2)C2=CN(C3CCN(C(C)(C)C)CC3)NN2)cn1,12.0,1,1
CHEMBL5959323,CC(C)Oc1ncccc1[C@H](Nc1cc(Cl)c2ncc(C#N)c(Nc3ccc(F)c(Cl)c3)c2c1)C1=CN(C2CCN(C(C)(C)C)CC2)NN1,35.0,1,1
CHEMBL5799819,CC(C)(C)N1CCC(N2C=C([C@@H](Nc3cc(Cl)c4ncc(C#N)c(Nc5ccc(F)c(Cl)c5)c4c3)c3cnc(F)c(F)c3)NN2)CC1,17.0,1,1
CHEMBL5942595,Cc1nc(Cl)ccc1[C@H](Nc1cc(Cl)c2ncc(C#N)c(Nc3ccc(F)c(Cl)c3)c2c1)C1=CN(C(C)C)NN1,9.0,1,1
CHEMBL5771166,CC(C)N1C=C([C@@H](Nc2cc(Cl)c3ncc(C#N)c(Nc4ccc(F)c(Cl)c4)c3c2)c2ccc(Cl)nc2Cl)NN1,23.0,1,1
CHEMBL5881396,CC(C)N1C=C([C@@H](Nc2cc(Cl)c3ncc(C#N)c(Nc4ccc(F)c(Cl)c4)c3c2)c2cnc(Cl)cc2Cl)NN1,80.0,1,1
CHEMBL5777370,CC(C)N1C=C([C@@H](Nc2cc(Cl)c3ncc(C#N)c(Nc4ccc(F)c(Cl)c4)c3c2)c2cccnc2Cl)NN1,9.0,1,1
CHEMBL5809188,CC(C)N1C=C([C@@H](Nc2cc(Cl)c3ncc(C#N)c(Nc4ccc(F)c(Cl)c4)c3c2)c2cnco2)NN1,39.0,1,1
CHEMBL5940343,CC(C)(C)N1CCC(N2C=C([C@@H](Nc3cc(Cl)c4ncc(C#N)c(Nc5ccc(F)c(Cl)c5)c4c3)c3cnco3)NN2)CC1,18.0,1,1
CHEMBL5911677,CC(C)(C)N1CCC(N2C=C([C@@H](Nc3cc(Cl)c4ncc(C#N)c(Nc5ccc(F)c(Cl)c5)c4c3)c3csc(N4CCOCC4)n3)NN2)CC1,7.0,1,1
CHEMBL5975976,CC(C)N1C=C([C@@H](Nc2cc(Cl)c3ncc(C#N)c(Nc4ccc(F)c(Cl)c4)c3c2)c2csc(N3CCOCC3)n2)NN1,14.0,1,1
CHEMBL5774421,N#Cc1cnc2c(Cl)cc(N[C@H](C3=CN(C4COC4)NN3)c3csc(N4CCOCC4)n3)cc2c1Nc1ccc(F)c(Cl)c1,10.0,1,1
CHEMBL5871812,CC(C)N1C=C([C@@H](Nc2cc(Cl)c3ncc(C#N)c(Nc4ccc(F)c(Cl)c4)c3c2)c2cncs2)NN1,14.0,1,1
CHEMBL5860809,CC(C)N1C=C([C@@H](Nc2cc(Cl)c3ncc(C#N)c(Nc4ccc(F)c(Cl)c4)c3c2)c2ccnn2C)NN1,6.0,1,1
CHEMBL5771859,Cn1nccc1[C@H](Nc1cc(Cl)c2ncc(C#N)c(Nc3ccc(F)c(Cl)c3)c2c1)C1=CN(C2CCN(C(C)(C)C)CC2)NN1,3.0,1,1
CHEMBL5993924,Cc1ncsc1[C@H](Nc1cc(Cl)c2ncc(C#N)c(Nc3ccc(F)c(Cl)c3)c2c1)C1=CN(C(C)C)NN1,6.0,1,1
CHEMBL5761729,Cc1ncsc1[C@H](Nc1cc(Cl)c2ncc(C#N)c(Nc3ccc(F)c(Cl)c3)c2c1)C1=CN(C2CCN(C(C)(C)C)CC2)NN1,4.0,1,1
CHEMBL5847866,N#Cc1cnc2c(Cl)cc(N[C@H](C3=CNNN3)c3cccnc3)cc2c1Nc1ccc(F)c(Cl)c1,4.0,1,1
CHEMBL5897496,CC1(C)CC(N2C=C([C@@H](Nc3cc(Cl)c4ncc(C#N)c(Nc5ccc(F)c(Cl)c5)c4c3)c3cccnc3)NN2)CC(C)(C)N1,8.0,1,1
CHEMBL5754433,CC(C)(C)N1C=C([C@@H](Nc2cc(Cl)c3ncc(C#N)c(Nc4ccc(F)c(Cl)c4)c3c2)c2cocn2)NN1,40.0,1,1
CHEMBL5994362,CC(C)N1C=C([C@@H](Nc2cc(Cl)c3ncc(C#N)c(Nc4ccc(F)c(Cl)c4)c3c2)c2cocn2)NN1,13.0,1,1
CHEMBL5920148,N#Cc1cnc2c(Cl)cc(N[C@H](C3=CN(C4COC4)NN3)c3cccnc3)cc2c1Nc1ccc(F)c(Cl)c1,5.0,1,1
CHEMBL6022989,N#Cc1cnc2c(Cl)cc(N[C@H](C3=CN(C4CCN(C5COC5)CC4)NN3)c3cccnc3)cc2c1Nc1ccc(F)c(Cl)c1,15.0,1,1
CHEMBL5868587,CC(C)(C)N1CCC(N2C=C([C@@H](Nc3cc(Cl)c4ncc(C#N)c(Nc5ccc(F)c(Cl)c5)c4c3)c3cccnc3Cl)NN2)CC1,4.0,1,1
CHEMBL5815497,N#Cc1cnc2c(Cl)cc(N[C@H](C3=CN(Cc4ccccn4)NN3)c3cscn3)cc2c1Nc1ccc(F)c(Cl)c1,6.0,1,1
CHEMBL5876510,N#Cc1csc([C@H](Nc2cc(Cl)c3ncc(C#N)c(Nc4ccc(F)c(Cl)c4)c3c2)C2=CN(Cc3ccccn3)NN2)c1,16.0,1,1
CHEMBL6044251,Cc1nc(Cl)ccc1[C@H](Nc1cc(Cl)c2ncc(C#N)c(Nc3ccc(F)c(Cl)c3)c2c1)C1=CN(C2CCN(C(C)(C)C)CC2)NN1,8.0,1,1
CHEMBL5885757,N#Cc1cnc2c(Cl)cc(N[C@H](C3=CN(C4COC4)NN3)c3cccnc3Cl)cc2c1Nc1ccc(F)c(Cl)c1,5.0,1,1
CHEMBL5992704,Cc1nc(Cl)ccc1[C@H](Nc1cc(Cl)c2ncc(C#N)c(Nc3ccc(F)c(Cl)c3)c2c1)C1=CN(C2COC2)NN1,10.0,1,1
CHEMBL5900455,N#Cc1cnc2c(Cl)cc(N[C@H](C3=CN(C4COC4)NN3)c3ccc(Cl)nc3Cl)cc2c1Nc1ccc(F)c(Cl)c1,33.0,1,1
CHEMBL5998257,N#Cc1cnc2c(Cl)cc(N[C@H](C3=CN(C4COC4)NN3)c3cnc(Cl)cc3Cl)cc2c1Nc1ccc(F)c(Cl)c1,86.0,1,1
CHEMBL5892937,CC(C)(C)N1CCC(N2C=C([C@@H](Nc3cc(Cl)c4ncc(C#N)c(Nc5ccc(F)c(Cl)c5)c4c3)c3ccc(Cl)nc3Cl)NN2)CC1,20.0,1,1
CHEMBL5975928,CC(C)(C)N1CCC(N2C=C([C@@H](Nc3cc(Cl)c4ncc(C#N)c(Nc5ccc(F)c(Cl)c5)c4c3)c3cnc(Cl)cc3Cl)NN2)CC1,34.0,1,1
CHEMBL5820639,Cc1nc(Cl)ccc1[C@H](Nc1cc(Cl)c2ncc(C#N)c(Nc3ccc(F)c(Cl)c3)c2c1)C1=CN(CCO)NN1,4.0,1,1
CHEMBL5959081,N#Cc1cnc2c(Cl)cc(N[C@H](C3=CN(CCO)NN3)c3cccnc3Cl)cc2c1Nc1ccc(F)c(Cl)c1,3.0,1,1
CHEMBL5831214,N#Cc1cnc2c(Cl)cc(N[C@H](C3=CN(CCN4CCCCC4)NN3)c3cccnc3)cc2c1Nc1ccc(F)c(Cl)c1,4.0,1,1
CHEMBL5921189,N#Cc1cnc2c(Cl)cc(N[C@H](C3=CN(CCN4CCOCC4)NN3)c3cccnc3)cc2c1Nc1ccc(F)c(Cl)c1,10.0,1,1
CHEMBL5803419,N#Cc1csc([C@H](Nc2cc(Cl)c3ncc(C#N)c(Nc4ccc(F)c(Cl)c4)c3c2)C2=CN(C3COC3)NN2)c1,13.0,1,1
CHEMBL5822356,COCCOCCN1C=C([C@@H](Nc2cc(Cl)c3ncc(C#N)c(Nc4ccc(F)c(Cl)c4)c3c2)c2cccnc2)NN1,8.0,1,1
CHEMBL5864002,N#Cc1cnc2c(Cl)cc(N[C@H](C3=CN(CCOCCO)NN3)c3cccnc3)cc2c1Nc1ccc(F)c(Cl)c1,6.0,1,1
CHEMBL5806894,Cn1cncc1[C@H](Nc1cc(Cl)c2ncc(C#N)c(Nc3ccc(F)c(Cl)c3)c2c1)C1=CN(C2CCN(C(C)(C)C)CC2)NN1,38.0,1,1
CHEMBL5870529,CCN1CCc2c([C@H](Nc3cc(Cl)c4ncc(C#N)c(Nc5ccc(F)c(Cl)c5)c4c3)C3=CN(C(C)C)NN3)csc2C1,3.0,1,1
CHEMBL5914358,CC(C)N1C=C([C@@H](Nc2cc(Cl)c3ncc(C#N)c(Nc4ccc(F)c(Cl)c4)c3c2)c2csc3c2CCN(C)C3)NN1,3.0,1,1
CHEMBL5863579,CC(C)N1C=C([C@@H](Nc2cc(Cl)c3ncc(C#N)c(Nc4ccc(F)c(Cl)c4)c3c2)c2csc3c2CCNC3)NN1,3.0,1,1
CHEMBL5968711,CC(C)(C)N1CCC(N2C=C([C@@H](Nc3cc(Cl)c4ncc(C#N)c(Nc5ccc(F)c(Cl)c5)c4c3)c3ccc(F)nc3)NN2)CC1,4.0,1,1
CHEMBL5834830,CC(C)(C)N1CCC(N2C=C([C@@H](Nc3cc(Cl)c4ncc(C#N)c(Nc5ccc(F)c(Cl)c5)c4c3)c3cocn3)NN2)CC1,13.0,1,1
CHEMBL5822553,CC(C)(C)N1CCC(N2C=C([C@@H](Nc3cc(Cl)c4ncc(C#N)c(Nc5ccc(F)c(Cl)c5)c4c3)c3csc4ccc(Cl)cc34)NN2)CC1,41.0,1,1
CHEMBL5979209,CC(C)(C)N1CCC(N2C=C([C@@H](Nc3cc(Cl)c4ncc(C#N)c(Nc5ccc(Cl)c(Cl)c5)c4c3)c3cscn3)NN2)CC1,26.0,1,1
CHEMBL6048492,CC(C)(C)N1CCC(N2C=C([C@@H](Nc3cc(Cl)c4ncc(C#N)c(Nc5ccc(F)c(Cl)c5)c4c3)c3csc4ccccc34)NN2)CC1,10.0,1,1
CHEMBL5742171,N#Cc1cnc2c(Cl)cc(N[C@H](C3=CN(CCN4CCOCC4)NN3)c3cscn3)cc2c1Nc1ccc(F)c(Cl)c1,12.0,1,1
CHEMBL6064652,CC(C)(C)N1CCC(N2C=C([C@@H](Nc3cc(Cl)c4ncc(C#N)c(Nc5ccc(F)c(Cl)c5)c4c3)c3cscn3)NN2)CC1,4.0,1,1
CHEMBL6015440,N#Cc1cnc2c(Cl)cc(N[C@H](C3=CN(C4CCNCC4)NN3)c3cscn3)cc2c1Nc1ccc(F)c(Cl)c1,3.0,1,1
CHEMBL6053327,CN(C)CCN1C=C([C@@H](Nc2cc(Cl)c3ncc(C#N)c(Nc4ccc(F)c(Cl)c4)c3c2)c2cscn2)NN1,5.0,1,1
CHEMBL5920011,CC(C)N1C=C([C@@H](Nc2cc(Cl)c3ncc(C#N)c(Nc4ccc(F)c(Cl)c4)c3c2)c2cscn2)NN1,5.0,1,1
CHEMBL5937548,COCCN1C=C([C@@H](Nc2cc(Cl)c3ncc(C#N)c(Nc4ccc(F)c(Cl)c4)c3c2)c2cscn2)NN1,3.0,1,1
CHEMBL5895801,N#Cc1cnc2c(Cl)cc(N[C@H](C3=CN(CCN)NN3)c3cscn3)cc2c1Nc1ccc(F)c(Cl)c1,3.0,1,1
CHEMBL5934428,CN(C)CCCN1C=C([C@@H](Nc2cc(Cl)c3ncc(C#N)c(Nc4ccc(F)c(Cl)c4)c3c2)c2cscn2)NN1,4.0,1,1
CHEMBL5920220,CC(C)(C)N1C=C([C@@H](Nc2cc(Cl)c3ncc(C#N)c(Nc4ccc(F)c(Cl)c4)c3c2)c2cscn2)NN1,13.0,1,1
CHEMBL5939157,CCN1CCC(N2C=C([C@@H](Nc3cc(Cl)c4ncc(C#N)c(Nc5ccc(F)c(Cl)c5)c4c3)c3cccnc3)NN2)CC1,1992.5,0,2
CHEMBL5965776,N#Cc1cnc2c(Cl)cc(N[C@H](C3=CN(C4COC4)NN3)c3cscn3)cc2c1Nc1ccc(F)c(Cl)c1,4.0,1,1
CHEMBL5827453,N#CCN1C=C([C@@H](Nc2cc(Cl)c3ncc(C#N)c(Nc4ccc(F)c(Cl)c4)c3c2)c2cscn2)NN1,7.0,1,1
CHEMBL6051171,CCN1CCC(N2C=C(C(Nc3cc(Cl)c4ncc(C#N)c(Nc5ccc(F)c(Cl)c5)c4c3)c3cncnc3)NN2)CC1,5.0,1,1
CHEMBL5990162,CCN1CCC(N2C=C(C(Nc3cc(Cl)c4ncc(C#N)c(Nc5ccc(F)c(Cl)c5)c4c3)c3ncccn3)NN2)CC1,13.0,1,1
CHEMBL5805600,CCN1CCC(N2C=C([C@H](c3cccnc3)N(CC)c3cc(Cl)c4ncc(C#N)c(Nc5ccc(F)c(Cl)c5)c4c3)NN2)CC1,649.0,1,1
CHEMBL5944555,CC(C)(C)N1CCC(N2C=C([C@@H](Nc3cc(Cl)c4ncc(C#N)c(Nc5ccc(F)c(Cl)c5)c4c3)c3cccnc3)NN2)CC1,3.0,1,1
CHEMBL5878893,CC(C)(C)N1CCC(N2C=C([C@@H](Nc3cc(Cl)c4ncc(C#N)c(Nc5ccc(F)c(Cl)c5)c4c3)c3cncs3)NN2)CC1,8.0,1,1
CHEMBL5744664,CCN1CCC(N2C=C([C@@H](Nc3cc(Cl)c4ncc(C#N)c(Nc5ccc(F)c(Cl)c5)c4c3)c3cscc3Cl)NN2)CC1,2.0,1,1
CHEMBL5750351,CCN1CCC(N2C=C([C@@H](Nc3cc(Cl)c4ncc(C#N)c(Nc5ccc(F)c(Cl)c5)c4c3)c3cc(C#N)cs3)NN2)CC1,2.0,1,1
CHEMBL5842313,CCCN1CCC(N2C=C([C@@H](Nc3cc(Cl)c4ncc(C#N)c(Nc5ccc(F)c(Cl)c5)c4c3)c3cncs3)NN2)CC1,3.0,1,1
CHEMBL5880020,CCN1CCC(N2C=C([C@H](c3cscn3)N(CC)c3cc(Cl)c4ncc(C#N)c(Nc5ccc(F)c(Cl)c5)c4c3)NN2)CC1,37.0,1,1
CHEMBL6048989,N#Cc1cnc2c(Cl)cc(N[C@H](C3=CN(C4CCNCC4)NN3)c3cncs3)cc2c1Nc1ccc(F)c(Cl)c1,4.0,1,1
CHEMBL5824101,N#Cc1cnc2c(Cl)cc(NC(c3cccnc3)c3ccccn3)cc2c1Nc1ccc(F)c(Cl)c1,182.0,1,1
CHEMBL5753590,N#Cc1cnc2c(Cl)cc(NC(c3ccccn3)c3ccccn3)cc2c1Nc1ccc(F)c(Cl)c1,398.0,1,1
CHEMBL5987128,CCN1CCC(N2C=C([C@@H](Nc3cc(Cl)c4ncc(C#N)c(Nc5ccc(F)c(Cl)c5)c4c3)c3cncs3)NN2)CC1,2.0,1,1
CHEMBL6062602,CCN1CCC(N2C=C([C@@H](Nc3cc(Cl)c4ncc(C#N)c(Nc5ccc(F)c(Cl)c5)c4c3)c3ccc(Cl)nc3)NN2)CC1,6.0,1,1
CHEMBL5973646,CCN1CCC(N2C=C([C@@H](Nc3cc(Cl)c4ncc(C#N)c(Nc5ccc(F)c(Cl)c5)c4c3)c3cccs3)NN2)CC1,14.0,1,1
CHEMBL5842644,CCN1CCC(N2C=C([C@@H](Nc3cc(Cl)c4ncc(C#N)c(Nc5ccc(F)c(Cl)c5)c4c3)c3cc(Cl)cs3)NN2)CC1,7.0,1,1
CHEMBL6051041,CCN1CCC(N2C=C([C@@H](Nc3cc(Cl)c4ncc(C#N)c(Nc5ccc(F)c(Cl)c5)c4c3)c3ccc(Cl)s3)NN2)CC1,14.0,1,1
CHEMBL6047881,CCN1CCC(N2C=C([C@@H](Nc3cc(Cl)c4ncc(C#N)c(Nc5ccc(F)c(Cl)c5)c4c3)c3sccc3Cl)NN2)CC1,11.0,1,1
CHEMBL5814097,CN1C=C(C(Nc2cc(Cl)c3ncc(C#N)c(Nc4ccc(F)c(Cl)c4)c3c2)c2cccnc2)NN1,4.0,1,1
CHEMBL5907964,Cn1cnc(C(Nc2cc(Cl)c3ncc(C#N)c(Nc4ccc(F)c(Cl)c4)c3c2)c2cccnc2)c1,9.0,1,1
CHEMBL5802612,N#Cc1cnc2c(Cl)cc(NC(C3=CN(C4CCNCC4)NN3)c3cccnc3)cc2c1Nc1ccc(F)c(Cl)c1,2.0,1,1
CHEMBL5871921,Cn1cc([C@@H](Nc2cc(Cl)c3ncc(C#N)c(Nc4ccc(F)c(Cl)c4)c3c2)c2cccnc2)nn1,3.0,1,1
CHEMBL5947797,CCN1CCC(N2C=C(C(Nc3cc(Cl)c4ncc(C#N)c(Nc5ccc(F)c(Cl)c5)c4c3)c3cccnc3)NN2)CC1,2.0,1,1
CHEMBL6003119,CC(C)N1C=C([C@@H](Nc2cc(Cl)c3ncc(C#N)c(Nc4ccc(F)c(Cl)c4)c3c2)c2cc(Br)cnc2Cl)NN1,32.0,1,1
CHEMBL5811490,CC(C)N1C=C([C@@H](Nc2cc(Cl)c3ncc(C#N)c(Nc4ccc(F)c(Cl)c4)c3c2)c2cncn2C)NN1,30.0,1,1
CHEMBL5795419,N#Cc1cnc2c(Cl)cc(N[C@H](C3=CN(C4COC4)NN3)c3cc(Br)cnc3Cl)cc2c1Nc1ccc(F)c(Cl)c1,60.0,1,1
CHEMBL5950050,CC(C)(C)N1CCC(N2C=C([C@@H](Nc3cc(Cl)c4ncc(C#N)c(Nc5ccc(F)c(Cl)c5)c4c3)c3cc(Br)cnc3Cl)NN2)CC1,10.0,1,1
CHEMBL5797927,N#Cc1cnc2c(Cl)cc(N[C@H](C3=CN(CCO)NN3)c3cc(Br)cnc3Cl)cc2c1Nc1ccc(F)c(Cl)c1,15.0,1,1
CHEMBL5753585,N#Cc1cnc2c(Cl)cc(N[C@H](C3=CN(CCO)NN3)c3ccc(Cl)nc3Cl)cc2c1Nc1ccc(F)c(Cl)c1,14.0,1,1
CHEMBL6044345,N#Cc1cnc2c(Cl)cc(N[C@H](C3=CN(CCO)NN3)c3cnc(Cl)cc3Cl)cc2c1Nc1ccc(F)c(Cl)c1,59.0,1,1
CHEMBL6017659,N#Cc1csc([C@H](Nc2cc(Cl)c3ncc(C#N)c(Nc4ccc(F)c(Cl)c4)c3c2)C2=CN(CCN3CCOCC3)NN2)c1,65.0,1,1
CHEMBL5966730,N#Cc1csc([C@H](Nc2cc(Cl)c3ncc(C#N)c(Nc4ccc(F)c(Cl)c4)c3c2)C2=CN(CCO)NN2)c1,3.0,1,1
CHEMBL5839323,N#Cc1cnc2c(Cl)cc(N[C@H](C3=CN(CCO)NN3)c3cccnc3)cc2c1Nc1ccc(F)c(Cl)c1,2.0,1,1
CHEMBL5807695,COCCN1C=C([C@@H](Nc2cc(Cl)c3ncc(C#N)c(Nc4ccc(F)c(Cl)c4)c3c2)c2cc(C#N)cs2)NN1,16.0,1,1
CHEMBL5794373,CC(C)N1C=C([C@@H](Nc2cc(Cl)c3ncc(C#N)c(Nc4ccc(F)c(Cl)c4)c3c2)c2cc(C#N)cs2)NN1,13.0,1,1
CHEMBL5838641,Cn1cc([C@H](Nc2cc(Cl)c3ncc(C#N)c(Nc4ccc(F)c(Cl)c4)c3c2)c2cccnc2)nn1,504.0,1,1
CHEMBL5885359,N#Cc1cnc2c(Cl)cc(N[C@H](C3=CN(CCO)NN3)c3cscn3)cc2c1Nc1ccc(F)c(Cl)c1,2.0,1,1
CHEMBL6052335,CCN1CCC(N2C=C([C@@H](Nc3cc(Cl)c4ncc(C#N)c(Nc5ccc(F)c(Cl)c5)c4c3)c3ccc(C(F)(F)F)s3)NN2)CC1,38.0,1,1
CHEMBL5878820,CC(C)(C)OC(=O)N1CCC(N2C=C([C@@H](Nc3cc(Cl)c4ncc(C#N)c(Nc5ccc(F)c(Cl)c5)c4c3)c3cncs3)NN2)CC1,153.0,1,1
CHEMBL6036007,N#Cc1cnc2c(Cl)cc(N[C@H](C3=CN(C4CCNCC4)NN3)c3cc(Cl)cs3)cc2c1Nc1ccc(F)c(Cl)c1,14.0,1,1
CHEMBL5788794,N#Cc1cnc2c(Cl)cc(N[C@H](C3=CN(C4CCNCC4)NN3)c3ccc(Cl)s3)cc2c1Nc1ccc(F)c(Cl)c1,36.0,1,1
CHEMBL6060196,N#Cc1cnc2c(Cl)cc(N[C@H](C3=CN(C4CCNCC4)NN3)c3sccc3Cl)cc2c1Nc1ccc(F)c(Cl)c1,18.0,1,1
CHEMBL5790308,N#Cc1cnc2c(Cl)cc(N[C@H](C3=CN(C4CCNCC4)NN3)c3cccs3)cc2c1Nc1ccc(F)c(Cl)c1,10.0,1,1
CHEMBL5816684,CC(C)(C)OC(=O)N1CCC(N2C=C([C@@H](Nc3cc(Cl)c4ncc(C#N)c(Nc5ccc(F)c(Cl)c5)c4c3)c3ccc(Cl)nc3)NN2)CC1,343.0,1,1
CHEMBL5793411,CC(C)(C)OC(=O)N1CCC(N2C=C([C@@H](Nc3cc(Cl)c4ncc(C#N)c(Nc5ccc(F)c(Cl)c5)c4c3)c3cccs3)NN2)CC1,282.0,1,1
CHEMBL5834938,CCN1CCC(N2C=C([C@@H](Nc3cc(Cl)c4ncc(C#N)c(Nc5ccc(F)c(Cl)c5)c4c3)c3ccsc3)NN2)CC1,3.0,1,1
CHEMBL5885438,N#Cc1cnc2c(Cl)cc(N[C@H](C3=CN(C4CCNCC4)NN3)c3ccsc3)cc2c1Nc1ccc(F)c(Cl)c1,5.0,1,1
CHEMBL5780203,CC(C)(C)OC(=O)N1CCC(N2C=C([C@@H](Nc3cc(Cl)c4ncc(C#N)c(Nc5ccc(F)c(Cl)c5)c4c3)c3ccsc3)NN2)CC1,147.0,1,1
CHEMBL5909441,CCN1CCC(N2C=C(C(Nc3cc(Cl)c4ncc(C#N)c(Nc5ccc(F)c(Cl)c5)c4c3)C3=CN(C)NN3)NN2)CC1,43.0,1,1
CHEMBL5814234,CN1C=C(C(Nc2cc(Cl)c3ncc(C#N)c(Nc4ccc(F)c(Cl)c4)c3c2)C2=CN(C3CCNCC3)NN2)NN1,46.0,1,1
CHEMBL5901093,CN1C=C(C(Nc2cc(Cl)c3ncc(C#N)c(Nc4ccc(F)c(Cl)c4)c3c2)C2=CN(C3CCN(C(=O)OC(C)(C)C)CC3)NN2)NN1,435.0,1,1
CHEMBL5745455,CN1C=C(C(Nc2cc(Cl)c3ncc(C#N)c(Nc4ccc(F)c(Cl)c4)c3c2)C2=CN(C3CCN(C(C)(C)C)CC3)NN2)NN1,58.0,1,1
CHEMBL5974145,N#Cc1cnc2c(Cl)cc(NC(C3=CN([C@@H]4CCN(C(=O)OCc5ccccc5)C4)NN3)c3cccnc3)cc2c1Nc1ccc(F)c(Cl)c1,119.0,1,1
CHEMBL5967585,N#Cc1cnc2c(Cl)cc(NC(C3=CN([C@@H]4CCNC4)NN3)c3cccnc3)cc2c1Nc1ccc(F)c(Cl)c1,10.0,1,1
CHEMBL5750469,CCN1CC[C@@H](N2C=C(C(Nc3cc(Cl)c4ncc(C#N)c(Nc5ccc(F)c(Cl)c5)c4c3)c3cccnc3)NN2)C1,19.0,1,1
CHEMBL5872256,N#Cc1cnc2c(Cl)cc(NC(C3=CN(C4CCN(C(=O)OCc5ccccc5)CC4)NN3)c3cccnc3)cc2c1Nc1ccc(F)c(Cl)c1,232.0,1,1
CHEMBL5952397,CC(C)(C)CNc1c(C#N)cnc2c(Br)cc(N[C@H](C3=CN(C4(C(N)=O)CC4)NN3)c3cccc4ncsc34)cc12,1.0,1,1
CHEMBL5935095,CC(C)(C)CNc1c(C#N)cnc2c(C#N)cc(N[C@H](C3=CN(C4(C(N)=O)CC4)NN3)c3cccc4ncsc34)cc12,1.0,1,1
CHEMBL5957593,CC(C)(C)CNc1c(C#N)cnc2c(C#N)cc(NC(C3=CN(C4CC4)NN3)c3cccc4ncsc34)cc12,113.0,1,1
CHEMBL5921291,CC[C@@H](Nc1c(C#N)cnc2c(C#N)cc(N[C@H](C3=CN(C4CC4)NN3)c3cccc4ncsc34)cc12)c1ccccc1,5.0,1,1
CHEMBL5907571,CC[C@@H](Nc1c(C#N)cnc2c(C#N)cc(N[C@H](C3=CN(C4(C(F)(F)F)CC4)NN3)c3cccc4ncsc34)cc12)c1ccccc1,7.0,1,1
CHEMBL5854469,Cc1nc(F)ccc1C(O)(Nc1cc(Cl)c2ncc(C#N)c(N[C@H](CCC#N)c3ccccc3)c2c1)C1=CN(C2(C(F)(F)F)CC2)NN1,4.0,1,1
CHEMBL5973924,N#CCC[C@@H](Nc1c(C#N)cnc2c(C#N)cc(N[C@H](C3=CN(C4CC4)NN3)c3csc4c3CCN(C3COC3)C4)cc12)c1ccccc1,1.0,1,1
CHEMBL5810106,CC(C)(C)CNc1c(C#N)cnc2c(Cl)cc(N[C@H](C3=CN(C4(C#N)CC4)NN3)c3cccc4ncsc34)cc12,3.0,1,1
CHEMBL5828219,CC(C)(C)CNc1c(C#N)cnc2c(Cl)cc(N[C@H](C3=CN(C4(C(N)=O)CC4)NN3)c3cccc4ncsc34)cc12,2.0,1,1
CHEMBL5841961,CC(C)(C)CNc1c(C#N)cnc2c(Cl)cc(N[C@H](C3=CN(C4(C(F)(F)F)CC4)NN3)c3cccc4ncsc34)cc12,9.0,1,1
CHEMBL5948463,CC(C)(C)CNc1c(C#N)cnc2c(Cl)cc(N[C@H](C3=CN(C4CC4)NN3)c3cccc4ncsc34)cc12,2.0,1,1
CHEMBL5749405,CC(C)(C)CNc1c(C#N)cnc2c(Cl)cc(N[C@H](C3=CN(C4CCN(C(C)(C)C)CC4)NN3)c3cccc4ncsc34)cc12,3.0,1,1
CHEMBL6054621,CC(C)(C)CNc1c(C#N)cnc2c(C#N)cc(N[C@H](C3=CN(C4CCN(C(C)(C)C)CC4)NN3)c3cccc4ncsc34)cc12,2.0,1,1
CHEMBL5811686,CC(C)(C)CNc1c(C#N)cnc2c(Cl)cc(N[C@H](C3=CN(C4(C(F)F)CC4)NN3)c3cccc4ncsc34)cc12,4.0,1,1
CHEMBL6054187,CC(C)(C)CNc1c(C#N)cnc2c(Cl)cc(N[C@H](C3=CN(C4CC4)NN3)C3=CC=CN4NCC=C34)cc12,2.0,1,1
CHEMBL5864323,Cn1ncc2c([C@H](Nc3cc(Cl)c4ncc(C#N)c(NCC(C)(C)C)c4c3)C3=CN(C4CC4)NN3)cccc21,3.0,1,1
CHEMBL6062292,CC(C)(C)CNc1c(C#N)cnc2c(C#N)cc(N[C@H](C3=CN(C4(C(F)F)CC4)NN3)c3cccc4ncsc34)cc12,2.0,1,1
CHEMBL5742774,CC(C)(C)CNc1c(C#N)cnc2c(Cl)cc(N[C@@](O)(C3=CN(CC(=O)N[SH](C)(=O)O)NN3)c3ccc(F)nc3)cc12,7.0,1,1
CHEMBL6031216,Cn1cc2c([C@H](Nc3cc(Cl)c4ncc(C#N)c(NCC(C)(C)C)c4c3)C3=CN(C4CC4)NN3)cccc2n1,2.0,1,1
CHEMBL5833201,Cc1nc2cccc([C@H](Nc3cc(C#N)c4ncc(C#N)c(NCC(C)(C)C)c4c3)C3=CN(C4CC4)NN3)c2s1,2.0,1,1
CHEMBL5834686,CC[C@@H](Nc1c(C#N)cnc2c(Cl)cc(N[C@H](C3=CN(C4CC4)NN3)c3cccc4c3CNC4)cc12)c1ccccc1,1.0,1,1
CHEMBL5778816,CC(C)(C)CNc1c(C#N)cnc2c(C#N)cc(N[C@H](C3=CN(C4(C(F)(F)F)CC4)NN3)c3csc4c3CCN(C3COC3)C4)cc12,2.0,1,1
CHEMBL5751543,Cc1nc2cccc([C@H](Nc3cc(C#N)c4ncc(C#N)c(NCC(C)(C)C)c4c3)C3=CN(C4(C(F)(F)F)CC4)NN3)c2s1,5.0,1,1
CHEMBL5982314,Cc1nc(F)ccc1[C@H](Nc1cc(Cl)c2ncc(C#N)c(N[C@H](CCC#N)c3ccccc3)c2c1)C1=CN(C2CC2)NN1,1.0,1,1
CHEMBL5826541,Cc1nc(F)ccc1[C@H](Nc1cc(Cl)c2ncc(C#N)c(NCC(C)(C)C)c2c1)C1=CN(C2(C(F)(F)F)CC2)NN1,6.0,1,3
CHEMBL5918652,CC(C)(C)CNc1c(C#N)cnc2c(C#N)cc(N[C@H](C3=CN(C4CC4)NN3)c3csc4c3CCN(C3COC3)C4)cc12,1.0,1,1
CHEMBL5907540,CC(C)(C)CNc1c(C#N)cnc2c(Cl)cc(N[C@H](C3=CN(C4(C)CC4)NN3)c3cccc4ncsc34)cc12,2.0,1,1
CHEMBL5945237,CC(C)(C)CNc1c(C#N)cnc2c(C#N)cc(N[C@H](C3=CN(C4(C)CC4)NN3)c3cccc4ncsc34)cc12,1.0,1,1
CHEMBL5972732,CC(C)(C)CNc1c(C#N)cnc2c(Cl)cc(N[C@H](C3=CN(C4CC4)NN3)c3ccc(F)nc3Cl)cc12,5.0,1,1
CHEMBL5890335,CC(C)(C)CNc1c(C#N)cnc2c(Cl)cc(N[C@H](C3=CN(C4CC4)NN3)c3cccc4ncccc34)cc12,2.0,1,1
CHEMBL5951478,Cc1nc(F)ccc1C(Nc1cc(Cl)c2ncc(C#N)c(N[C@H](CCC#N)c3ccccc3)c2c1)C1=CN(C2CC2)NN1,473.0,1,1
CHEMBL5850505,CC(C)(C)CNc1c(C#N)cnc2c(Br)cc(N[C@H](C3=CN(C4(C(F)(F)F)CC4)NN3)c3cccc4ncsc34)cc12,13.0,1,1
CHEMBL5950707,CC[C@@H](Nc1c(C#N)cnc2c(Cl)cc(N[C@H](C3=CN(C4(C(F)(F)F)CC4)NN3)c3ccc(F)nc3C)cc12)c1ccccc1,7.0,1,1
CHEMBL5764261,CC(C)(C)CNc1c(C#N)cnc2c(C#N)cc(N[C@H](C3=CN(C4(CF)CC4)NN3)c3cccc4ncsc34)cc12,2.0,1,1
CHEMBL5756778,CC(C)(C)CNc1c(C#N)cnc2c(S(C)(=O)=O)cc(N[C@H](C3=CN(C4(C(F)(F)F)CC4)NN3)c3cccc4ncsc34)cc12,56.0,1,1
CHEMBL5804773,CC(C)(C)CNc1c(C#N)cnc2c(Cl)cc(N[C@H](C3=CN(C4CC4)NN3)c3cccc4cnccc34)cc12,1.0,1,1
CHEMBL5931977,CC(C)(C)CNc1c(C#N)cnc2c(Cl)cc(N[C@H](C3=CN(C4(C(F)F)CC4)NN3)c3cccc4c3CNC4)cc12,2.0,1,1
CHEMBL5960910,CC(C)(C)CNc1c(C#N)cnc2c(Cl)cc(N[C@H](C3=CN(C4CC4)NN3)c3cccn4cncc34)cc12,3.0,1,1
CHEMBL5767212,Cc1nc(F)ccc1[C@H](Nc1cc(Cl)c2ncc(C#N)c(NCC(C)(C)C)c2c1)C1=CN(C2(C(F)F)CC2)NN1,3.0,1,3
CHEMBL5758720,CC(C)(C)CNc1c(C#N)cnc2c(Cl)cc(N[C@H](C3=CN(C4CC4)NN3)c3cccc4[nH]ncc34)cc12,2.0,1,1
CHEMBL5846336,CC(C)(C)CNc1c(C#N)cnc2c(Cl)cc(N[C@H](C3=CN(C4CC4)NN3)c3cccc4scnc34)cc12,19.0,1,1
CHEMBL5920538,CC(C)(C)CNc1c(C#N)cnc2c(Cl)cc(N[C@H](C3=CN(C4CC4)NN3)c3cccc4cccnc34)cc12,20.0,1,1
CHEMBL5879127,CC(C)(C)CNc1c(C#N)cnc2c(C#N)cc(N[C@H](C3=CN(C4(C(F)(F)F)CC4)NN3)c3cccc4c3CNC4)cc12,3.0,1,1
CHEMBL5982032,CC1(C)COCCC1Nc1c(C#N)cnc2c(C#N)cc(N[C@H](C3=CN(C4(C(F)(F)F)CC4)NN3)c3cccc4ncsc34)cc12,12.0,1,2
CHEMBL5976274,CC(=O)c1cc(N[C@H](C2=CN(C3(C(F)(F)F)CC3)NN2)c2cccc3ncsc23)cc2c(NCC(C)(C)C)c(C#N)cnc12,9.0,1,1
CHEMBL5782179,Cc1nc(F)ccc1[C@H](Nc1cc(C#N)c2ncc(C#N)c(NCC(C)(C)C)c2c1)C1=CN(C2CC2)NN1,2.0,1,1
CHEMBL5847902,CC(C)(C)CNc1c(C#N)cnc2c(F)cc(N[C@H](C3=CN(C4(C(F)(F)F)CC4)NN3)c3cccc4ncsc34)cc12,29.0,1,1
CHEMBL5840159,CC(C)(C)ONc1c(C#N)cnc2c(C#N)cc(N[C@H](C3=CN(C4CC4)NN3)c3cccc4ncsc34)cc12,51.0,1,1
CHEMBL5841377,Cc1cc(N[C@H](C2=CN(C3CC3)NN2)c2cccc3ncsc23)cc2c(NOC(C)(C)C)c(C#N)cnc12,315.0,1,1
CHEMBL6026193,CC(C)(C)CNc1c(C#N)cnc2c(Cl)cc(N[C@H](C3=CN(C4(CO)CC4)NN3)c3cccc4ncsc34)cc12,4.0,1,1
CHEMBL6044637,Cn1cnc2cccc([C@H](Nc3cc(Cl)c4ncc(C#N)c(NCC(C)(C)C)c4c3)C3=CN(C4CC4)NN3)c21,3.0,1,1
CHEMBL5787019,CC(C)(C)CNc1c(C#N)cnc2c(C#N)cc(N[C@H](C3=CN(CC(F)(F)F)NN3)c3cccc4ncsc34)cc12,5.0,1,1
CHEMBL6054382,CC(C)(C)CNc1c(C#N)cnc2c(Cl)cc(N[C@H](C3=CN(C4(C(F)(F)F)CC4)NN3)c3cccc4ncccc34)cc12,17.0,1,1
CHEMBL6057992,CC(C)(C)CNc1c(C#N)cnc2c(Cl)cc(N[C@H](C3=CN(C4(C(F)(F)F)CC4)NN3)c3cccc4cnccc34)cc12,162.0,1,1
CHEMBL5744692,CC(C)(C)CNc1c(C#N)cnc2c(Cl)cc(N[C@H](C3=CN(C4(C(N)=O)CCC4)NN3)c3cccc4ncsc34)cc12,2.0,1,1
CHEMBL5934729,CC(C)(C)CNc1c(C#N)cnc2c(C#N)cc(N[C@H](C3=CN(C4(c5ccncc5)CC4)NN3)c3cccc4ncsc34)cc12,1.0,1,1
CHEMBL6062783,CC(C)(C)CNc1c(C#N)cnc2c(C#N)cc(N[C@H](C3=CN(C4(CO)CC4)NN3)c3cccc4ncsc34)cc12,2.0,1,1
CHEMBL5917246,CC(C)(C)CNc1c(C#N)cnc2c(Cl)cc(N[C@H](C3=CN(C4CC4)NN3)c3cncc4cnccc34)cc12,28.0,1,1
CHEMBL5948727,CC(C)(C)CNc1c(C#N)cnc2c(C#N)cc(N[C@H](C3=CN(C4CC4)NN3)c3cccc4ncccc34)cc12,2.0,1,1
CHEMBL6019189,CC(C)(C)CNc1c(C#N)cnc2c(C#N)cc(N[C@H](C3=CN(C4CC4)NN3)c3cccc4cnccc34)cc12,1.0,1,1
CHEMBL6010478,CC(C)(C)CNc1c(C#N)cnc2c(C#N)cc(N[C@H](C3=CN(C4(C(F)(F)F)CC4)NN3)c3cccc4ncccc34)cc12,4.0,1,1
CHEMBL5966725,CC(C)(C)CNc1c(C#N)cnc2c(C#N)cc(N[C@H](C3=CN(C4(C(F)(F)F)CC4)NN3)c3cccc4cnccc34)cc12,2.0,1,1
CHEMBL5964531,Cc1nc(F)ccc1[C@H](Nc1cc(C#N)c2ncc(C#N)c(NCC(C)(C)C)c2c1)C1=CN(C2(C(F)(F)F)CC2)NN1,3.0,1,1
CHEMBL6040882,CC(C)(C)CNc1c(C#N)cnc2c(C#N)cc(N[C@H](C3=CN(C4(C(F)(F)F)CC4)NN3)c3cccc4[nH]ncc34)cc12,4.0,1,1
CHEMBL5847656,Cc1nc(F)ccc1[C@H](Nc1cc(C#N)c2ncc(C#N)c(NCC(C)(C)C)c2c1)C1=CN(C2(C(F)F)CC2)NN1,2.0,1,1
CHEMBL5996683,CC1(C)COCC[C@H]1Nc1c(C#N)cnc2c(C#N)cc(N[C@H](C3=CN(C4(C(F)(F)F)CC4)NN3)c3cccc4ncsc34)cc12,2.0,1,1
CHEMBL6016738,Cc1nc(F)ccc1[C@H](Nc1cc(Cl)c2ncc(C#N)c(NCC(C)(C)C)c2c1)C1=CN(C2(C#N)CC2)NN1,3.0,1,1
CHEMBL6053281,Cc1nc(F)ccc1[C@H](Nc1cc(Cl)c2ncc(C#N)c(NCC(C)(C)C)c2c1)C1=CN(C2(C(N)=O)CC2)NN1,2.0,1,1
CHEMBL5829060,Cc1nc(F)ccc1[C@H](Nc1cc(Cl)c2ncc(C#N)c(NCC(C)(C)C)c2c1)C1=CN(C2(C(N)=O)CCC2)NN1,1.0,1,1
CHEMBL5903857,Cc1nc(F)ccc1[C@H](Nc1cc(Cl)c2ncc(C#N)c(NCC(C)(C)C)c2c1)C1=CN(C2(C#N)CCC2)NN1,5.0,1,1
CHEMBL5809706,Cc1nc(F)ccc1[C@H](Nc1cc(Cl)c2ncc(C#N)c(NCC(C)(C)C)c2c1)C1=CN(C2(C)CC2)NN1,2.0,1,1
CHEMBL5993258,CC(C)(C)CNc1c(C#N)cnc2c(F)cc(N[C@H](C3=CN(C4(C(N)=O)CCC4)NN3)c3cccc4ncsc34)cc12,6.0,1,1
CHEMBL5883108,Cc1nc(F)ccc1[C@H](Nc1cc(Cl)c2ncc(C#N)c(NCC(C)(C)C)c2c1)C1=CN(C2(CO)CC2)NN1,3.0,1,1
CHEMBL6035726,Cn1cnc2cccc([C@H](Nc3cc(Cl)c4ncc(C#N)c(NCC(C)(C)C)c4c3)C3=CN(C4(C(F)(F)F)CC4)NN3)c21,7.0,1,1
CHEMBL5996579,Cn1cnc2cccc([C@H](Nc3cc(C#N)c4ncc(C#N)c(NCC(C)(C)C)c4c3)C3=CN(C4(C(F)(F)F)CC4)NN3)c21,3.0,1,1
CHEMBL5852720,Cc1nc(F)ccc1[C@H](Nc1cc(F)c2ncc(C#N)c(NCC(C)(C)C)c2c1)C1=CN(C2(C#N)CC2)NN1,3.0,1,1
CHEMBL5832921,Cc1nc(F)ccc1[C@H](Nc1cc(F)c2ncc(C#N)c(NCC(C)(C)C)c2c1)C1=CN(C2(C(N)=O)CC2)NN1,3.0,1,1
CHEMBL5930652,Cc1nc(F)ccc1[C@H](Nc1cc(F)c2ncc(C#N)c(NCC(C)(C)C)c2c1)C1=CN(C2(C(N)=O)CCC2)NN1,1.0,1,1
CHEMBL5970993,Cc1nc(F)ccc1[C@H](Nc1cc(F)c2ncc(C#N)c(NCC(C)(C)C)c2c1)C1=CN(C2(C)CC2)NN1,3.0,1,1
CHEMBL5805901,Cc1nc(F)ccc1[C@H](Nc1cc(C#N)c2ncc(C#N)c(NCC(C)(C)C)c2c1)C1=CN(C2(C#N)CC2)NN1,2.0,1,1
CHEMBL5878717,Cc1nc(F)ccc1[C@H](Nc1cc(C#N)c2ncc(C#N)c(NCC(C)(C)C)c2c1)C1=CN(C2(C(N)=O)CC2)NN1,1.0,1,1
CHEMBL5853085,Cc1nc(F)ccc1[C@H](Nc1cc(C#N)c2ncc(C#N)c(NCC(C)(C)C)c2c1)C1=CN(C2(C#N)CCC2)NN1,3.0,1,1
CHEMBL6023068,Cc1nc(F)ccc1[C@H](Nc1cc(C#N)c2ncc(C#N)c(NCC(C)(C)C)c2c1)C1=CN(C2(C)CC2)NN1,2.0,1,1
CHEMBL5837340,CC(C)(C)CNc1c(C#N)cnc2c(Cl)cc(N[C@H](C3=CN(C4(C(F)(F)F)CC4)NN3)c3cnn4ncccc34)cc12,31.0,1,1
CHEMBL5775013,Cc1nc(F)ccc1[C@H](Nc1cc(C#N)c2ncc(C#N)c(NCC(C)(C)C)c2c1)C1=CN(C2(C(N)=O)CCC2)NN1,1.0,1,1
CHEMBL6031721,Cc1nc(F)ccc1[C@H](Nc1cc(Cl)c2ncc(C#N)c(NCC(C)(C)C)c2c1)C1=CN(C2(CF)CC2)NN1,3.0,1,1
CHEMBL5828924,Cn1ncc2c([C@H](Nc3cc(Cl)c4ncc(C#N)c(NCC(C)(C)C)c4c3)C3=CN(C4(C(F)F)CC4)NN3)cccc21,6.0,1,1
CHEMBL5955109,Cn1cc2c([C@H](Nc3cc(Cl)c4ncc(C#N)c(NCC(C)(C)C)c4c3)C3=CN(C4(C(F)F)CC4)NN3)cccc2n1,6.0,1,1
CHEMBL5994000,CN1Cc2cccc([C@H](Nc3cc(Cl)c4ncc(C#N)c(NCC(C)(C)C)c4c3)C3=CN(C4(C(F)F)CC4)NN3)c2C1=O,19.0,1,1
CHEMBL5991947,Cn1cnc2cccc([C@H](Nc3cc(Cl)c4ncc(C#N)c(NCC(C)(C)C)c4c3)C3=CN(C4(C(F)F)CC4)NN3)c21,3.0,1,1
CHEMBL6008298,CC(C)(C)CNc1c(C#N)cnc2c(Cl)cc(N[C@H](C3=CN(C4(C(F)F)CC4)NN3)c3cccc4[nH]ncc34)cc12,8.0,1,1
CHEMBL5815828,Cc1nc(F)ccc1[C@H](Nc1cc(Cl)c2ncc(C#N)c(NCC3(C)CCC3)c2c1)C1=CN(C2(C(F)F)CC2)NN1,6.0,1,1
CHEMBL5797150,Cc1nc(F)ccc1[C@H](Nc1cc(C#N)c2ncc(C#N)c(NCC(C)(C)C)c2c1)C1=CN(C2(CF)CC2)NN1,2.0,1,1
CHEMBL6035688,CC(C)(C)CNc1c(C#N)cnc2c(Cl)cc(N[C@H](C3=CN(C4CC4)NN3)c3cccc4ccncc34)cc12,1.0,1,1
CHEMBL5787750,CC(C)(C)CNc1c(C#N)cnc2c(Cl)cc(N[C@@H](C3=CN(C4(C(F)F)CC4)NN3)c3cccnc3F)cc12,5.0,1,1
CHEMBL5769390,CC(C)(C)CNc1c(C#N)cnc2c(Cl)cc(N[C@H](C3=CN(C4(C(F)F)CC4)NN3)c3cccnc3)cc12,8.0,1,1
CHEMBL5831433,Cc1ncccc1[C@@H](Nc1cc(Cl)c2ncc(C#N)c(NCC(C)(C)C)c2c1)C1=CN(C2(C(F)F)CC2)NN1,2.0,1,1
CHEMBL5921108,CC(C)(C)CNc1c(C#N)cnc2c(Cl)cc(N[C@H](C3=CN(C4(C(F)F)CC4)NN3)c3cccc4ncccc34)cc12,4.0,1,1
CHEMBL5783967,Cc1nc(F)ccc1C(Nc1cc(Cl)c2ncc(C#N)c(NCC(C)(C)C)c2c1)C1=CN(C2(C(F)F)CC2)NN1,267.0,1,1
CHEMBL5906478,CC(C)(C)CNc1c(C#N)cnc2c(Cl)cc(N[C@@H](C3=CN(C4(C(F)F)CC4)NN3)c3cccnc3Cl)cc12,5.0,1,1
CHEMBL6022955,Cc1nc(F)ccc1[C@H](Nc1cc(Cl)c2ncc(C#N)c(NC3CCOC3(C)C)c2c1)C1=CN(C2(C(F)F)CC2)NN1,4.0,1,2
CHEMBL5811714,Cc1nc(F)ccc1[C@H](Nc1cc(Cl)c2ncc(C#N)c(NCC(C)(C)CC#N)c2c1)C1=CN(C2(C(F)F)CC2)NN1,10.0,1,1
CHEMBL5882108,Cc1nc(F)ccc1[C@H](Nc1cc(F)c2ncc(C#N)c(NCC(C)(C)C)c2c1)C1=CN(C2(C(F)(F)F)CC2)NN1,9.0,1,1
CHEMBL6032795,Cc1nc(F)ccc1[C@H](Nc1cc(F)c2ncc(C#N)c(NCC(C)(C)C)c2c1)C1=CN(C2(C(F)F)CC2)NN1,4.0,1,1
CHEMBL6021920,Cc1nc(F)ccc1[C@H](Nc1cc(Cl)c2ncc(C#N)c(N[C@@H]3CCOC3(C)C)c2c1)C1=CN(C2(C(F)F)CC2)NN1,199.0,1,1
CHEMBL5782322,Cc1nc(F)ccc1[C@H](Nc1cc(Cl)c2ncc(C#N)c(NCC(C)(C)C)c2c1)C1=CN(C2(C(=O)O)CC2)NN1,3.0,1,1
CHEMBL5849712,CC(C)(C)CNc1c(C#N)cnc2c(Cl)cc(N[C@@H](C3=CN(C4(C(F)F)CC4)NN3)c3ccc(F)nc3)cc12,7.0,1,1
CHEMBL5860901,Cn1ccc2c([C@H](Nc3cc(Cl)c4ncc(C#N)c(NCC(C)(C)C)c4c3)C3=CN(C4CC4)NN3)ccnc21,3.0,1,1
CHEMBL6061899,Cn1cnc2c([C@H](Nc3cc(Cl)c4ncc(C#N)c(NCC(C)(C)C)c4c3)C3=CN(C4(C(F)(F)F)CC4)NN3)cccc21,123.0,1,1
CHEMBL5815266,Cn1ncc2cccc([C@H](Nc3cc(Cl)c4ncc(C#N)c(NCC(C)(C)C)c4c3)C3=CN(C4(C(F)(F)F)CC4)NN3)c21,27.0,1,1
CHEMBL5941079,CN1NNc2cccc([C@H](Nc3cc(Cl)c4ncc(C#N)c(NCC(C)(C)C)c4c3)C3=CN(C4(C(F)(F)F)CC4)NN3)c21,5.0,1,1
CHEMBL6012240,Cn1cnc2cccc([C@H](Nc3cc(C#N)c4ncc(C#N)c(NCC(C)(C)C)c4c3)C3=CN(C4(C(F)F)CC4)NN3)c21,2.0,1,1
CHEMBL6038992,Cc1n[nH]c2cccc([C@H](Nc3cc(Cl)c4ncc(C#N)c(NCC(C)(C)C)c4c3)C3=CN(C4(C(F)(F)F)CC4)NN3)c12,12.0,1,1
CHEMBL6023552,Cn1ncc2c([C@H](Nc3cc(Cl)c4ncc(C#N)c(NCC(C)(C)C)c4c3)C3=CN(C4(C)CC4)NN3)cccc21,4.0,1,1
CHEMBL5754623,Cn1ncc2cccc([C@H](Nc3cc(C#N)c4ncc(C#N)c(NCC(C)(C)C)c4c3)C3=CN(C4(C(F)(F)F)CC4)NN3)c21,5.0,1,1
CHEMBL5894508,CN1NNc2cccc([C@H](Nc3cc(C#N)c4ncc(C#N)c(NCC(C)(C)C)c4c3)C3=CN(C4(C(F)(F)F)CC4)NN3)c21,3.0,1,1
CHEMBL5917268,Cc1n[nH]c2cccc([C@H](Nc3cc(C#N)c4ncc(C#N)c(NCC(C)(C)C)c4c3)C3=CN(C4(C(F)(F)F)CC4)NN3)c12,3.0,1,1
CHEMBL5798313,Cn1ncc2c([C@H](Nc3cc(C#N)c4ncc(C#N)c(NCC(C)(C)C)c4c3)C3=CN(C4(C)CC4)NN3)cccc21,2.0,1,1
CHEMBL5976416,Cc1nc(F)ccc1[C@H](Nc1cc(Cl)c2ncc(C#N)c(NCC(C)(C)C)c2c1)C1=CN(C(C)(C)C)NN1,3.0,1,1
CHEMBL5991077,Cc1nc(F)ccc1[C@H](Nc1cc(Cl)c2ncc(C#N)c(NCC(C)(C)C)c2c1)C1=CN(C(C)(C)CF)NN1,3.0,1,1
CHEMBL5766704,Cc1nc(F)ccc1[C@H](Nc1cc(Cl)c2ncc(C#N)c(NCC(C)(C)C)c2c1)C1=CN(CC(F)F)NN1,3.0,1,1
CHEMBL5763337,CC(C)(C)CNc1c(C#N)cnc2c(Cl)cc(N[C@H](C3=CN(C4(C(F)(F)F)CC4)NN3)c3cccc4ccncc34)cc12,3.0,1,1
CHEMBL6002810,Cc1nc(F)ccc1[C@H](Nc1cc(Cl)c2ncc(C#N)c(NCC(C)(C)CO)c2c1)C1=CN(C2(C(F)(F)F)CC2)NN1,20.0,1,1
CHEMBL5803675,CC(C)(C)CNc1c(C#N)cnc2c(C#N)cc(N[C@H](C3=CN(C4(C(F)(F)F)CC4)NN3)c3cccc4ccncc34)cc12,2.0,1,1
CHEMBL5849866,CC(C)(C)CNc1c(C#N)cnc2c(Cl)cc(N[C@H](C3=CN(C4(C(F)F)CC4)NN3)c3cccc4cnccc34)cc12,3.0,1,1
CHEMBL5808967,CC(C)(C)CNc1c(C#N)cnc2c(Cl)cc(N[C@H](C3=CN(C4(C(F)F)CC4)NN3)c3cccc4ccncc34)cc12,2.0,1,1
CHEMBL5891982,CC(C)(C)CNc1c(C#N)cnc2c(Cl)cc(N[C@H](C3=CN(C4(C(F)F)CC4)NN3)c3cccn4nccc34)cc12,5.0,1,1
CHEMBL5746836,Cc1nc(F)ccc1[C@H](Nc1cc(Cl)c2ncc(C#N)c(N[C@@H]3CCOCC3(C)C)c2c1)C1=CN(C2(C(F)F)CC2)NN1,1.0,1,1
CHEMBL5818938,Cc1nc(F)ccc1[C@H](Nc1cc(Cl)c2ncc(C#N)c(NC3CCOCC3(C)C)c2c1)C1=CN(C2(C(F)F)CC2)NN1,50.0,1,1
CHEMBL5766216,Cc1nc(F)ccc1[C@H](Nc1cc(Cl)c2ncc(C#N)c(NCC(C)(C)C)c2c1)C1=CN(C(C)(C)C(F)(F)F)NN1,6.0,1,1
CHEMBL5929586,CN1NNc2cccc([C@H](Nc3cc(Cl)c4ncc(C#N)c(NCC(C)(C)C)c4c3)C3=CN(C4(C(F)F)CC4)NN3)c21,2.0,1,1
CHEMBL5758862,Cn1ncc2c([C@H](Nc3cc(Cl)c4ncc(C#N)c(NCC(C)(C)C)c4c3)C3=CN(C4(C(F)(F)F)CC4)NN3)cccc21,13.0,1,1
CHEMBL5903227,Cn1cc2c([C@H](Nc3cc(Cl)c4ncc(C#N)c(NCC(C)(C)C)c4c3)C3=CN(C4(C(F)(F)F)CC4)NN3)cccc2n1,8.0,1,1
CHEMBL6023228,Cc1nc(F)ccc1[C@H](Nc1cc(Cl)c2ncc(C#N)c(NCC(C)(C)C)c2c1)C1=CN(C(C)(C)C(F)F)NN1,4.0,1,1
CHEMBL5876257,Cc1nc(F)ccc1[C@H](Nc1cc(Cl)c2ncc(C#N)c(NCC(C)(C)C)c2c1)C1=CN([C@@H](C)CF)NN1,2.0,1,1
CHEMBL5763336,Cc1nc(F)ccc1[C@H](Nc1cc(Cl)c2ncc(C#N)c(NCC(C)(C)C)c2c1)C1=CN(C2(C3CC3)CC2)NN1,2.0,1,1
CHEMBL5895755,Cc1nc(F)ccc1[C@H](Nc1cc(Cl)c2ncc(C#N)c(NCC(C)(C)C)c2c1)C1=CN(C2(C(F)(F)F)COC2)NN1,8.0,1,1
CHEMBL5956847,CC(C)(C)CNc1c(C#N)cnc2c(C#N)cc(N[C@H](C3=CN(C4(C(F)F)CC4)NN3)c3cccc4ncccc34)cc12,2.0,1,1
CHEMBL5927580,CC(C)(C)CNc1c(C#N)cnc2c(C#N)cc(N[C@H](C3=CN(C4(C(F)F)CC4)NN3)c3cccc4cnccc34)cc12,2.0,1,1
CHEMBL5854622,CC(C)(C)CNc1c(C#N)cnc2c(C#N)cc(N[C@H](C3=CN(C4(C(F)F)CC4)NN3)c3cccc4ccncc34)cc12,2.0,1,1
CHEMBL5744898,Cc1nc(F)ccc1[C@H](Nc1cc(Cl)c2ncc(C#N)c(NCC(C)(C)C)c2c1)C1=CN(C2(C(=O)N(C)C)CC2)NN1,3.0,1,1
CHEMBL5832671,Cc1nc(F)ccc1[C@H](Nc1cc(Cl)c2ncc(C#N)c(NCC(C)(C)C)c2c1)C1=CN(C2(C(=O)N3CCCC3)CC2)NN1,5.0,1,1
CHEMBL5884300,Cc1nc(F)ccc1[C@H](Nc1cc(Cl)c2ncc(C#N)c(NCC(C)(C)C)c2c1)C1=CN(C2(C(=O)N3CCOCC3)CC2)NN1,7.0,1,1
CHEMBL5813354,Cc1n[nH]c2cccc([C@H](Nc3cc(Cl)c4ncc(C#N)c(NCC(C)(C)C)c4c3)C3=CN(C4(C(F)F)CC4)NN3)c12,8.0,1,1
CHEMBL5834784,Cn1ncc2c([C@H](Nc3cc(C#N)c4ncc(C#N)c(NCC(C)(C)C)c4c3)C3=CN(C4(C(F)(F)F)CC4)NN3)cccc21,5.0,1,1
CHEMBL5927526,Cn1cc2c([C@H](Nc3cc(C#N)c4ncc(C#N)c(NCC(C)(C)C)c4c3)C3=CN(C4(C(F)(F)F)CC4)NN3)cccc2n1,3.0,1,1
CHEMBL6033429,CN1NNc2cccc([C@H](Nc3cc(C#N)c4ncc(C#N)c(NCC(C)(C)C)c4c3)C3=CN(C4(C(F)F)CC4)NN3)c21,2.0,1,1
CHEMBL5875616,CC(C)(C)CNc1c(C#N)cnc2c(Cl)cc(N[C@H](C3=CN(C4(C(F)(F)F)CC4)NN3)c3cccn4nccc34)cc12,11.0,1,1
CHEMBL5769729,CC(=O)C1(N2C=C([C@@H](Nc3cc(Cl)c4ncc(C#N)c(NCC(C)(C)C)c4c3)c3cccc4cnccc34)NN2)CC1,2.0,1,1
CHEMBL5934800,CC(C)(C)CNc1c(C#N)cnc2c(Cl)cc(N[C@H](C3=CN(C4(C(N)=O)CCC4)NN3)c3cccc4cnccc34)cc12,2.0,1,1
CHEMBL5824855,CC(C)(C)CNc1c(C#N)cnc2c(Cl)cc(N[C@H](C3=CN(C4(C#N)CC4)NN3)c3cccc4cnccc34)cc12,2.0,1,1
CHEMBL6048868,CC(C)(C)CNc1c(C#N)cnc2c(Cl)cc(N[C@H](C3=CN(C4(C)CC4)NN3)c3cccc4cnccc34)cc12,3.0,1,1
CHEMBL6015951,CC(C)(C)CNc1c(C#N)cnc2c(Cl)cc(N[C@H](C3=CN(C4(C(N)=O)CC4)NN3)c3cccc4ncccc34)cc12,2.0,1,1
CHEMBL6056862,CC(C)(C)CNc1c(C#N)cnc2c(Cl)cc(N[C@H](C3=CN(C4(C(N)=O)CCC4)NN3)c3cccc4ncccc34)cc12,2.0,1,1
CHEMBL5893709,CC(C)(C)CNc1c(C#N)cnc2c(Cl)cc(N[C@H](C3=CN(C4(C#N)CC4)NN3)c3cccc4ncccc34)cc12,2.0,1,1
CHEMBL5766959,CC(C)(C)CNc1c(C#N)cnc2c(Cl)cc(N[C@H](C3=CN(C4(C)CC4)NN3)c3cccc4ncccc34)cc12,5.0,1,1
CHEMBL5794503,CC(C)(C)CNc1c(C#N)cnc2c(C#N)cc(N[C@H](C3=CN(C4(CF)CC4)NN3)c3cccc4cnccc34)cc12,7.0,1,1
CHEMBL5933314,Cn1cc2cccc([C@H](Nc3cc(Cl)c4ncc(C#N)c(NCC(C)(C)C)c4c3)C3=CN(C4(C(F)(F)F)CC4)NN3)c2n1,184.0,1,1
CHEMBL6060784,Cc1n[nH]c2cccc([C@H](Nc3cc(C#N)c4ncc(C#N)c(NCC(C)(C)C)c4c3)C3=CN(C4(C(F)F)CC4)NN3)c12,2.0,1,1
CHEMBL5948939,CC(C)(C)CNc1c(C#N)cnc2c(C#N)cc(N[C@H](C3=CN(C4(C(F)(F)F)CC4)NN3)c3cccn4nccc34)cc12,4.0,1,1
CHEMBL6026804,Cn1cc2cccc([C@H](Nc3cc(C#N)c4ncc(C#N)c(NCC(C)(C)C)c4c3)C3=CN(C4(C(F)(F)F)CC4)NN3)c2n1,66.0,1,1
CHEMBL5845015,CC(C)(C)CNc1c(C#N)cnc2c(C#N)cc(N[C@H](C3=CN(C4(C(N)=O)CC4)NN3)c3cccc4ncccc34)cc12,1.0,1,1
CHEMBL5931975,CC(C)(C)CNc1c(C#N)cnc2c(C#N)cc(N[C@H](C3=CN(C4(C(N)=O)CCC4)NN3)c3cccc4ncccc34)cc12,1.0,1,1
CHEMBL5792124,CC(C)(C)CNc1c(C#N)cnc2c(C#N)cc(N[C@H](C3=CN(C4(C#N)CC4)NN3)c3cccc4ncccc34)cc12,1.0,1,1
CHEMBL6050653,CC(C)(C)CNc1c(C#N)cnc2c(C#N)cc(N[C@H](C3=CN(C4(C)CC4)NN3)c3cccc4ncccc34)cc12,2.0,1,1
CHEMBL5768513,Cc1nc(F)ccc1[C@H](Nc1cc(Cl)c2ncc(C#N)c(NCC(C)(C)C)c2c1)C1=CN([C@@H]2C[C@@H]2F)NN1,2.0,1,1
CHEMBL5790882,CC(C)(C)CNc1c(C#N)cnc2c(C#N)cc(N[C@H](C3=CN(C4(C#N)CC4)NN3)c3cccc4cnccc34)cc12,2.0,1,1
CHEMBL5879816,CC(C)(C)CNc1c(C#N)cnc2c(C#N)cc(N[C@H](C3=CN(C4(C)CC4)NN3)c3cccc4cnccc34)cc12,2.0,1,1
CHEMBL5947228,Cc1nc(F)ccc1[C@H](Nc1cc(Cl)c2ncc(C#N)c(N[C@H](C)C(C)(C)C)c2c1)C1=CN(C2(C(F)(F)F)CC2)NN1,14.0,1,1
CHEMBL5927848,Cc1nc(F)ccc1[C@H](Nc1cc(C#N)c2ncc(C#N)c(N[C@H](C)C(C)(C)C)c2c1)C1=CN(C2(C(F)(F)F)CC2)NN1,4.0,1,1
CHEMBL5923831,Cc1nc(F)ccc1[C@H](Nc1cc(Cl)c2ncc(C#N)c(NCC(C)(C)C)c2c1)C1=CN(C(F)(F)CO)NN1,2.0,1,1
CHEMBL5885717,Cc1nc(F)ccc1[C@H](Nc1cc(C#N)c2ncc(C#N)c(NC3CCCCC3)c2c1)C1=CN(C2(C(F)(F)F)CC2)NN1,37.0,1,1
CHEMBL5920416,CC(C)(C)CNc1c(C#N)cnc2c(C#N)cc(N[C@H](C3=CN(C4(C(N)=O)CC4)NN3)c3cccc4cnccc34)cc12,2.0,1,1
CHEMBL5807004,CC(C)(C)CNc1c(C#N)cnc2c(C#N)cc(N[C@H](C3=CN(C4(C(N)=O)CCC4)NN3)c3cccc4cnccc34)cc12,1.0,1,1
CHEMBL6060271,Cc1nc(F)ccc1[C@H](Nc1cc(Cl)c2ncc(C#N)c(NC3CCCCC3)c2c1)C1=CN(C2(C(F)(F)F)CC2)NN1,55.0,1,1
CHEMBL5891063,Cc1nc(F)ccc1[C@H](Nc1cc(C#N)c2ncc(C#N)c(NCC(C)(C)C)c2c1)C1=CN(C(C)(C)C)NN1,2.0,1,1
CHEMBL5963710,Cc1nc(F)ccc1[C@H](Nc1cc(C#N)c2ncc(C#N)c(NCC(C)(C)C)c2c1)C1=CN(C(C)(C)C(F)F)NN1,3.0,1,1
CHEMBL5841112,Cc1nc(F)ccc1[C@H](Nc1cc(C#N)c2ncc(C#N)c(NCC(C)(C)C)c2c1)C1=CN(C(C)(C)C(F)(F)F)NN1,5.0,1,1
CHEMBL5809227,CCc1nc(F)ccc1[C@H](Nc1cc(Cl)c2ncc(C#N)c(NCC(C)(C)C)c2c1)C1=CN(C2(C(F)F)CC2)NN1,5.0,1,1
CHEMBL5869051,CCc1nc(F)ccc1[C@H](Nc1cc(Cl)c2ncc(C#N)c(NCC(C)(C)C)c2c1)C1=CN(C2(C(F)(F)F)CC2)NN1,8.0,1,1
CHEMBL5765177,CC(C)(C)CNc1c(C#N)cnc2c(Cl)cc(N[C@H](C3=CN(C4(CF)CC4)NN3)c3cccc4ccncc34)cc12,2.0,1,1
CHEMBL5810347,COc1cc(N[C@H](C2=CN(C3(C(F)(F)F)CC3)NN2)c2ccc(F)nc2C)cc2c(NCC(C)(C)C)c(C#N)cnc12,209.0,1,1
CHEMBL5940711,COc1cc(N[C@H](C2=CN(C3(C#N)CC3)NN2)c2ccc(F)nc2C)cc2c(NCC(C)(C)C)c(C#N)cnc12,79.0,1,1
CHEMBL5822340,CCc1nc(F)ccc1[C@H](Nc1cc(C#N)c2ncc(C#N)c(NCC(C)(C)C)c2c1)C1=CN(C2(C(F)F)CC2)NN1,3.0,1,1
CHEMBL5968382,CCc1nc(F)ccc1[C@H](Nc1cc(C#N)c2ncc(C#N)c(NCC(C)(C)C)c2c1)C1=CN(C2(C(F)(F)F)CC2)NN1,5.0,1,1
CHEMBL5949763,CC(C)(C)CNc1c(C#N)cnc2c(Cl)cc(N[C@H](C3=CN(C4(C(F)(F)F)CC4)NN3)c3cccn4cncc34)cc12,13.0,1,1
CHEMBL6031115,CCc1ncccc1[C@H](Nc1cc(Cl)c2ncc(C#N)c(NCC(C)(C)C)c2c1)C1=CN(C2(C(F)(F)F)CC2)NN1,5.0,1,1
CHEMBL5943408,Cc1nc(F)ccc1[C@H](Nc1cc(C#N)c2ncc(C#N)c(NCC(C)(C)C)c2c1)C1=CN(Cc2c(F)cccc2F)NN1,4.0,1,1
CHEMBL5891465,CCc1ncccc1[C@H](Nc1cc(C#N)c2ncc(C#N)c(NCC(C)(C)C)c2c1)C1=CN(C2(C(F)(F)F)CC2)NN1,3.0,1,1
CHEMBL5812784,CC(C)(C)CNc1c(C#N)cnc2c(Cl)cc(N[C@H](C3=CN(C4(C(F)F)CC4)NN3)c3cccc4c3NNC4)cc12,7.0,1,1
CHEMBL5882592,CCc1ncccc1[C@H](Nc1cc(Cl)c2ncc(C#N)c(NCC(C)(C)C)c2c1)C1=CN(C2(C(F)F)CC2)NN1,3.0,1,1
CHEMBL5815927,Cn1ncc2cccc([C@H](Nc3cc(C#N)c4ncc(C#N)c(NCC(C)(C)C)c4c3)C3=CN(C4(C(F)F)CC4)NN3)c21,3.0,1,1
CHEMBL5946980,CCc1ncccc1[C@H](Nc1cc(C#N)c2ncc(C#N)c(NCC(C)(C)C)c2c1)C1=CN(C2(C(F)F)CC2)NN1,2.0,1,1
CHEMBL5875433,Cc1nc(F)ccc1[C@H](Nc1cc(Cl)c2ncc(C#N)c(NC3C4CCCC43)c2c1)C1=CN(C2(C(F)(F)F)CC2)NN1,21.0,1,1
CHEMBL5803150,Cc1nc(F)ccc1[C@H](Nc1cc(Cl)c2ncc(C#N)c(NC3C4COCC43)c2c1)C1=CN(C2(C(F)(F)F)CC2)NN1,42.0,1,1
CHEMBL5775729,Cn1ncc2c([C@H](Nc3cc(C#N)c4ncc(C#N)c(NCC(C)(C)C)c4c3)C3=CN(C4CC4)NN3)cccc21,2.0,1,1
CHEMBL5915264,Cc1nc(F)ccc1[C@H](Nc1cc(C#N)c2ncc(C#N)c(NCC(C)(C)C)c2c1)C1=CN(C2(CO)CC2)NN1,2.0,1,1
CHEMBL6063908,Cc1nc(F)ccc1[C@H](Nc1cc(Cl)c2ncc(C#N)c(N[C@@H](c3ccccc3)C3CC3)c2c1)C1=CN(C2(C(F)(F)F)CC2)NN1,20.0,1,1
CHEMBL5940286,Cc1nc(F)ccc1[C@H](Nc1cc(Cl)c2ncc(C#N)c(NCC(C)(C)c3ccccc3)c2c1)C1=CN(C2(C(F)(F)F)CC2)NN1,11.0,1,1
CHEMBL5902190,Cc1nc(F)ccc1[C@H](Nc1cc(C#N)c2ncc(C#N)c(N[C@@H](c3ccccc3)C3CC3)c2c1)C1=CN(C2(C(F)(F)F)CC2)NN1,13.0,1,1
CHEMBL5887926,Cc1nc(F)ccc1[C@H](Nc1cc(C#N)c2ncc(C#N)c(NCC(C)(C)c3ccccc3)c2c1)C1=CN(C2(C(F)(F)F)CC2)NN1,9.0,1,1
CHEMBL5929353,Cc1nc(F)ccc1[C@H](Nc1cc(C#N)c2ncc(C#N)c(NCC(C)(C)C#N)c2c1)C1=CN(C2(C(F)(F)F)CC2)NN1,33.0,1,1
CHEMBL5909282,CC(C)(C)CNc1c(C#N)cnc2c(Cl)cc(N[C@H](C3=CN(C4(C(F)(F)F)CC4)NN3)c3ccc(F)c4cnccc34)cc12,12.0,1,1
CHEMBL5947857,CC(C)(C)CNc1c(C#N)cnc2c(Cl)cc(N[C@H](C3=CN(C4(C(F)(F)F)CC4)NN3)c3ccc(F)c4ncccc34)cc12,9.0,1,1
CHEMBL5933788,Cn1ccc2c([C@H](Nc3cc(Cl)c4ncc(C#N)c(NCC(C)(C)C)c4c3)C3=CN(C4(C(F)(F)F)CC4)NN3)cccc2c1=O,3.0,1,1
CHEMBL5870912,Cc1ncsc1[C@H](Nc1cc(Cl)c2ncc(C#N)c(NCC(C)(C)C)c2c1)C1=CN(C2(C(F)F)CC2)NN1,7.0,1,1
CHEMBL6067939,Cc1scnc1[C@H](Nc1cc(Cl)c2ncc(C#N)c(NCC(C)(C)C)c2c1)C1=CN(C2(C(F)F)CC2)NN1,102.0,1,1
CHEMBL5857367,Cc1nc(F)ccc1[C@H](Nc1cc(C#N)c2ncc(C#N)c(NCC(C)(C)C)c2c1)C1=CN(C2(C3CC3)CC2)NN1,1.0,1,1
CHEMBL5761064,Cc1nc(F)ccc1[C@H](Nc1cc(C#N)c2ncc(C#N)c(NCC(C)(C)C)c2c1)C1=CN([C@@H]2C[C@@H]2F)NN1,1.0,1,1
CHEMBL5850364,Cc1nc(F)ccc1[C@H](Nc1cc(C#N)c2ncc(C#N)c(NCC(C)(C)C)c2c1)C1=CN([C@@H](C)CF)NN1,1.0,1,1
CHEMBL5742539,Cc1nc(F)ccc1[C@H](Nc1cc(Cl)c2ncc(C#N)c(NCC(C)(C)C)c2c1)C1=CN(C2(C(=O)O)CC(F)(F)C2)NN1,11.0,1,1
CHEMBL5834321,Cc1nc(F)ccc1[C@H](Nc1cc(C#N)c2ncc(C#N)c(NCC(C)(C)C)c2c1)C1=CN(C(C)(C)CF)NN1,2.0,1,1
CHEMBL5763826,CC(C)(C)CNc1c(C#N)cnc2c(C#N)cc(N[C@H](C3=CN(C4(C(F)(F)F)CC4)NN3)c3ccc(F)c4cnccc34)cc12,5.0,1,1
CHEMBL6063848,CC(C)(C)CNc1c(C#N)cnc2c(C#N)cc(N[C@H](C3=CN(C4(C(F)(F)F)CC4)NN3)c3ccc(F)c4ncccc34)cc12,4.0,1,1
CHEMBL6013184,CC(C)(C)CNc1c(C#N)cnc2c(Cl)cc(N[C@H](C3=CN(C4(C(F)(F)F)CC4)NN3)c3cncc4ccccc34)cc12,450.0,1,1
CHEMBL5759248,CC(C)(C)CNc1c(C#N)cnc2c(Cl)cc(N[C@H](C3=CN(C4(C(F)(F)F)CC4)NN3)c3cnc4ccccc4c3)cc12,181.0,1,1
CHEMBL5887780,Cc1ncoc1[C@H](Nc1cc(Cl)c2ncc(C#N)c(NCC(C)(C)C)c2c1)C1=CN(C2(C(F)F)CC2)NN1,68.0,1,1
CHEMBL5814763,Cn1ccc2c([C@H](Nc3cc(C#N)c4ncc(C#N)c(NCC(C)(C)C)c4c3)C3=CN(C4(C(F)(F)F)CC4)NN3)cccc2c1=O,2.0,1,1
CHEMBL5762944,COc1ccnc2cccc([C@H](Nc3cc(Cl)c4ncc(C#N)c(NCC(C)(C)C)c4c3)C3=CN(C4(C(F)(F)F)CC4)NN3)c12,380.0,1,1
CHEMBL5951869,Cc1nc(F)ccc1[C@H](Nc1cc(Cl)c2ncc(C#N)c(NCC(C)(C)C#N)c2c1)C1=CN(C2(C(F)(F)F)CC2)NN1,28.0,1,1
CHEMBL5826359,Cc1nc(F)ccc1[C@H](Nc1cc(C#N)c2ncc(C#N)c(NCC(C)(C)C)c2c1)C1=CN(CC(F)F)NN1,2.0,1,1
CHEMBL5860078,Cc1nc(F)ccc1[C@H](Nc1cc(Cl)c2ncc(C#N)c(NCC(C)(C)CCl)c2c1)C1=CN(C2(C(F)(F)F)CC2)NN1,3.0,1,1
CHEMBL6045121,Cc1nc(F)ccc1[C@H](Nc1cc(Cl)c2ncc(C#N)c(NCC3(C(F)F)CC3)c2c1)C1=CN(C2(C(F)(F)F)CC2)NN1,69.0,1,1
CHEMBL5980340,Cc1nc(F)ccc1[C@H](Nc1cc(C#N)c2ncc(C#N)c(NCC(C)(C)CCl)c2c1)C1=CN(C2(C(F)(F)F)CC2)NN1,3.0,1,1
CHEMBL5998932,Cc1nc(F)ccc1[C@H](Nc1cc(C#N)c2ncc(C#N)c(NCC3(C(F)F)CC3)c2c1)C1=CN(C2(C(F)(F)F)CC2)NN1,58.0,1,1
CHEMBL5857842,Cc1nc([C@H](Nc2cc(Cl)c3ncc(C#N)c(NCC(C)(C)C)c3c2)C2=CN(C3(C(F)F)CC3)NN2)c(C)o1,58.0,1,1
CHEMBL6015820,Cc1ncsc1[C@H](Nc1cc(C#N)c2ncc(C#N)c(NCC(C)(C)C)c2c1)C1=CN(C2(C(F)F)CC2)NN1,3.0,1,1
CHEMBL6037257,Cc1scnc1[C@H](Nc1cc(C#N)c2ncc(C#N)c(NCC(C)(C)C)c2c1)C1=CN(C2(C(F)F)CC2)NN1,55.0,1,1
CHEMBL5818903,Cc1nc(F)ccc1[C@H](Nc1cc(C#N)c2ncc(C#N)c(NCC(C)(C)C)c2c1)C1=CN(C2(C(=O)N(C)C)CC2)NN1,5.0,1,1
CHEMBL5939530,Cc1nc(F)ccc1[C@H](Nc1cc(Cl)c2ncc(C#N)c(NCC(C)(C)C)c2c1)C1=C(I)N(C2CC2)NN1,5.0,1,1
CHEMBL5852886,Cc1nc(F)ccc1[C@H](Nc1cc(C#N)c2ncc(C#N)c(NCC(C)(C)C)c2c1)C1=CN(C2(C(F)(F)F)COC2)NN1,7.0,1,1
CHEMBL5758598,Cc1nc(F)ccc1[C@H](Nc1cc(Cl)c2ncc(C#N)c(NCC(C)(C)C)c2c1)C1=CN(C2CC(F)(F)C2)NN1,11.0,1,1
CHEMBL5975681,Cc1nc(F)ccc1[C@H](Nc1cc(Cl)c2ncc(C#N)c(NCC(C)(C)C)c2c1)C1=CN(C23CC(C2)C3)NN1,3.0,1,1
CHEMBL6049568,CC1=C([C@@H](Nc2cc(Cl)c3ncc(C#N)c(NCC(C)(C)C)c3c2)c2ccc(F)nc2C)NNN1C1CC1,3.0,1,1
CHEMBL5904700,Cc1nc(F)ccc1[C@H](Nc1cc(Cl)c2ncc(C#N)c(NCC(C)(C)C)c2c1)C1=CN(C2(CO)COC2)NN1,3.0,1,1
CHEMBL5928387,Cc1nc(F)ccc1[C@H](Nc1cc(C#N)c2ncc(C#N)c(NCC(C)(C)C)c2c1)C1=CN(C23CC(C2)C3)NN1,2.0,1,1
CHEMBL6055785,CC(C)(C)CNc1c(C#N)cnc2c(Cl)cc(N[C@H](C3=CN(C4(C(F)(F)F)CC4)NN3)c3ccc(Cl)c4cnccc34)cc12,14.0,1,1
CHEMBL5825975,CC(C)(C)CNc1c(C#N)cnc2c(Cl)cc(N[C@H](C3=CN(C4(C(F)F)CC4)NN3)c3ccc(F)c4cnccc34)cc12,4.0,1,1
CHEMBL5920201,CC(C)(C)CNc1c(C#N)cnc2c(Cl)cc(N[C@H](C3=CN(C4(C(F)F)CC4)NN3)c3ccc(F)c4ncccc34)cc12,4.0,1,1
CHEMBL5790950,Cc1nc(F)ccc1[C@H](Nc1cc(Cl)c2ncc(C#N)c(NCC(C)(C)C)c2c1)C1=CN(Cc2c(F)cccc2F)NN1,3.0,1,1
CHEMBL5743744,Cn1ncc2c([C@H](Nc3cc(Cl)c4ncc(C#N)c(NCC(C)(C)C)c4c3)C3=CN(Cc4c(F)cccc4F)NN3)cccc21,12.0,1,1
CHEMBL5761151,Cn1ncc2c([C@H](Nc3cc(C#N)c4ncc(C#N)c(NCC(C)(C)C)c4c3)C3=CN(Cc4c(F)cccc4F)NN3)cccc21,4.0,1,1
CHEMBL5833420,Cc1ncoc1[C@H](Nc1cc(C#N)c2ncc(C#N)c(NCC(C)(C)C)c2c1)C1=CN(C2(C(F)F)CC2)NN1,37.0,1,1
CHEMBL5966612,Cn1ccc2c([C@H](Nc3cc(Cl)c4ncc(C#N)c(NCC(C)(C)C)c4c3)C3=CN(C4(C(F)(F)F)CC4)NN3)ccnc21,29.0,1,1
CHEMBL5797008,Cc1cncc2cccc([C@H](Nc3cc(Cl)c4ncc(C#N)c(NCC(C)(C)C)c4c3)C3=CN(C4(C(F)(F)F)CC4)NN3)c12,41.0,1,1
CHEMBL5939764,Cc1ccnc2cccc([C@H](Nc3cc(Cl)c4ncc(C#N)c(NCC(C)(C)C)c4c3)C3=CN(C4(C(F)(F)F)CC4)NN3)c12,43.0,1,1
CHEMBL5820260,Cc1nc(F)ccc1[C@H](Nc1cc(C#N)c2ncc(C#N)c(NCC(C)(C)C)c2c1)C1=CN(C(F)(F)CO)NN1,2.0,1,1
CHEMBL5753875,Cc1nc(F)ccc1[C@H](Nc1cc(Cl)c2ncc(C#N)c(NCC(C)(C)C)c2c1)C1=C(Cl)N(C2CC2)NN1,6.0,1,1
CHEMBL6056699,Cc1nc(F)ccc1[C@H](Nc1cc(Cl)c2ncc(C#N)c(NCC(C)(C)C)c2c1)C1=C(F)N(C2CC2)NN1,3.0,1,1
CHEMBL5923851,Cn1ccc2c([C@H](Nc3cc(C#N)c4ncc(C#N)c(NCC(C)(C)C)c4c3)C3=CN(C4(C(F)(F)F)CC4)NN3)ccnc21,12.0,1,1
CHEMBL5909725,Cn1nccc1[C@H](Nc1cc(Cl)c2ncc(C#N)c(NCC(C)(C)C)c2c1)C1=CN(C2(C(F)F)CC2)NN1,6.0,1,1
CHEMBL5797595,Cn1nccc1[C@H](Nc1cc(Cl)c2ncc(C#N)c(NCC(C)(C)C)c2c1)C1=CN(C2(C(F)(F)F)CC2)NN1,13.0,1,1
CHEMBL5812501,Cc1cncc2cccc([C@H](Nc3cc(C#N)c4ncc(C#N)c(NCC(C)(C)C)c4c3)C3=CN(C4(C(F)(F)F)CC4)NN3)c12,10.0,1,1
CHEMBL6060532,Cc1ccnc2cccc([C@H](Nc3cc(C#N)c4ncc(C#N)c(NCC(C)(C)C)c4c3)C3=CN(C4(C(F)(F)F)CC4)NN3)c12,13.0,1,1
CHEMBL5928946,Cc1nc(F)ccc1[C@H](Nc1cc(Cl)c2ncc(C#N)c(N[C@@H]3CCOCC3(C)C)c2c1)C1=CN(C2(C3CC3)CC2)NN1,1.0,1,1
CHEMBL5806638,CC(C)(C)CNc1c(C#N)cnc2c(C#N)cc(N[C@H](C3=CN(C4(C(F)(F)F)CC4)NN3)c3ccc(C#N)c4cnccc34)cc12,5.0,1,1
CHEMBL5892140,CC(C)(C)CNc1c(C#N)cnc2c(C#N)cc(N[C@H](C3=CN(C4(C(F)F)CC4)NN3)c3ccc(F)c4ncccc34)cc12,2.0,1,1
CHEMBL5876618,CC(C)(C)CNc1c(C#N)cnc2c(C#N)cc(N[C@H](C3=CN(C4(C(F)F)CC4)NN3)c3ccc(F)c4cnccc34)cc12,2.0,1,1
CHEMBL5930586,CC(C)(C)CNc1c(C#N)cnc2c(C#N)cc(N[C@H](C3=CN(C4(C(F)(F)F)CC4)NN3)c3cncc4ccccc34)cc12,142.0,1,1
CHEMBL5819905,Cc1nc([C@H](Nc2cc(C#N)c3ncc(C#N)c(NCC(C)(C)C)c3c2)C2=CN(C3(C(F)F)CC3)NN2)c(C)o1,22.0,1,1
CHEMBL5909666,Cc1nc(F)ccc1[C@H](Nc1cc(C#N)c2ncc(C#N)c(NC3CCOCC3(C)C)c2c1)C1=CN(C2(C3CC3)CC2)NN1,1.0,1,1
CHEMBL5998176,Cn1nccc1[C@H](Nc1cc(C#N)c2ncc(C#N)c(NCC(C)(C)C)c2c1)C1=CN(C2(C(F)F)CC2)NN1,4.0,1,1
CHEMBL5779322,Cn1nccc1[C@H](Nc1cc(C#N)c2ncc(C#N)c(NCC(C)(C)C)c2c1)C1=CN(C2(C(F)(F)F)CC2)NN1,5.0,1,1
CHEMBL6006898,CN(C)c1ccc([C@@H](Nc2cc(Cl)c3ncc(C#N)c(NCC(C)(C)C)c3c2)C2=CN(C3CC3)NN2)cn1,13.0,1,1
CHEMBL5956271,Cc1nc(F)ccc1[C@H](Nc1cc(C#N)c2ncc(C#N)c(NCC(C)(C)C)c2c1)C1=C(Cl)N(C2CC2)NN1,3.0,1,1
CHEMBL5909516,Cc1nc(F)ccc1[C@H](Nc1cc(C#N)c2ncc(C#N)c(NCC(C)(C)C)c2c1)C1=C(F)N(C2CC2)NN1,2.0,1,1
CHEMBL6057486,CC(C)(C)CNc1c(C#N)cnc2c(Cl)cc(N[C@H](C3=CN(C4(C5CC5)CC4)NN3)c3cccc4cnccc34)cc12,7.0,1,1
CHEMBL5779959,CC(C)(C)CNc1c(C#N)cnc2c(Cl)cc(N[C@H](C3=CN(C(C)(C)C(F)F)NN3)c3cccc4cnccc34)cc12,35.0,1,1
CHEMBL5834209,CC(C)(C)CNc1c(C#N)cnc2c(Cl)cc(N[C@H](C3=CN(C(C)(C)CF)NN3)c3cccc4cnccc34)cc12,14.0,1,1
CHEMBL6044391,CC(C)(C)CNc1c(C#N)cnc2c(Cl)cc(N[C@H](C3=CN(C45CC(C4)C5)NN3)c3cccc4cnccc34)cc12,4.0,1,1
CHEMBL5909338,Cc1nc(F)ccc1[C@H](Nc1cc(Cl)c2ncc(C#N)c(NCC(C)(C)C)c2c1)C1=C(C#N)N(C2CC2)NN1,4.0,1,1
CHEMBL5850600,Cc1ccc([C@H](Nc2cc(Cl)c3ncc(C#N)c(NCC(C)(C)C)c3c2)C2=CN(C3(C(F)(F)F)CC3)NN2)c(C)n1,15.0,1,1
CHEMBL6022949,Cc1ccc([C@H](Nc2cc(Cl)c3ncc(C#N)c(NCC(C)(C)C)c3c2)C2=CN(C3(C(F)(F)F)CC3)NN2)c(F)n1,30.0,1,1
CHEMBL5975243,Cc1ccc([C@H](Nc2cc(C#N)c3ncc(C#N)c(NCC(C)(C)C)c3c2)C2=CN(C3(C(F)(F)F)CC3)NN2)c(C)n1,9.0,1,1
CHEMBL5831023,Cc1ccc([C@H](Nc2cc(C#N)c3ncc(C#N)c(NCC(C)(C)C)c3c2)C2=CN(C3(C(F)(F)F)CC3)NN2)c(F)n1,21.0,1,1
CHEMBL5816578,CC(C)(C)CNc1c(C#N)cnc2c(Cl)cc(N[C@H](C3=CN(C4(C5CC5)CC4)NN3)c3cccc4ncccc34)cc12,6.0,1,1
CHEMBL5967046,CC(C)(C)CNc1c(C#N)cnc2c(Cl)cc(N[C@H](C3=CN([C@@H]4C[C@@H]4F)NN3)c3cccc4ncccc34)cc12,3.0,1,1
CHEMBL5807044,CC(C)(C)CNc1c(C#N)cnc2c(Cl)cc(N[C@H](C3=CN(C(C)(C)C(F)F)NN3)c3cccc4ncccc34)cc12,15.0,1,1
CHEMBL5968112,CC(C)(C)CNc1c(C#N)cnc2c(Cl)cc(N[C@H](C3=CN(C(C)(C)CF)NN3)c3cccc4ncccc34)cc12,7.0,1,1
CHEMBL5755363,CC(C)(C)CNc1c(C#N)cnc2c(Cl)cc(N[C@H](C3=CN(C45CC(C4)C5)NN3)c3cccc4ncccc34)cc12,3.0,1,1
CHEMBL6046774,CC(C)(C)CNc1c(C#N)cnc2c(C#N)cc(N[C@H](C3=CN(C4(C5CC5)CC4)NN3)c3cccc4ncccc34)cc12,2.0,1,1
CHEMBL6015239,CC(C)(C)CNc1c(C#N)cnc2c(C#N)cc(N[C@H](C3=CN(C45CC(C4)C5)NN3)c3cccc4ncccc34)cc12,1.0,1,1
CHEMBL6019018,CC(C)(C)CNc1c(C#N)cnc2c(Cl)cc(N[C@H](C3=CN(C4(C(F)(F)F)CC4)NN3)c3ccc4cccnc4c3)cc12,27.0,1,1
CHEMBL5749360,CC(C)(C)CNc1c(C#N)cnc2c(Cl)cc(N[C@H](C3=CN(C4(C(F)F)CC4)NN3)c3ccc4cccnc4c3)cc12,12.0,1,1
CHEMBL6023899,CC(C)(C)CNc1c(C#N)cnc2c(C#N)cc(N[C@H](C3=CN(C4(C(F)(F)F)CC4)NN3)c3cccc4c(=O)[nH]ccc34)cc12,2.0,1,1
CHEMBL5770894,Cc1ncsc1[C@H](Nc1cc(Cl)c2ncc(C#N)c(NCC(C)(C)C)c2c1)C1=CN(C2(C(F)(F)F)CC2)NN1,10.0,1,1
CHEMBL6038402,Cc1ncsc1[C@H](Nc1cc(Cl)c2ncc(C#N)c(NCC(C)(C)C)c2c1)C1=CN(C2(C3CC3)CC2)NN1,4.0,1,1
CHEMBL5755720,CC(C)(C)CNc1c(C#N)cnc2c(C#N)cc(N[C@H](C3=CN(C4(C5CC5)CC4)NN3)c3cccc4cnccc34)cc12,2.0,1,1
CHEMBL5936173,CC(C)(C)CNc1c(C#N)cnc2c(C#N)cc(N[C@H](C3=CN(C4C[C@@H]4F)NN3)c3cccc4cnccc34)cc12,1.0,1,1
CHEMBL5862252,CC(C)(C)CNc1c(C#N)cnc2c(C#N)cc(N[C@H](C3=CN(C(C)(C)C(F)F)NN3)c3cccc4cnccc34)cc12,6.0,1,1
CHEMBL6008076,CC(C)(C)CNc1c(C#N)cnc2c(C#N)cc(N[C@H](C3=CN(C45CC(C4)C5)NN3)c3cccc4cnccc34)cc12,2.0,1,1
CHEMBL6054496,Cc1nc(F)ccc1[C@H](Nc1cc(Cl)c2ncc(C#N)c(NCC(C)(C)C)c2c1)C1=C(I)N(C2(C(F)F)CC2)NN1,16.5,1,2
CHEMBL5838142,CC(C)(C)CNc1c(C#N)cnc2c(C#N)cc(N[C@H](C3=CN(C4(C(F)F)CC4)NN3)c3ccc4cccnc4c3)cc12,6.0,1,2
CHEMBL6001372,CC(C)(C)CNc1c(C#N)cnc2c(Cl)cc(N[C@H](C3=CN(C4(C(F)(F)F)CC4)NN3)c3ccc(Cl)c4ncccc34)cc12,17.0,1,2
CHEMBL5912662,CC(C)(C)CNc1c(C#N)cnc2c(C#N)cc(N[C@H](C3=CN(C4(C(F)(F)F)CC4)NN3)c3ccc(C#N)c4ncccc34)cc12,5.0,1,2
CHEMBL6060270,Cn1ccc2c([C@H](Nc3cc(Cl)c4ncc(C#N)c(NCC(C)(C)C)c4c3)C3=CN(C45CC(C4)C5)NN3)cccc2c1=O,2.0,1,2
CHEMBL5892389,Cn1ccc2c([C@H](Nc3cc(Cl)c4ncc(C#N)c(NCC(C)(C)C)c4c3)C3=CN(C4CCN(C(C)(C)C)CC4)NN3)cccc2c1=O,6.0,1,1
CHEMBL5988366,Cc1nc(F)ccc1[C@H](Nc1cc(Cl)c2ncc(C#N)c(NCC(C)(C)C(F)(F)F)c2c1)C1=CN(C(C)(C)C)NN1,3.0,1,1
CHEMBL5854107,Cc1nc(F)ccc1[C@H](Nc1cc(Cl)c2ncc(C#N)c(NCC(C)(C)C)c2c1)C1=CN(C2CC2)NN1,2.0,1,1
CHEMBL6011854,Cc1ccc([C@H](Nc2cc(Cl)c3ncc(C#N)c(NCC(C)(C)C)c3c2)C2=CN(C3(C(F)F)CC3)NN2)c(C)n1,8.0,1,1
CHEMBL5898457,Cc1nc(Cl)ccc1[C@H](Nc1cc(Cl)c2ncc(C#N)c(NCC(C)(C)C)c2c1)C1=CN(C2(C(F)F)CC2)NN1,9.0,1,1
CHEMBL5953516,Cc1nc(F)ccc1[C@H](Nc1cc(Cl)c2ncc(C#N)c(NCC(C)(C)C(F)(F)F)c2c1)C1=CN(C23CC(C2)C3)NN1,2.0,1,1
CHEMBL5851917,Cc1nc(F)ccc1[C@H](Nc1cc(Cl)c2ncc(C#N)c(NCC(C)(C)C(F)(F)F)c2c1)C1=CN(C2(C)CC2)NN1,2.0,1,1
CHEMBL5926958,Cc1nc(F)ccc1[C@H](Nc1cc(Cl)c2ncc(C#N)c(NCC(C)(C)C(F)(F)F)c2c1)C1=CN(C2(C(F)(F)F)CC2)NN1,6.0,1,1
CHEMBL6036871,Cc1nc(F)ccc1[C@H](Nc1cc(Cl)c2ncc(C#N)c(NCC(C)(C)S(C)(=O)=O)c2c1)C1=CN(C2(C(F)(F)F)CC2)NN1,43.0,1,1
CHEMBL6063486,CC[C@@H](Nc1c(C#N)cnc2c(Cl)cc(N[C@H](C3=CN(C4(C(F)F)CC4)NN3)c3ccc(F)nc3C)cc12)c1ccccc1,4.0,1,1
CHEMBL6039698,Cn1ccc2c([C@H](Nc3cc(Cl)c4ncc(C#N)c(NCC(C)(C)C(F)(F)F)c4c3)C3=CN(C4(C(F)F)CC4)NN3)cccc2c1=O,3.0,1,1
CHEMBL5966296,Cc1nc(F)ccc1[C@@H](Nc1cc(Cl)c2ncc(C#N)c(NCC(C)(C)C)c2c1)C1=CN(C2(C(F)F)CC2)NN1,3.0,1,1
CHEMBL5970015,CC(C)(CNc1c(C#N)cnc2c(Cl)cc(N[C@H](C3=CN(C4(C(F)F)CC4)NN3)c3cccc4c(=O)[nH]ccc34)cc12)C(F)(F)F,4.0,1,1
CHEMBL5918820,Cc1nc(F)ccc1[C@H](Nc1cc(Cl)c2ncc(C#N)c(NCC(C)(C)C(F)(F)F)c2c1)C1=CN(C2(C(F)F)CC2)NN1,3.0,1,1
CHEMBL5780871,Cn1cnc2c([C@H](Nc3cc(Cl)c4ncc(C#N)c(NCC(C)(C)C)c4c3)C3=CN(C45CC(C4)C5)NN3)cccc2c1=O,7.0,1,1
CHEMBL5812558,COc1ccc([C@H](Nc2cc(Cl)c3ncc(C#N)c(NCC(C)(C)C)c3c2)C2=CN(C3(C(F)F)CC3)NN2)c(C)n1,5.0,1,1
CHEMBL5913616,Cn1ccc2c([C@H](Nc3cc(Cl)c4ncc(C#N)c(NCC5(C(F)(F)F)CCC5)c4c3)C3=CN(C4(C(F)F)CC4)NN3)cccc2c1=O,10.0,1,1
CHEMBL6057645,Cc1nc(F)ccc1[C@H](Nc1cc(Cl)c2ncc(C#N)c(NCC3(C(F)(F)F)CCC3)c2c1)C1=CN(C2(C(F)F)CC2)NN1,11.0,1,1
CHEMBL5823172,Cc1c([C@H](Nc2cc(Cl)c3ncc(C#N)c(NCC(C)(C)C)c3c2)C2=CN(C3(C(F)F)CC3)NN2)ccc(=O)n1C,11.0,1,1
CHEMBL5813491,Cc1nc(F)ccc1[C@H](Nc1cc(Cl)c2ncc(C#N)c(NCC3C(C)(C)C3(C)C)c2c1)C1=CN(C2(C(F)F)CC2)NN1,42.0,1,1
CHEMBL5852243,CC(C)(C)CNc1c(C#N)cnc2c(Cl)cc(N[C@H](C3=CN(C4(C(F)(F)F)CC4)NN3)c3cccc4nccnc34)cc12,41.0,1,1
CHEMBL6010206,CC(C)(C)CNc1c(C#N)cnc2c(Cl)cc(N[C@H](C3=CN(C45CC(C4)C5)NN3)c3cccc4[nH]ccc34)cc12,47.0,1,1
CHEMBL5775870,Cn1ccc2c([C@H](Nc3cc(Cl)c4ncc(C#N)c(NCC(C)(C)C)c4c3)C3=CN(C4(C(F)F)CC4)NN3)cccc21,117.0,1,1
CHEMBL6060697,CN1Cc2c(cccc2[C@H](Nc2cc(Cl)c3ncc(C#N)c(NCC(C)(C)C)c3c2)C2=CN(C3(C(F)F)CC3)NN2)C1=O,3.0,1,1
CHEMBL5795465,CC(C)(C)CNc1c(C#N)cnc2c(Cl)cc(N[C@H](C3=CN(C4CC4)NN3)c3csc4cnccc34)cc12,2.0,1,1
CHEMBL5935788,Cc1nc(F)ccc1[C@H](Nc1cc(Cl)c2ncc(C#N)c(NCC34CC(C3)C4)c2c1)C1=CN(C2(C(F)F)CC2)NN1,21.0,1,1
CHEMBL5759524,Cc1nc(F)ccc1[C@H](Nc1cc(Cl)c2ncc(C#N)c(NCC34CC(C3)C4)c2c1)C1=CN(C2(C(F)(F)F)CC2)NN1,45.0,1,1
CHEMBL5762000,CC(C)(C)CNc1c(C#N)cnc2c(Cl)cc(N[C@H](C3=CN(C4(C(F)(F)F)CC4)NN3)c3csc4cnccc34)cc12,6.0,1,1
CHEMBL5765377,Cc1nc(F)ccc1[C@H](Nc1cc(Cl)c2ncc(C#N)c(Nc3cnc(F)c(F)c3)c2c1)C1=CN(C2(C(F)F)CC2)NN1,17.0,1,1
CHEMBL5948070,CC(C)(C)CNc1c(C#N)cnc2c(Cl)cc(N[C@H](C3=CN(C4(C(F)F)CC4)NN3)c3cccc4c(=O)n(CC(F)F)ccc34)cc12,5.0,1,1
CHEMBL5988402,Cn1ccc2c([C@H](Nc3cc(Cl)c4ncc(C#N)c(NCC(C)(C)C)c4c3)C3=CN(C4(C(F)F)CC4)NN3)cccc2c1=O,3.0,1,1
CHEMBL5975352,Cn1ccc2c([C@H](Nc3cc(Cl)c4ncc(C#N)c(NCC(C)(C)C)c4c3)C3=CN(C4CC4)NN3)cccc2c1=O,2.0,1,1
CHEMBL6061803,Cc1nc(F)ccc1[C@H](Nc1cc(Cl)c2ncc(C#N)c(NCC(C)(C)CO)c2c1)C1=CN(C2(C(F)F)CC2)NN1,13.0,1,1
CHEMBL5968371,Cn1ccc2c([C@H](Nc3cc(Cl)c4ncc(C#N)c(NCC(C)(C)C)c4c3)C3=CN(C(C)(C)C)NN3)cccc2c1=O,4.0,1,1
CHEMBL5974959,Cc1nc(F)ccc1[C@H](Nc1cc(Cl)c2ncc(C#N)c(NCC(C)(C)C)c2c1)C1=CN([C@@H]2CC2C(F)F)NN1,5.0,1,1
CHEMBL5805206,Cc1nc(F)ccc1[C@H](Nc1cc(Cl)c2ncc(C#N)c(NCC(C)(C)C)c2c1)C1=CN(CC(C)(F)F)NN1,6.0,1,1
CHEMBL5938251,CCC(F)(F)CN1C=C([C@@H](Nc2cc(Cl)c3ncc(C#N)c(NCC(C)(C)C)c3c2)c2ccc(F)nc2C)NN1,11.0,1,1
CHEMBL6046442,Cc1nc(F)ccc1[C@H](Nc1cc(Cl)c2ncc(C#N)c(NCC(C)(C)C)c2c1)C1=CN(CC2(C(F)(F)F)CC2)NN1,15.0,1,1
CHEMBL5956882,Cc1nc(F)ccc1[C@H](Nc1cc(Cl)c2ncc(C#N)c(NCC(C)(C)C)c2c1)C1=CN(CC2(C(F)F)CC2)NN1,5.0,1,1
CHEMBL5971053,Cc1nc(F)ccc1[C@H](Nc1cc(Cl)c2ncc(C#N)c(NCC(C)(C)C)c2c1)C1=CN(C2(CC(F)(F)F)CC2)NN1,5.0,1,1
CHEMBL6012396,CCC1(N2C=C([C@@H](Nc3cc(Cl)c4ncc(C#N)c(NCC(C)(C)C)c4c3)c3ccc(F)nc3C)NN2)CC1,3.0,1,1
CHEMBL5849525,Cc1nc(F)ccc1[C@H](Nc1cc(Cl)c2ncc(C#N)c(NCC(C)(C)C)c2c1)C1=CN(CC(C)(C)C(F)(F)F)NN1,25.0,1,1
CHEMBL5762432,CCC1(N2C=C([C@@H](Nc3cc(Cl)c4ncc(C#N)c(NCC(C)(C)C)c4c3)c3cccc4c(=O)n(C)ccc34)NN2)CC1,3.0,1,1
CHEMBL5881427,Cc1nc(F)ccc1[C@H](Nc1cc(Cl)c2ncc(C#N)c(NCC(C)(C)C)c2c1)C1=CN(C2(C(C)C)CC2)NN1,5.0,1,1
CHEMBL5759138,Cc1nc(F)ccc1[C@H](Nc1cc(Cl)c2ncc(C#N)c(NCC(C)(C)C)c2c1)C1=CN(C(C)(C)C2CC2)NN1,4.0,1,1
CHEMBL5788798,Cc1nc(F)ccc1[C@H](Nc1cc(Cl)c2ncc(C#N)c(NCC(C)(C)C)c2c1)C1=CN(C2(C)COC2)NN1,2.0,1,1
CHEMBL6055384,Cn1ccc2c([C@H](Nc3cc(Cl)c4ncc(C#N)c(NCC(C)(C)C)c4c3)C3=CN(C4(C)COC4)NN3)cccc2c1=O,2.0,1,1
CHEMBL5967802,Cc1nc(F)ccc1[C@H](Nc1cc(Cl)c2ncc(C#N)c(NCC(C)(C)C)c2c1)C1=CN(C2(C(C)(C)C)CC2)NN1,6.0,1,1
CHEMBL5741542,Cc1nc(F)ccc1[C@H](Nc1cc(Cl)c2ncc(C#N)c(NCC(C)(C)C)c2c1)C1=CN(C(CF)CF)NN1,3.0,1,1
CHEMBL5815315,Cc1nc(F)ccc1[C@H](Nc1cc(Cl)c2ncc(C#N)c(NCC(C)(C)C(F)(F)F)c2c1)C1=CN(C2(C3CC3)CC2)NN1,3.0,1,1
CHEMBL5760623,Cc1nc(F)ccc1[C@H](Nc1cc(Cl)c2ncc(C#N)c(NCC(C)(C)C)c2c1)C1=CN(CC2(C)CC2)NN1,4.0,1,1
CHEMBL6006209,CC(C)(C)CNc1c(C#N)cnc2c(Cl)cc(N[C@H](C3=CN(C4(C(F)F)CC4)NN3)c3cccc4c(=O)[nH]ccc34)cc12,4.0,1,1
CHEMBL5870141,Cc1nc(F)ccc1[C@H](Nc1cc(Cl)c2ncc(C#N)c(NCC(C)(C)C)c2c1)C1=CN(C2CC23CC3)NN1,2.0,1,1
CHEMBL5866695,Cn1ccc2c([C@H](Nc3cc(Cl)c4ncc(C#N)c(NCC(C)(C)C)c4c3)C3=CN(C4(C(F)F)CC4)NN3)ccnc21,18.0,1,1
CHEMBL5916687,Cn1ccc2c([C@H](Nc3cc(Cl)c4ncc(C#N)c(NCC(C)(C)CO)c4c3)C3=CN(C45CC(C4)C5)NN3)cccc2c1=O,6.0,1,1
CHEMBL6021944,CCn1ccc2c([C@H](Nc3cc(Cl)c4ncc(C#N)c(NCC(C)(C)C)c4c3)C3=CN(C45CC(C4)C5)NN3)cccc2c1=O,2.0,1,1
CHEMBL5858513,CC(C)(C)CNc1c(C#N)cnc2c(Cl)cc(N[C@H](C3=CN(C4(C(F)(F)F)CC4)NN3)c3cccc4c(=O)n(CC(F)F)ccc34)cc12,4.0,1,1
CHEMBL5912163,CC(C)(C)CNc1c(C#N)cnc2c(Cl)cc(N[C@H](C3=CN(C4(C(F)(F)F)CC4)NN3)c3cccc4c(=O)n(CC(F)(F)F)ccc34)cc12,4.0,1,1
CHEMBL5933155,CC(C)n1ccc2c([C@H](Nc3cc(Cl)c4ncc(C#N)c(NCC(C)(C)C)c4c3)C3=CN(C45CC(C4)C5)NN3)cccc2c1=O,2.0,1,1
CHEMBL6045539,CCn1ccc2c([C@H](Nc3cc(Cl)c4ncc(C#N)c(NCC(C)(C)C)c4c3)C3=CN(C4(C)CC4)NN3)cccc2c1=O,2.0,1,1
CHEMBL6007318,CC(C)n1ccc2c([C@H](Nc3cc(Cl)c4ncc(C#N)c(NCC(C)(C)C)c4c3)C3=CN(C4(C)CC4)NN3)cccc2c1=O,2.0,1,1
CHEMBL5913601,Cn1ccc2c([C@H](Nc3cc(Cl)c4ncc(C#N)c(NCC(C)(C)C)c4c3)C3=CN(C4(CF)CC4)NN3)cccc2c1=O,3.0,1,1
CHEMBL6050763,Cn1ccc2c([C@H](Nc3cc(Cl)c4ncc(C#N)c(NCC(C)(C)C)c4c3)C3=CN(C4(C)CC4)NN3)cccc2c1=O,2.0,1,1
CHEMBL5855225,Cn1ccc2c([C@H](Nc3cc(Cl)c4ncc(C#N)c(NCC(C)(C)C)c4c3)C3=CN(C(CF)CF)NN3)cccc2c1=O,5.0,1,1
CHEMBL5772398,C[C@@H](CF)N1C=C([C@@H](Nc2cc(Cl)c3ncc(C#N)c(NCC(C)(C)C)c3c2)c2cccc3c(=O)n(C)ccc23)NN1,4.0,1,1
CHEMBL6011434,Cn1ccc2c([C@H](Nc3cc(Cl)c4ncc(C#N)c(NCC(C)(C)C)c4c3)C3=CN(C4(C5CC5)CC4)NN3)cccc2c1=O,3.0,1,1
CHEMBL5988997,Cn1ccc2c([C@H](Nc3cc(Cl)c4ncc(C#N)c(NCC(C)(C)C(F)(F)F)c4c3)C3=CN(C4(C(F)(F)F)CC4)NN3)cccc2c1=O,5.0,1,1
CHEMBL5962683,Cn1ccc2c([C@H](Nc3cc(Cl)c4ncc(C#N)c(NCC(C)(C)C(F)(F)F)c4c3)C3=CN(C4(C)CC4)NN3)cccc2c1=O,2.0,1,1
CHEMBL5831206,COc1ncccc1[C@H](Nc1cc(Cl)c2ncc(C#N)c(NCC(C)(C)C)c2c1)C1=CN(C2(C(F)(F)F)CC2)NN1,23.0,1,1
CHEMBL5938227,Cn1ccc2c([C@H](Nc3cc(Cl)c4ncc(C#N)c(NCC(C)(C)C(F)(F)F)c4c3)C3=CN(C4(C5CC5)CC4)NN3)cccc2c1=O,2.0,1,1
CHEMBL5824770,C[C@@H](CF)N1C=C([C@@H](Nc2cc(Cl)c3ncc(C#N)c(NCC(C)(C)C(F)(F)F)c3c2)c2cccc3c(=O)n(C)ccc23)NN1,3.0,1,1
CHEMBL6030509,Cn1ccc2c([C@H](Nc3cc(Cl)c4ncc(C#N)c(NCC(C)(C)C(F)(F)F)c4c3)C3=CN(C45CC(C4)C5)NN3)cccc2c1=O,2.0,1,1
CHEMBL5761010,Cn1c(=O)ccc2c([C@H](Nc3cc(Cl)c4ncc(C#N)c(NCC(C)(C)C)c4c3)C3=CN(C45CC(C4)C5)NN3)cccc21,5.0,1,1
CHEMBL5852605,CC(C)(C)CNc1c(C#N)cnc2c(Cl)cc(N[C@H](C3=CN(C45CC(C4)C5)NN3)c3cccc4c(=O)[nH]ccc34)cc12,2.0,1,1
CHEMBL6034266,CC(C)(C)CNc1c(C#N)cnc2c(Cl)cc(N[C@H](C3=CN(C4(C(F)(F)F)CC4)NN3)c3cccc4c(=O)n(C(F)F)ccc34)cc12,23.0,1,1
CHEMBL5778061,Cn1c(=O)ccc2c([C@H](Nc3cc(Cl)c4ncc(C#N)c(NCC(C)(C)C)c4c3)C3=CN(C4(C(F)(F)F)CC4)NN3)cccc21,13.0,1,1
CHEMBL5767274,CN1C=C([C@@H](Nc2cc(Cl)c3ncc(C#N)c(NCC(C)(C)C)c3c2)c2cccc3c(=O)n(C)ccc23)NN1,5.0,1,1
CHEMBL5926535,Cc1nc(F)ccc1C(Nc1cc(Cl)c2ncc(C#N)c(NCC(C)(C)C)c2c1)C1=CN(C)NN1,22.0,1,1
CHEMBL6040102,Cc1nc(F)ccc1[C@H](Nc1cc(Cl)c2ncc(C#N)c(NCC3(C)COC3)c2c1)C1=CN(C2(C(F)(F)F)CC2)NN1,89.0,1,1
CHEMBL6041702,CC(C)(C)CNc1c(C#N)cnc2c(Cl)cc(N[C@H](C3=CN(C4(C(F)(F)F)CC4)NN3)c3ccc(Cl)nc3)cc12,35.0,1,1
CHEMBL5956472,Cc1nc(Cl)ccc1[C@H](Nc1cc(Cl)c2ncc(C#N)c(NCC(C)(C)C)c2c1)C1=CN(C2(C(F)(F)F)CC2)NN1,15.0,1,1
CHEMBL5916714,Cc1ccc([C@H](Nc2cc(Cl)c3ncc(C#N)c(NCC(C)(C)C)c3c2)C2=CN(C3(C(F)(F)F)CC3)NN2)cn1,34.0,1,1
CHEMBL6033348,Cn1ccc2c([C@H](Nc3cc(Cl)c4ncc(C#N)c(NCC(C)(C)C)c4c3)C3=CN(C4CCC4)NN3)cccc2c1=O,2.0,1,1
CHEMBL5958646,CC1(N2C=C([C@@H](Nc3cc(Cl)c4ncc(C#N)c(NCC(C)(C)C(F)(F)F)c4c3)c3cccc4ncccc34)NN2)CC1,3.0,1,1
CHEMBL6017760,CC(C)(CNc1c(C#N)cnc2c(Cl)cc(N[C@H](C3=CN(C4(C5CC5)CC4)NN3)c3cccc4ncccc34)cc12)C(F)(F)F,7.0,1,1
CHEMBL5837076,CC(C)(CNc1c(C#N)cnc2c(Cl)cc(N[C@H](C3=CN(C45CC(C4)C5)NN3)c3cccc4ncccc34)cc12)C(F)(F)F,4.0,1,1
CHEMBL5935427,Cn1ccc2c([C@H](Nc3cc(Cl)c4ncc(C#N)c(NCC(C)(C)C)c4c3)C3=CN(C4(C)CCC4)NN3)cccc2c1=O,2.0,1,1
CHEMBL5975926,CCC(C)N1C=C([C@@H](Nc2cc(Cl)c3ncc(C#N)c(NCC(C)(C)C)c3c2)c2cccc3c(=O)n(C)ccc23)NN1,3.0,1,1
CHEMBL6058591,COCC(C)N1C=C([C@@H](Nc2cc(Cl)c3ncc(C#N)c(NCC(C)(C)C)c3c2)c2cccc3c(=O)n(C)ccc23)NN1,4.0,1,1
CHEMBL5826650,C[C@@H](CF)N1C=C([C@@H](Nc2cc(Cl)c3ncc(C#N)c(NCC(C)(C)C)c3c2)c2cccc3ncccc23)NN1,7.0,1,1
CHEMBL5741920,CC(C)(C)CNc1c(C#N)cnc2c(Cl)cc(N[C@H](C3=CN(C(CF)CF)NN3)c3cccc4ncccc34)cc12,9.0,1,1
CHEMBL5915123,COc1ccc([C@H](Nc2cc(Cl)c3ncc(C#N)c(NCC(C)(C)C)c3c2)C2=CN(C3(C(F)(F)F)CC3)NN2)cn1,28.0,1,1
CHEMBL5885055,Cc1nnc(C2(N3C=C([C@@H](Nc4cc(Cl)c5ncc(C#N)c(NCC(C)(C)C)c5c4)c4ccc(F)nc4C)NN3)CC2)o1,3.0,1,1
CHEMBL5896195,COc1nccc2c([C@H](Nc3cc(C#N)c4ncc(C#N)c(NCC(C)(C)C)c4c3)C3=CN(C45CC(C4)C5)NN3)cccc12,3.0,1,1
CHEMBL6033422,COc1nccc2c([C@H](Nc3cc(C#N)c4ncc(C#N)c(NCC(C)(C)C)c4c3)C3=CN(C4CC4)NN3)cccc12,3.0,1,1
CHEMBL5860638,COc1nccc2c([C@H](Nc3cc(C#N)c4ncc(C#N)c(NCC(C)(C)C)c4c3)C3=CN(C4(C)CC4)NN3)cccc12,3.0,1,1
CHEMBL5873547,COc1nccc2c([C@H](Nc3cc(C#N)c4ncc(C#N)c(NCC(C)(C)C)c4c3)C3=CN(C4(C(F)F)CC4)NN3)cccc12,4.0,1,1
CHEMBL6004777,COc1ccc2c([C@H](Nc3cc(C#N)c4ncc(C#N)c(NCC(C)(C)C)c4c3)C3=CN(C4(C(F)(F)F)CC4)NN3)cccc2n1,11.0,1,1
CHEMBL5981415,COc1nccc2c([C@H](Nc3cc(C#N)c4ncc(C#N)c(NCC(C)(C)C)c4c3)C3=CN(C4(C(F)(F)F)CC4)NN3)cccc12,5.0,1,1
CHEMBL5850193,CC1(N2C=C([C@@H](Nc3cc(C#N)c4ncc(C#N)c(NCC(C)(C)C(F)(F)F)c4c3)c3ccc(F)c4ncccc34)NN2)CC1,2.0,1,1
CHEMBL5747811,CC(C)(C)CNc1c(C#N)cnc2c(C#N)cc(N[C@H](C3=CN(C45CC(C4)C5)NN3)c3ccc(F)c4ncccc34)cc12,2.0,1,1
CHEMBL5844276,CC(C)(CNc1c(C#N)cnc2c(C#N)cc(N[C@H](C3=CN(C4(C(F)F)CC4)NN3)c3ccc(F)c4ncccc34)cc12)C(F)(F)F,3.0,1,1
CHEMBL5873371,CC(C)(CNc1c(C#N)cnc2c(C#N)cc(N[C@H](C3=CN(C45CC(C4)C5)NN3)c3ccc(F)c4ncccc34)cc12)C(F)(F)F,1.0,1,1
CHEMBL6058935,CC(C)(C)CNc1c(C#N)cnc2c(C#N)cc(N[C@H](C3=CN(C4(C(F)(F)F)CC4)NN3)c3cccc4c(C#N)nccc34)cc12,10.0,1,1
CHEMBL6022090,COc1nccc2c([C@H](Nc3cc(C#N)c4ncc(C#N)c(NCC(C)(C)C(F)(F)F)c4c3)C3=CN(C4(C)CC4)NN3)cccc12,2.0,1,1
CHEMBL5913125,COc1nccc2c([C@H](Nc3cc(C#N)c4ncc(C#N)c(NCC(C)(C)C(F)(F)F)c4c3)C3=CN(C45CC(C4)C5)NN3)cccc12,3.0,1,1
CHEMBL5813513,COc1nccc2c([C@H](Nc3cc(C#N)c4ncc(C#N)c(NCC(C)(C)C(F)(F)F)c4c3)C3=CN(C4(C(F)F)CC4)NN3)cccc12,3.0,1,1
CHEMBL5813210,CC(C)(C)CNc1c(C#N)cnc2c(C#N)cc(N[C@H](C3=CN(C4(C(F)(F)F)CC4)NN3)c3ccc4nccn4c3)cc12,10.0,1,1
CHEMBL5771960,COc1nccc2c([C@H](Nc3cc(C#N)c4ncc(C#N)c(NCC(C)(C)C)c4c3)C3=CN(C4(C5CC5)CC4)NN3)cccc12,4.0,1,1
CHEMBL5866385,COc1nccc2c([C@H](Nc3cc(C#N)c4ncc(C#N)c(NCC(C)(C)C)c4c3)C3=CN([C@@H](C)CF)NN3)cccc12,5.0,1,1
CHEMBL5977553,COc1nccc2c([C@H](Nc3cc(C#N)c4ncc(C#N)c(NCC(C)(C)C)c4c3)C3=CN(C(CF)CF)NN3)cccc12,7.0,1,1
CHEMBL5764068,CC(C)(C)CNc1c(C#N)cnc2c(C#N)cc(N[C@H](C3=CN(C4(C(F)(F)F)CC4)NN3)c3ccc(C#N)nc3)cc12,51.0,1,1
CHEMBL5983063,Cc1nc(F)ccc1[C@H](Nc1cc(C#N)c2ncc(C#N)c(NCC(C)(C)C(F)(F)F)c2c1)C1=CN(C(C)(C)C)NN1,2.0,1,1
CHEMBL5821888,Cc1ccc([C@H](Nc2cc(C#N)c3ncc(C#N)c(NCC(C)(C)C)c3c2)C2=CN(C3(C(F)(F)F)CC3)NN2)cn1,22.0,1,1
CHEMBL5817539,Cc1ccc([C@H](Nc2cc(C#N)c3ncc(C#N)c(NCC(C)(C)C)c3c2)C2=CN(C3(C(F)F)CC3)NN2)c(C)n1,4.0,1,1
CHEMBL5971649,Cc1nc(C#N)ccc1[C@H](Nc1cc(C#N)c2ncc(C#N)c(NCC(C)(C)C)c2c1)C1=CN(C2(C(F)(F)F)CC2)NN1,16.0,1,1
CHEMBL5970897,Cc1nc(F)ccc1[C@H](Nc1cc(C#N)c2ncc(C#N)c(NCC3(C(F)(F)F)CCC3)c2c1)C1=CN(C2(C(F)F)CC2)NN1,8.0,1,1
CHEMBL6060469,Cc1nc(F)ccc1[C@H](Nc1cc(C#N)c2ncc(C#N)c(NCC(C)(C)C(F)(F)F)c2c1)C1=CN(C2(C(F)F)CC2)NN1,2.0,1,2
CHEMBL5849883,Cc1nc(F)ccc1[C@H](Nc1cc(C#N)c2ncc(C#N)c(NCC(C)(C)C(F)(F)F)c2c1)C1=CN(C23CC(C2)C3)NN1,2.0,1,1
CHEMBL5801115,Cc1nc(F)ccc1[C@H](Nc1cc(C#N)c2ncc(C#N)c(NCC(C)(C)C)c2c1)C1=CN([C@@H]2CC2C(F)F)NN1,5.0,1,1
CHEMBL5777803,CC[C@@H](Nc1c(C#N)cnc2c(C#N)cc(N[C@H](C3=CN(C4(C(F)F)CC4)NN3)c3ccc(F)nc3C)cc12)c1ccccc1,4.0,1,1
CHEMBL5993116,Cc1nc(F)ccc1[C@H](Nc1cc(C#N)c2ncc(C#N)c(NCC(C)(C)C)c2c1)C1=CN(CC(C)(F)F)NN1,4.0,1,1
CHEMBL5887123,CCC(F)(F)CN1C=C([C@@H](Nc2cc(C#N)c3ncc(C#N)c(NCC(C)(C)C)c3c2)c2ccc(F)nc2C)NN1,7.0,1,1
CHEMBL6044353,Cn1ccc2c([C@H](Nc3cc(C#N)c4ncc(C#N)c(NCC(C)(C)C(F)(F)F)c4c3)C3=CN(C4(C(F)F)CC4)NN3)cccc2c1=O,3.0,1,1
CHEMBL5895880,Cc1nc(F)ccc1[C@H](Nc1cc(C#N)c2ncc(C#N)c(NCC(C)(C)C)c2c1)C1=CN(CC2(C(F)(F)F)CC2)NN1,6.0,1,1
CHEMBL5814141,Cc1nc(F)ccc1[C@H](Nc1cc(C#N)c2ncc(C#N)c(NCC(C)(C)C)c2c1)C1=CN(CC2(C(F)F)CC2)NN1,4.0,1,1
CHEMBL6046237,CC(C)(CNc1c(C#N)cnc2c(C#N)cc(N[C@H](C3=CN(C4(C(F)F)CC4)NN3)c3cccc4c(=O)[nH]ccc34)cc12)C(F)(F)F,3.0,1,1
CHEMBL5971988,Cc1nc(F)ccc1[C@H](Nc1cc(C#N)c2ncc(C#N)c(NCC(C)(C)C(F)(F)F)c2c1)C1=CN(C2(C(F)(F)F)CC2)NN1,4.0,1,1
CHEMBL5742722,Cn1cccc([C@H](Nc2cc(C#N)c3ncc(C#N)c(NCC(C)(C)C)c3c2)C2=CN(C3(C(F)(F)F)CC3)NN2)c1=O,13.0,1,1
CHEMBL5840456,Cc1nc(F)ccc1[C@H](Nc1cc(C#N)c2ncc(C#N)c(NCC3C(C)(C)C3(C)C)c2c1)C1=CN(C2(C(F)F)CC2)NN1,20.0,1,1
CHEMBL5986263,Cc1nc(F)ccc1[C@H](Nc1cc(C#N)c2ncc(C#N)c(NCC(C)(C)C(F)(F)F)c2c1)C1=CN(C2(C)CC2)NN1,2.0,1,1
CHEMBL5769440,Cn1ccc2c([C@H](Nc3cc(C#N)c4ncc(C#N)c(NCC(C)(C)C)c4c3)C3=CN(C4(C(F)F)CC4)NN3)cccc21,31.0,1,1
CHEMBL5921778,Cc1nc(F)ccc1[C@H](Nc1cc(C#N)c2ncc(C#N)c(NCC34CC(C3)C4)c2c1)C1=CN(C2(C(F)(F)F)CC2)NN1,31.0,1,1
CHEMBL6019832,Cc1nc(F)ccc1[C@H](Nc1cc(C#N)c2ncc(C#N)c(NCC34CC(C3)C4)c2c1)C1=CN(C2(C(F)F)CC2)NN1,16.0,1,1
CHEMBL5834058,Cc1nc(F)ccc1[C@H](Nc1cc(C#N)c2ncc(C#N)c(NCC(C)(C)C)c2c1)C1=CN(C(C)(C)C2CC2)NN1,6.0,1,1
CHEMBL5798951,Cc1nc(F)ccc1[C@H](Nc1cc(C#N)c2ncc(C#N)c(NCC(C)(C)C)c2c1)C1=CN(C2(C(C)C)CC2)NN1,3.0,1,1
CHEMBL5752927,Cc1nc(F)ccc1[C@H](Nc1cc(C#N)c2ncc(C#N)c(NCC(C)(C)C)c2c1)C1=CN(C2(C)COC2)NN1,2.0,1,1
CHEMBL5990988,Cn1ccc2c([C@H](Nc3cc(C#N)c4ncc(C#N)c(NCC(C)(C)C)c4c3)C3=CN(C4(C)COC4)NN3)cccc2c1=O,1.0,1,1
CHEMBL5981332,Cc1nc(F)ccc1[C@H](Nc1cc(C#N)c2ncc(C#N)c(NCC(C)(C)C)c2c1)C1=C(F)N([C@@H](C)CF)NN1,4.0,1,1
CHEMBL5995066,CC(C)(C)CNc1c(C#N)cnc2c(C#N)cc(N[C@H](C3=CN(C4(C(F)(F)F)CC4)NN3)c3csc4cnccc34)cc12,2.0,1,1
CHEMBL5793320,CC(C)(C)CNc1c(C#N)cnc2c(C#N)cc(N[C@H](C3=CN(C4CC4)NN3)c3csc4cnccc34)cc12,1.0,1,1
CHEMBL5950577,Cc1nc(F)ccc1[C@H](Nc1cc(C#N)c2ncc(C#N)c(NCC(C)(C)C)c2c1)C1=C(C2CC2)N(C2CC2)NN1,4.0,1,1
CHEMBL5919441,Cc1nc(F)ccc1[C@H](Nc1cc(C#N)c2ncc(C#N)c(NCC(C)(C)C(F)(F)F)c2c1)C1=C(F)N([C@@H](C)CF)NN1,7.0,1,1
CHEMBL6003695,COC1=C([C@@H](Nc2cc(C#N)c3ncc(C#N)c(NCC(C)(C)C)c3c2)c2ccc(F)nc2C)NNN1C1CC1,2.0,1,1
CHEMBL5740396,Cc1nc(F)ccc1[C@H](Nc1cc(C#N)c2ncc(C#N)c(NCC(C)(C)C)c2c1)C1=CN(C2(C(C)(C)C)CC2)NN1,3.0,1,1
CHEMBL5851491,Cc1nc(F)ccc1[C@H](Nc1cc(C#N)c2ncc(C#N)c(NCC(C)(C)C(F)(F)F)c2c1)C1=C(F)N(C23CC(C2)C3)NN1,7.0,1,1
CHEMBL5946968,Cc1nc(F)ccc1[C@H](Nc1cc(C#N)c2ncc(C#N)c(NCC(C)(C)C(F)(F)F)c2c1)C1=C(F)N(C2(C3CC3)CC2)NN1,8.0,1,1
CHEMBL5945047,Cc1nc(F)ccc1[C@H](Nc1cc(C#N)c2ncc(C#N)c(NCC(C)(C)C(F)(F)F)c2c1)C1=C(F)N(C2(C)CC2)NN1,2.0,1,1
CHEMBL5824811,Cc1nc(F)ccc1[C@H](Nc1cc(C#N)c2ncc(C#N)c(NCC(C)(C)C(F)(F)F)c2c1)C1=C(F)N(C2CC2)NN1,2.0,1,1
CHEMBL5794723,Cc1nc(F)ccc1[C@H](Nc1cc(C#N)c2ncc(C#N)c(NCC(C)(C)C)c2c1)C1=C(F)N(C2(C3CC3)CC2)NN1,4.0,1,1
CHEMBL5950205,Cc1nc(F)ccc1[C@H](Nc1cc(C#N)c2ncc(C#N)c(NCC(C)(C)C)c2c1)C1=CN(CC2(C)CC2)NN1,2.0,1,1
CHEMBL5750528,Cc1nc(F)ccc1[C@H](Nc1cc(C#N)c2ncc(C#N)c(NCC(C)(C)C(F)(F)F)c2c1)C1=CN(C2(C3CC3)CC2)NN1,3.0,1,1
CHEMBL6026116,COC1=C([C@@H](Nc2cc(C#N)c3ncc(C#N)c(NCC(C)(C)C)c3c2)c2ccc(F)nc2C)NNN1C12CC(C1)C2,2.0,1,1
CHEMBL5779142,Cc1nc(F)ccc1[C@H](Nc1cc(C#N)c2ncc(C#N)c(NCC(C)(C)C)c2c1)C1=CN(C(CF)CF)NN1,2.0,1,1
CHEMBL6013771,CC(C)(C)CNc1c(C#N)cnc2c(C#N)cc(N[C@H](C3=CN(C4(C(F)F)CC4)NN3)c3cccc4c(=O)n(CC(F)F)ccc34)cc12,2.0,1,1
CHEMBL5898177,Cn1ccc2c([C@H](Nc3cc(C#N)c4ncc(C#N)c(NCC(C)(C)C)c4c3)C3=CN(C4(C(F)F)CC4)NN3)cccc2c1=O,1.0,1,1
CHEMBL5901867,Cc1nc(F)ccc1[C@H](Nc1cc(C#N)c2ncc(C#N)c(NCC(C)(C)C)c2c1)C1=CN(C2CC23CC3)NN1,1.0,1,1
CHEMBL5881803,Cn1ccc2c([C@H](Nc3cc(C#N)c4ncc(C#N)c(NCC(C)(C)C)c4c3)C3=CN(C4(C(F)F)CC4)NN3)ccnc21,5.0,1,1
CHEMBL6028869,CC(C)(C)CNc1c(C#N)cnc2c(C#N)cc(N[C@H](C3=CN(C4(C(F)(F)F)CC4)NN3)c3cccc4c(=O)n(CC(F)F)ccc34)cc12,3.0,1,1
CHEMBL5964384,CC(C)(C)CNc1c(C#N)cnc2c(C#N)cc(N[C@H](C3=CN(C4(C(F)(F)F)CC4)NN3)c3cccc4c(=O)n(CC(F)(F)F)ccc34)cc12,2.0,1,1
CHEMBL6050257,CC(C)(C)CNc1c(C#N)cnc2c(C#N)cc(N[C@H](C3=CN(C4(C(F)F)CC4)NN3)c3cccc4c(=O)[nH]ccc34)cc12,2.0,1,1
CHEMBL6017472,C[C@@H](CF)N1C=C([C@@H](Nc2cc(C#N)c3ncc(C#N)c(NCC(C)(C)C)c3c2)c2cccc3c(=O)n(C)ccc23)NN1,2.0,1,1
CHEMBL5987649,Cn1ccc2c([C@H](Nc3cc(C#N)c4ncc(C#N)c(NCC(C)(C)C)c4c3)C3=CN(C4(CF)CC4)NN3)cccc2c1=O,2.0,1,1
CHEMBL5964757,Cn1ccc2c([C@H](Nc3cc(C#N)c4ncc(C#N)c(NCC(C)(C)C)c4c3)C3=CN(C4(C)CC4)NN3)cccc2c1=O,1.0,1,1
CHEMBL5785533,Cn1ccc2c([C@H](Nc3cc(C#N)c4ncc(C#N)c(NCC(C)(C)C)c4c3)C3=CN(C(CF)CF)NN3)cccc2c1=O,3.0,1,1
CHEMBL5880998,Cn1ccc2c([C@H](Nc3cc(C#N)c4ncc(C#N)c(NCC(C)(C)C)c4c3)C3=CN(C4(C5CC5)CC4)NN3)cccc2c1=O,2.0,1,1
CHEMBL5870730,Cn1ccc2c([C@H](Nc3cc(C#N)c4ncc(C#N)c(NCC(C)(C)C(F)(F)F)c4c3)C3=CN(C4(C5CC5)CC4)NN3)cccc2c1=O,2.0,1,1
CHEMBL5770582,Cn1ccc2c([C@H](Nc3cc(C#N)c4ncc(C#N)c(NCC(C)(C)C(F)(F)F)c4c3)C3=CN(C45CC(C4)C5)NN3)cccc2c1=O,1.0,1,1
CHEMBL5786862,Cn1ccc2c([C@H](Nc3cc(C#N)c4ncc(C#N)c(NCC(C)(C)C(F)(F)F)c4c3)C3=CN(C4(C)CC4)NN3)cccc2c1=O,1.0,1,1
CHEMBL5741712,COc1ncccc1[C@H](Nc1cc(C#N)c2ncc(C#N)c(NCC(C)(C)C)c2c1)C1=CN(C2(C(F)(F)F)CC2)NN1,10.0,1,1
CHEMBL5809880,Cn1ccc2c([C@H](Nc3cc(C#N)c4ncc(C#N)c(NCC(C)(C)C(F)(F)F)c4c3)C3=CN(C4(C(F)(F)F)CC4)NN3)cccc2c1=O,3.0,1,1
CHEMBL5912353,Cn1c(=O)ccc2c([C@H](Nc3cc(C#N)c4ncc(C#N)c(NCC(C)(C)C)c4c3)C3=CN(C45CC(C4)C5)NN3)cccc21,3.0,1,1
CHEMBL5878054,CC(C)(C)CNc1c(C#N)cnc2c(C#N)cc(N[C@H](C3=CN(C45CC(C4)C5)NN3)c3cccc4c(=O)[nH]ccc34)cc12,2.0,1,1
CHEMBL5994327,CC(C)(C)CNc1c(C#N)cnc2c(C#N)cc(N[C@H](C3=CN(C4(C(F)(F)F)CC4)NN3)c3cccc4c(=O)n(C(F)F)ccc34)cc12,9.0,1,1
CHEMBL5828230,Cn1c(=O)ccc2c([C@H](Nc3cc(C#N)c4ncc(C#N)c(NCC(C)(C)C)c4c3)C3=CN(C4(C(F)(F)F)CC4)NN3)cccc21,6.0,1,1
CHEMBL5916066,Cn1ccc2c([C@H](Nc3cc(C#N)c4ncc(C#N)c(NCC(C)(C)C)c4c3)C3=CN(C45CC(C4)C5)NN3)cccc2c1=O,1.0,1,1
CHEMBL6012814,C[C@@H](CF)N1C=C([C@@H](Nc2cc(C#N)c3ncc(C#N)c(NCC(C)(C)C)c3c2)c2cccc3ncccc23)NN1,2.0,1,1
CHEMBL6026906,CC(C)(C)CNc1c(C#N)cnc2c(C#N)cc(N[C@H](C3=CN(C(CF)CF)NN3)c3cccc4ncccc34)cc12,4.0,1,1
CHEMBL5942334,CC(C)(CNc1c(C#N)cnc2c(C#N)cc(N[C@H](C3=CN(C4(C(F)F)CC4)NN3)c3cccc4ncccc34)cc12)C(F)(F)F,3.0,1,1
CHEMBL5933908,CC1(N2C=C([C@@H](Nc3cc(C#N)c4ncc(C#N)c(NCC(C)(C)C(F)(F)F)c4c3)c3cccc4ncccc34)NN2)CC1,3.0,1,1
CHEMBL6060856,CC(C)(CNc1c(C#N)cnc2c(C#N)cc(N[C@H](C3=CN(C4(C5CC5)CC4)NN3)c3cccc4ncccc34)cc12)C(F)(F)F,3.0,1,1
CHEMBL5985452,CC(C)(CNc1c(C#N)cnc2c(C#N)cc(N[C@H](C3=CN(C45CC(C4)C5)NN3)c3cccc4ncccc34)cc12)C(F)(F)F,2.0,1,1
CHEMBL5872120,CC(C)(C)CNc1c(C#N)cnc2c(C#N)cc(N[C@H](C3=CN(C(C)(C)C(F)F)NN3)c3cccc4ncccc34)cc12,5.0,1,1
CHEMBL5864922,CC(C)(C)CNc1c(C#N)cnc2c(C#N)cc(N[C@H](C3=CN([C@@H]4C[C@@H]4F)NN3)c3cccc4ncccc34)cc12,2.0,1,1
CHEMBL5812935,Cc1ccc2c([C@H](Nc3cc(C#N)c4ncc(C#N)c(NCC(C)(C)C)c4c3)C3=CN(C45CC(C4)C5)NN3)cccc2n1,3.0,1,1
CHEMBL6020494,CC(C)(C)CNc1c(C#N)cnc2c(C#N)cc(N[C@H](C3=CN(C45CC(C4)C5)NN3)c3cccc4nc(C(F)F)ccc34)cc12,484.0,1,1
CHEMBL6018816,Cc1ccc2c([C@H](Nc3cc(C#N)c4ncc(C#N)c(NCC(C)(C)C)c4c3)C3=CN(C4(C)CC4)NN3)cccc2n1,3.0,1,1
CHEMBL5867436,Cc1ncsc1[C@H](Nc1cc(C#N)c2ncc(C#N)c(NCC(C)(C)C)c2c1)C1=CN(C2(C3CC3)CC2)NN1,3.0,1,1
CHEMBL5933810,Cc1ncsc1[C@H](Nc1cc(C#N)c2ncc(C#N)c(NCC(C)(C)C)c2c1)C1=CN(C2(C(F)(F)F)CC2)NN1,5.0,1,1
CHEMBL5759938,COc1ccc([C@H](Nc2cc(C#N)c3ncc(C#N)c(NCC(C)(C)C)c3c2)C2=CN(C3(C(F)(F)F)CC3)NN2)cn1,15.0,1,1
CHEMBL5870018,Cc1nc(F)ccc1[C@H](Nc1cc(C#N)c2ncc(C#N)c(NCC(C)(C)C)c2c1)C1=C(F)N(C)NN1,4.0,1,1
CHEMBL5950027,Cc1nnc(C2(N3C=C([C@@H](Nc4cc(C#N)c5ncc(C#N)c(NCC(C)(C)C)c5c4)c4ccc(F)nc4C)NN3)CC2)o1,4.0,1,1
CHEMBL6062449,COC1=C(C(Nc2cc(C#N)c3ncc(C#N)c(NCC(C)(C)C)c3c2)c2ccc(F)nc2C)NNN1C,12.0,1,1
CHEMBL5842538,CC(C)(C)CNc1c(C#N)cnc2c(C#N)cc(N[C@H](C3=CN(C4(C(F)(F)F)CC4)NN3)c3cccc4cnc(C#N)cc34)cc12,8.0,1,1
CHEMBL5972316,COc1nccc2c([C@H](Nc3cc(Cl)c4ncc(C#N)c(NCC(C)(C)C)c4c3)C3=CN(C45CC(C4)C5)NN3)cccc12,7.0,1,1
CHEMBL6020997,COc1nccc2c([C@H](Nc3cc(Cl)c4ncc(C#N)c(NCC(C)(C)C)c4c3)C3=CN(C4CC4)NN3)cccc12,6.0,1,1
CHEMBL6022124,COc1nccc2c([C@H](Nc3cc(Cl)c4ncc(C#N)c(NCC(C)(C)C)c4c3)C3=CN(C4(C)CC4)NN3)cccc12,6.0,1,1
CHEMBL5887579,COc1nccc2c([C@H](Nc3cc(Cl)c4ncc(C#N)c(NCC(C)(C)C)c4c3)C3=CN(C4(C(F)F)CC4)NN3)cccc12,9.0,1,1
CHEMBL5828618,CC(C)(C)CNc1c(C#N)cnc2c(Cl)cc(N[C@H](C3=CN(C4(C(F)(F)F)CC4)NN3)c3cccc4cnc(Cl)cc34)cc12,44.0,1,1
CHEMBL5831945,CC(C)(C)CNc1c(C#N)cnc2c(Cl)cc(N[C@H](C3=CN(C4(C(F)(F)F)CC4)NN3)c3cccc4c(Cl)nccc34)cc12,13.0,1,1
CHEMBL6013119,CC(C)(CNc1c(C#N)cnc2c(Cl)cc(N[C@H](C3=CN(C45CC(C4)C5)NN3)c3ccc(F)c4ncccc34)cc12)C(F)(F)F,3.0,1,1
CHEMBL6017494,CC(C)(CNc1c(C#N)cnc2c(Cl)cc(N[C@H](C3=CN(C4(C(F)F)CC4)NN3)c3ccc(F)c4ncccc34)cc12)C(F)(F)F,3.0,1,1
CHEMBL6051697,CC1(N2C=C([C@@H](Nc3cc(Cl)c4ncc(C#N)c(NCC(C)(C)C(F)(F)F)c4c3)c3ccc(F)c4ncccc34)NN2)CC1,2.0,1,1
CHEMBL5793602,CC(C)(C)CNc1c(C#N)cnc2c(Cl)cc(N[C@H](C3=CN(C45CC(C4)C5)NN3)c3ccc(F)c4ncccc34)cc12,3.0,1,1
CHEMBL5828049,COc1nccc2c([C@H](Nc3cc(Cl)c4ncc(C#N)c(NCC(C)(C)C)c4c3)C3=C(F)N(C4(C(F)(F)F)CC4)NN3)cccc12,11.0,1,1
CHEMBL5970641,COc1nccc2c([C@H](Nc3cc(Cl)c4ncc(C#N)c(NCC(C)(C)C)c4c3)C3=C(F)N(C4(C(F)F)CC4)NN3)cccc12,16.0,1,1
CHEMBL6000425,COc1nccc2c([C@H](Nc3cc(Cl)c4ncc(C#N)c(NCC(C)(C)C(F)(F)F)c4c3)C3=CN(C4(C5CC5)CC4)NN3)cccc12,13.0,1,1
CHEMBL5858369,COc1nccc2c([C@H](Nc3cc(Cl)c4ncc(C#N)c(NCC(C)(C)C(F)(F)F)c4c3)C3=CN(C4(C)CC4)NN3)cccc12,6.0,1,1
CHEMBL5967931,COc1nccc2c([C@H](Nc3cc(Cl)c4ncc(C#N)c(NCC(C)(C)C(F)(F)F)c4c3)C3=CN(C45CC(C4)C5)NN3)cccc12,6.0,1,1
CHEMBL6052966,COc1nccc2c([C@H](Nc3cc(Cl)c4ncc(C#N)c(NCC(C)(C)C)c4c3)C3=CN(C4(C(F)(F)F)CC4)NN3)cccc12,11.0,1,1
CHEMBL5913710,COc1ccc2c([C@H](Nc3cc(Cl)c4ncc(C#N)c(NCC(C)(C)C)c4c3)C3=CN(C4(C(F)(F)F)CC4)NN3)cccc2n1,33.0,1,1
CHEMBL5810622,COc1nccc2c([C@H](Nc3cc(Cl)c4ncc(C#N)c(NCC(C)(C)C)c4c3)C3=CN(C4(C5CC5)CC4)NN3)cccc12,10.0,1,1
CHEMBL5779120,COc1nccc2c([C@H](Nc3cc(Cl)c4ncc(C#N)c(NCC(C)(C)C)c4c3)C3=CN([C@@H](C)CF)NN3)cccc12,14.0,1,1
CHEMBL5820578,COc1nccc2c([C@H](Nc3cc(Cl)c4ncc(C#N)c(NCC(C)(C)C)c4c3)C3=CN(C(CF)CF)NN3)cccc12,29.0,1,1
CHEMBL5892362,COc1nccc2c([C@H](Nc3cc(Cl)c4ncc(C#N)c(NCC(C)(C)C(F)(F)F)c4c3)C3=CN(C4(C(F)F)CC4)NN3)cccc12,7.0,1,1
CHEMBL6026921,CC(C)(C)CNc1c(C#N)cnc2c(Cl)cc(N[C@H](C3=CN(C4(C(F)(F)F)CC4)NN3)c3ccc4nccn4c3)cc12,24.0,1,1
CHEMBL6015337,Cn1cccc([C@H](Nc2cc(Cl)c3ncc(C#N)c(NCC(C)(C)C)c3c2)C2=CN(C3(C(F)(F)F)CC3)NN2)c1=O,18.0,1,1
CHEMBL5960312,CC(C)(C)CNc1c(C#N)cnc2c(Cl)cc(N[C@H](C3=CN(C4(C(F)(F)F)CC4)NN3)c3cccc4ncc(F)cc34)cc12,23.0,1,1
CHEMBL5943090,Cc1c([C@H](Nc2cc(Cl)c3ncc(C#N)c(NCC(C)(C)C)c3c2)C2=CN(C3(C(F)(F)F)CC3)NN2)ccnc1O,26.0,1,1
CHEMBL5758018,CC(C)(CNc1c(C#N)cnc2c(Cl)cc(N[C@H](C3=CN(C4(C(F)F)CC4)NN3)c3cccc4ncccc34)cc12)C(F)(F)F,7.0,1,1
CHEMBL5782603,COc1cc([C@H](Nc2cc(Cl)c3ncc(C#N)c(NCC(C)(C)C)c3c2)C2=CN(C3(C(F)(F)F)CC3)NN2)ccn1,64.0,1,1
CHEMBL5811425,Cc1nc(F)ccc1[C@H](Nc1cc(Cl)c2ncc(C#N)c(NCC(C)(C)C)c2c1)C1=C(C2CC2)N(C2CC2)NN1,5.0,1,1
CHEMBL6027273,Cc1nc(F)ccc1[C@H](Nc1cc(Cl)c2ncc(C#N)c(NCC(C)(C)C)c2c1)C1=C(F)N(C2(C)CC2)NN1,3.0,1,1
CHEMBL5982895,Cc1nc(F)ccc1[C@H](Nc1cc(Cl)c2ncc(C#N)c(NCC(C)(C)C(F)(F)F)c2c1)C1=C(F)N(C2(C(F)F)CC2)NN1,5.0,1,1
CHEMBL6002699,Cc1nc(F)ccc1[C@H](Nc1cc(Cl)c2ncc(C#N)c(NCC(C)(C)C)c2c1)C1=C(F)N(C2(C3CC3)CC2)NN1,4.0,1,1
CHEMBL5928047,CC[C@@H](Nc1c(C#N)cnc2c(Cl)cc(N[C@H](C3=C(F)N(C4(C(F)(F)F)CC4)NN3)c3ccc(F)nc3C)cc12)c1ccccc1,17.0,1,1
CHEMBL6041164,Cc1nc(F)ccc1[C@H](Nc1cc(Cl)c2ncc(C#N)c(NCC(C)(C)C)c2c1)C1=C(F)N(C23CC(C2)C3)NN1,9.0,1,1
CHEMBL5813402,Cc1nc(F)ccc1[C@H](Nc1cc(Cl)c2ncc(C#N)c(NCC(C)(C)C)c2c1)C1=C(F)N([C@@H](C)CF)NN1,4.0,1,1
CHEMBL5926481,Cc1nc(F)ccc1[C@H](Nc1cc(Cl)c2ncc(C#N)c(Nc3cnc(F)c(F)c3)c2c1)C1=C(F)N(C2(C(F)F)CC2)NN1,36.0,1,1
CHEMBL5821520,Cc1nc(F)ccc1[C@H](Nc1cc(C#N)c2ncc(C#N)c(NCC(C)(C)C)c2c1)C1=C(F)N(C23CC(C2)C3)NN1,7.0,1,1
CHEMBL5984403,Cc1nc(F)ccc1[C@H](Nc1cc(Cl)c2ncc(C#N)c(NCC(C)(C)C(F)(F)F)c2c1)C1=C(F)N([C@@H](C)CF)NN1,6.0,1,1
CHEMBL5918636,Cc1nc(F)ccc1[C@H](Nc1cc(Cl)c2ncc(C#N)c(NCC(C)(C)C(F)(F)F)c2c1)C1=C(F)N(C23CC(C2)C3)NN1,7.0,1,1
CHEMBL5821372,Cc1nc(F)ccc1[C@H](Nc1cc(Cl)c2ncc(C#N)c(NCC(C)(C)C(F)(F)F)c2c1)C1=C(F)N(C2(C3CC3)CC2)NN1,5.0,1,1
CHEMBL5833896,Cc1nc(F)ccc1[C@H](Nc1cc(Cl)c2ncc(C#N)c(NCC(C)(C)C(F)(F)F)c2c1)C1=C(F)N(C2CC2)NN1,2.0,1,1
CHEMBL6034137,Cc1nc(F)ccc1[C@H](Nc1cc(Cl)c2ncc(C#N)c(NCC(C)(C)C(F)(F)F)c2c1)C1=C(F)N(C2(C)CC2)NN1,3.0,1,1
CHEMBL5764948,Cc1nc(F)ccc1[C@H](Nc1cc(Cl)c2ncc(C#N)c(NCC(C)(C)C)c2c1)C1=C(F)N(C2(C(F)F)CC2)NN1,7.0,1,1
CHEMBL5972189,Cn1ccc2c([C@H](Nc3cc(Cl)c4ncc(C#N)c(NCC(C)(C)C)c4c3)C3=C(F)N(C45CC(C4)C5)NN3)cccc2c1=O,3.0,1,1
CHEMBL6001194,CN(CC(C)(C)C)c1c(C#N)cnc2c(Cl)cc(N(C)[C@H](C3=C(F)N(C4(C(F)F)CC4)NN3)c3cccc4ncccc34)cc12,13.0,1,1
CHEMBL5773929,Cc1nc(F)ccc1[C@H](Nc1cc(Cl)c2ncc(C#N)c(NCC(C)(C)C)c2c1)C1=C(F)N(C)NN1,4.0,1,1
CHEMBL5771119,COC1=C([C@@H](Nc2cc(C#N)c3ncc(C#N)c(NCC(C)(C)C)c3c2)c2ccc(F)nc2C)NNN1C1(C(F)F)CC1,3.0,1,1
CHEMBL5882302,COC1=C([C@@H](Nc2cc(Cl)c3ncc(C#N)c(NCC(C)(C)C)c3c2)c2ccc(F)nc2C)NNN1C1(C(F)F)CC1,4.0,1,1
CHEMBL6055537,COC1=C([C@@H](Nc2cc(Cl)c3ncc(C#N)c(NCC(C)(C)C)c3c2)c2ccc(OC)nc2C)NNN1C1(C(F)F)CC1,15.0,1,1
CHEMBL5900488,COC1=C([C@@H](Nc2cc(Cl)c3ncc(C#N)c(NCC(C)(C)C)c3c2)c2ccc(F)nc2C)NNN1C1CC1,2.0,1,1
CHEMBL5746961,COC1=C([C@@H](Nc2cc(Cl)c3ncc(C#N)c(NCC(C)(C)C)c3c2)c2ccc(F)nc2C)NNN1C12CC(C1)C2,2.0,1,1
CHEMBL5849925,COC1=C([C@@H](Nc2cc(Cl)c3ncc(C#N)c(NCC(C)(C)C)c3c2)c2ccc(F)nc2C)NNN1C,8.0,1,1
CHEMBL5904573,COC1=C(C(Nc2cc(Cl)c3ncc(C#N)c(NCC(C)(C)C)c3c2)c2ccc(OC)nc2C)NNN1C,34.0,1,1
CHEMBL5779271,COC1=C(C(Nc2cc(Cl)c3ncc(C#N)c(NCC(C)(C)C)c3c2)c2ccc(F)nc2C)NNN1C,11.0,1,1
CHEMBL5785311,CC(C)(C)CNc1c(C#N)cnc2c(Cl)cc(N[C@H](C3=CN(C4(C(F)(F)F)CC4)NN3)c3cccc4[nH]c(C(F)(F)F)nc34)cc12,1817.0,0,1
CHEMBL5943599,Cc1nc(F)ccc1[C@H](Nc1cc(Cl)c2ncc(C#N)c(NCC(C)(C)C)c2c1)C1=C(C#N)N(C2(C(F)F)CC2)NN1,11.0,1,1
CHEMBL5830681,Cc1nc(F)ccc1[C@H](Nc1cc(Cl)c2ncc(C#N)c(NCC(C)(C)C)c2c1Br)C1=C(F)N(C2(C(F)F)CC2)NN1,1231.0,0,1
CHEMBL5978427,Cc1nc(F)ccc1[C@H](Nc1cc(-c2cncnc2)c2ncc(C#N)c(NCC(C)(C)C)c2c1)C1=CN(C2(C(F)F)CC2)NN1,21.0,1,1
CHEMBL5751617,COc1ccc(C(Nc2cc(Cl)c3ncc(C#N)c(NCC(C)(C)C)c3c2)C2=CN(C3(C(F)(F)F)CC3)NN2)c(C)n1,9.0,1,1
CHEMBL5871981,Cc1nc(F)ccc1[C@H](Nc1cc(C#CC(C)(C)S(C)(=O)=O)c2ncc(C#N)c(NCC(C)(C)C)c2c1)C1=CN(C2(C(F)(F)F)CC2)NN1,1000.0,1,1
CHEMBL6029402,CC(=O)c1cc(N[C@H](C2=CN(C3(C(F)F)CC3)NN2)c2ccc(F)nc2C)cc2c(NCC(C)(C)C)c(C#N)cnc12,4.0,1,1
CHEMBL5847293,Cc1nc(F)ccc1C(Nc1cc(C#CC(C)(C)O)c2ncc(C#N)c(NCC(C)(C)C)c2c1)C1=CN(C2(C(F)(F)F)CC2)NN1,1000.0,1,1
CHEMBL5785289,Cc1nc(F)ccc1[C@H](Nc1cc(Cl)c2ncc(C#N)c(NCC(C)(C)C)c2c1F)C1=CN(C2(C(F)F)CC2)NN1,9644.0,0,1
CHEMBL6027911,Cc1nc(F)ccc1[C@H](Nc1cc(Cl)c2ncc(C#N)c(NCC(C)(C)C)c2c1)C1=C2CCCCN2NN1,10.0,1,1
CHEMBL5932188,Cc1nc(F)ccc1[C@H](Nc1cc(Cl)c2ncc(C#N)c(NCC(C)(C)C)c2c1)C1=C2OCCCN2NN1,13.0,1,1
CHEMBL5760493,CC#CC(=O)N[C@@H](C)c1nc(-c2ccc(C(=O)Nc3ccc(C)cn3)cc2)c2c(N)nccn12,549.0,1,1
CHEMBL6043477,CC#CC(=O)N(C)[C@@H](C)c1nc(-c2ccc(C(=O)Nc3ccc(C)cn3)cc2)c2c(N)nccn12,354.0,1,1
CHEMBL5757940,CC#CC(=O)N(C)[C@@H](C)c1nc(-c2ccc(C(=O)Nc3ccccn3)cc2)c2c(N)nccn12,123.0,1,1
CHEMBL6000385,COC/C=C/C(=O)N[C@@H](C)c1nc(-c2ccc(C(=O)Nc3ccc(C)cn3)cc2)c2c(N)nccn12,360.0,1,1
CHEMBL6055510,CC#CC(=O)N[C@@H](C)c1nc(-c2ccc(C(=O)Nc3cc(C(F)(F)F)ccn3)cc2)c2c(N)nccn12,327.0,1,1
CHEMBL5801606,C=CC(=O)Nc1cc(Nc2ncc(Cl)c(-c3cc(F)c4nc(C)n(C(C)C)c4c3)n2)c(OC)cc1N(C)CCN(C)C,25.0,1,1
CHEMBL6034481,C=CC(=O)Nc1cc(Nc2ncc(C)c(-c3cc(F)c4nc(C)n(C(C)C)c4c3)n2)c(OC)cc1N(C)CCN(C)C,25.0,1,1
CHEMBL5823957,C=CC(=O)Nc1cc(Nc2ncc(OC)c(-c3cc(F)c4nc(C)n(C(C)C)c4c3)n2)c(OC)cc1N(C)CCN(C)C,25.0,1,2
CHEMBL5763383,C=CC(=O)Nc1cc(Nc2ncc(C(F)(F)F)c(-c3cc(F)c4nc(C)n(C(C)C)c4c3)n2)c(OC)cc1N(C)CCN(C)C,25.0,1,1
CHEMBL5776775,C=CC(=O)Nc1cc(Nc2nccc(-c3cc(F)c4nc5n(c4c3)C(C)(C)CC5)n2)c(OC)cc1N(C)CCN(C)C,25.0,1,1
CHEMBL5987816,C=CC(=O)Nc1cc(Nc2nccc(-c3cc(F)c4nc(OC)n(C(C)C)c4c3)n2)c(OC)cc1N(C)CCN(C)C,25.0,1,1
CHEMBL5760284,C=CC(=O)Nc1cc(Nc2nccc(-c3cc(F)c4nc(OC)n(C(C)C)c4c3)n2)c(OC)cc1OCCN(C)C,25.0,1,1
CHEMBL5954184,C=CC(=O)Nc1cc(Nc2ncc(Br)c(-c3cc(F)c4nc(C)n(C(C)C)c4c3)n2)c(OC)cc1N(C)CCN(C)C,25.0,1,2
CHEMBL5899957,COc1cc(N(C)CCN(C)C)c([N+](=O)[O-])cc1Nc1ncc(Br)c(-c2cc(F)c3nc(C)n(C(C)C)c3c2)n1,25.0,1,1
CHEMBL5768250,C=CC(=O)Nc1cc(Nc2nccc(-c3cc(F)c4nc(C)n(C(C)C)c4c3)n2)c(OC)cc1OCCOC,75.0,1,1
CHEMBL5962799,C=CC(=O)Nc1cc(Nc2nccc(-c3cc(F)c4nc(C)n(C(C)C)c4c3)n2)c(OC)cc1SCCN(C)C,25.0,1,1
CHEMBL5763689,C=CC(=O)Nc1cc(Nc2nccc(-c3cc(F)c4nc(C)n(C(C)C)c4c3)n2)c(OC)cc1N1CCC(N2CCOCC2)CC1,25.0,1,2
CHEMBL5772311,C=CC(=O)Nc1cc(Nc2nccc(-c3cc(F)c4nc(C)n(C(C)C)c4c3)n2)c(OC)cc1N1CCC(OC)CC1,25.0,1,2
CHEMBL6061951,C=CC(=O)Nc1cc(Nc2nccc(-c3cc(F)c4nc(C)n(C(C)C)c4c3)n2)c(OC)cc1N1CCOCC1,25.0,1,1
CHEMBL5806097,C=CC(=O)Nc1cc(Nc2nccc(-c3cc(F)c4nc(C)n(C(C)C)c4c3)n2)c(OC)cc1N1CCC(O)CC1,25.0,1,1
CHEMBL5874020,C=CC(=O)Nc1cc(Nc2ncc(C#N)c(-c3cc(F)c4nc(C)n(C(C)C)c4c3)n2)c(OC)cc1N(C)CCN(C)C,25.0,1,1
CHEMBL6048717,C=CC(=O)Nc1cc(Nc2ncc(F)c(-c3cc(F)c4nc(C)n(C(C)C)c4c3)n2)c(OC)cc1N(C)CCN(C)C,25.0,1,1
CHEMBL5974536,C=CC(=O)Nc1cc(Nc2nccc(-c3cc(F)c4nc(C)n(C5CC5)c4c3)n2)c(OC)cc1N(C)CCN(C)C,25.0,1,1
CHEMBL5825791,C=CC(=O)Nc1cc(Nc2nccc(-c3cc(F)c4nc(CF)n(C(C)C)c4c3)n2)c(OC)cc1N(C)CCN(C)C,25.0,1,1
CHEMBL5749572,C=CCNc1cc(Nc2nccc(-c3cnc4nc(C)n(C(C)C)c4c3)n2)c(OC)cc1N(C)CCN(C)C,25.0,1,2
CHEMBL5965945,C=CCNc1cc(Nc2nccc(-c3cnc4nc(OC)n(C(C)C)c4c3)n2)c(OC)cc1N(C)CCN(C)C,25.0,1,2
CHEMBL5768666,C=CC(=O)Nc1cc(Nc2nccc(-c3ccc4nc(OC)n(C(C)C)c4c3)n2)c(OC)cc1N(C)CCN(C)C,25.0,1,2
CHEMBL5882926,C=CC(=O)Nc1cc(Nc2nccc(-c3ccc4oc(=O)n(C)c4c3)n2)c(OC)cc1N(C)CCN(C)C,25.0,1,2
CHEMBL5959647,C=CC(=O)Nc1cc(Nc2nccc(-c3cc(F)c4cnn(C(C)C)c4c3)n2)c(OC)cc1N(C)CCN(C)C,25.0,1,1
CHEMBL5791264,C=CC(=O)Nc1cc(Nc2nccc(-c3ccc4cnn(C(C)C)c4c3)n2)c(OC)cc1N(C)CCN(C)C,25.0,1,1
CHEMBL5816313,C=CC(=O)Nc1cc(Nc2nccc(-c3cc(F)c4nc(C)c(C(C)C)n4c3)n2)c(OC)cc1N(C)CCN(C)C,25.0,1,2
CHEMBL5907329,C=CC(=O)Nc1cc(Nc2nccc(-c3cc(F)c4nc(C)cn4c3)n2)c(OC)cc1N(C)CCN(C)C,25.0,1,2
CHEMBL5844116,C=CC(=O)Nc1cc(Nc2nccc(-c3cc(F)c4oc(C)nc4c3)n2)c(OC)cc1N(C)CCN(C)C,25.0,1,1
CHEMBL5784687,C=CC(=O)Nc1cc(Nc2nccc(-c3cc(F)c4nc(C)oc4c3)n2)c(OC)cc1N(C)CCN(C)C,25.0,1,2
CHEMBL5913936,C=CC(=O)Nc1cc(Nc2nccc(-c3cc(F)c4ocnc4c3)n2)c(OC)cc1N(C)CCN(C)C,25.0,1,1
CHEMBL6033304,C=CC(=O)Nc1cc(Nc2ncc(F)c(-c3cc(F)c4nc(C)c(C(C)C)n4c3)n2)c(OC)cc1N(C)CCN(C)C,25.0,1,1
CHEMBL5812371,C=CC(=O)Nc1cc(Nc2nccc(-c3ccc4nc(C)n(C(C)C)c4c3)n2)c(OC)cc1N(C)CCN(C)C,25.0,1,6
CHEMBL6049512,C=CC(=O)Nc1cc(Nc2nccc(-c3ccc4ncn(C(C)C)c4c3)n2)c(OC)cc1N(C)CCN(C)C,25.0,1,1
CHEMBL5909544,C=CC(=O)Nc1cc(Nc2nccc(-c3ccc4nc(C(F)(F)F)n(C(C)C)c4c3)n2)c(OC)cc1N(C)CCN(C)C,25.0,1,2
CHEMBL5854233,COc1cc(N(C)CCN(C)C)c([N+](=O)[O-])cc1Nc1nccc(-c2cc(F)c3c(cnn3C3CCCCO3)c2)n1,25.0,1,1
CHEMBL5969872,C=CC(=O)Nc1cc(Nc2nccc(-c3cc(F)c4c(cnn4C)c3)n2)c(OC)cc1N(C)CCN(C)C,25.0,1,1
CHEMBL6035358,C=CC(=O)Nc1cc(Nc2nccc(-c3cc(F)c4nn(C)cc4c3)n2)c(OC)cc1N(C)CCN(C)C,25.0,1,1
CHEMBL6029580,C=CC(=O)Nc1cc(Nc2nccc(-c3ccc4nccn4n3)n2)c(OC)cc1N(C)CCN(C)C,50.0,1,2
CHEMBL5791250,C=CC(=O)Nc1cc(Nc2nccc(-c3cc4c5c(c3)n(C(C)C)c(=O)n5CCC4)n2)c(OC)cc1N(C)CCN(C)C,25.0,1,1
CHEMBL5841441,C=CC(=O)Nc1cc(Nc2nccc(-c3cc4c5c(c3)nc(OC)n5CCC4)n2)c(OC)cc1N(C)CCN(C)C,25.0,1,1
CHEMBL5910503,C=CC(=O)Nc1cc(Nc2nccc(-c3ccc4ncsc4c3)n2)c(OC)cc1N(C)CCN(C)C,25.0,1,1
CHEMBL5796275,C=CC(=O)Nc1cc(Nc2nccc(-c3cc(F)c4nc(C)n(C(C)C)c4c3)n2)c(OC(F)F)cc1N(C)CCN(C)C,25.0,1,1
CHEMBL5950802,C=CC(=O)Nc1cc(Nc2nccc(-c3cc(F)c4nc(C)n(C(C)C)c4c3)n2)c(OCC)cc1N(C)CCN(C)C,25.0,1,1
CHEMBL6030624,C=CC(=O)Nc1cc(Nc2nccc(-c3cc(F)c4nc(C)n(C(C)C)c4c3)n2)c(OC)cc1N(C)CCN(C)C,25.0,1,1
CHEMBL6031205,COc1cc(N2CCN(C)CC2)ccc1Nc1nccc(-c2cc(F)c3nc(C)n(C(C)C)c3c2)n1,25.0,1,1
CHEMBL5967623,COc1cc(N2CCN(C)CC2)ccc1Nc1ncc(F)c(-c2cc(F)c3nc(C)n(C(C)C)c3c2)n1,25.0,1,2
CHEMBL5872428,C=CC(=O)Nc1cc(Nc2ncc(F)c(-c3cc(F)c4nc(C)c(C(=C)C)n4c3)n2)c(OC)cc1N(C)CCN(C)C,25.0,1,2
CHEMBL5922695,C=C(C)c1c(C)nc2c(F)cc(-c3nc(Nc4ccc(N5CCN(C)CC5)cc4OC)ncc3F)cn12,25.0,1,1
CHEMBL5744155,COc1cc(N2CCN(C)CC2)ccc1Nc1ncc(F)c(-c2cc(F)c3nc(C)c(C(C)C)n3c2)n1,75.0,1,1
CHEMBL5918866,C=CC(=O)Nc1cc(Nc2nccc(-c3cc(F)c4nc(C(F)F)n(C(C)C)c4c3)n2)c(OC)cc1N(C)CCN(C)C,25.0,1,1
CHEMBL5771634,C=CC(=O)Nc1cc(Nc2nccc(-c3cc(F)c4nc(OC(C)C)n(C(C)C)c4c3)n2)c(OC)cc1N(C)CCN(C)C,25.0,1,2
CHEMBL6046816,C=CC(=O)Nc1cc(Nc2nccc(-c3cc(F)c4nc(OCC)n(C(C)C)c4c3)n2)c(OC)cc1N(C)CCN(C)C,25.0,1,1
CHEMBL5787380,C=CC(=O)Nc1cc(Nc2nccc(-c3cc(F)c4nc(SC)n(C(C)C)c4c3)n2)c(OC)cc1N(C)CCN(C)C,25.0,1,1
CHEMBL6007080,C=CC(=O)Nc1cc(Nc2nccc(-c3cc(F)c4nc(OCC(F)F)n(C(C)C)c4c3)n2)c(OC)cc1N(C)CCN(C)C,25.0,1,1
CHEMBL5867043,C=CC(=O)Nc1cc(Nc2nccc(-c3cc(F)c4nc(COC)n(C(C)C)c4c3)n2)c(OC)cc1N(C)CCN(C)C,25.0,1,1
CHEMBL6048356,C=CC(=O)Nc1cc(Nc2nccc(-c3cc(F)c4nc5n(c4c3)CC(C)(C)O5)n2)c(OC)cc1N(C)CCN(C)C,25.0,1,2
CHEMBL5982067,C=CC(=O)N(C)c1cc(Nc2nccc(-c3cc(F)c4nc(C)n(C(C)C)c4c3)n2)c(OC)cc1N(C)CCN(C)C,25.0,1,1
CHEMBL5767398,COc1cccc(Sc2sc3nc(N)nc(N)c3c2C)c1,10410.0,0,1
CHEMBL6030490,C=CC(=O)N1CCCC(Nc2nc(Nc3ccc(OCCOC)cc3)c3c(c2F)CNC3=O)C1,1618.0,0,1
CHEMBL5822835,C=CC(=O)N1CCCCC(Nc2nc(Nc3ccc(OCCOC)cc3)c3c(c2F)CNC3=O)C1,2289.0,0,1
CHEMBL5817581,C=CC(=O)N1CCCC(Nc2nc(Nc3ccc(OCCOC)cc3)c3c(c2F)CNC3=O)CC1,2374.0,0,1
CHEMBL5784215,C=CC(=O)N1CC(Nc2nc(Nc3ccc(OCCOC)cc3)c3c(c2F)CNC3=O)C1,1908.0,0,1
CHEMBL5945102,C=CC(=O)N1CCCC(Nc2nc(-c3cnn(C)c3)c3c(c2F)CNC3=O)C1,5383.0,0,2
CHEMBL5936556,C=CC(=O)N1CCC(Nc2nc(Nc3ccc(OCCOC)cc3)c3c(c2F)CNC3=O)C1,1009.0,0,1
CHEMBL5991264,C=CC(=O)N1CCCC(Nc2nc(Nc3cnn(C4CCOCC4)c3)c3c(c2F)CNC3=O)C1,1743.0,0,1
CHEMBL5796539,C=CC(=O)N1CCCC(Nc2nc(Nc3ccc(N4CCN(C)CC4)cc3)c3c(c2F)CNC3=O)C1,4250.0,0,1
CHEMBL5801676,C=CC(=O)N1CCCC(Nc2nc(Nc3ccc(N4CCN(C)CC4)cn3)c3c(c2F)CNC3=O)C1,3852.0,0,1
CHEMBL6039889,C=CC(=O)N1CCCC(Nc2nc(Nc3cnn(C4CCS(=O)(=O)CC4)c3)c3c(c2F)CNC3=O)C1,1601.0,0,1
CHEMBL5972778,C=CC(=O)N1CCCC(Nc2nc(Nc3ccc(N4CCOCC4)cc3)c3c(c2F)CNC3=O)C1,4132.0,0,1
CHEMBL5850413,C=CC(=O)N1CCCC(Nc2nc(Nc3cnn(C4CN(C)CC4F)c3)c3c(c2F)CNC3=O)C1,1216.0,0,1
CHEMBL5797573,C=CC(=O)N1CCCC(Nc2nc(Nc3ccc(OCCO)cc3)c3c(c2F)CNC3=O)C1,2746.0,0,1
CHEMBL5979689,C=CC(=O)N1CCCC(Nc2nc(Nc3ccc(N4CCOCC4=O)cc3)c3c(c2F)CNC3=O)C1,1504.0,0,1
CHEMBL5982923,C=CC(=O)N1CCCC(Nc2nc(Nc3ccc(N4CCN(C)CC4)nc3)c3c(c2F)CNC3=O)C1,1602.0,0,1
CHEMBL5873347,C=CC(=O)N1CCCC(Nc2nc(Nc3ccc(N4CCC(O)C(C)(C)C4)cn3)c3c(c2F)CNC3=O)C1,8308.0,0,1
CHEMBL5874587,C=CC(=O)N1CCCC(Nc2nc(Nc3ccc(N4CCN(C5COC5)CC4C)cn3)c3c(c2F)CNC3=O)C1,9011.0,0,1
CHEMBL5907553,C=CC(=O)N1CCCC(Nc2nc(Nc3cc(C)ns3)c3c(c2F)CNC3=O)C1,1795.0,0,1
CHEMBL5894066,C=CC(=O)N1CCCC(Nc2nc(Nc3ccc(C(=O)N4CCOCC4)cc3)c3c(c2F)CNC3=O)C1,1786.0,0,1
CHEMBL5926581,C=CC(=O)N1CCCC(Nc2nc(Nc3cnn(C)c3)c3c(c2F)CNC3=O)C1,1094.0,0,1
CHEMBL5853228,C=CC(=O)N1CC(Nc2nc(-c3cnn(C)c3)c3c(c2F)CNC3=O)CCC1C,6694.0,0,1
CHEMBL5765198,C=CC(=O)N1CCCCC(Nc2nc(Nc3ccc(N4CCOCC4)cc3)c3c(c2F)CNC3=O)C1,3690.0,0,1
CHEMBL5957373,C=CC(=O)N1CC(Nc2nc(Nc3ccc(N4CCOCC4)cc3)c3c(c2F)CNC3=O)CCC1C,2297.0,0,1
CHEMBL6050060,C=CC(=O)N1CC(Nc2nc(Nc3ccc(N4CCOCC4)cc3F)c3c(c2F)CNC3=O)CCC1C,7932.0,0,1
CHEMBL5948245,C=CC(=O)N1CC(Nc2nc(Nc3ccc(N4CCOCC4C)cc3)c3c(c2F)CNC3=O)CCC1C,5341.0,0,1
CHEMBL5855771,C=CC(=O)N1CC(Nc2nc(Nc3ccc(N4CCOCC4)c(F)c3)c3c(c2F)CNC3=O)CCC1C,4723.5,0,2
CHEMBL5764610,C=CC(=O)N1CC(Nc2nc(Nc3ccc(N4CCN(C5COC5)CC4C)cc3)c3c(c2F)CNC3=O)CCC1C,3169.0,0,1
CHEMBL5946793,C=CC(=O)N1CC(Nc2nc(Nc3cccc(N4CCOCC4)c3)c3c(c2F)CNC3=O)CCC1C,3856.0,0,1
CHEMBL6050482,C=CC(=O)N1C[C@H](Nc2nc(Nc3cnn(C)c3)c3c(c2F)CNC3=O)CCC1C,1293.0,0,1
CHEMBL5825503,C=CC(=O)N1CC(Nc2nc(Nc3ccc(N4CCOCC4)c(Cl)c3)c3c(c2F)CNC3=O)CCC1C,6309.0,0,1
CHEMBL5778388,C=CC(=O)N1CC(Nc2nc(Nc3ccc(N4CCOCC4C)c(F)c3)c3c(c2F)CNC3=O)CCC1C,5192.0,0,1
CHEMBL5843489,C=CC(=O)N1CCCC(Nc2nc(-c3cnn(C4CC4)c3)c3c(c2F)CNC3=O)C1,8302.0,0,1
CHEMBL6042351,C=CC(=O)N1CCCC(Nc2nc(-c3cnc(C)s3)c3c(c2F)CNC3=O)C1,7445.0,0,1
CHEMBL5927471,C=CC(=O)N1CCCC(Nc2nc3c(c(Nc4cnn(C)c4)n2)C(=O)NC3)C1,1016.0,0,1
CHEMBL5962946,C#CC(=O)N1CCCC(N(C)c2nc(-c3cnn(C)c3)c3c(c2F)CNC3=O)C1,1002.0,0,1
CHEMBL5807627,C=CC(=O)N1CCCC(N(C)c2nc(Nc3ccc(N4CCOCC4)cc3)c3c(c2F)CNC3=O)C1,1588.0,0,1
CHEMBL5889345,C=CC(=O)N1CCCC(N(C)c2nc(Nc3cc(C)ns3)c3c(c2F)CNC3=O)C1,1663.0,0,1
CHEMBL5785275,C=CC(=O)N1CCCCC(N(C)c2nc(Nc3ccc(N4CCOCC4)cc3)c3c(c2F)CNC3=O)C1,1564.0,0,1
CHEMBL5943525,C=CC(=O)N1CCCC(N(CC)c2nc(Nc3ccc(N4CCOCC4)cc3)c3c(c2F)CNC3=O)C1,1372.0,0,1
CHEMBL5808074,C=CC(=O)N1CCCC(N(C)c2nc3c(c(Nc4cnn(C)c4)n2)C(=O)NC3)C1,1631.0,0,1
CHEMBL5935382,C=CC(=O)N1CC2CN(c3nc(Nc4cnn(C)c4)c4c(c3F)CNC4=O)CC2C1,1365.0,0,1
CHEMBL5809223,C=CC(=O)NC1CN(c2nc(Nc3cnn(C)c3)c3c(c2F)CNC3=O)C1,1124.0,0,1
CHEMBL5958444,C=CC(=O)NC1CN(c2nc(Nc3ccc(N4CCOCC4)cc3)c3c(c2F)CNC3=O)CC1F,1185.0,0,1
CHEMBL5761246,C=CC(=O)N1CCC2CN(c3nc(Nc4cnn(C)c4)c4c(c3F)CNC4=O)CC21,1478.0,0,1
CHEMBL5755043,C=CC(=O)N(C)C1CCN(c2nc(Nc3cnn(C)c3)c3c(c2F)CNC3=O)C1,1051.0,0,1
CHEMBL5739782,C=CC(=O)N1CCC[C@H](Nc2nc(-c3cnn(C)c3)c3c(c2F)CNC3=O)[C@@H]1C,6817.0,0,1
CHEMBL5822544,C=CC(=O)N1CCC[C@@H](N(C)c2nc(-c3cnn(C)c3)c3c(c2F)CNC3=O)C1,6166.0,0,1
CHEMBL5922999,C=CC(=O)N1CCC[C@H](Nc2nc(Nc3ccc(N4CCOCC4)cc3)c3c(c2F)CNC3=O)C1,4132.0,0,1
CHEMBL5960825,O=C(/N=c1\[nH]c2ccccc2n1C1CCCC1)c1ccnc(-c2cccnc2)c1,67.4,1,3
CHEMBL5840868,Cn1cc(-c2cc(C(=O)/N=c3\[nH]c4ccccc4n3C3CCCC3)ccn2)cn1,61.7,1,3
CHEMBL5897403,Cc1c(-c2cc(C(=O)/N=c3\[nH]c4ccccc4n3C3CCCC3)ccn2)cnn1C,38.5,1,3
CHEMBL5861020,Cc1nn(C)cc1-c1cc(C(=O)/N=c2\[nH]c3ccccc3n2C2CCCC2)ccn1,105.0,1,3
CHEMBL5963945,CC(=O)N1CCC(c2ccc3c(c2)[nH]/c(=N\C(=O)c2ccnc(-c4cccnc4)c2)n3C2CCCC2)CC1,50.9,1,2
CHEMBL5959712,CC(=O)N1CCC(c2ccc3c(c2)[nH]/c(=N\C(=O)c2ccnc(-c4cnn(C)c4)c2)n3C2CCCC2)CC1,22.3,1,4
CHEMBL5762347,Cn1cc(-c2cc(C(=O)/N=c3\[nH]c4ccccc4n3[C@H]3CC[C@@H](O)C3)ccn2)cn1,184.0,1,3
CHEMBL5902827,CN1CCC(c2ccc3c(c2)[nH]/c(=N\C(=O)c2ccnc(-c4cnn(C)c4)c2)n3C2CCCC2)CC1,17.4,1,3
CHEMBL5994405,CN1CCC(c2ccc3c(c2)[nH]/c(=N\C(=O)c2ccnc(-c4cccnc4)c2)n3C2CCCC2)CC1,27.7,1,3
CHEMBL5893361,CC(C)Cn1/c(=N/C(=O)c2ccnc(-c3cnn(C)c3)c2)[nH]c2ccccc21,37.55,1,4
CHEMBL5872035,Cn1cc(-c2cc(C(=O)/N=c3\[nH]c4ccccc4n3[C@H]3CC[C@H](O)C3)ccn2)cn1,76.5,1,3
CHEMBL5834325,CCCn1/c(=N/C(=O)c2ccnc(-c3cnn(C)c3)c2)[nH]c2ccccc21,97.4,1,2
CHEMBL5825830,Cn1cc(-c2cc(C(=O)/N=c3\[nH]c4ccccc4n3C3CCCCC3)ccn2)cn1,10.5,1,5
CHEMBL5783119,Cc1c(-c2cc(C(=O)/N=c3\[nH]c4ccccc4n3CC(C)(C)O)ccn2)cnn1C,111.0,1,5
CHEMBL5932930,Cn1cc(-c2cc(C(=O)/N=c3\[nH]c4ccccc4n3C3CCC3)ccn2)cn1,102.0,1,3
CHEMBL5784511,CCC(C)n1/c(=N/C(=O)c2ccnc(-c3cnn(C)c3)c2)[nH]c2ccccc21,128.0,1,3
CHEMBL5772994,CN1CCC(c2ccc3c(c2)[nH]/c(=N\C(=O)c2ccnc(-c4cnn(C)c4)c2)n3CC(C)(C)O)CC1,27.7,1,3
CHEMBL6048747,CN1CCN(c2ccc3c(c2)[nH]/c(=N\C(=O)c2ccnc(-c4cnn(C)c4)c2)n3CC(C)(C)O)CC1,169.0,1,3
CHEMBL6015235,CC(C)(O)Cn1/c(=N/C(=O)c2ccnc(-c3cnn4ccccc34)c2)[nH]c2ccccc21,42.95,1,2
CHEMBL5976089,Cc1c(-c2cc(C(=O)/N=c3\[nH]c4cc(C5CCN(C)CC5)ccc4n3CC(C)(C)O)ccn2)cnn1C,19.0,1,3
CHEMBL5925024,Cc1c(-c2cc(C(=O)/N=c3\[nH]c4cc(N5CCN(C)CC5)ccc4n3CC(C)(C)O)ccn2)cnn1C,113.0,1,3
CHEMBL6056421,CC(=O)N1CCC(c2ccc3c(c2)[nH]/c(=N\C(=O)c2ccnc(-c4cnn(C)c4C)c2)n3CC(C)(C)O)CC1,34.5,1,3
CHEMBL5968167,COc1ccncc1-c1cc(C(=O)/N=c2\[nH]c3cc(C4CCN(C)CC4)ccc3n2CC(C)(C)O)ccn1,4.2,1,3
CHEMBL5967291,CN(C)Cc1ccc2c(c1)[nH]/c(=N\C(=O)c1ccnc(-c3cnn(C)c3)c1)n2CC(C)(C)O,190.0,1,3
CHEMBL5809520,CN1CCC(c2ccc3c(c2)[nH]/c(=N\C(=O)c2ccnc(-n4cnc5cccc(F)c54)c2)n3CC(C)(C)O)CC1,25.5,1,3
CHEMBL6055515,COc1ccncc1-c1cc(C(=O)/N=c2\[nH]c3cc(C4CCN(C(C)=O)CC4)ccc3n2CC(C)(C)O)ccn1,3.0,1,3
CHEMBL5994478,CN1CCC(c2ccc3c(c2)[nH]/c(=N\C(=O)c2ccnc(-c4cnn5cccnc45)c2)n3CC(C)(C)O)CC1,3.0,1,3
CHEMBL5829030,Cc1ccc2c(c1)[nH]/c(=N\C(=O)c1ccnc(-c3cnn(C)c3)c1)n2CC(C)(C)O,91.6,1,3
CHEMBL6049798,Cc1ccc2[nH]/c(=N\C(=O)c3ccnc(-c4cnn(C)c4)c3)n(CC(C)(C)O)c2c1,196.0,1,3
CHEMBL5865007,CN1CCC(c2ccc3c(c2)[nH]/c(=N\C(=O)c2ccnc(-c4cnn(C)c4)c2)n3CC(C)(C)O)CC1=O,79.3,1,3
CHEMBL5945119,Cn1cc(-c2cc(C(=O)/N=c3\[nH]c4ccccc4n3CCC(C)(C)O)ccn2)cn1,92.6,1,2
CHEMBL5853395,Cn1cc(-c2cc(C(=O)/N=c3\[nH]c4ccccc4n3CC(C)(C)CO)ccn2)cn1,234.0,1,3
CHEMBL5968872,CC(C)(O)Cn1/c(=N/C(=O)c2ccnc(-n3cnc4ccccc43)c2)[nH]c2ccccc21,272.0,1,2
CHEMBL5864704,Cn1cc(-c2cc(C(=O)/N=c3\[nH]c4cc(C5CCN(C6CC6)CC5)ccc4n3CC(C)(C)O)ccn2)cn1,7314.15,0,2
CHEMBL6029813,Cn1cc(-c2cc(C(=O)/N=c3\[nH]c4ccccc4n3[C@H]3CC[C@@H](O)CC3)ccn2)cn1,19.0,1,4
CHEMBL5979912,CC(C)(O)Cn1/c(=N/C(=O)c2ccnc(-c3cccnc3)c2)[nH]c2cc(C3CCCOC3)ccc21,97.8,1,2
CHEMBL5865099,Cn1cc(-c2cc(C(=O)/N=c3\[nH]c4cc(C5CCCOC5)ccc4n3CC(C)(C)O)ccn2)cn1,94.1,1,3
CHEMBL5832255,COC(=O)Cc1ccc2c(c1)[nH]/c(=N\C(=O)c1ccnc(-c3cccnc3)c1)n2CC(C)(C)O,104.0,1,3
CHEMBL5891448,COC(=O)Cc1ccc2c(c1)[nH]/c(=N\C(=O)c1ccnc(-c3cnn(C)c3)c1)n2CC(C)(C)O,86.9,1,3
CHEMBL5787183,CC(C)(O)Cn1/c(=N/C(=O)c2ccnc(-c3cccnc3)c2)[nH]c2cc(CCO)ccc21,118.0,1,1
CHEMBL5788210,COc1ccccc1-c1cc(C(=O)/N=c2\[nH]c3cc(CN4CCOCC4)ccc3n2CC(C)(C)O)ccn1,33.15,1,2
CHEMBL6022600,CC(C)N1CCN(c2ccc3c(c2)[nH]/c(=N\C(=O)c2ccnc(-c4cccnc4)c2)n3CC(C)(C)O)CC1,217.0,1,1
CHEMBL5911542,COCCCNc1ccc2c(c1)[nH]/c(=N\C(=O)c1ccnc(-c3cccnc3)c1)n2CC(C)(C)O,10583.6,0,2
CHEMBL5742207,CC(C)(O)Cn1/c(=N/C(=O)c2ccnc(-c3cccn4cnnc34)c2)[nH]c2ccccc21,7385.05,0,2
CHEMBL5755984,CC(C)(O)Cn1/c(=N/C(=O)c2ccnc(-c3cnn4cccnc34)c2)[nH]c2ccccc21,3772.15,0,2
CHEMBL5786240,CN(C)Cc1cccc(-c2cc(C(=O)/N=c3\[nH]c4ccccc4n3CC(C)(C)O)ccn2)c1,113.35,1,4
CHEMBL5914292,COc1ccccc1-c1cc(C(=O)/N=c2\[nH]c3ccccc3n2CC(C)(C)O)ccn1,10.3,1,3
CHEMBL6007714,O=C(/N=c1\[nH]c2ccccc2n1[C@H]1CC[C@@H](O)CC1)c1ccnc(-c2ccccc2)c1,45.7,1,3
CHEMBL5790363,COc1ccccc1-c1cc(C(=O)/N=c2\[nH]c3ccccc3n2[C@H]2CC[C@@H](O)CC2)ccn1,14.8,1,4
CHEMBL5932830,COc1ccccc1-c1cc(C(=O)/N=c2\[nH]c3cc(C)ccc3n2[C@H]2CC[C@@H](O)CC2)ccn1,10.65,1,4
CHEMBL5984171,Cc1ccc2c(c1)[nH]/c(=N\C(=O)c1ccnc(-c3cnn4cccnc34)c1)n2[C@H]1CC[C@@H](O)CC1,2211.35,0,2
CHEMBL5810396,Cc1ccc2c(c1)[nH]/c(=N\C(=O)c1ccnc(-c3cccc(CN(C)C)c3)c1)n2[C@H]1CC[C@@H](O)CC1,3524.15,0,2
CHEMBL5861063,Cn1cc(-c2cc(C(=O)/N=c3\[nH]c4ccccc4n3[C@H]3CCC[C@@H](O)C3)ccn2)cn1,154.05,1,4
CHEMBL5954592,Cc1ccc2c(c1)[nH]/c(=N\C(=O)c1ccnc(-c3ccccc3)c1)n2[C@H]1CC[C@@H](O)CC1,34.8,1,1
CHEMBL6021978,CN(C)Cc1cccc(-c2cc(C(=O)/N=c3\[nH]c4ccccc4n3[C@H]3CC[C@@H](O)CC3)ccn2)c1,3336.3,0,2
CHEMBL5998385,O=C(/N=c1\[nH]c2ccccc2n1[C@H]1CC[C@@H](O)CC1)c1ccnc(-c2cnn3cccnc23)c1,1212.9,0,2
CHEMBL5843126,Cn1cc(-c2cc(C(=O)/N=c3\[nH]c4ccccc4n3[C@H]3CCC[C@H](O)C3)ccn2)cn1,52.4,1,4
CHEMBL5756022,COc1ccccc1-c1cc(C(=O)/N=c2\[nH]c3ccccc3n2[C@H]2CCC[C@@H](O)C2)ccn1,17.6,1,2
CHEMBL6020978,COc1ccccc1-c1cc(C(=O)/N=c2\[nH]c3ccccc3n2[C@H]2CCC[C@H](O)C2)ccn1,16.2,1,2
CHEMBL5894059,Cn1cc(-c2cc(C(=O)/N=c3\[nH]c4ccccc4n3[C@@H]3CCC[C@H](O)C3)ccn2)cn1,566.0,1,2
CHEMBL5750984,CC(C)(O)Cn1/c(=N/C(=O)c2ccnc(-c3cccnc3)c2)[nH]c2cc(CC(=O)N3CCCCC3)ccc21,178.0,1,1
CHEMBL6027769,Cn1cc(-c2cc(C(=O)/N=c3\[nH]c4cc(CN5CCOCC5)ccc4n3[C@H]3CC[C@@H](O)CC3)cc(F)n2)cn1,112.9,1,2
CHEMBL6043073,Cn1cc(-c2cc(C(=O)/N=c3\[nH]c4ccccc4n3[C@H]3CC[C@@H](O)CC3)cc(C#N)n2)cn1,16.2,1,6
CHEMBL5838821,O=C(/N=c1\[nH]c2ccccc2n1[C@H]1CC[C@@H](O)CC1)c1ccnc(-c2ccccc2F)c1,157.0,1,2
CHEMBL5985978,Cc1cc(C(=O)/N=c2\[nH]c3ccccc3n2[C@H]2CC[C@@H](O)CC2)cc(-c2cnn(C)c2)n1,52.95,1,4
CHEMBL5772876,COc1ccccc1-c1cc(C(=O)/N=c2\[nH]c3ccccc3n2[C@@H]2CC[C@H](O)[C@H](O)C2)ccn1,58.45,1,2
CHEMBL5749996,Cn1cc(-c2cc(C(=O)/N=c3\[nH]c4cc(CN5CCOCC5)ccc4n3[C@H]3CC[C@@H](O)CC3)cc(C#N)n2)cn1,199.35,1,2
CHEMBL5944318,Cn1cc(-c2cc(C(=O)/N=c3\[nH]c4ccccc4n3[C@H]3CC[C@@H](O)CC3)cc(Cl)n2)cn1,768.9,1,2
CHEMBL5998521,COc1ccccc1-c1cc(C(=O)/N=c2\[nH]c3cc(CN4CCOCC4)ccc3n2[C@H]2CCC[C@@H](O)C2)ccn1,40.55,1,2
CHEMBL6050361,COc1ccccc1-c1cc(C(=O)/N=c2\[nH]c3ccccc3n2[C@H]2CC[C@H](O)[C@H](O)C2)ccn1,78.25,1,2
CHEMBL5934422,O=C(/N=c1\[nH]c2ccccc2n1[C@H]1CC[C@@H](O)CC1)c1ccnc(-c2coc3cccnc23)c1,1580.15,0,2
CHEMBL5893107,COc1ccc(F)cc1-c1cc(C(=O)/N=c2\[nH]c3ccccc3n2[C@H]2CC[C@@H](O)CC2)ccn1,37.5,1,2
CHEMBL5969655,COc1ccccc1-c1cc(C(=O)/N=c2\[nH]c3cc(C4CCN(C(C)=O)C4)ccc3n2CC(C)(C)O)ccn1,28.9,1,2
CHEMBL5996878,Cc1cccc(-c2cc(C(=O)/N=c3\[nH]c4ccccc4n3[C@H]3CC[C@@H](O)CC3)ccn2)c1,103.7,1,2
CHEMBL5758879,COc1c(C)cccc1-c1cc(C(=O)/N=c2\[nH]c3ccccc3n2[C@H]2CC[C@@H](O)CC2)ccn1,596.6,1,2
CHEMBL5758176,O=C(/N=c1\[nH]c2ccccc2n1[C@H]1CC[C@@H](O)CC1)c1ccnc(-c2ccccc2OC(F)F)c1,60.2,1,2
CHEMBL5956362,COc1ccncc1-c1cc(C(=O)/N=c2\[nH]c3ccccc3n2[C@H]2CC[C@@H](O)CC2)cc(C#N)n1,499.8,1,2
CHEMBL5912587,Cn1cc(-c2cc(C(=O)/N=c3\[nH]c4ccccc4n3[C@H]3COC[C@H](O)C3)ccn2)cn1,639.0,1,2
CHEMBL5880562,COc1cc(F)ccc1-c1cc(C(=O)/N=c2\[nH]c3ccccc3n2[C@H]2CC[C@@H](O)CC2)ccn1,42.199999999999996,1,2
CHEMBL5934396,C#Cc1cc(C(=O)/N=c2\[nH]c3ccccc3n2[C@H]2CC[C@@H](O)CC2)cc(-c2cnn(C)c2)n1,1489.4,0,2
CHEMBL5759154,COc1c(F)cccc1-c1cc(C(=O)/N=c2\[nH]c3ccccc3n2[C@H]2CC[C@@H](O)CC2)ccn1,285.3,1,2
CHEMBL5785378,O=C(/N=c1\[nH]c2ccccc2n1[C@H]1CC[C@@H](O)CC1)c1ccnc(-c2ccncc2)c1,148.5,1,2
CHEMBL6017480,O=C(/N=c1\[nH]c2ccccc2n1[C@H]1CC[C@@H](O)CC1)c1ccnc(-c2cccn3ncnc23)c1,1814.4,0,2
CHEMBL5812562,O=C(/N=c1\[nH]c2ccccc2n1[C@H]1CC[C@@H](O)CC1)c1ccnc(-c2ccc(F)cc2F)c1,153.4,1,2
CHEMBL6057006,COc1ccccc1-c1cc(C(=O)/N=c2\[nH]c3cc(CN4CCOCC4)ccc3n2[C@H]2CCC[C@H](O)C2)ccn1,16.35,1,2
CHEMBL5870210,O=C(/N=c1\[nH]c2ccccc2n1[C@H]1CC[C@@H](O)CC1)c1ccnc(-c2cccnc2F)c1,489.1,1,2
CHEMBL5802290,Cn1cc(-c2cc(C(=O)/N=c3\[nH]c4cc(CCCO)ccc4n3CC(C)(C)O)ccn2)cn1,761.4,1,2
CHEMBL5918591,O=C(/N=c1\[nH]c2ccccc2n1[C@H]1CC[C@@H](O)CC1)c1ccnc(-c2cccc(F)c2)c1,1638.8,0,2
CHEMBL5887634,COc1ccccc1-c1cc(C(=O)/N=c2\[nH]c3cc(C4CCCN(C(C)=O)C4)ccc3n2CC(C)(C)O)ccn1,19.4,1,2
CHEMBL5872345,Cn1cc(-c2cc(C(=O)/N=c3\[nH]c4ccccc4n3[C@H]3COC[C@@H](O)C3)ccn2)cn1,833.7,1,2
CHEMBL5863443,COc1ccncc1-c1cc(C(=O)/N=c2\[nH]c3cc(CN4CCOCC4)ccc3n2[C@H]2CC[C@@H](O)CC2)cc(C#N)n1,702.0,1,2
CHEMBL5782254,Cc1cc(C(=O)/N=c2\[nH]c3cc(CN4CCOCC4)ccc3n2[C@H]2CC[C@@H](O)CC2)cc(-c2cnn(C)c2)n1,2507.85,0,2
CHEMBL5965573,COc1ccccc1-c1cc(C(=O)/N=c2\[nH]c3ccccc3n2[C@@H]2CC[C@H](O)[C@@H](O)C2)ccn1,42.4,1,2
CHEMBL5864012,Cn1cc(-c2cc(C(=O)/N=c3\[nH]c4cc(CC#N)ccc4n3CC(C)(C)O)ccn2)cn1,764.4,1,2
CHEMBL6025269,O=C(/N=c1\[nH]c2ccccc2n1[C@H]1CC[C@@H](O)CC1)c1ccnc(-c2cnn3c2OCC(F)(F)C3)c1,220.65,1,2
CHEMBL5800758,O=C(/N=c1\[nH]c2ccccc2n1[C@H]1CC[C@@H](O)CC1)c1ccnc(-c2cnn(C(F)F)c2)c1,116.1,1,2
CHEMBL5920247,CC(=O)N1CCC(c2ccc3c(c2)[nH]/c(=N\C(=O)c2cc(C#N)nc(-c4cnn(C)c4)c2)n3[C@H]2CC[C@@H](O)CC2)CC1,86.95,1,2
CHEMBL6057405,Cn1ncc(-c2cc(C(=O)/N=c3\[nH]c4ccccc4n3[C@H]3CC[C@@H](O)CC3)ccn2)c1Cl,90.0,1,2
CHEMBL5745328,Cc1cc(C(=O)/N=c2\[nH]c3ccccc3n2[C@H]2CCC[C@H](O)C2)cc(-c2cnn(C)c2)n1,4656.6,0,2
CHEMBL6001037,CC(=O)N1CCC(c2ccc3c(c2)[nH]/c(=N\C(=O)c2cc(C)nc(-c4cnn(C)c4)c2)n3[C@H]2CC[C@@H](O)CC2)CC1,743.3,1,2
CHEMBL5882437,Cc1cc(C(=O)/N=c2\[nH]c3ccccc3n2[C@@H]2C[C@H](O)C[C@H](O)C2)cc(-c2cnn(C)c2)n1,6451.85,0,2
CHEMBL5770970,Cn1cc(-c2cc(C(=O)/N=c3\[nH]c4ccccc4n3[C@H]3C[C@H](O)C[C@H](O)C3)ccn2)cn1,271.0,1,2
CHEMBL5796638,Cc1cc(C(=O)/N=c2\[nH]c3cc(CN4CCN(C)CC4)ccc3n2[C@H]2CCC[C@H](O)C2)cc(-c2cnn(C)c2)n1,3740.2,0,2
CHEMBL6028850,Cc1cc(C(=O)/N=c2\[nH]c3cc(CN4CCOCC4)ccc3n2[C@H]2CCC[C@H](O)C2)cc(-c2cnn(C)c2)n1,2903.55,0,2
CHEMBL5905751,Cn1cc(-c2cc(C(=O)/N=c3\[nH]c4ccccc4n3[C@H]3CCC[C@H](O)C3)cc(C#N)n2)cn1,334.15,1,2
CHEMBL5832595,Cn1cc(-c2cc(C(=O)/N=c3\[nH]c4ccccc4n3[C@H]3CC[C@@H](O)CC3)cc(N)n2)cn1,124.65,1,2
CHEMBL6060232,Cn1cc(-c2cc(C(=O)/N=c3\[nH]c4ccccc4n3C3CCCS(=O)(=O)C3)ccn2)cn1,160.25,1,2
CHEMBL5821463,Cc1cc(C(=O)/N=c2\[nH]c3ccc(CN4CCOCC4)cc3n2CC(C)(C)O)cc(-c2cnn(C)c2)n1,54.1,1,1
CHEMBL5849722,Cc1cc(C(=O)/N=c2\[nH]c3ccc(CN4CCN(C)CC4)cc3n2CC(C)(C)O)cc(-c2cnn(C)c2)n1,4834.05,0,2
CHEMBL5828469,CNc1cc(C(=O)/N=c2\[nH]c3ccccc3n2[C@H]2CC[C@@H](O)CC2)cc(-c2cnn(C)c2)n1,4192.45,0,2
CHEMBL5870000,Cn1cc(-c2cc(C(=O)/N=c3\[nH]c4ccccc4n3[C@H]3CC[C@@H](O)CC3)cc(CF)n2)cn1,1341.05,0,2
CHEMBL5740342,Cc1cc(C(=O)/N=c2\[nH]c3ccccc3n2C2CCCS(=O)(=O)C2)cc(-c2cnn(C)c2)n1,33.0,1,1
CHEMBL5755058,CC(=O)N1CCC(c2ccc3c(c2)[nH]/c(=N\C(=O)c2ccnc(-c4cnn(C)c4)c2)n3[C@H]2CC[C@@H](O)CC2)CC1,0.4,1,3
CHEMBL5847689,Cn1cc(-c2cc(C(=O)/N=c3\[nH]c4ccccc4n3C3CCC[S+]([O-])C3)ccn2)cn1,32.7,1,3
CHEMBL5948958,Cc1cc(C(=O)/N=c2\[nH]c3ccc(CN4CCOCC4)cc3n2C2CCCCC2)cc(-c2cnn(C)c2)n1,2.0,1,3
CHEMBL6023158,Cc1cc(C(=O)/N=c2\[nH]c3ccc(CN4CCN(C)CC4)cc3n2[C@H]2CC[C@@H](O)CC2)cc(-c2cnn(C)c2)n1,0.6,1,3
CHEMBL5828125,Cc1cc(C(=O)/N=c2\[nH]c3ccc(CN4CCOCC4)cc3n2[C@H]2CC[C@@H](O)CC2)cc(-c2cnn(C)c2)n1,1.8,1,3
CHEMBL5993712,Cc1cc(C(=O)/N=c2\[nH]c3ccc(CN4CCN(C)CC4)cc3n2C2CCCCC2)cc(-c2cnn(C)c2)n1,0.5,1,3
CHEMBL5969707,Cc1cc(C(=O)/N=c2\[nH]c3ccc(C4CCN(C)CC4)cc3n2[C@H]2CC[C@@H](O)CC2)cc(-c2cnn(C)c2)n1,0.4,1,3
CHEMBL5986062,C=CC(=O)Nc1cccc(Nc2nc(Nc3ccc(OCCOC)cc3)c3c(c2F)C(C)NC3=O)c1,9267.0,0,1
CHEMBL5976557,C=CC(=O)Nc1cccc(Nc2nc3c(c(Nc4ccc(OCCOC)cc4)n2)C(=O)NC3)c1,4688.0,0,1
CHEMBL5743153,C=CC(=O)Nc1cccc(Nn2cc3c(c2F)NCC(=O)C3Nc2ccc(N3CCN(CC(C)O)CC3)cc2)c1,3000.0,0,1
CHEMBL6062321,C=CC(=O)Nc1cccc(Nc2nc(Nc3ccc(OCCOC)cc3)c3c(c2F)C(C)(C)NC3=O)c1,7854.0,0,1
CHEMBL5857086,C=CC(=O)Nc1cccc(Nc2nc3c(c(Nc4ccccc4)n2)C(=O)NC3)c1,2997.0,0,1
CHEMBL5900120,C=CC(=O)Nc1cccc(Nc2nc3c(c(Nc4cnn(C5CCOCC5)c4)n2)C(=O)NC3)c1,6989.0,0,1
CHEMBL5937225,C=CC(=O)Nc1cccc(Nc2nc3c(c(Nc4cnn(C)c4)n2)C(=O)NC3)c1,6420.0,0,1
CHEMBL5774147,C=CC(=O)Nc1cccc(Nc2nc3c(c(Nc4cnn(CC(C)(C)O)c4)n2)C(=O)NC3)c1,5029.0,0,1
CHEMBL6055068,C=CC(=O)Nc1cccc(Nc2nc3c(c(Oc4ccc(OCCOC)cc4)n2)C(=O)NC3)c1,1532.0,0,1
CHEMBL5835212,C=CC(=O)Nc1cccc(Nc2nc3c(c(Nc4cnn(C5CC5)c4)n2)C(=O)NC3)c1,3076.0,0,1
CHEMBL6017936,C=CC(=O)Nc1cccc(Nc2nc3c(c(Nc4cnn(CCOC)c4)n2)C(=O)NC3)c1,2689.0,0,1
CHEMBL5756516,C=CC(=O)Nc1cccc(Nc2nc3c(c(Nc4ccc(N5CCOCC5)cc4)n2)C(=O)NC3)c1,4265.0,0,1
CHEMBL5993827,C=CC(=O)Nc1cccc(Nc2nc3c(c(Nc4ccc(N5CCN(C6COC6)C[C@H]5C)cc4)n2)C(=O)NC3)c1,5679.0,0,1
CHEMBL5962278,COc1cc(C2CCNCC2)c(C)cc1Nc1ncc(Cl)c(Nc2ccccc2NS(C)(=O)=O)n1,12.0,1,4
CHEMBL5952457,COc1cc(C2CCNCC2)ccc1Nc1ncc(Br)c(Nc2ccccc2NS(C)(=O)=O)n1,11.5,1,4
CHEMBL6025577,COc1cc(C2CCNCC2)ccc1Nc1ncc(OC)c(Nc2ccccc2NS(C)(=O)=O)n1,720.0,1,1
CHEMBL5959742,COc1cc(C2CCNCC2)ccc1Nc1ncc(C(F)(F)F)c(Nc2ccccc2NS(C)(=O)=O)n1,23.5,1,4
CHEMBL5901475,COc1cc(C2CCNCC2)ccc1Nc1ncc(Cl)c(Nc2ccccc2NS(N)(=O)=O)n1,18.5,1,4
CHEMBL5953169,COc1cc(C2CCNCC2)ccc1Nc1ncc(Br)c(Nc2ccccc2NS(N)(=O)=O)n1,38.0,1,3
CHEMBL6061692,COc1cc(C2CCNCC2)ccc1Nc1ncc(C)c(Nc2ccccc2NS(C)(=O)=O)n1,360.0,1,1
CHEMBL5874088,COc1cc(C2CCNCC2)ccc1Nc1nccc(Nc2ccccc2NS(C)(=O)=O)n1,93.0,1,1
CHEMBL5842694,COc1cc(N2CCC(N(C)C)CC2)ccc1Nc1ncc(Cl)c(Nc2ccccc2NS(C)(=O)=O)n1,6.9,1,4
CHEMBL5956969,COc1cc(C2CCN(C)CC2)ccc1Nc1ncc(Cl)c(Nc2ccccc2NS(C)(=O)=O)n1,76.0,1,4
CHEMBL5982869,COc1cc(C2CCN(CCO)CC2)ccc1Nc1ncc(Cl)c(Nc2ccccc2NS(C)(=O)=O)n1,141.5,1,4
CHEMBL5796454,COc1cc(C2CCN(C3CCN(CCO)CC3)CC2)ccc1Nc1ncc(Cl)c(Nc2ccccc2NS(C)(=O)=O)n1,64.5,1,4
CHEMBL5844317,COc1cc(C2CCN(C(C)=O)CC2)ccc1Nc1ncc(Cl)c(Nc2ccccc2NS(C)(=O)=O)n1,330.0,1,1
CHEMBL5801199,COc1cc(C2CCN(C3CCNCC3)CC2)ccc1Nc1ncc(Cl)c(Nc2ccccc2NS(C)(=O)=O)n1,192.0,1,4
CHEMBL5888007,COc1cc(C2CCN(C3CCN(C)CC3)CC2)ccc1Nc1ncc(Cl)c(Nc2ccccc2NS(C)(=O)=O)n1,45.0,1,4
CHEMBL5973569,COc1cc(C2CCN(C3CCN(C(C)=O)CC3)CC2)ccc1Nc1ncc(Cl)c(Nc2ccccc2NS(C)(=O)=O)n1,61.0,1,4
CHEMBL5876051,COc1cc(N2CCC(N3CCN(C(C)=O)CC3)CC2)ccc1Nc1ncc(Cl)c(Nc2ccccc2NS(C)(=O)=O)n1,55.5,1,4
CHEMBL6046040,COc1cc(N2CCC(N3CCN(C(=O)OC(C)(C)C)CC3)CC2)ccc1Nc1ncc(Cl)c(Nc2ccccc2NS(C)(=O)=O)n1,300.0,1,1
CHEMBL5996490,COc1cc(N2CCC(N3CCNCC3)CC2)ccc1Nc1ncc(Cl)c(Nc2ccccc2NS(C)(=O)=O)n1,9.5,1,4
CHEMBL5973020,COc1cc(N2CCNCC2)ccc1Nc1ncc(Cl)c(Nc2ccccc2NS(C)(=O)=O)n1,30.5,1,4
CHEMBL5805552,COc1cc(N2CCN(C3CCN(C(C)=O)CC3)CC2)ccc1Nc1ncc(Cl)c(Nc2ccccc2NS(C)(=O)=O)n1,38.0,1,4
CHEMBL5975224,COc1cc(N2CCN(C3CCN(C)CC3)CC2)ccc1Nc1ncc(Cl)c(Nc2ccccc2NS(C)(=O)=O)n1,13.5,1,4
CHEMBL5799859,COc1cc(N2CCN(C3CCN(C(=O)OC(C)(C)C)CC3)CC2)ccc1Nc1ncc(Cl)c(Nc2ccccc2NS(C)(=O)=O)n1,110.0,1,1
CHEMBL5909563,COc1cc(N2CCN(C3CCNCC3)CC2)ccc1Nc1ncc(Cl)c(Nc2ccccc2NS(C)(=O)=O)n1,11.0,1,4
CHEMBL6009993,COc1cc(N2CCN(C)CC2)ccc1Nc1ncc(Cl)c(Nc2ccccc2NS(C)(=O)=O)n1,18.0,1,4
CHEMBL5933567,COc1cc(N2CCNCC2)ccc1Nc1ncc(Cl)c(Nc2ccccc2NS(N)(=O)=O)n1,6.0,1,4
CHEMBL5758432,COc1cc(N2CCNCC2)ccc1Nc1ncc(Br)c(Nc2ccccc2NS(N)(=O)=O)n1,29.0,1,4
CHEMBL6009556,COc1cc(N2CCNCC2)ccc1Nc1ncc(C(F)(F)F)c(Nc2ccccc2NS(C)(=O)=O)n1,32.5,1,4
CHEMBL4303382,COc1cc(N2CCOCC2)ccc1Nc1ncc(Cl)c(Nc2ccccc2NS(C)(=O)=O)n1,87.0,1,4
CHEMBL5972461,COc1cc(N2CCC(N3CCCC3)CC2)ccc1Nc1ncc(Cl)c(Nc2ccccc2NS(C)(=O)=O)n1,8.3,1,3
CHEMBL5917624,COc1cc(N2CCC(N(C)C)CC2)ccc1Nc1ncc(Cl)c(Nc2ccccc2NS(N)(=O)=O)n1,0.3,1,1
CHEMBL5953740,COc1cc(N2CCC(N)CC2)ccc1Nc1ncc(Cl)c(Nc2ccccc2NS(C)(=O)=O)n1,0.5,1,1
CHEMBL6014342,COc1cc(N2CCC(NC(C)=O)CC2)ccc1Nc1ncc(Cl)c(Nc2ccccc2NS(C)(=O)=O)n1,0.3,1,1
CHEMBL5864399,CNC1CCN(c2ccc(Nc3ncc(Cl)c(Nc4ccccc4NS(C)(=O)=O)n3)c(OC)c2)CC1,0.4,1,1
CHEMBL5887896,COc1cc(N2CCC(NCCO)CC2)ccc1Nc1ncc(Cl)c(Nc2ccccc2NS(C)(=O)=O)n1,0.2,1,1
CHEMBL5745490,COCCNC1CCN(c2ccc(Nc3ncc(Cl)c(Nc4ccccc4NS(C)(=O)=O)n3)c(OC)c2)CC1,0.3,1,1
CHEMBL5846820,COc1cc(N2CCC(NCCN(C)C)CC2)ccc1Nc1ncc(Cl)c(Nc2ccccc2NS(C)(=O)=O)n1,0.6,1,1
CHEMBL5920948,CN1CCN(CCNc2nccc(-c3c(-c4cccc(O)c4)nc4occn34)n2)S1(=O)=O,2.95,1,1
CHEMBL5584052,CCN1CCN(CCNc2nccc(-c3c(-c4cccc(O)c4)nc4occn34)n2)S1(=O)=O,0.75,1,1
CHEMBL5993587,CCN1CCN(CCNc2nccc(-c3c(-c4ccc(F)c(O)c4)nc4sccn34)n2)S1(=O)=O,7.83,1,1
CHEMBL5878812,COc1cc(-c2nc3sccn3c2-c2ccnc(NCCCNS(=O)(=O)c3ccc(F)cc3)n2)ccc1F,13.8,1,1
CHEMBL5754849,Nc1cc(-c2nc3sccn3c2-c2ccnc(NCCCNS(=O)(=O)c3ccc(F)cc3)n2)ccc1F,5.41,1,1
CHEMBL1880739,O=C1Nc2ccc(I)cc2C1=Cc1cc(Br)c(O)c(Br)c1,2.58,1,1
CHEMBL1229517,CCCS(=O)(=O)Nc1ccc(F)c(C(=O)c2c[nH]c3ncc(-c4ccc(Cl)cc4)cc23)c1F,48.0,1,1
CHEMBL6047706,COCCOc1cnccc1-c1[nH]c2c(c1Nc1ccccc1)C(=O)NCC2,3.3245,1,2
CHEMBL5922838,CC(C)(C)CCOc1cnccc1-c1[nH]c2c(c1Nc1cccc(F)c1)C(=O)NCC2,15.195,1,2
CHEMBL5956184,O=C1NCCc2[nH]c(-c3ccncc3OCc3ccccc3)c(Nc3cccc(F)c3)c21,3.565,1,2
CHEMBL5883280,CC(C)(O)COc1cnccc1-c1[nH]c2c(c1Nc1cccc(F)c1)C(=O)NCC2,0.131,1,1
CHEMBL5831458,CN(C)CCOc1cnccc1-c1[nH]c2c(c1Nc1cccc(F)c1)C(=O)NCC2,2.9349999999999996,1,2
CHEMBL5740720,COC(C)(C)COc1cnccc1-c1[nH]c2c(c1Nc1cccc(F)c1)C(=O)NCC2,0.212,1,1
CHEMBL5855803,CC(C)(COc1cnccc1-c1[nH]c2c(c1Nc1cccc(F)c1)C(=O)NCC2)N1CCOCC1,0.718,1,1
CHEMBL5825778,CN1CCC[C@H]1COc1cnccc1-c1[nH]c2c(c1Nc1cccc(F)c1)C(=O)NCC2,0.31,1,1
CHEMBL6042815,COCCOc1cnccc1-c1[nH]c2c(c1Nc1cc(F)cc(F)c1)C(=O)NCC2,6.15,1,1
CHEMBL5950803,COCCOc1cnccc1-c1[nH]c2c(c1Nc1ccccc1OC(F)F)C(=O)NCC2,2.235,1,2
CHEMBL5962943,COCCOc1cnccc1-c1[nH]c2c(c1Nc1cccc(F)c1Br)C(=O)NCC2,0.152,1,2
CHEMBL6043071,COCCOc1cnccc1-c1[nH]c2c(c1Nc1ccccc1OC)C(=O)NCC2,21.655,1,2
CHEMBL5790724,COCCOc1cnccc1-c1[nH]c2c(c1Nc1ccccc1OC(F)(F)F)C(=O)NCC2,13.28,1,2
CHEMBL5808781,COCCOc1cnccc1-c1[nH]c2c(c1Nc1ccccc1CC(F)F)C(=O)NCC2,0.9145000000000001,1,2
CHEMBL5951245,COCCOc1cnccc1-c1[nH]c2c(c1Nc1cccc(F)c1OC)C(=O)NCC2,0.175,1,2
CHEMBL5405163,COc1c(F)cccc1Nc1c(-c2ccncc2OCC(C)(C)OC)[nH]c2c1C(=O)NCC2,0.145,1,2
CHEMBL5874668,COCCOc1cnccc1-c1[nH]c2c(c1Nc1cccc(F)c1OC(F)F)C(=O)NCC2,0.21,1,2
CHEMBL5743634,COC(C)(C)COc1cnccc1-c1[nH]c2c(c1Nc1cccc(F)c1OC(F)F)C(=O)NCC2,0.197,1,2
CHEMBL6041040,COCCOc1cnccc1-c1[nH]c2c(c1Nc1cccc(F)c1C)C(=O)NCC2,0.2355,1,2
CHEMBL5774126,COC(C)(C)COc1cnccc1-c1[nH]c2c(c1Nc1cccc(F)c1C)C(=O)NCC2,0.1755,1,2
CHEMBL5990479,COCCOc1cnccc1-c1[nH]c2c(c1Nc1cccc(F)c1CC(F)F)C(=O)NCC2,0.2425,1,2
CHEMBL5778626,COC(C)(C)COc1cnccc1-c1[nH]c2c(c1Nc1cccc(F)c1CC(F)F)C(=O)NCC2,0.3005,1,2
CHEMBL5903083,COC(C)(C)COc1cnccc1-c1[nH]c2c(c1Nc1cccc(F)c1O)C(=O)NCC2,0.5875,1,2
CHEMBL5808896,CCOc1c(F)cccc1Nc1c(-c2ccncc2OCCOC)[nH]c2c1C(=O)NCC2,15.195,1,2
CHEMBL5867406,CCOc1c(F)cccc1Nc1c(-c2ccncc2OCC(C)(C)OC)[nH]c2c1C(=O)NCC2,0.6054999999999999,1,2
CHEMBL5770549,COC(C)(C)COc1cnccc1-c1[nH]c2c(c1Nc1cccc(F)c1OCC(F)F)C(=O)NCC2,4.615,1,2
CHEMBL6029655,COCCOc1cnccc1-c1[nH]c2c(c1Nc1ccc(F)c(F)c1OC)C(=O)NCC2,13.818999999999999,1,2
CHEMBL5798664,COc1c(Nc2c(-c3ccncc3OCC(C)(C)OC)[nH]c3c2C(=O)NCC3)ccc(F)c1F,3.1630000000000003,1,2
CHEMBL5798855,COCCOc1cnccc1-c1[nH]c2c(c1Nc1cc(F)cc(F)c1OC)C(=O)NCC2,0.153,1,2
CHEMBL5942124,COc1c(F)cc(F)cc1Nc1c(-c2ccncc2OCC(C)(C)OC)[nH]c2c1C(=O)NCC2,0.13,1,2
CHEMBL5892735,C=CC(=O)N(C)Cc1ccc(Oc2nc(Nc3cccc(OCCN4CCCC4=O)c3)ncc2F)cc1,1050.0,0,1
CHEMBL5856988,C=CC(=O)Nc1cccc(Oc2nc(Nc3cc(OC)c(OC)c(OC)c3)ncc2F)c1,1050.0,0,1
CHEMBL5815780,C=CC(=O)N1CCOc2ccc(Nc3ncc(F)c(Nc4cccc(Cl)c4)n3)cc21,1050.0,0,1
CHEMBL5750713,C=CC(=O)Nc1cccc(Nc2nc(Nc3cccc(OCCCN4CCCC4=O)c3)ncc2F)c1,550.0,1,1
CHEMBL5886676,C=CC(=O)Nc1cccc(Nc2nc(Nc3ccc(OC)nc3)ncc2C(=O)NC(C)(C)C)c1,1050.0,0,1
CHEMBL5935248,C=CC(=O)N1CCC[C@@H](Nc2nc(Nc3ccc(OC4CCOC4)cc3)ncc2F)C1,550.0,1,1
CHEMBL5910943,C/C=C/C(=O)Nc1cccc(Nc2nc(Nc3ccc(Cl)c(OCCOC)c3)ncc2F)c1,1050.0,0,1
CHEMBL5968479,C=CC(=O)N1CCC(Oc2cc3c(Nc4ccc(Cl)cc4Cl)ncnc3cc2OC)CC1,150.0,1,7
CHEMBL5983357,C=CC(=O)N1CC(Oc2cc3c(Nc4ccc(Cl)cc4Cl)ncnc3cn2)C1,2300.0,0,7
CHEMBL5966767,C=CC(=O)N1CC(OC2=CC3C(Nc4ccc(Cl)c(Cl)c4)=NC=NC3C=C2OC)C1,2.4,1,7
CHEMBL5870500,C=CC(=O)N1CCC(OC2=CC3C(Nc4ccc(Cl)c(Cl)c4F)=C(C#N)C=NC3C=C2OC)CC1,8.6,1,6
CHEMBL5786389,C=CC(=O)N1CC(Oc2cc3c(Nc4ccc(Cl)cc4Cl)ncnc3cc2OC)C1,40.0,1,7
CHEMBL6031696,C=CC(=O)N1CC(Oc2ccc3ncnc(Nc4ccc(Cl)c(Cl)c4)c3n2)C1,170.0,1,6
CHEMBL6048885,C=CC(=O)N1CCC(Oc2cc3c(Nc4ccc(Cl)c(-c5cnco5)c4)c(C#N)cnc3cc2OC)CC1,850.0,1,5
CHEMBL5968807,C=CC(=O)N1CCC(Oc2cc3c(Nc4cccc(CO)c4)c(C#N)cnc3cc2OC)CC1,2600.0,0,5
CHEMBL6032261,C=CC(=O)N1CCC(Oc2cc3c(Nc4ccc(Br)c(Cl)c4)c(C#N)cnc3cc2OC)CC1,17.5,1,6
CHEMBL5863638,C=CC(=O)N1CCC(Oc2cc3c(Nc4ccc(Cl)c(CO)c4)c(C#N)cnc3cc2OC)CC1,250.0,1,5
CHEMBL5970341,C=CC(=O)N1CCC(Oc2cc3c(Nc4cccc(-c5cnco5)c4)c(C#N)cnc3cc2OC)CC1,400.0,1,5
CHEMBL5773834,C=CC(=O)N1CCC(Oc2cc3c(Nc4ccc(OC(F)(F)F)c(Cl)c4)c(C#N)cnc3cc2OC)CC1,95.0,1,3
CHEMBL5983716,C=CC(=O)N1CCC(Oc2cc3c(Nc4cccc(C5CC5)c4)c(C#N)cnc3cc2OC)CC1,1700.0,0,6
CHEMBL5855579,C=CC(=O)N1CCC(Oc2cc3c(Nc4ccc(C(F)(F)F)cc4)c(C#N)cnc3cc2OC)CC1,12770.0,0,2
CHEMBL5907728,C=CC(=O)N1CCC(Oc2cc3c(Nc4cccc5cnn(C)c45)c(C#N)cnc3cc2OC)CC1,2600.0,0,5
CHEMBL5888829,C=CC(=O)N1CCC(Oc2cc3c(Nc4cccc(CO)c4)ncnc3cc2OC)CC1,8900.0,0,6
CHEMBL5819312,C=CC(=O)N1CCC(Oc2cc3c(Nc4ccc(Cl)c(-c5cnco5)c4)ncnc3cc2OC)CC1,705.0,1,6
CHEMBL5981483,C=CC(=O)N1CCC(Oc2cc3c(Nc4ccc(OC(F)(F)F)c(Cl)c4)ncnc3cc2OC)CC1,200.0,1,6
CHEMBL5939422,C=CC(=O)N1CCC(Oc2cc3c(Nc4ccc(Br)c(Cl)c4)ncnc3cc2OC)C1,63.0,1,6
CHEMBL3896969,C=CC(=O)N1CCC(Oc2cc3c(Nc4ccc(Cl)c(Cl)c4)ncnc3cc2OC)CC1,10.0,1,6
CHEMBL5840233,C=CC(=O)N1CCC(Oc2cc3c(Nc4cccc5cnn(C)c45)ncnc3cc2OC)CC1,16000.0,0,3
CHEMBL5926423,C=CC(=O)N1CC(Oc2cc3c(Nc4cccc(-c5cnco5)c4)ncnc3cc2OC)C1,360.0,1,6
CHEMBL5976949,C=CC(=O)N1CCC(Oc2cc3c(Nc4cccc(C5CC5)c4)ncnc3cc2OC)CC1,550.0,1,6
CHEMBL6008669,C=CC(=O)N1CCC(Oc2cc3c(Nc4cccc(-c5cnco5)c4)ncnc3cc2OC)CC1,570.0,1,6
CHEMBL5847747,C=CC(=O)N1CC(Oc2cc3c(Nc4ccc(Br)c(Cl)c4)ncnc3cc2OC)C1,20.0,1,6
CHEMBL5875860,C=CC(=O)N1CC(Oc2cc3c(Nc4cccc(C5CC5)c4)ncnc3cc2OC)C1,91.0,1,6
CHEMBL5924448,C=CC(=O)N1CCC(Oc2cc3c(Nc4ccc(Cl)c(Cl)c4F)ncnc3cc2OC)C1,13.0,1,6
CHEMBL6017130,C=CC(=O)N1CCC(Oc2cc3c(Nc4cccc(CO)c4)ncnc3cc2OC)C1,11750.0,0,2
CHEMBL5961562,C=CC(=O)N1CCC(Oc2cc3c(Nc4ccc(Cl)c(CO)c4)ncnc3cc2OC)CC1,775.0,1,6
CHEMBL5773557,C=CC(=O)N1CC(Oc2cc3c(Nc4ccc(C(F)(F)F)cc4)ncnc3cc2OC)C1,175.0,1,6
CHEMBL3958631,C=CC(=O)N1CCC(Oc2cc3c(Nc4ccc(Br)c(Cl)c4)ncnc3cc2OC)CC1,21.0,1,6
CHEMBL5949373,C=CC(=O)N1CCC(Oc2cc3c(Nc4ccc(OC(F)(F)F)c(Cl)c4)ncnc3cc2OC)C1,840.0,1,6
CHEMBL5968961,C=CC(=O)N1CCC(Oc2cc3c(Nc4ccccc4)ncnc3cc2OC)CC1,430.0,1,6
CHEMBL5829626,C=CC(=O)N1CCC(Oc2cc3c(Nc4ccc(Cl)cc4Cl)ncnc3cc2OC)C1,520.0,1,6
CHEMBL5799106,C=CC(=O)N1CC(Oc2cc3c(Nc4ccccc4)ncnc3cc2OC)C1,30.0,1,6
CHEMBL5968968,C=CC(=O)N1CC(Oc2cc3c(Nc4ccc(OC(F)(F)F)c(Cl)c4)ncnc3cc2OC)C1,190.0,1,6
CHEMBL5741413,C=CC(=O)N1CCC(Oc2cc3c(Nc4cccc(C5CC5)c4)ncnc3cc2OC)C1,1300.0,0,6
CHEMBL5907345,C=CC(=O)N1CCC(Oc2cc3c(Nc4ccc(C(F)(F)F)cc4)ncnc3cc2OC)C1,1020.0,0,2
CHEMBL6011290,C=CC(=O)N1CCC(Oc2cc3c(Nc4ccc(Cl)c(-c5cnco5)c4)ncnc3cc2OC)C1,645.0,1,6
CHEMBL5864179,C=CC(=O)N1CCC(Oc2cc3c(Nc4ccc(Cl)c(Cl)c4)ncnc3cc2OC)C1,26.0,1,6
CHEMBL6064016,C=CC(=O)N1CCC(Oc2cc3c(Nc4cccc(-c5cnco5)c4)ncnc3cc2OC)C1,515.0,1,6
CHEMBL5919894,C=CC(=O)N1CCC(Oc2cc3c(Nc4ccccc4)ncnc3cc2OC)C1,445.0,1,6
CHEMBL5746601,C=CC(=O)N1CC(Oc2cc3c(Nc4ccc(Cl)c(-c5cnco5)c4)ncnc3cc2OC)C1,160.0,1,6
CHEMBL6033841,C=CC(=O)N1CCC(Oc2cc3c(Nc4ccc(C(F)(F)F)cc4)ncnc3cc2OC)CC1,1015.0,0,6
CHEMBL5901984,C=CC(=O)N1CC(Oc2cc3c(Nc4cccc5cnn(C)c45)ncnc3cc2OC)C1,15650.0,0,4
CHEMBL6005198,C=CC(=O)N1CC(Oc2cc3c(Nc4ccc(Cl)c(CO)c4)ncnc3cc2OC)C1,395.0,1,6
CHEMBL6030968,C=CC(=O)N1CCC(Oc2cc3c(Nc4ccc(Cl)c(CO)c4)ncnc3cc2OC)C1,825.0,1,6
CHEMBL5915453,C=CC(=O)N1CCC(Oc2cc3c(Nc4cccc5cnn(C)c45)ncnc3cc2OC)C1,3900.0,0,3
CHEMBL5977597,C=CC(=O)N1CC(Oc2cc3c(Nc4cccc(CO)c4)ncnc3cc2OC)C1,4900.0,0,6
CHEMBL5875009,C=CC(=O)N1CCC(Oc2cc3c(Nc4cccc5cnn(C)c45)ncnc3cn2)C1,20500.0,0,2
CHEMBL5863176,C=CC(=O)N1CCC(Oc2cc3c(Nc4cccc5cnn(C)c45)ncnc3cn2)CC1,29000.0,0,3
CHEMBL5818193,C=CC(=O)N1CC(Oc2cc3c(Nc4cccc5cnn(C)c45)ncnc3cn2)C1,13500.0,0,4
CHEMBL5990895,C=CC(=O)N1CC(Oc2cc3c(Nc4ccc(Cl)c(C5CC5)c4)ncnc3cn2)C1,5400.0,0,5
CHEMBL5888426,C=CC(=O)N1CCC(Oc2cc3c(Nc4ccc(Cl)cc4Cl)ncnc3cn2)C1,4510.0,0,2
CHEMBL5846553,C=CC(=O)N1CCC(Oc2cc3c(Nc4ccc(Cl)cc4Cl)ncnc3cn2)CC1,8700.0,0,4
CHEMBL5792678,C=CC(=O)N1CC(Oc2ccc3ncnc(Nc4ccc(Br)c(Cl)c4)c3n2)C1,555.0,1,6
CHEMBL5767132,COc1cc(N2CCC3(CCN(C)CC3)CC2)c(Cl)cc1Nc1ncc(Cl)c(Nc2ccc3sccc3c2P(C)(C)=O)n1,2.64,1,1
CHEMBL5928819,COc1cc(N2CCC3(CC2)CN(C)C3)c(C)cc1Nc1ncc(Cl)c(Nc2ccc3sccc3c2P(C)(C)=O)n1,0.613,1,1
CHEMBL5986535,COc1cc(N2CCC3(CC2)CN(C)C3)ccc1Nc1ncc(Cl)c(Nc2ccc3ccccc3c2P(C)(C)=O)n1,1.63,1,1
CHEMBL5815244,COc1cc(N2CCC(N3CCN(C)CC3)CC2)ccc1Nc1ncc(Cl)c(Nc2ccc3ccccc3c2P(C)(C)=O)n1,2.54,1,1
CHEMBL6043358,COc1cc(N2CCC3(CC2)CN(C)C3)c(C)cc1Nc1ncc(Cl)c(Nc2ccc3nccnc3c2P(C)(C)=O)n1,0.792,1,1
CHEMBL5860281,COc1cc(N2CCC3(CC2)CN(C)C3)c(C)cc1Nc1ncc(Cl)c(Nc2ccc3ccccc3c2P(C)(C)=O)n1,0.485,1,1
CHEMBL6011218,COc1cc(N2CCC3(CC2)CN(C)C3)c(C)cc1Nc1ncc(Cl)c(Nc2ccc3cnn(C)c3c2P(C)(C)=O)n1,5.79,1,1
CHEMBL5831921,COc1cc(N2CCC3(CC2)CN(C)C3)c(C)cc1Nc1ncc(Cl)c(Nc2ccc3c(c2P(C)(C)=O)CCC3)n1,0.491,1,1
CHEMBL5999274,COc1cc(N2CCC3(CC2)CN(C)C3)c(C)cc1Nc1ncc(OC(=O)N(C)C)c(Nc2ccc3ccccc3c2P(C)(C)=O)n1,856.0,1,1
CHEMBL5833522,COc1ccc(OCCNCc2cnccn2)cc1Nc1ncc(Cl)c(Nc2ccc3ccccc3c2P(C)(C)=O)n1,25.3,1,1
CHEMBL5777319,COc1ccc(OCCNCc2cccnc2)cc1Nc1ncc(Cl)c(Nc2ccc3ccccc3c2P(C)(C)=O)n1,12.9,1,1
CHEMBL5952451,COc1cc(N2CCC3(CC2)CN(CC(F)(F)F)C3)c(C)cc1Nc1ncc(Cl)c(Nc2ccc3ccccc3c2P(C)(C)=O)n1,30.6,1,1
CHEMBL5811442,COc1cc(N2CCC3(CC2)CN(C)C3)c(C)cc1Nc1ncc(Br)c(Nc2ccc3ccccc3c2P(C)(C)=O)n1,0.052,1,1
CHEMBL5947282,COc1cc(N2CCC3(CC2)CN(C)C3)c(C)cc1Nc1ncc(C2CC2)c(Nc2ccc3ccccc3c2P(C)(C)=O)n1,1.79,1,1
CHEMBL6058695,COc1cc(N2CCC3(CC2)CN(C)C3)c(C)cc1Nc1ncc(C#N)c(Nc2ccc3ccccc3c2P(C)(C)=O)n1,0.679,1,1
CHEMBL5779580,COc1ccc(OCCN2CCNC(=O)C2)cc1Nc1ncc(Cl)c(Nc2ccc3ccccc3c2P(C)(C)=O)n1,185.0,1,1
CHEMBL6026402,COc1ccc(OCCNS(C)(=O)=O)cc1Nc1ncc(Cl)c(Nc2ccc3ccccc3c2P(C)(C)=O)n1,67.6,1,1
CHEMBL5963175,COc1cc(N2CCC(N(C)C)CC2)c(C)cc1Nc1ncc(Br)c(Nc2ccc3nccnc3c2P(C)(C)=O)n1,0.281,1,3
CHEMBL5999061,C=CC(=O)N1CCC[C@@H](Nc2nc(Nc3ccc4c(c3)OCCOCCOCCO4)nc3[nH]cnc23)C1,345.0,1,2
CHEMBL5756092,C=CC(=O)Nc1cccc(Nc2nc(Nc3ccc4c(c3)OCCOCCOCCO4)ncc2F)c1,732.0,1,2
CHEMBL5757288,C=CC(=O)Nc1cccc(Nc2nc(Nc3ccc4c(c3)OCCOCCOCCO4)nc3[nH]cnc23)c1,208.0,1,3
CHEMBL5903840,C=CC(=O)Nc1ccccc1Nc1nc(Nc2ccc3c(c2)OCCOCCOCCO3)nc2[nH]cnc12,1904.0,0,3
CHEMBL5881155,CCOC(=O)C1=C(C(F)(F)F)NC2=C(C(=O)CC(C)(C)C2)C1c1ccc(S(=O)(=O)c2ccccc2)cc1,0.22,1,1
CHEMBL5977738,Cc1ccc(S(=O)(=O)c2ccc(C3C(C(=O)c4ccccc4)=C(N)NC4=C3C(=O)CC(C)(C)C4)cc2)cc1,0.14,1,1
CHEMBL5802555,C=CC(=O)N1CCC(Nc2cncc(-c3cnc(Oc4cccc(Cl)c4)nc3)c2)CC1,470.0,1,1
CHEMBL6062282,C=CC(=O)N1CC(Nc2cncc(-c3cnc(Oc4cccc(Cl)c4F)nc3)c2)C1,121.0,1,1
CHEMBL6004044,C=CC(=O)N1CC(Nc2cncc(-c3cnc(Oc4cccc(C#N)c4)nc3)c2)C1,6520.0,0,1
CHEMBL5909490,C=CC(=O)N1CC(Nc2cncc(-c3cnc(Oc4cccc(OC(F)F)c4)nc3)c2)C1,872.0,1,1
CHEMBL5918833,C=CC(=O)N1CC[C@H](Nc2cncc(-c3cnc(Oc4cccc(OC(F)F)c4)nc3)c2)C1,28500.0,0,1
CHEMBL6020006,C=CC(=O)N1CC[C@H](Nc2cncc(-c3cnc(Oc4cccc(Cl)c4)nc3)c2)C1,5180.0,0,1
CHEMBL5960937,C=CC(=O)N1CC(Nc2cncc(-c3cnc(Oc4cccc(Cl)c4)nc3)c2)C1,129.0,1,1
CHEMBL5997770,C=CC(=O)N1CC(Nc2cncc(-c3cnc(Oc4cccc(C(F)(F)F)c4)nc3)c2)C1,724.0,1,1
CHEMBL5928199,C=CC(=O)N1CC(Nc2cncc(-c3cnc(Oc4ccc(F)c(OC(F)F)c4)nc3)c2)C1,3760.0,0,1
CHEMBL6007810,C=CC(=O)N1CC(Nc2cncc(-c3cnc(Oc4cccc(OC(F)(F)F)c4)nc3)c2)C1,21200.0,0,1
CHEMBL5834450,C=CC(=O)N1CC(Nc2cncc(-c3cnc(Oc4cccc(F)c4)nc3)c2)C1,644.0,1,1
CHEMBL6014610,C=CC(=O)N1CC(C)(Nc2cncc(-c3cnc(Oc4cccc(Cl)c4)nc3)c2)C1,509.0,1,1
CHEMBL6058524,C=CC(=O)N1CC(Nc2cncc(-c3cnc(Oc4ccc(F)c(Cl)c4)nc3)c2)C1,450.0,1,1
CHEMBL6015436,C#Cc1cccc(Oc2ncc(-c3cncc(NC4CN(C(=O)C=C)C4)c3)cn2)c1,242.0,1,1
CHEMBL5837411,C=CC(=O)N1CC[C@H](Nc2cncc(-c3cnc(Nc4cccc(Cl)c4)nc3)c2)C1,1370.0,0,1
CHEMBL5853424,C=CC(=O)N1CC[C@H](Nc2cncc(-c3cnc(Nc4cccc(OC(F)F)c4)nc3)c2)C1,8650.0,0,1
CHEMBL5896779,C=CC(=O)N1CC[C@H](Nc2cncc(-c3cnc(Nc4cccc(C)n4)nc3)c2)C1,16100.0,0,1
CHEMBL5807788,C=CC(=O)N1CC(Nc2cncc(-c3cnc(Nc4cccc(C(F)(F)F)c4)nc3)c2)C1,247.0,1,1
CHEMBL5880574,C=CC(=O)N1CCC(Nc2cncc(-c3cnc(Nc4cccc(Cl)c4)nc3)c2)CC1,523.0,1,1
CHEMBL5961157,C=CC(=O)N1CCC(Nc2cncc(-c3cnc(Nc4cccc(C)n4)nc3)c2)CC1,2220.0,0,1
CHEMBL5993343,C=CC(=O)N1CCC(Nc2cncc(-c3cnc(Nc4ccccn4)nc3)c2)CC1,3390.0,0,1
CHEMBL5886152,CN(C)C/C=C/C(=O)N1CCC(Nc2cncc(-c3cnc(Nc4cccc(Cl)c4)nc3)c2)CC1,26500.0,0,1
CHEMBL5971967,C=CC(=O)N1CC(Nc2cncc(-c3cnc(Oc4cccc(OC(F)F)c4)nc3)n2)C1,1050.0,0,1
CHEMBL5924732,C=CC(=O)N1CC(Nc2cncc(-c3cnc(Oc4cccc(F)c4)nc3)n2)C1,1580.0,0,1
CHEMBL5836257,C=CC(=O)N1CC(Nc2cncc(-c3cnc(Oc4cccc(C(F)(F)F)c4)nc3)n2)C1,4030.0,0,1
CHEMBL5759181,C=CC(=O)N1CC(Nc2cncc(-c3cnc(Oc4cccc(OC(F)(F)F)c4)nc3)n2)C1,10400.0,0,1
CHEMBL6002318,C=CC(=O)N1CC(Nc2cncc(-c3cnc(Oc4ccccc4)nc3)n2)C1,1470.0,0,1
CHEMBL5946595,C=CC(=O)N1CC(C)(Nc2cncc(-c3cnc(Oc4cccc(Cl)c4)nc3)n2)C1,3470.0,0,1
CHEMBL5879065,C=CC(=O)N1CC(Nc2cncc(-c3cnc(Oc4cc(F)cc(F)c4)nc3)n2)C1,1080.0,0,1
CHEMBL5941317,C=CC(=O)N1CC(Nc2cncc(-c3cnc(Oc4cccc(Cl)c4)nc3)n2)C1,366.0,1,1
CHEMBL5830622,C=CC(=O)N1C[C@@H](Nc2cncc(-c3cnc(Oc4cccc(Cl)c4)nc3)n2)[C@@H]1C,194.0,1,1
CHEMBL5894318,C=CC(=O)N1CC[C@H](Nc2cncc(-c3cnc(Nc4cccc(OC(F)(F)F)c4)nc3)n2)C1,22200.0,0,1
CHEMBL5799378,C=CC(=O)N1CC[C@H](Nc2cncc(-c3cnc(Nc4cccc(Cl)c4)nc3)n2)C1,639.0,1,1
CHEMBL5975268,C=CC(=O)N1CC(Nc2cncc(-c3cnc(Nc4ccc(F)c(Cl)c4)nc3)n2)C1,37.3,1,1
CHEMBL6012149,C=CC(=O)N1CC[C@H](Nc2cncc(-c3cnc(Nc4ccccc4OC(F)(F)F)nc3)n2)C1,15200.0,0,1
CHEMBL5893059,C=CC(=O)N1CC(Nc2cncc(-c3cnc(Nc4cccc(OC(F)(F)F)c4)nc3)n2)C1,306.0,1,1
CHEMBL5837535,C=CC(=O)N1CCC(Nc2cncc(-c3cnc(Oc4cccc(OC(F)F)c4)nc3)n2)CC1,908.0,1,1
CHEMBL5814182,C=CC(=O)N1CC[C@H](Nc2cncc(-c3cnc(Nc4cccc(OC(F)F)c4)nc3)n2)C1,1460.0,0,1
CHEMBL6013340,C=CC(=O)N1CC(Nc2cncc(-c3cnc(Nc4cccc(C)n4)nc3)n2)C1,54.9,1,1
CHEMBL6027785,C=CC(=O)N1CC(Nc2cncc(-c3cnc(Oc4ccc(Cl)cc4)nc3)n2)C1,2110.0,0,1
CHEMBL5972631,C=CC(=O)N1CC(Nc2cncc(-c3cnc(Oc4cccc(OC)c4)nc3)n2)C1,2820.0,0,1
CHEMBL5945723,C=CC(=O)N1CC(Nc2cncc(-c3cnc(Nc4ccccc4OC(F)(F)F)nc3)n2)C1,676.0,1,1
CHEMBL5991347,C=CC(=O)N1CCC(Nc2cncc(-c3cnc(Oc4cccc(Cl)c4)nc3)n2)CC1,207.0,1,1
CHEMBL5972541,CN(C)C/C=C/C(=O)N1CCC(Nc2cncc(-c3cnc(Oc4cccc(Cl)c4)nc3)n2)CC1,52600.0,0,1
CHEMBL5963748,CN(C)C/C=C/C(=O)N1CCC(Nc2cncc(-c3cnc(Nc4cccc(Cl)c4)nc3)n2)CC1,6040.0,0,1
CHEMBL6011609,C=CC(=O)N1CCC(Nc2cncc(-c3cnc(Nc4cccc(Cl)c4)nc3)c2)CC1C,6100.0,0,1
CHEMBL6035028,CN(C)C/C=C/C(=O)N1CCOc2c1ccc1ncnc(Nc3ccc(Oc4ccccn4)cc3)c21,2750.0,0,1
CHEMBL5898434,CN(C)C/C=C/C(=O)N1CCOc2c1ccc1ncnc(Nc3ccc(Oc4cccnc4)cc3)c21,2750.0,0,1
CHEMBL6040638,CN(C)C/C=C/C(=O)N1CCOc2c1ccc1ncnc(Nc3ccc(Oc4nccs4)cc3)c21,275.0,1,1
CHEMBL6004850,CN(C)C/C=C/C(=O)N1CCOc2c1ccc1ncnc(Nc3ccc(OCc4ccccn4)cc3)c21,275.0,1,1
CHEMBL5976760,CN(C)C/C=C/C(=O)N1CCOc2c1ccc1ncnc(Nc3ccc(OCc4cccs4)cc3)c21,275.0,1,1
CHEMBL5747733,CN(C)C/C=C/C(=O)N1CCOc2c1ccc1ncnc(Nc3ccc(Oc4cc(F)ccc4F)cc3)c21,275.0,1,1
CHEMBL5751436,CC(Oc1ccc(Nc2ncnc3ccc4c(c23)OCCN4C(=O)/C=C/CN(C)C)cc1)c1cccc(F)c1,275.0,1,1
CHEMBL6058403,CC(Oc1ccc(Nc2ncnc3ccc4c(c23)OCCN4C(=O)/C=C/CN(C)C)cc1)c1ccccn1,275.0,1,1
CHEMBL6045276,CN(C)C/C=C/C(=O)N1CCOc2c1ccc1ncnc(Nc3ccc(OCc4cccnc4)cc3)c21,2750.0,0,1
CHEMBL5876064,CN(C)C/C=C/C(=O)N1CCOc2c1ccc1ncnc(Nc3ccc(OCc4ccncc4)cc3)c21,2750.0,0,1
CHEMBL5961174,COCCCCNC/C=C/C(=O)N1CCOc2c1ccc1ncnc(Nc3ccc(Oc4ccccc4F)cc3)c21,275.0,1,1
CHEMBL6022727,Cc1cc(Nc2ncnc3ccc4c(c23)OCCN4C(=O)/C=C/CN(C)C)ccc1Oc1ccn2ncnc2c1,275.0,1,1
CHEMBL6011191,CN(C)C/C=C/C(=O)N1CCOc2c1ccc1ncnc(Nc3ccc(Oc4ccn5ncnc5c4)c(Cl)c3)c21,275.0,1,1
CHEMBL5813164,CC(C)N(C)C/C=C/C(=O)N1CCOc2c1ccc1ncnc(Nc3ccc(Oc4ccn5ncnc5c4)c(Cl)c3)c21,275.0,1,1
CHEMBL5764117,O=C(/C=C/CN1CCCCC1)N1CCOc2c1ccc1ncnc(Nc3ccc(Oc4ccn5ncnc5c4)c(Cl)c3)c21,275.0,1,1
CHEMBL5984886,CN(C/C=C/C(=O)N1CCOc2c1ccc1ncnc(Nc3ccc(Oc4ccn5ncnc5c4)c(Cl)c3)c21)C1CCC1,275.0,1,1
CHEMBL5892454,COCCN(C)C/C=C/C(=O)N1CCOc2c1ccc1ncnc(Nc3ccc(Oc4ccn5ncnc5c4)c(Cl)c3)c21,275.0,1,1
CHEMBL5932064,CCN(CC)C/C=C/C(=O)N1CCOc2c1ccc1ncnc(Nc3ccc(Oc4ccn5ncnc5c4)c(Cl)c3)c21,275.0,1,1
CHEMBL5962521,Cc1cc(Nc2ncnc3ccc4c(c23)OCCN4C(=O)/C=C/CN2CCN(C)CC2)ccc1Oc1ccn2ncnc2c1,275.0,1,1
CHEMBL5764214,Cc1cc(Nc2ncnc3ccc4c(c23)OCCN4C(=O)/C=C/CN(C)C(C)C)ccc1Oc1ccn2ncnc2c1,2750.0,0,1
CHEMBL6043736,Cc1cc(Nc2ncnc3ccc4c(c23)OCCN4C(=O)/C=C/CN2CCCCC2)ccc1Oc1ccn2ncnc2c1,275.0,1,1
CHEMBL5890241,Cc1cc(Nc2ncnc3ccc4c(c23)OCCN4C(=O)/C=C/CN(C)C2CCC2)ccc1Oc1ccn2ncnc2c1,275.0,1,1
CHEMBL6000322,COCCN(C)C/C=C/C(=O)N1CCOc2c1ccc1ncnc(Nc3ccc(Oc4ccn5ncnc5c4)c(C)c3)c21,275.0,1,1
CHEMBL5739918,CCN(CC)C/C=C/C(=O)N1CCOc2c1ccc1ncnc(Nc3ccc(Oc4ccn5ncnc5c4)c(C)c3)c21,2750.0,0,1
CHEMBL5945215,CC#CC(=O)C1NCCC[C@H]1c1nc(-c2ccc(Oc3cccc(OC)c3F)cc2)c2c(C)nccn12,550.0,1,1
CHEMBL5970630,CS(=O)(=O)Nc1cc(-c2ccc3ncnc(NCc4ccccc4)c3c2)cnc1Cl,110.0,1,1
CHEMBL5893022,CS(=O)(=O)Nc1cc(-c2ccc3ncnc(Nc4ccc(F)c(Cl)c4)c3c2)cnc1Cl,11.0,1,1
CHEMBL5870984,CS(=O)(=O)Nc1cncc(-c2ccc3ncnc(NCc4ccccc4)c3c2)c1,110.0,1,1
CHEMBL6043318,C[C@@H](Nc1ncnc2ccc(-c3cnc(Cl)c(NS(C)(=O)=O)c3)cc12)c1ccccc1,11.0,1,1
CHEMBL6060963,COc1cc(-c2ccc3ncnc(NC(C)c4ccccc4)c3c2)cnc1OC,11.0,1,1
CHEMBL6002036,C[C@@H](Nc1c(C#N)cnc2ccc(-c3cnc(Cl)c(NS(C)(=O)=O)c3)cc12)c1ccccc1,11.0,1,1
CHEMBL5918098,CC(Nc1c(C#N)cnc2ccc(-c3cnc(N)nc3)cc12)c1ccccc1,11.0,1,1
CHEMBL5971875,C[C@@H](Nc1c(C#N)cnc2ccc(-c3cnc(N)nc3)cc12)c1ccccc1,11.0,1,1
CHEMBL5982623,CC(Nc1c(C#N)cnc2ccc(-c3cnc4[nH]ncc4c3)cc12)c1ccccc1,11.0,1,1
CHEMBL6063877,C[C@@H](Nc1ncnc2ccc(-c3cnc(Cl)c(NS(C)(=O)=O)c3)cc12)c1ccc(F)cc1,110.0,1,1
CHEMBL5896403,CC(Nc1ncnc2ccc(-c3cnc(N)nc3)cc12)c1ccc(F)cc1,11.0,1,1
CHEMBL5872960,CC(Nc1c(C#N)cnc2ccc(-c3cncc(-c4n[nH]c(=O)o4)c3)cc12)c1ccccc1,11.0,1,1
CHEMBL6078426,COc1cc2nc(-c3ccc(C(F)(F)F)cc3)cc(OCCCNC3CCN(C)CC3)c2cc1OC,20.15,1,2
CHEMBL6120309,[2H]C([2H])([2H])c1cc(Nc2ncc(Br)c(Nc3ccccc3S(=O)(=O)C3CC3)n2)ccc1N1CCN(C([2H])([2H])[2H])CC1,0.09,1,1
CHEMBL6142419,Oc1ccc(Br)cc1-c1nc(NCc2ncccn2)c2ccccc2n1,440.0,1,1
CHEMBL6102249,Oc1ccccc1-c1nc(NCN2CCOCC2)c2ccccc2n1,19415.0,0,2
CHEMBL6103231,Cn1cnc(Nc2nc(-c3ccccc3O)nc3ccccc23)c1,3.38,1,1
CHEMBL6102692,Oc1ccccc1-c1nc(NCc2c[nH]cn2)c2ccccc2n1,4.84,1,1
CHEMBL6078446,O=C(O)CN1CCN(CC(=O)O)CC(=O)Nc2cc3c(Nc4cccc(F)c4)ncnc3cc2NC(=O)C1,148.5,1,2
CHEMBL6142306,CCc1cccc(Nc2ncnc3cc4c(cc23)NC(=O)CN(CC(=O)O)CCN(CC(=O)O)CC(=O)N4)c1,349.5,1,2
CHEMBL6120517,O=C(O)CN1CCN(CC(=O)O)CC(=O)Nc2cc3c(Nc4ccc(Br)cc4F)ncnc3cc2NC(=O)C1,206.0,1,2
CHEMBL6102514,O=C(O)CN1CCN(CC(=O)O)CC(=O)Nc2cc3c(Nc4ccc(OCc5cccc(F)c5)c(Cl)c4)ncnc3cc2NC(=O)C1,200.0,1,2
CHEMBL6147474,COc1cc2nc(-c3ccc(C(F)(F)F)cc3)cc(OCCCN3CCN(C)CC3)c2cc1OC,25.39,1,1
CHEMBL6103034,COc1cc2nc(-c3ccc(C(F)(F)F)cc3)cc(OCCCNCC3CCCO3)c2cc1OC,22.36,1,1
CHEMBL6141734,Clc1ccc(-c2cc(OCCCN3CCOCC3)c3cc(-c4ccco4)ccc3n2)cc1,24.81,1,1
CHEMBL6133741,CC[C@H](C(=O)N1CCCC[C@@H]1C(=O)O[C@H](CCc1ccc(OC)c(OC)c1)c1cccc(OCC(=O)NCCC(=O)N2CCN(CCCOc3cc4c(Nc5ccc(F)c(Cl)c5)ncnc4cc3OC)CC2)c1)c1cc(OC)c(OC)c(OC)c1,13.0,1,1
CHEMBL6142200,[2H]C([2H])([2H])C([2H])([2H])[S+]([O-])c1ccccc1Nc1nc(Nc2cc(NC(=O)C=C)c(N(C)CCN(C)C)cc2OC)ncc1Cl,2.07,1,1
CHEMBL6102777,[2H]C([2H])([2H])C([2H])([2H])[S+]([O-])c1cc(Cl)ccc1Nc1nc(Nc2cc(NC(=O)C=C)c(N(C)CCN(C)C)cc2OC)ncc1Cl,3.63,1,1
CHEMBL6144893,C=CC(=O)Nc1cc(Nc2ncc(Cl)c(Nc3cccc(F)c3[S+]([O-])CC)n2)c(OC)cc1N(C)CCN(C)C,2.62,1,1
CHEMBL6143027,[2H]C([2H])([2H])C([2H])([2H])[S+]([O-])c1c(F)cccc1Nc1nc(Nc2cc(NC(=O)C=C)c(N(C)CCN(C)C)cc2OC)ncc1Cl,1.18,1,1
CHEMBL6091887,C=CC(=O)Nc1cc(Nc2ncc(Cl)c(Nc3ccc(Cl)cc3[S+]([O-])C(C)C)n2)c(OC)cc1N(C)CCN(C)C,2.32,1,1
CHEMBL6133955,C=CC(=O)Nc1cc(Nc2ncc(Cl)c(Nc3cccc(F)c3[S+]([O-])C(C)C)n2)c(OC)cc1N(C)CCN(C)C,3.54,1,1
CHEMBL6151439,[2H]C([2H])([2H])C([2H])([S+]([O-])c1c(F)cccc1Nc1nc(Nc2cc(NC(=O)C=C)c(N(C)CCN(C)C)cc2OC)ncc1Cl)C([2H])([2H])[2H],3.42,1,1
CHEMBL6103055,[2H]C([2H])([2H])C([2H])([S+]([O-])c1ccccc1Nc1nc(Nc2cc(NC(=O)C=C)c(N(C)CCN(C)C)cc2OC)ncc1Cl)C([2H])([2H])[2H],1.37,1,1
CHEMBL6144949,C=CC(=O)Nc1cc(Nc2ncc(Cl)c(Nc3cccc(Cl)c3[S+]([O-])C(C)C)n2)c(OC)cc1N(C)CCN(C)C,6.36,1,1
CHEMBL6149199,C=CC(=O)Nc1cc(Nc2ncc(Cl)c(Nc3cccc(Cl)c3[S+]([O-])CC)n2)c(OC)cc1N(C)CCN(C)C,6.31,1,1
CHEMBL6143935,C=CC(=O)Nc1cc(Nc2ncc(Cl)c(Nc3ccccc3[S+]([O-])CC)n2)c(OC)cc1N(C)CCN(C)C,3.37,1,1
CHEMBL6102825,Cc1cc(Nc2ncnc3ccc(NC(=O)/C=C/[C@H]4CCCN4C)cc23)ccc1Oc1cc2ncnn2cn1,1.19,1,1
CHEMBL6142551,CCOc1cc2ncnc(Nc3ccc(Oc4ccn5ncnc5c4)c(C)c3)c2cc1NC(=O)/C=C/[C@H]1CCCN1C,1.36,1,1
CHEMBL6068562,CCOc1cc2ncnc(Nc3ccc(Oc4ccn5ncnc5c4)c(C)c3)c2cc1NC(=O)/C(F)=C/[C@H]1CCCN1C,8.13,1,1
CHEMBL6144232,COCCOc1cc2ncnc(Nc3ccc(Oc4cccc5ccc(C)nc45)c(C)c3)c2cc1OCCOC,12.0,1,1
CHEMBL6141653,COc1cc2ncnc(Nc3ccc(Oc4cccc5ccc(C)nc45)c(C)c3)c2cc1OC,11.0,1,1
CHEMBL6148974,COc1ccc2c(Nc3ccc(Oc4cccc5ccc(C)nc45)c(C)c3)ncnc2c1,166.0,1,1
CHEMBL6144363,COCCOc1ccc2ncnc(Nc3ccc(Oc4cccc5ccc(C)nc45)c(C)c3)c2c1,143.0,1,1
CHEMBL6150301,Cc1ccc2cccc(Oc3ccc(Nc4ncnc5ccc(NC(=O)C6CCCC6)cc45)cc3C)c2n1,2013.0,0,1
CHEMBL6147822,Cc1ccc2cccc(Oc3ccc(Nc4ncnc5ccc(NC6CCCC6)cc45)cc3C)c2n1,155.0,1,1
CHEMBL6162126,COc1cc2ncnc(Nc3ccc(OCc4ccccn4)c(Cl)c3)c2cc1OCCCCn1ccnc1[N+](=O)[O-],1.8,1,1
CHEMBL5314498,C=CC(=O)NC1CCN(c2ncc3ncnc(Nc4ccc(Oc5ccc6c(c5)ncn6C)c(C)c4)c3n2)CC1,579.0,1,1
CHEMBL5567125,CCOc1cc2ncc(C#N)c(Nc3ccc(Oc4ccn5ncnc5c4)c(C)c3)c2cc1NC(=O)/C=C/CN(C)C,7.04,1,1
CHEMBL6146573,C=CC(=O)N1CCC[C@@H](n2nc(-c3ccc(OCc4cccc(C)n4)cc3)c3c(N)ncnc32)C1,0.12,1,1
CHEMBL5303395,C=CC(=O)N1CCC[C@@H](n2nc(C(=O)Nc3ccc(CC(=O)N(C)C)c(C)c3C)c3c(N)ncnc32)C1,65.0,1,1
CHEMBL6150652,COc1ccc2ncnc(Nc3ccc(Oc4cc5ncnn5cn4)c(C)c3)c2c1O[C@@H]1CCN(C)CC1(F)F,12000.0,0,1
CHEMBL6142761,CN1CCC[C@H]1/C=C/C(=O)Nc1ccc2ncnc3c2c1CCN3c1ccc(OCc2ccccn2)c(Cl)c1,2.22,1,1
CHEMBL6147473,C=CC(=O)N1CCN(c2ncc3ncnc(Nc4ccc(Oc5ccccc5)c(C)c4)c3n2)CC1,200.0,1,1
CHEMBL6133515,C=CC(=O)N1CCN(c2ncc3ncnc(Nc4ccc(Oc5ccn6ncnc6c5)c(C)c4)c3n2)CC1,2200.0,0,1
CHEMBL6168898,COc1cccc(C2=NN(c3ccc(-c4ccccc4)nn3)C(c3ccc(F)c(OC)c3)C2)c1,650.0,1,1
CHEMBL6132839,O=C(CSc1nnc(Nc2ccccc2)s1)N1N=C(c2ccccc2)CC1c1ccc([N+](=O)[O-])cc1,2.0,1,1
CHEMBL6151501,COc1cc(N2CCN(C(C)=O)CC2)ccc1Nc1nccc(Nc2ccc(Nc3ccc(S(=O)(=O)F)cc3)cc2)n1,160.0,1,2
CHEMBL6145857,CC(C)c1cnc(N2CC(CS(C)(=O)=O)C2)c2cnc(Nc3ccnc(N4CCC(O)C(C)(F)C4)n3)cc12,0.1,1,3
CHEMBL6102399,COC1CCN(c2nccc(Nc3cc4c(C(C)C)ccc(N5CC(CS(C)(=O)=O)C5C)c4cn3)n2)CC1F,341.75,1,2
CHEMBL6144799,CC[C@@H](C)Nc1cc(Nc2ccnc(-c3cnn(S(=O)(=O)C4CC4)c3)n2)ncc1C(=O)NCCC(F)F,6.5,1,3
CHEMBL6141553,COCCCc1nc(-c2ccc(F)cc2)c(-c2ccnc3[nH]c(-c4ccccc4)cc23)[nH]1,6.0,1,2
CHEMBL6147882,C=CC(=O)Nc1ccc(OC)c(Nc2cc(-c3[nH]c(SCCOC)nc3-c3ccc(F)cc3)ccn2)c1,35.0,1,1
CHEMBL6142125,COc1cc(N2CCN(C)CC2)c(-c2cn[nH]c2)cc1Nc1ncc(Cl)c(Nc2ccccc2P(C)(C)=O)n1,0.23,1,1
CHEMBL5201287,CCS(=O)(=O)n1cc2c3cc(ccc31)OCCCCCOc1cc(ccc1N1CCOCC1)Nc1ncc(Cl)c-2n1,19.0,1,1
CHEMBL5170303,CCS(=O)(=O)n1cc2c3cc(ccc31)OCCCCCCOc1cc(ccc1N1CCOCC1)Nc1ncc(Cl)c-2n1,6.2,1,1
CHEMBL6152563,CCS(=O)(=O)n1cc2c3cc(ccc31)OCCCCCCCOc1cc(ccc1N1CCOCC1)Nc1ncc(Cl)c-2n1,19.0,1,1
CHEMBL6142537,CCS(=O)(=O)n1cc2c3cc(ccc31)OCCCCCCCCOc1cc(ccc1N1CCOCC1)Nc1ncc(Cl)c-2n1,89.0,1,1
CHEMBL6134567,CCCC(=O)Nc1ccc2ncnc(Nc3cccc(Br)c3)c2c1,0.37,1,1
CHEMBL6146213,CCC(=O)Nc1cccc(Nc2nc(Nc3ccc(N4CCN(C(C)=O)CC4)cc3OC)ncc2Cl)c1,62.9,1,1
CHEMBL6162282,COc1cc(N2CCN(C(C)=O)CC2)ccc1Nc1ncc(Cl)c(Nc2cccc(NC(=O)/C=C/c3ccccc3)c2)n1,58.0,1,1
CHEMBL6163008,CCC(=O)Nc1cccc(Nc2nc(Nc3ccc(N4CCN(C(C)=O)CC4)cc3)ncc2Cl)c1,65.9,1,1
CHEMBL6142527,C=CC(=O)Nc1cccc(Nc2nc(Nc3ccc(N4CCN(C(C)=O)CC4)cc3)ncc2Cl)c1,56.650000000000006,1,2
CHEMBL6163246,CC(=O)N1CCN(c2ccc(Nc3ncc(Cl)c(Nc4cccc(NC(=O)/C=C/c5ccccc5)c4)n3)cc2)CC1,87.8,1,1
CHEMBL6147522,CC(=O)N1CCN(c2ccc(Nc3ncc(Cl)c(Nc4cccc(NC(=O)CCl)c4)n3)cc2)CC1,114.0,1,1
CHEMBL6150187,CCC(=O)Nc1cccc(Nc2nc(Nc3cnn(C)c3)ncc2Cl)c1,26.95,1,2
CHEMBL6168241,C=CC(=O)Nc1cccc(Nc2nc(Nc3cnn(C)c3)ncc2Cl)c1,97.35,1,2
CHEMBL6134398,Cn1cc(Nc2ncc(Cl)c(Nc3cccc(NC(=O)/C=C/c4ccccc4)c3)n2)cn1,33.8,1,2
CHEMBL6168204,Cn1cc(Nc2ncc(Cl)c(Nc3cccc(NC(=O)CCl)c3)n2)cn1,44.7,1,2
CHEMBL6160060,CCC(=O)Nc1cccc(Nc2nc(Nc3ccc4[nH]c(=O)oc4c3)ncc2Cl)c1,116.0,1,1
CHEMBL6144365,C=CC(=O)Nc1cccc(Nc2nc(Nc3ccc4[nH]c(=O)oc4c3)ncc2Cl)c1,63.5,1,1
CHEMBL6103174,O=C(/C=C/c1ccccc1)Nc1cccc(Nc2nc(Nc3ccc4[nH]c(=O)oc4c3)ncc2Cl)c1,76.7,1,1
CHEMBL6149229,O=C(CCl)Nc1cccc(Nc2nc(Nc3ccc4[nH]c(=O)oc4c3)ncc2Cl)c1,53.150000000000006,1,2
CHEMBL6144434,CCC(=O)Nc1cccc(Nc2nc(Nc3ccc4c(C)n(C)nc4c3)ncc2Cl)c1,59.2,1,1
CHEMBL6149588,C=CC(=O)Nc1cccc(Nc2nc(Nc3ccc4c(C)n(C)nc4c3)ncc2Cl)c1,97.8,1,1
CHEMBL6169682,Cc1c2ccc(Nc3ncc(Cl)c(Nc4cccc(NC(=O)/C=C/c5ccccc5)c4)n3)cc2nn1C,65.6,1,1
CHEMBL6165980,Cc1c2ccc(Nc3ncc(Cl)c(Nc4cccc(NC(=O)CCl)c4)n3)cc2nn1C,78.9,1,1
CHEMBL129123,COc1cc(Nc2ncnc3cc(OC)c(OC)cc23)c(Cl)cc1Cl,61.27,1,1
CHEMBL6161949,COc1cc2ncnc(Nc3ccc(Cl)c(O)c3)c2cc1OC.Cl,0.84,1,1
CHEMBL3775879,COc1cc2ncnc(Nc3ccc(F)c(O)c3)c2cc1OC,2.55,1,1
CHEMBL6160755,COc1cc2ncnc(Nc3ccc(Cl)c(N)c3)c2cc1OC,0.46,1,1
CHEMBL6161589,COc1cc2ncnc(Nc3ccc4scnc4c3)c2cc1OC.Cl,36.0,1,1
CHEMBL6133859,CCc1nc(-c2cccc(NC(=O)c3ccccc3CN3Cc4ccc(-c5ccc(N6CCNCC6)cc5)cc4C3=O)c2)c(-c2ccnc(NC(C)=O)c2)[nH]1,79.0,1,3
CHEMBL6120367,CSc1nc(-c2cccc(NC(=O)c3ccccc3CN3C(=O)c4ccccc4C3=O)c2)c(-c2ccnc(NC(C)=O)c2)[nH]1,290.0,1,3
CHEMBL6151046,CSc1nc(-c2cccc(NC(=O)c3cccc(O)c3CN3Cc4ccccc4C3=O)c2)c(-c2ccnc(Nc3ccccc3)c2)[nH]1,17.05,1,4
CHEMBL6120461,CCc1nc(-c2cccc(NC(=O)c3cccc(O)c3CN3Cc4ccccc4C3=O)c2)c(-c2ccnc(Nc3ccccc3)c2)[nH]1,12.7,1,4
CHEMBL6102895,CCOc1nc(-c2cccc(NC(=O)c3cccc(O)c3CN3Cc4ccccc4C3=O)c2)c(-c2ccnc(Nc3ccccc3)c2)[nH]1,3.95,1,4
CHEMBL6145609,CSc1nc(-c2cccc(NC(=O)c3cccc(O)c3CN3Cc4ccccc4C3=O)c2)c(-c2ccnc(Nc3ccc(N4CCNCC4)cc3)c2)[nH]1,0.8,1,4
CHEMBL6146123,CCC(=O)Nc1ccc(OC)c(Nc2cc(-c3[nH]c(SC)nc3-c3cccc(NC(=O)c4cccc(O)c4CN4Cc5ccccc5C4=O)c3)ccn2)c1,1.4449999999999998,1,4
CHEMBL6161335,CSc1nc(-c2cccc(NC(=O)c3ccccc3)c2)c(-c2ccnc(NC(C)=O)c2)[nH]1,560.0,1,3
CHEMBL6148660,CSc1nc(-c2cccc(NC(=O)c3cccc(O)c3)c2)c(-c2ccnc(NC(C)=O)c2)[nH]1,51.0,1,3
CHEMBL6164416,CCc1nc(-c2cccc(NC(=O)c3cccc(O)c3)c2)c(-c2ccnc(NC(C)=O)c2)[nH]1,106.45,1,2
CHEMBL6147913,CSc1nc(-c2cccc(NC(=O)c3ccccc3CN3Cc4ccccc4C3=O)c2)c(-c2ccnc(NC(C)=O)c2)[nH]1,450.0,1,3
CHEMBL6120815,CSc1nc(-c2cccc(NC(=O)c3ccccc3CNC(=O)c3ccccc3C(=O)O)c2)c(-c2ccnc(NC(C)=O)c2)[nH]1,730.0,1,1
CHEMBL6169098,CSc1nc(-c2cccc(NC(=O)c3c(F)cccc3CN3Cc4ccccc4C3=O)c2)c(-c2ccnc(NC(C)=O)c2)[nH]1,560.0,1,2
CHEMBL6151532,CSc1nc(-c2cccc(NC(=O)c3cccc(O)c3CN3Cc4ccccc4C3=O)c2)c(-c2ccnc(NC(C)=O)c2)[nH]1,0.2,1,3
CHEMBL6143678,CSc1nc(-c2cccc(NC(=O)c3cccc(O)c3CN3Cc4ccccc4C3=O)c2)c(-c2cc(NC(C)=O)ncc2Cl)[nH]1,500.0,1,1
CHEMBL6152895,CCc1nc(-c2cccc(NC(=O)c3cccc(O)c3CN3Cc4ccccc4C3=O)c2)c(-c2ccnc(NC(C)=O)c2)[nH]1,0.33,1,3
CHEMBL6148115,CCOc1nc(-c2cccc(NC(=O)c3cccc(O)c3CN3Cc4ccccc4C3=O)c2)c(-c2ccnc(NC(C)=O)c2)[nH]1,0.26,1,3
CHEMBL6146710,C=CC(=O)Nc1ccc(OC)c(Nc2cc(-c3[nH]c(SC)nc3-c3cccc(NC(=O)c4c(F)ccc(O)c4CN4Cc5ccccc5C4=O)c3)ccn2)c1,1.6,1,1
CHEMBL6166776,C=CC(=O)Nc1ccc(OC)c(Nc2cc(-c3[nH]c(SC)nc3-c3cccc(NC(=O)c4c(F)cccc4CN4Cc5ccccc5C4=O)c3)ccn2)c1,340.0,1,1
CHEMBL6145524,C=CC(=O)Nc1ccc(OC)c(Nc2cc(-c3[nH]c(CC)nc3-c3cccc(NC(=O)c4cccc(O)c4CN4Cc5ccccc5C4=O)c3)ccn2)c1,0.91,1,1
CHEMBL6160966,C=CC(=O)Nc1ccc(OC)c(Nc2cc(-c3[nH]c(SC)nc3-c3cccc(NC(=O)c4cccc(O)c4CN4Cc5ccccc5C4=O)c3)ccn2)c1,1.2,1,1
CHEMBL6151097,COc1ccc(C(=O)/C=C/C(=O)N2CCN(C3CCN(c4ccc(Nc5ncc(Cl)c(Nc6ccccc6P(C)(C)=O)n5)c(OC)c4)CC3)CC2)cc1,97.1,1,1
CHEMBL6161294,Cc1c(-c2nnc(S)n2N=Cc2ccc(N(C)C)cc2)cnn1-c1ccccc1,593.5,1,2
CHEMBL6133704,Cc1c(-c2nnc(S)n2N=Cc2ccc(F)cc2)cnn1-c1ccc(S(C)(=O)=O)cc1,98.5,1,2
CHEMBL6164518,COc1ccc(C=Nn2c(S)nnc2-c2cnn(-c3ccc(S(C)(=O)=O)cc3)c2C)cc1OC,175.5,1,2
CHEMBL6169362,[2H]C([2H])([2H])n1cc(-c2ccnc(Nc3cc(NC(=O)C=C)c(N4CC[C@@H](N(C)C)C4)cc3OC)n2)c2ccccc21,135.9,1,2
CHEMBL6068008,[2H]C([2H])([2H])n1cc(-c2ccnc(Nc3cc(NC(=O)C=C)c(N(C)CCN(C)C)cc3OC)n2)c2ccccc21,18.15,1,2
CHEMBL6170292,[2H]C([2H])([2H])n1cc(-c2ccnc(Nc3cc(NC(=O)C=C)c(N4CCN(C)CC4)cc3OC)n2)c2ccccc21,456.3,1,2
CHEMBL6172339,[2H]C([2H])([2H])n1cc(-c2ccnc(Nc3cc(NC(=O)C=C)c(N4CCN(C5CCCCC5)CC4)cc3OC)n2)c2ccccc21,317.2,1,2
CHEMBL6144466,[2H]C([2H])([2H])n1cc(-c2ccnc(Nc3cc(NC(=O)C=C)c(N4CCC(C)(N)CC4)cc3OC)n2)c2ccccc21,397.29999999999995,1,2
CHEMBL6169503,[2H]C([2H])([2H])n1cc(-c2ccnc(Nc3cc(NC(=O)C=C)c(N4CCC(N(C)C)CC4)cc3OC)n2)c2ccccc21,243.25,1,2
CHEMBL6152761,[2H]C([2H])([2H])n1cc(-c2ccnc(Nc3cc(NC(=O)C=C)c(N4CCC(N5CCN(C)CC5)CC4)cc3OC)n2)c2ccccc21,113.35,1,2
CHEMBL6146360,[2H]C([2H])([2H])n1cc(-c2ccnc(Nc3cc(NC(=O)C=C)c(N4CCC(CN)CC4)cc3OC)n2)c2ccccc21,144.95,1,2
CHEMBL6145124,[2H]C([2H])([2H])n1cc(-c2ccnc(Nc3cc(NC(=O)C=C)c(NC4CC(F)(F)C4)cc3OC)n2)c2ccccc21,327.3,1,1
CHEMBL6150265,[2H]C([2H])([2H])n1cc(-c2ccnc(Nc3cc(NC(=O)C=C)c(N4CCCC4)cc3OC)n2)c2ccccc21,128.1,1,1
CHEMBL6166937,[2H]C([2H])([2H])n1cc(-c2ccnc(Nc3cc(NC(=O)C=C)c(N4CCOCC4)cc3OC)n2)c2ccccc21,187.3,1,1
CHEMBL6150116,[2H]C([2H])([2H])n1cc(-c2ccnc(Nc3cc(NC(=O)C=C)c(N4CCNCC4)cc3OC)n2)c2ccccc21,27.7,1,1
CHEMBL6144674,[2H]C([2H])([2H])n1cc(-c2ccnc(Nc3cc(NC(=O)C=C)c(N4CCC(C)(NC(=O)OC(C)(C)C)CC4)cc3OC)n2)c2ccccc21,21.7,1,1
CHEMBL6132742,[2H]C([2H])([2H])n1cc(-c2ccnc(Nc3cc(NC(=O)C=C)c(N4CCC(C(N)=O)CC4)cc3OC)n2)c2ccccc21,204.0,1,1
CHEMBL5285586,Clc1ccc(-c2cn3cccc(COc4nnc5ccc(Cl)nn45)c3n2)c(Cl)c1,15570.0,0,1
CHEMBL6173757,Clc1ccc(Cl)c(-c2cn3cccc(COc4nnc5ccc(Cl)nn45)c3n2)c1,14210.0,0,1
CHEMBL6175072,CCc1cc(Nc2ncc(Cl)c(Nc3ccc(C)c(C)c3P(C)(C)=O)n2)c(OC)cc1N1CC2(CCN(C)CC2)C1,0.55,1,1
CHEMBL6172228,C=CC(=O)C1CCC[C@@H](n2nc(-c3ccc4ccccc4c3)c3c(N)ncnc32)C1,52.0,1,2
CHEMBL6143095,[2H]C([2H])([2H])c1cc(Nc2ncc(Br)c(Nc3ccccc3NS(=O)(=O)C3CC3)n2)ccc1N1CCN(C([2H])([2H])[2H])CC1,97.19,1,1
CHEMBL5564265,O=C(Nc1nccs1)[C@@H](c1cc(F)ccc1O)N1Cc2ccc(-c3ccc(N4CCNCC4)cc3)cc2C1=O,0.26,1,1
CHEMBL6149601,C#Cc1cc(Nc2ncnc3cc(OCCOC)c(OCCOC)cc23)ccc1C=O,48.2,1,1
CHEMBL6162078,COc1cc(N2CCC(N3CCN(C)CC3)CC2)c(C)cc1Nc1ncc(Br)c(Nc2ccc(C)cc2P(C)(C)=O)n1,1.075,1,6
CHEMBL6167713,C=CC(=O)N1Cc2nc(-c3cccc(C#Cc4ccccc4)c3)n(-c3ccncc3)c2C1,300.595,1,2
CHEMBL6171408,C=CC(=O)N1Cc2nc(-c3cccc(Oc4ccccc4)c3)n(-c3ccncc3)c2C1,230.60500000000002,1,2
CHEMBL6167047,C=CC(=O)N1Cc2nc(-c3cccc(-c4ccccc4)c3)n(-c3ccncc3)c2C1,221.06,1,2
CHEMBL6172520,C=CC(=O)N1Cc2nc(-c3cccc(Oc4cccc(F)n4)c3)n(-c3ccncc3)c2C1,208.115,1,2
CHEMBL6166002,C=CC(=O)N1Cc2nc(-c3ccc(F)c(Oc4cccc(F)n4)c3)n(-c3ccncc3)c2C1,157.145,1,2
CHEMBL6169497,C=CC(=O)N1Cc2nc(-c3ccc(F)c(Oc4cc(F)ccn4)c3)n(-c3ccncc3)c2C1,394.725,1,2
CHEMBL6161374,C=CC(=O)N1Cc2nc(-c3ccc(F)c(Oc4cccc(F)n4)c3)n(-c3ccncn3)c2C1,275.655,1,2
CHEMBL6168428,C=CC(=O)N1Cc2nc(-c3cccc(Oc4cccc(F)n4)c3)n(-c3ccncn3)c2C1,183.175,1,2
CHEMBL6165639,C=CC(=O)N1Cc2nc(-c3cc(Oc4cccc(F)n4)ccc3F)n(-c3ccncn3)c2C1,75.505,1,2
CHEMBL6172692,C=CC(=O)N1Cc2nc(-c3cc(F)c(F)c(Oc4cccc(F)n4)c3)n(-c3ccncn3)c2C1,355.19500000000005,1,2
CHEMBL6173252,C=CC(=O)N1Cc2nc(-c3cc(Oc4cccc(F)n4)cc(F)c3F)n(-c3ccncn3)c2C1,115.575,1,2
CHEMBL6146853,C=CC(=O)N1Cc2nc(-c3cc(Oc4cccc(F)n4)c(F)cc3F)n(-c3ccncn3)c2C1,107.69,1,2
CHEMBL6169114,C=CC(=O)N1Cc2nc(-c3cc(Oc4cccc(F)n4)c(F)cc3F)n(-c3ccncc3)c2C1,218.96,1,2
CHEMBL6167445,C=CC(=O)N1Cc2nc(-c3cccc(Oc4ccc(Cl)cn4)c3)n(-c3ccncn3)c2C1,131.315,1,2
CHEMBL6161185,C=CC(=O)N1Cc2nc(-c3cccc(Oc4nc(F)ccc4Cl)c3)n(-c3ccncn3)c2C1,218.96,1,2
CHEMBL6133016,C=CC(=O)N1Cc2nc(-c3cccc(Oc4nccc(Cl)c4F)c3)n(-c3ccncn3)c2C1,75.505,1,2
CHEMBL6159535,C=CC(=O)N1Cc2nc(-c3cc(Oc4nccc(Cl)c4F)c(F)cc3F)n(-c3ccncn3)c2C1,173.925,1,2
CHEMBL6170042,C=CC(=O)N1Cc2nc(-c3cc(Oc4cc(Cl)c(F)cn4)c(F)cc3F)n(-c3ccncn3)c2C1,31.62,1,5
CHEMBL6172443,C=CC(=O)N1Cc2nc(-c3cc(Oc4cc(Cl)ccn4)c(F)cc3F)n(-c3ccncn3)c2C1,23.735,1,6
CHEMBL6152342,C=CC(=O)N1Cc2nc(-c3cc(Oc4nc(F)ccc4F)c(F)cc3F)n(-c3ccncn3)c2C1,15.85,1,6
CHEMBL6166976,C=CC(=O)N1Cc2nc(-c3cc(Oc4nc(F)ccc4F)ccc3F)n(-c3ccncn3)c2C1,72.92,1,2
CHEMBL6170829,[2H]c1nccc(-n2c(-c3cc(Oc4nc(F)ccc4F)ccc3F)nc3c2CN(C(=O)C=C)C3)n1,109.74,1,2
CHEMBL6151325,[2H]c1cc(-n2c(-c3cc(Oc4nc(F)ccc4F)ccc3F)nc3c2CN(C(=O)C=C)C3)ncn1,95.055,1,2
CHEMBL6168774,[2H]c1cc(-n2c(-c3cc(Oc4nc(F)ccc4F)ccc3F)nc3c2CN(C(=O)C=C)C3)nc([2H])n1,91.805,1,2
CHEMBL6159648,C=CC(=O)N1Cc2nc(-c3ccc(F)c(-c4ccccc4F)c3)n(-c3ccncc3)c2C1,131.315,1,2
CHEMBL6151150,C=CC(=O)N1Cc2nc(-c3cc(-c4ccccc4F)c(F)cn3)n(-c3ccncc3)c2C1,78.755,1,2
CHEMBL6173311,C=CC(=O)N1Cc2nc(-c3cc(-c4c(F)cccc4F)c(F)cn3)n(-c3ccncc3)c2C1,22.535,1,6
CHEMBL6171149,C=CC(=O)N1Cc2nc(-c3cc(-c4ccccc4F)c(F)cn3)n(-c3ccncn3)c2C1,29.880000000000003,1,6
CHEMBL6167119,C=CC(=O)N1Cc2nc(-c3cc(-c4c(F)cccc4F)c(F)cn3)n(-c3ccncn3)c2C1,12.59,1,5
CHEMBL6165733,C=C(F)C(=O)N1Cc2nc(-c3cc(-c4c(F)cccc4F)c(F)cn3)n(-c3ccncn3)c2C1,208.115,1,2
CHEMBL6161196,C=C(Cl)C(=O)N1Cc2nc(-c3cc(-c4c(F)cccc4F)c(F)cn3)n(-c3ccncn3)c2C1,124.825,1,2
CHEMBL6171907,O=C(/C=C/CF)N1Cc2nc(-c3cc(-c4c(F)cccc4F)c(F)cn3)n(-c3ccncn3)c2C1,112.325,1,2
CHEMBL6166185,O=C(/C=C/C(F)(F)F)N1Cc2nc(-c3cc(-c4c(F)cccc4F)c(F)cn3)n(-c3ccncn3)c2C1,880.0600000000001,1,2
CHEMBL6161899,C=CC(=O)N1Cc2nc(-c3cc(-c4ccccc4F)c(F)cc3F)n(-c3ccncn3)c2C1,57.925,1,2
CHEMBL6174259,C=CC(=O)N1Cc2nc(-c3cc(-c4cccc5ocnc45)c(F)cc3F)n(-c3ccncn3)c2C1,258.52,1,2
CHEMBL6164231,C=CC(=O)N1Cc2nc(-c3cc(-c4cccc5ccnn45)c(F)cn3)n(-c3ccncn3)c2C1,35.715,1,6
CHEMBL6172878,C=CC(=O)N1Cc2nc(-c3cc(-c4ccc(-n5cccn5)cc4F)c(F)cn3)n(-c3ccncn3)c2C1,104.305,1,6
CHEMBL6163241,C=CC(=O)N1Cc2nc(-c3cc(-c4ccc(-c5cocn5)cc4F)c(F)cn3)n(-c3ccncn3)c2C1,78.755,1,6
CHEMBL6151115,C=CC(=O)N1Cc2nc(-c3cc(-c4c(F)cccc4C(F)F)c(F)cn3)n(-c3ccncn3)c2C1,135.57,1,2
CHEMBL6145691,C=CC(=O)N1Cc2nc(-c3cc(-c4c(Cl)ccc(C(F)F)c4F)c(F)cn3)n(-c3ccncn3)c2C1,32.465,1,6
CHEMBL6172972,C=CC(=O)N1Cc2nc(-c3cc(-c4c(C(F)F)ccnc4F)c(F)cc3F)n(-c3ccncn3)c2C1,25.785,1,6
CHEMBL6174690,C=CC(=O)N1Cc2nc(-c3cc(-c4c(Cl)ccnc4Cl)c(F)cc3F)n(-c3ccncn3)c2C1,40.87,1,6
CHEMBL6173653,C=CC(=O)N1Cc2nc(-c3cc(-c4cc(Cl)cnc4Cl)c(F)cc3F)n(-c3ccncn3)c2C1,25.12,1,5
CHEMBL6134453,C=CC(=O)N1Cc2nc(-c3cc(-c4cnn(C(F)F)c4C)c(F)cc3F)n(-c3ccncn3)c2C1,31.62,1,5
CHEMBL5314564,C=CC(=O)Nc1cc(Nc2nccc(Nc3cc(Cl)c(F)cc3C(C)(C)O)n2)c(OC)cc1N1CC[C@@H](N(C)C)C1,28.37,1,4
CHEMBL6159859,CC[C@H](C)Nc1cc(Nc2ccnc(-c3cnn(S(=O)(=O)C4CC4)c3)n2)ncc1-c1nnc(C)o1,114.0,1,2
CHEMBL6162629,CC[C@H](C)Nc1cc(Nc2ccnc(-c3cnn(S(=O)(=O)C4CC4)c3)n2)ncc1-c1cnn(C)c1,144.5,1,2
CHEMBL6134098,CC[C@H](C)Oc1cc(Nc2ccnc(-c3cnn(S(=O)(=O)C4CC4)c3)n2)ncc1-c1cnn(C)c1,12.3,1,2
CHEMBL6173924,CC(C)Oc1cc(Nc2ccnc(-c3cnn(S(=O)(=O)C4CC4)c3)n2)ncc1-c1cnn(C)c1,13.2,1,2
CHEMBL6164847,CC(C)Oc1cc(Nc2ccnc(-c3cnn(S(=O)(=O)C4CC4)c3)n2)ncc1-c1cnn(C2CCN(C)CC2)c1,5.3,1,2
CHEMBL6150231,CC(C)Oc1cc(Nc2ccnc(-c3cnn(S(=O)(=O)C4CC4)c3)n2)ncc1-c1cnn(C2CCOCC2)c1,11.85,1,2
CHEMBL6173823,CC(C)Oc1cc(Nc2ccnc(-c3cnn(S(=O)(=O)C4CC4)c3)n2)ncc1-c1cnn(-c2ccncc2)c1,128.5,1,2
CHEMBL6165382,CC(C)Oc1cc(Nc2ccnc(-c3cnn(S(=O)(=O)C4CC4)c3)n2)ncc1-c1cnn([C@H]2CCN(C)C2)c1,5.699999999999999,1,2
CHEMBL6169318,CC(C)Oc1cc(Nc2ccnc(-c3cnn(S(=O)(=O)C4CC4)c3)n2)ncc1-c1cnn([C@@H]2CCN(C)C2)c1,5.7,1,2
CHEMBL6161666,CC(C)Oc1cc(Nc2ccnc(-c3cnn(S(=O)(=O)C4CC4)c3)n2)ncc1-c1cnn([C@H]2C[C@H](C)N(C)C2)c1,6.75,1,2
CHEMBL6162116,CC(C)Oc1cc(Nc2ccnc(-c3cnn(S(=O)(=O)C4CC4)c3)n2)ncc1-c1cn([C@H]2C[C@H](C)N(C)C2)nc1F,8.0,1,2
CHEMBL6162316,Cc1nn([C@H]2C[C@H](C)N(C)C2)cc1-c1cnc(Nc2ccnc(-c3cnn(S(=O)(=O)C4CC4)c3)n2)cc1OC(C)C,36.4,1,2
CHEMBL6146199,COc1nn([C@H]2C[C@H](C)N(C)C2)cc1-c1cnc(Nc2ccnc(-c3cnn(S(=O)(=O)C4CC4)c3)n2)cc1OC(C)C,2.8,1,3
CHEMBL6152780,COc1nn(C2CCN(C)CC2)cc1-c1cnc(Nc2ccnc(-c3cnn(S(=O)(=O)C4CC4)c3)n2)cc1OC(C)C,1.4,1,3
CHEMBL6171197,CC(C)Oc1cc(Nc2ccnc(-c3cnn(S(=O)(=O)C4CC4)c3)n2)ncc1-c1cn(C2CCN(C)CC2)nc1OC(F)F,2.0,1,3
CHEMBL6161041,COc1cc(-c2nc3ccccc3s2)ccc1OCC(=O)N(C(=O)C(C)(C)C)C(=O)C(C)(C)C,90.0,1,1
CHEMBL6171440,COc1cc(-c2nc3ccccc3s2)ccc1OCC(=O)N1C(=O)C=CC1=O,120.0,1,1
CHEMBL6167751,Cc1ccc2nc(NC(=O)CSc3nc(O)c(C#N)c(-c4coc5ccccc5c4=O)n3)sc2c1,203.0,1,1
CHEMBL6174044,COc1cc2c(Nc3ccc(Oc4cccc(F)c4)c(Cl)c3)ncnc2cc1OCC1CCN(C)CC1,319.0,1,1
CHEMBL6161385,COc1cc2c(Nc3ccc(Oc4cccc(Cl)c4)c(Br)c3)ncnc2cc1OCC1CCN(C)CC1,467.0,1,1
CHEMBL6168400,COc1cc2c(Nc3ccc(Oc4ccccc4F)c(Br)c3)ncnc2cc1OCC1CCN(C)CC1,6.34,1,3
CHEMBL6160197,COc1cc2c(Nc3ccc(Oc4ccccc4F)c(C)c3)ncnc2cc1OCC1CCN(C)CC1,37.0,1,1
CHEMBL6164475,COc1cc2c(Nc3ccc(Oc4cc(F)ccc4F)cc3)ncnc2cc1OCC1CCN(C)CC1,46.0,1,1
CHEMBL6162368,COc1cc2c(Nc3ccc(Oc4c(F)cccc4F)cc3)ncnc2cc1OCC1CCN(C)CC1,352.0,1,1
CHEMBL6171608,COc1cc2c(Nc3ccc(Oc4cc(F)cc(F)c4)cc3)ncnc2cc1OCC1CCN(C)CC1,337.0,1,1
CHEMBL6162243,COc1c(Cl)cc(-c2noc(-c3cn(Cc4cc(-c5cc(Cl)cc(Cl)c5)no4)c4ccccc34)n2)cc1Cl,200.0,1,1
CHEMBL6165880,COc1cc(N2CCC(N3CCN(CC4CCN(c5ccc6c(c5)CN(C5CCC(=O)NC5=O)C6=O)CC4)CC3)CC2)ccc1Nc1ncc(Cl)c(Nc2ccccc2P(C)(C)=O)n1,69.0,1,1
CHEMBL6167748,COc1cc(N(C)CCN(C)C)c2cc1Nc1ncc(Cl)c(n1)Nc1ccc(cc1P(C)(C)=O)OCCCCC(=O)N2,126.85,1,4
CHEMBL6159678,COc1cc(N(C)CCN(C)C)c2cc1Nc1ncc(F)c(n1)Nc1ccc(cc1P(C)(C)=O)OCCCCC(=O)N2,451.5,1,2
CHEMBL6142457,COc1cc(N(C)CCN(C)C)c2cc1Nc1ncc(Br)c(n1)Nc1ccc(cc1P(C)(C)=O)OCCCCC(=O)N2,82.6,1,4
CHEMBL6165953,COc1cc(N(C)CCN(C)C)c2cc1Nc1ncc(C)c(n1)Nc1ccc(cc1P(C)(C)=O)OCCCn1cc-2cn1,7.949999999999999,1,4
CHEMBL6162695,COc1cc(N2CCOCC2)c2cc1Nc1ncc(C)c(n1)Nc1ccc(cc1P(C)(C)=O)OCCCn1cc-2cn1,7.4,1,4
CHEMBL6170225,COc1cc(N2CCC(N3CCN(C)CC3)CC2)c2cc1Nc1ncc(C)c(n1)Nc1ccc(cc1P(C)(C)=O)OCCCn1cc-2cn1,17.75,1,4
CHEMBL6163318,COc1cc(N2CCN(C)CC2)c2cc1Nc1ncc(C)c(n1)Nc1ccc(cc1P(C)(C)=O)OCCCn1cc-2cn1,3.1500000000000004,1,4
CHEMBL6162946,CCC(=O)Nc1cc(Nc2nccc(-c3cn(C)c4ccccc34)n2)c(OC)cc1N(C)CCN(C)C,270.6,1,2
CHEMBL6161006,COc1cc(N(C)CCN(C)C)c2cc1Nc1nccc(n1)-c1cn(c3ccccc13)CCCC(=O)N2,108.65,1,2
CHEMBL6162341,COc1cc(N(C)CCN(C)C)c2cc1Nc1nccc(n1)-c1cn(c3ccccc13)CCCCC(=O)N2,107.25,1,2
CHEMBL6168797,COc1cc(N(C)CCN(C)C)c2cc1Nc1nccc(n1)-c1cn(c3ccccc13)CCCCCC(=O)N2,120.45,1,2
CHEMBL6173880,COc1cc(N(C)CCN(C)C)c2cc1Nc1nccc(n1)-c1cn(c3ccccc13)CCCCCCC(=O)N2,86.1,1,2
CHEMBL6172911,COc1ccc2c3cn(c2c1)CCCCC(=O)Nc1cc(c(OC)cc1N(C)CCN(C)C)Nc1nccc-3n1,206.8,1,2
CHEMBL6164346,COc1cc(N(C)CCN(C)C)c2cc1Nc1nccc(n1)-c1cn(c3cc(Br)ccc13)CCCCC(=O)N2,140.39999999999998,1,2
CHEMBL6160266,COc1cc(N(C)CCN(C)C)c2cc1Nc1nccc(n1)-c1cn(c3cc(F)ccc13)CCCCC(=O)N2,157.15,1,2
CHEMBL6174285,COc1cc(N(C)CCN(C)C)c2cc1Nc1nccc(n1)Nc1ccc(cc1P(C)(C)=O)OCCCCC(=O)N2,112.0,1,2
CHEMBL6149651,COc1cc(N(C)CCN(C)C)c2cc1Nc1ncc(C(F)(F)F)c(n1)Nc1ccc(cc1P(C)(C)=O)OCCCCC(=O)N2,6.1,1,3
CHEMBL6174175,COc1cc(N(C)CCN(C)C)c2cc1Nc1ncc(C)c(n1)Nc1ccc(cc1P(C)(C)=O)OCCCCC(=O)N2,2.0,1,3
CHEMBL6173841,COc1cc(N(C)CCN(C)C)c2cc1Nc1ncc(C3CC3)c(n1)Nc1ccc(cc1P(C)(C)=O)OCCCCC(=O)N2,230.10000000000002,1,2
CHEMBL6159584,COc1cc(N(C)CCN(C)C)c2cc1Nc1ncc(C)c(n1)Nc1ccc(cc1P(C)(C)=O)OCCCCCC2,312.95,1,2
CHEMBL4214264,C=CC(=O)N1CCN(c2ncnc3c(F)c(-c4c(O)cccc4F)c(Cl)cc23)CC1,120.0,1,1
CHEMBL6172853,Nc1cc(-c2c[nH]c3ccccc23)nn1-c1nc(Nc2ccccc2)nc(N2CCOCC2)n1,64.2,1,1
CHEMBL6171172,Nc1cc(-c2c[nH]c3ccccc23)nn1-c1nc(Nc2ccc(Cl)cc2)nc(N2CCOCC2)n1,34.1,1,1
CHEMBL6166339,Nc1cc(-c2c[nH]c3ccccc23)nn1-c1nc(Nc2ccc(Br)cc2)nc(N2CCOCC2)n1,68.4,1,1
CHEMBL6168381,Cc1cc(C)cc(NNC(=O)[C@H]2CCCN2C(=O)Nc2ccc(C(F)(F)F)cc2)c1,87.0,1,1
CHEMBL6163941,Cc1cc(C)cc(NNC(=O)[C@H]2CCCN2C(=O)Nc2ccc(Cl)cc2)c1,96.0,1,1
CHEMBL6152892,CCOc1ccc(C2C(C#N)=C(N)OC3C2C(C)=NN3c2ccc(Cl)cc2)cc1,0.21,1,1
CHEMBL6170958,CCOc1ccc(/C=C2/C(=O)N(c3ccc(Cl)cc3)N=C2C)cc1,0.12,1,1
CHEMBL6169708,O=C(c1ccc2ccccc2c1)c1cn(-c2ccccc2)nc1C1=Nn2cnnc2SC1,64.65,1,1
CHEMBL6169985,O=C(c1ccc2ccccc2c1)c1cn(-c2ccccc2)nc1C1=Nn2c(S)nnc2SC1,165.4,1,1
CHEMBL6176188,O=C(c1ccc2ccccc2c1)c1cn(-c2ccccc2)nc1C1=Nn2c(Cc3nnc4n3N=C(c3nn(-c5ccccc5)cc3C(=O)c3ccc5ccccc5c3)CS4)nnc2SC1,19.6,1,1
CHEMBL6177465,C=CS(=O)(=O)N1CCC[C@@H](Nc2nc(N)nc(Nc3cccc(Oc4ccccc4)c3)n2)C1,322.5,1,2
CHEMBL6190750,COc1cc2nc(C)nc(N/N=C/c3ccccc3)c2cc1OC,0.26,1,1
CHEMBL6192047,COc1cc2nc(C)nc(N/N=C/c3ccc(Cl)cc3)c2cc1OC,1.71,1,1
CHEMBL6189718,COc1ccc(/C=N/Nc2nc(C)nc3cc(OC)c(OC)cc23)cc1,7.97,1,1
CHEMBL6188862,COc1cc2nc(C)nc(N/N=C/c3cc(CN4CCCCC4)c(O)c(OC)c3)c2cc1OC,3.69,1,1
CHEMBL6191315,COc1cc2nc(C)nc(N/N=C/c3cc(CN4CCOCC4)c(O)c(OC)c3)c2cc1OC,0.399,1,1
CHEMBL6193031,COc1cc2nc(C)nc(N/N=C/c3cc(CN4CCN(C)CC4)c(O)c(OC)c3)c2cc1OC,0.203,1,2
CHEMBL6192121,COc1cc2nc(C)nc(NNCC(=O)Nc3ccccc3)c2cc1OC,1.67,1,1
CHEMBL6192974,COc1cc2nc(C)nc(NNCC(=O)Nc3ccc(Cl)cc3)c2cc1OC,0.193,1,1
CHEMBL6191708,COc1ccc(NC(=O)CNNc2nc(C)nc3cc(OC)c(OC)cc23)cc1,0.523,1,1
CHEMBL6192749,COc1cc2nc(C)nc(NNC(=O)c3ccccc3)c2cc1OC,0.617,1,1
CHEMBL6193138,COc1cc2nc(C)nc(NNC(=O)c3ccccc3Cl)c2cc1OC,0.564,1,1
CHEMBL6190636,COc1cc2nc(C)nc(NNC(=O)c3ccc([N+](=O)[O-])cc3[N+](=O)[O-])c2cc1OC,0.525,1,1
CHEMBL6191031,COc1cc2nc(C)nc(NNC(=O)c3cc(OC)c(OC)c(OC)c3)c2cc1OC,0.946,1,1
CHEMBL6188493,COc1cc2nc(C)nc(Oc3ccc(/C=N/Nc4ccccc4)cc3)c2cc1OC,0.16199999999999998,1,2
CHEMBL6191894,COc1ccc(N/N=C/c2ccc(Oc3nc(C)nc4cc(OC)c(OC)cc34)cc2)cc1,2.913,1,1
CHEMBL6192014,COc1cc2nc(C)nc(Oc3ccc(/C=N/Nc4ccc([N+](=O)[O-])cc4[N+](=O)[O-])cc3)c2cc1OC,0.675,1,1
CHEMBL6189765,COc1cc2nc(C)nc(Oc3ccc(/C=N/Nc4ccc(S(N)(=O)=O)cc4)cc3)c2cc1OC,1.67,1,1
CHEMBL6192033,CCOC(=O)C1=C(C)N/C(=N\c2nc(C)nc3cc(OC)c(OC)cc23)NC1c1ccccc1,1.159,1,1
CHEMBL6193697,CCOC(=O)C1=C(C)N/C(=N\c2nc(C)nc3cc(OC)c(OC)cc23)NC1c1ccc(Cl)cc1,0.313,1,1
CHEMBL6190024,CCOC(=O)C1=C(C)N/C(=N\c2nc(C)nc3cc(OC)c(OC)cc23)NC1c1ccc(OC)cc1,2.156,1,1
CHEMBL6188992,N#Cc1c(N)sc(C(=O)NC2=NN=C(O)/C2=C(\C=C\c2ccccc2)c2ccccc2)c1N,320.0,1,1
CHEMBL6188294,Cc1c(NC(=O)Nc2ccc(OC(F)(F)F)cc2)sc2ccccc12,46.6,1,1
CHEMBL6190423,C=CC(=O)Nc1cnn(-c2ccnc(Nc3cc(C)c(N4CCC(N5CCN(C)CC5)CC4)cc3OC)n2)c1,281.59,1,2
CHEMBL6191345,COc1cc(N2CCC(N3CCN(C)CC3)CC2)c(C)cc1Nc1nccc(-n2cc(NC(=O)C=C(C)C)cn2)n1,217.48,1,2
CHEMBL6191781,COc1cc(N2CCC(N3CCN(C)CC3)CC2)c(C)cc1Nc1nccc(-n2cc(NC(=O)C3CC3)cn2)n1,187.91,1,2
CHEMBL6190638,COc1cc(N2CCC(N3CCN(C)CC3)CC2)c(C)cc1Nc1nccc(-n2cc(NS(=O)(=O)C3CC3)cn2)n1,88.69,1,2
CHEMBL6192271,COc1cc(N2CCC(N3CCN(C)CC3)CC2)c(C)cc1Nc1ncc(Br)c(-n2ccc(-c3ccccc3NS(=O)(=O)C3CC3)n2)n1,93.85,1,1
CHEMBL6190493,O=C(CCCOc1cc2ncnc(Nc3ccccc3Cl)c2c2c1OCCO2)NO,291.7,1,1
CHEMBL6193344,O=C(CCCOc1cc2ncnc(Nc3ccc(Cl)cc3)c2c2c1OCCO2)NO,48.4,1,1
CHEMBL6191639,O=C(CCCOc1cc2ncnc(Nc3ccccc3F)c2c2c1OCCO2)NO,91.7,1,1
CHEMBL6188499,O=C(CCCOc1cc2ncnc(Nc3cccc(F)c3)c2c2c1OCCO2)NO,75.8,1,1
CHEMBL6192501,O=C(CCCOc1cc2ncnc(Nc3ccc(F)cc3)c2c2c1OCCO2)NO,117.7,1,1
CHEMBL6189102,COc1ccc(Nc2ncnc3cc(OCCCC(=O)NO)c4c(c23)OCCO4)cc1,894.7,1,1
CHEMBL6193560,O=C(CCCOc1cc2ncnc(Nc3cccc(C(F)(F)F)c3)c2c2c1OCCO2)NO,45.5,1,1
CHEMBL6191667,O=C(CCCCOc1cc2ncnc(Nc3cccc(Cl)c3)c2c2c1OCCO2)NO,9.8,1,1
CHEMBL6192203,O=C(CCCCCOc1cc2ncnc(Nc3ccccc3Cl)c2c2c1OCCO2)NO,130.1,1,1
CHEMBL6191199,O=C(CCCCCOc1cc2ncnc(Nc3cccc(Cl)c3)c2c2c1OCCO2)NO,4.81,1,1
